SMILES,Core,Arm,Target_PG,Point_Group,Geometry,Energy_kcal_mol,XYZ_Path,Source,Plane_RMSD,Plane_MaxDist
O=Cc1ccc(-c2ccc(-c3ccc(/N=N/c4ccc(-c5ccc(-c6ccc(C=O)cc6)cc5)cc4)cc3)cc2)cc1,azobenzene_C2,CHO_phph,C2,D2,nonplanar,158.9620089849289,/home/tianyajun/MARL_for_COFs/cof_symmetry_pipeline/output/xyz/aug_000006.xyz,original_augmented,0.9831967392369504,2.3142703845449817
NC(=O)c1ccc(/N=N/c2ccc(C(N)=O)cc2)cc1,azobenzene_C2,CONH2_direct,C2,D2,nonplanar,15.322607064826537,/home/tianyajun/MARL_for_COFs/cof_symmetry_pipeline/output/xyz/mol_000033.xyz,original_augmented,0.7761576233278263,1.3588530430882892
[N-]=[N+]=Nc1ccc(-c2ccc(/N=N/c3ccc(-c4ccc(N=[N+]=[N-])cc4)cc3)cc2)cc1,azobenzene_C2,N3_ph,C2,D2,nonplanar,69.26263214192974,/home/tianyajun/MARL_for_COFs/cof_symmetry_pipeline/output/xyz/mol_000895.xyz,original_augmented,0.8764599384621601,2.109251344205168
Sc1ccc(/N=N/c2ccc(S)cc2)cc1,azobenzene_C2,SH_direct,C2,C2,nonplanar,31.104968534848,/home/tianyajun/MARL_for_COFs/cof_symmetry_pipeline/output/xyz/mol_000498.xyz,original_augmented,0.7143060082310025,1.3563327528167173
O=Cc1ccc(-c2ccc(-c3ccc(-c4ccc(-c5ccc(-c6ccc(C=O)cc6)cc5)cc4)cc3)cc2)cc1,biphenyl_C2,CHO_phph,C2,D2,nonplanar,158.57793637200206,/home/tianyajun/MARL_for_COFs/cof_symmetry_pipeline/output/xyz/mol_001770_s0883.xyz,original_augmented,0.9831898170741771,1.9745333227912738
Nc1ccc(OC(=O)c2ccc(-c3ccc(C(=O)Oc4ccc(N)cc4)cc3)cc2)cc1,biphenyl_ester_C2,NH2_ph,C2,D2,nonplanar,113.3734529910176,/home/tianyajun/MARL_for_COFs/cof_symmetry_pipeline/output/xyz/mol_000214.xyz,original_augmented,0.978274860009464,2.3678946328644677
O=C(OP(=O)(O)O)c1ccc(-c2ccc(C(=O)OP(=O)(O)O)cc2)cc1,biphenyl_ester_C2,PO3H2_direct,C2,C2,nonplanar,-331.11815080206,/home/tianyajun/MARL_for_COFs/cof_symmetry_pipeline/output/xyz/mol_000746.xyz,original_augmented,0.7954918782550385,1.3456517779442623
C#Cc1ccc(-c2ccc(-c3ccc(-c4ccc(-c5ccc(-c6ccc(C#C)cc6)cc5)cn4)nc3)cc2)cc1,bipyridine_C2,CCH_phph,C2,D2,nonplanar,157.78663638540607,/home/tianyajun/MARL_for_COFs/cof_symmetry_pipeline/output/xyz/mol_003142_s1009.xyz,original_augmented,0.6873721124546799,1.7059791918297136
FC(F)(F)c1ccc(-c2ccc(-c3ccc(-c4ccc(C(F)(F)F)cc4)cn3)nc2)cc1,bipyridine_C2,CF3_ph,C2,D2,nonplanar,167.94023186672547,/home/tianyajun/MARL_for_COFs/cof_symmetry_pipeline/output/xyz/mol_000308.xyz,original_augmented,0.8714484047815113,1.7024282308585588
O=C(O)c1ccc(-c2ccc(-c3ccc(-c4ccc(-c5ccc(-c6ccc(C(=O)O)cc6)cc5)cn4)nc3)cc2)cc1,bipyridine_C2,COOH_phph,C2,D2,nonplanar,148.88034241152866,/home/tianyajun/MARL_for_COFs/cof_symmetry_pipeline/output/xyz/aug_000048.xyz,original_augmented,0.9742448803493683,2.258173835218611
Nc1ccc(-c2ccc(-c3ccc(-c4ccc(-c5ccc(-c6ccc(N)cc6)cc5)cn4)nc3)cc2)cc1,bipyridine_C2,NH2_phph,C2,D2,nonplanar,138.68488109010684,/home/tianyajun/MARL_for_COFs/cof_symmetry_pipeline/output/xyz/mol_003110_s1297.xyz,original_augmented,0.65347049433956,1.553903974561249
CS(=O)(=O)Nc1ccc(-c2ccc(NS(C)(=O)=O)cn2)nc1,bipyridine_C2,NHSO2_direct,C2,C2,nonplanar,-23.553363314473,/home/tianyajun/MARL_for_COFs/cof_symmetry_pipeline/output/xyz/mol_000335.xyz,original_augmented,1.2154970821329905,2.6959890659337304
CC(=O)Nc1ccc(-c2ccc(NC(C)=O)cn2)nc1,bipyridine_C2,NHacetyl_direct,C2,C2,planar,45.394621123953584,/home/tianyajun/MARL_for_COFs/cof_symmetry_pipeline/output/xyz/mol_000333.xyz,original_augmented,0.30748258998369077,1.0307353583276324
O=[N+]([O-])c1ccc(-c2ccc(-c3ccc(-c4ccc(-c5ccc(-c6ccc([N+](=O)[O-])cc6)cc5)cn4)nc3)cc2)cc1,bipyridine_C2,NO2_phph,C2,D2,nonplanar,225.4627589203505,/home/tianyajun/MARL_for_COFs/cof_symmetry_pipeline/output/xyz/mol_000347.xyz,original_augmented,0.6865485845591339,1.6995398511258504
Oc1ccc(-c2ccc(-c3ccc(-c4ccc(-c5ccc(-c6ccc(O)cc6)cc5)cn4)nc3)cc2)cc1,bipyridine_C2,OH_phph,C2,D2,nonplanar,136.7271861805344,/home/tianyajun/MARL_for_COFs/cof_symmetry_pipeline/output/xyz/mol_000348.xyz,original_augmented,0.6855735149138926,1.0929907769237361
N#Cc1ccc(-c2ccc(C(=O)Nc3ccc(NC(=O)c4ccc(-c5ccc(C#N)cc5)cc4)cc3)cc2)cc1,bis_benzamide_C2,CN_phph,C2,C2,nonplanar,123.54165620515558,/home/tianyajun/MARL_for_COFs/cof_symmetry_pipeline/output/xyz/mol_000416.xyz,original_augmented,0.6215604726215654,1.4421398418401266
O=C(Nc1ccc(NC(=O)c2ccc(O)cc2)cc1)c1ccc(O)cc1,bis_benzamide_C2,OH_ph,C2,C2,nonplanar,26.396661626705683,/home/tianyajun/MARL_for_COFs/cof_symmetry_pipeline/output/xyz/mol_000366.xyz,original_augmented,0.7115165239934469,1.491714959008668
NS(=O)(=O)C(=O)Nc1ccc(NC(=O)S(N)(=O)=O)cc1,bis_benzamide_C2,SO2NH2_direct,C2,C2,nonplanar,61.873167789802864,/home/tianyajun/MARL_for_COFs/cof_symmetry_pipeline/output/xyz/mol_000388.xyz,original_augmented,0.6314670888516887,1.39327285647518
C#Cc1ccc(-c2ccc(C(=O)Oc3ccc(OC(=O)c4ccc(-c5ccc(C#C)cc5)cc4)cc3)cc2)cc1,bis_benzoate_C2,CCH_phph,C2,D2,nonplanar,155.8864434496581,/home/tianyajun/MARL_for_COFs/cof_symmetry_pipeline/output/xyz/mol_000428.xyz,original_augmented,0.9156939734824903,2.1673908089350795
O=Cc1ccc(-c2ccc(C(=O)Oc3ccc(OC(=O)c4ccc(-c5ccc(C=O)cc5)cc4)cc3)cc2)cc1,bis_benzoate_C2,CHO_phph,C2,D2,nonplanar,186.7675752256937,/home/tianyajun/MARL_for_COFs/cof_symmetry_pipeline/output/xyz/mol_000421.xyz,original_augmented,0.9024082736020579,2.2041017366223676
O=CC#CC#Cc1ccc2cc3cc(C#CC#CC=O)ccc3cc2c1,bis_ethynyl_anthracene_C2,CCCHO_direct,C2,C2h,planar,37.15247792125124,/home/tianyajun/MARL_for_COFs/cof_symmetry_pipeline/output/xyz/mol_000529.xyz,original_augmented,0.06365667926857815,0.27259356520277456
O=C(O)C#CC#Cc1ccc2cc3cc(C#CC#CC(=O)O)ccc3cc2c1,bis_ethynyl_anthracene_C2,CCCOOH_direct,C2,C2,planar,-27.25455480792033,/home/tianyajun/MARL_for_COFs/cof_symmetry_pipeline/output/xyz/mol_000532.xyz,original_augmented,0.10365015579242777,0.32241083980877683
O=C(O)c1ccc(-c2ccc(C#Cc3ccc4cc5cc(C#Cc6ccc(-c7ccc(C(=O)O)cc7)cc6)ccc5cc4c3)cc2)cc1,bis_ethynyl_anthracene_C2,COOH_phph,C2,D2,nonplanar,103.7184592847943,,original_augmented,,
Clc1ccc(C#Cc2ccc3cc4cc(C#Cc5ccc(Cl)cc5)ccc4cc3c2)cc1,bis_ethynyl_anthracene_C2,Cl_ph,C2,D2h,nonplanar,65.01351334985767,/home/tianyajun/MARL_for_COFs/cof_symmetry_pipeline/output/xyz/mol_000520.xyz,original_augmented,0.9998595489495796,2.1711479499182995
O=P(O)(O)C#Cc1ccc2cc3cc(C#CP(=O)(O)O)ccc3cc2c1,bis_ethynyl_anthracene_C2,PO3H2_direct,C2,C2,mixed,-216.26263004808885,,original_augmented,,
COC(=O)C#CC#Cc1ccc2cc(C#CC#CC(=O)OC)ccc2c1,bis_ethynyl_naphthalene_C2,CCCOOMe_direct,C2,C2,planar,1.641342828499277,/home/tianyajun/MARL_for_COFs/cof_symmetry_pipeline/output/xyz/mol_000608.xyz,original_augmented,0.31461532565105144,0.9853108194684204
[N-]=[N+]=NC#Cc1ccc2cc(C#CN=[N+]=[N-])ccc2c1,bis_ethynyl_naphthalene_C2,N3_direct,C2,C2,planar,19.50002999423885,/home/tianyajun/MARL_for_COFs/cof_symmetry_pipeline/output/xyz/mol_000578.xyz,original_augmented,0.302659751412109,1.0461171836973429
N#CNC#Cc1ccc2cc(C#CNC#N)ccc2c1,bis_ethynyl_naphthalene_C2,NHCN_direct,C2,C2,mixed,-21.20443680317837,,original_augmented,,
Oc1ccc(-c2ccc(C#Cc3ccc4cc(C#Cc5ccc(-c6ccc(O)cc6)cc5)ccc4c3)cc2)cc1,bis_ethynyl_naphthalene_C2,OH_phph,C2,D2,nonplanar,79.05059968826902,,original_augmented,,
O=C(O)C#Cc1ccc(C(=O)Oc2ccc(OC(=O)c3ccc(C#CC(=O)O)cc3)cc2)cc1,bis_phenyl_ester_C2,CCCOOH_direct,C2,C2,nonplanar,50.9015428525394,/home/tianyajun/MARL_for_COFs/cof_symmetry_pipeline/output/xyz/mol_000651.xyz,original_augmented,0.9089366694489954,2.1783071603480977
COC(=O)C#Cc1ccc(C(=O)Oc2ccc(OC(=O)c3ccc(C#CC(=O)OC)cc3)cc2)cc1,bis_phenyl_ester_C2,CCCOOMe_direct,C2,D2,nonplanar,92.87232906095146,,original_augmented,,
[N-]=[N+]=Nc1ccc(-c2ccc(C(=O)Oc3ccc(OC(=O)c4ccc(-c5ccc(N=[N+]=[N-])cc5)cc4)cc3)cc2)cc1,bis_phenyl_ester_C2,N3_ph,C2,D2,nonplanar,142.1910278344674,,original_augmented,,
N#CNc1ccc(C(=O)Oc2ccc(OC(=O)c3ccc(NC#N)cc3)cc2)cc1,bis_phenyl_ester_C2,NHCN_direct,C2,C2,nonplanar,55.45059572979029,/home/tianyajun/MARL_for_COFs/cof_symmetry_pipeline/output/xyz/mol_000663.xyz,original_augmented,0.860048598187535,2.1643807923749185
CC(=O)Nc1ccc(C(=O)Oc2ccc(OC(=O)c3ccc(NC(C)=O)cc3)cc2)cc1,bis_phenyl_ester_C2,NHacetyl_direct,C2,D2,nonplanar,76.54049539030952,,original_augmented,,
O=C(Oc1ccc(OC(=O)c2ccc(P(=O)(O)O)cc2)cc1)c1ccc(P(=O)(O)O)cc1,bis_phenyl_ester_C2,PO3H2_direct,C2,D2,nonplanar,-109.77393660489716,,original_augmented,,
NS(=O)(=O)c1ccc(C(=O)Oc2ccc(OC(=O)c3ccc(S(N)(=O)=O)cc3)cc2)cc1,bis_phenyl_ester_C2,SO2NH2_direct,C2,C2,nonplanar,-36.23011173443499,/home/tianyajun/MARL_for_COFs/cof_symmetry_pipeline/output/xyz/mol_000647.xyz,original_augmented,1.074717273900462,2.2072238061972724
C[Si](C)(C)c1ccc(C(=O)Oc2ccc(OC(=O)c3ccc([Si](C)(C)C)cc3)cc2)cc1,bis_phenyl_ester_C2,SiMe3_direct,C2,C2,nonplanar,125.80913581880628,/home/tianyajun/MARL_for_COFs/cof_symmetry_pipeline/output/xyz/mol_000669.xyz,original_augmented,1.197603180680183,2.4896695096411565
Cc1ccc(-c2ccc(C(=O)Oc3ccc(OC(=O)c4ccc(-c5ccc(C)cc5)cc4)cc3)cc2)cc1,bis_phenyl_ester_C2,methyl_ph,C2,D2,nonplanar,161.46314789947425,,original_augmented,,
C=Cc1ccc(C(=O)Oc2ccc(OC(=O)c3ccc(C=C)cc3)cc2)cc1,bis_phenyl_ester_C2,vinyl_direct,C2,C2,nonplanar,122.12796253021456,/home/tianyajun/MARL_for_COFs/cof_symmetry_pipeline/output/xyz/mol_000634.xyz,original_augmented,0.7879059289743225,2.225553871940337
Nc1ccc(-c2ccc(C#Cc3ccc(C#Cc4ccc(-c5ccc(N)cc5)cc4)cc3)cc2)cc1,bis_phenylethynyl_benzene_C2,NH2_ph,C2,D2,nonplanar,70.39443397553819,/home/tianyajun/MARL_for_COFs/cof_symmetry_pipeline/output/xyz/mol_000682.xyz,original_augmented,0.7177171862164758,1.684318500817953
CC(=O)Nc1ccc(C#Cc2ccc(C#Cc3ccc(NC(C)=O)cc3)cc2)cc1,bis_phenylethynyl_benzene_C2,NHacetyl_direct,C2,D2,nonplanar,10.53024321745549,/home/tianyajun/MARL_for_COFs/cof_symmetry_pipeline/output/xyz/aug_000143.xyz,original_augmented,0.7650967559301728,2.174496624963072
C[Si](C)(C)c1ccc(C#Cc2ccc(C#Cc3ccc([Si](C)(C)C)cc3)cc2)cc1,bis_phenylethynyl_benzene_C2,SiMe3_direct,C2,D2,nonplanar,61.16487275388752,,original_augmented,,
O=C=NC#Cc1ccc(C#Cc2ccc(C#Cc3ccc(C#CN=C=O)cc3)s2)cc1,bis_phenylethynyl_thiophene_C2,CCNCO_direct,C2,C2,mixed,26.04613035453993,,original_augmented,,
OC#Cc1ccc(C#Cc2ccc(C#Cc3ccc(C#CO)cc3)s2)cc1,bis_phenylethynyl_thiophene_C2,CCOH_direct,C2,C2,mixed,29.95861825683972,,original_augmented,,
[N-]=[N+]=Nc1ccc(-c2ccc(C#Cc3ccc(C#Cc4ccc(-c5ccc(N=[N+]=[N-])cc5)cc4)s3)cc2)cc1,bis_phenylethynyl_thiophene_C2,N3_ph,C2,C2,nonplanar,64.91654862989041,/home/tianyajun/MARL_for_COFs/cof_symmetry_pipeline/output/xyz/mol_000806.xyz,original_augmented,1.18079266086613,2.0536913319847017
Sc1ccc(C#Cc2ccc(C#Cc3ccc(S)cc3)s2)cc1,bis_phenylethynyl_thiophene_C2,SH_direct,C2,C2,mixed,27.1917062323421,,original_augmented,,
O=S(=O)(Cl)c1ccc(C#Cc2ccc(C#Cc3ccc(S(=O)(=O)Cl)cc3)s2)cc1,bis_phenylethynyl_thiophene_C2,SO2Cl_direct,C2,C2,nonplanar,99.3047718902638,/home/tianyajun/MARL_for_COFs/cof_symmetry_pipeline/output/xyz/mol_000812.xyz,original_augmented,1.1665086430936835,2.094706207271385
C#Cc1ccc(-c2ccc(S(=O)(=O)Nc3ccc(NS(=O)(=O)c4ccc(-c5ccc(C#C)cc5)cc4)cc3)cc2)cc1,bis_sulfonamide_C2,CCH_phph,C2,C2,mixed,10.433754172926989,,original_augmented,,
NC(=O)S(=O)(=O)Nc1ccc(NS(=O)(=O)C(N)=O)cc1,bis_sulfonamide_C2,CONH2_direct,C2,C2,nonplanar,123.48183796341569,/home/tianyajun/MARL_for_COFs/cof_symmetry_pipeline/output/xyz/mol_000851.xyz,original_augmented,1.2075584850664023,2.2753843070475286
COC(=O)S(=O)(=O)Nc1ccc(NS(=O)(=O)C(=O)OC)cc1,bis_sulfonamide_C2,COOMe_direct,C2,C2,mixed,131.07070780726093,,original_augmented,,
COc1ccc(S(=O)(=O)Nc2ccc(NS(=O)(=O)c3ccc(OC)cc3)cc2)cc1,bis_sulfonamide_C2,OMe_ph,C2,C2,nonplanar,-22.31373677538771,/home/tianyajun/MARL_for_COFs/cof_symmetry_pipeline/output/xyz/mol_000853.xyz,original_augmented,1.287338071365122,2.255546834799139
O=P(Cl)(Cl)S(=O)(=O)Nc1ccc(NS(=O)(=O)P(=O)(Cl)Cl)cc1,bis_sulfonamide_C2,POCl2_direct,C2,D2,nonplanar,246.3998862111552,,original_augmented,,
OB(O)c1ccc(-c2ccc(-c3ccc(-c4ccc(B(O)O)cc4)s3)s2)cc1,bithiophene_C2,BOH2_ph,C2,C2,mixed,100.6970265058598,,original_augmented,,
FC(F)(F)c1ccc(-c2ccc(-c3ccc(-c4ccc(C(F)(F)F)cc4)s3)s2)cc1,bithiophene_C2,CF3_ph,C2,C2,nonplanar,114.9258376668388,/home/tianyajun/MARL_for_COFs/cof_symmetry_pipeline/output/xyz/aug_000227.xyz,original_augmented,0.7289953942560424,1.3324048036285756
O=C(O)C#CC1=CC(C#CC(=O)O)=CC(C#CC(=O)O)=CC(C#CC(=O)O)=C1,cyclooctatetraene_C4,CCCOOH_direct,C4,S4,nonplanar,-95.54767944106702,,original_augmented,,
O=Cc1ccc(C2=CC(c3ccc(C=O)cc3)=CC(c3ccc(C=O)cc3)=CC(c3ccc(C=O)cc3)=C2)cc1,cyclooctatetraene_C4,CHO_ph,C4,S4,nonplanar,181.89031518134863,,original_augmented,,
COC(=O)C1=CC(C(=O)OC)=CC(C(=O)OC)=CC(C(=O)OC)=C1,cyclooctatetraene_C4,COOMe_direct,C4,S4,nonplanar,63.95193263073875,/home/tianyajun/MARL_for_COFs/cof_symmetry_pipeline/output/xyz/aug_000244.xyz,original_augmented,2.3607746904567875,4.061719967558029
N#CNC1=CC(NC#N)=CC(NC#N)=CC(NC#N)=C1,cyclooctatetraene_C4,NHCN_direct,C4,S4,nonplanar,-71.02049114848177,,original_augmented,,
N#CSC1=CC(SC#N)=CC(SC#N)=CC(SC#N)=C1,cyclooctatetraene_C4,SCN_direct,C4,S4,nonplanar,35.15633525486543,,original_augmented,,
OB(O)c1ccc(C#Cc2ccc(B(O)O)cc2)cc1,diphenylacetylene_C2,BOH2_direct,C2,C2v,planar,23.223202070972285,/home/tianyajun/MARL_for_COFs/cof_symmetry_pipeline/output/xyz/mol_002715_s0251.xyz,original_augmented,0.4484523540007787,1.303009604733928
CC(=O)Oc1ccc(C#CC#Cc2ccc(OC(C)=O)cc2)cc1,diphenyldiacetylene_C2,Oacetyl_direct,C2,D2,nonplanar,47.49368412361192,/home/tianyajun/MARL_for_COFs/cof_symmetry_pipeline/output/xyz/mol_001199.xyz,original_augmented,0.8754554269201861,1.6550846623856872
O=S(=O)(Cl)c1ccc(-c2c(-c3ccc(S(=O)(=O)Cl)cc3)c(-c3ccc(S(=O)(=O)Cl)cc3)c(-c3ccc(S(=O)(=O)Cl)cc3)c(-c3ccc(S(=O)(=O)Cl)cc3)c2-c2ccc(S(=O)(=O)Cl)cc2)cc1,hexaphenylbenzene_H6,SO2Cl_direct,D6h,C6h,nonplanar,369.4189103508805,/home/tianyajun/MARL_for_COFs/cof_symmetry_pipeline/output/xyz/mol_001800.xyz,original_augmented,1.3603916525589124,2.1730617422058747
O=C(NB(O)O)C(=O)NB(O)O,oxamide_C2,BOH2_direct,C2,C2,nonplanar,6.700374753033438,/home/tianyajun/MARL_for_COFs/cof_symmetry_pipeline/output/xyz/mol_001293.xyz,original_augmented,0.6046410164694171,1.3142840860889673
O=Cc1ccc(-c2ccc(NC(=O)C(=O)Nc3ccc(-c4ccc(C=O)cc4)cc3)cc2)cc1,oxamide_C2,CHO_phph,C2,D2,nonplanar,122.7480953883873,/home/tianyajun/MARL_for_COFs/cof_symmetry_pipeline/output/xyz/mol_001289.xyz,original_augmented,0.7949317543382044,1.7475816971762854
COC(=O)C#Cc1ccc(C#Cc2ccc(C#CC(=O)OC)cn2)nc1,phenylethynyl_pyridine_C2,CCCOOMe_direct,C2,C2,mixed,22.80768026342292,,original_augmented,,
O=Cc1ccc(-c2ccc(-c3ccc(C#Cc4ccc(-c5ccc(-c6ccc(C=O)cc6)cc5)cn4)nc3)cc2)cc1,phenylethynyl_pyridine_C2,CHO_phph,C2,D2,nonplanar,158.09542809703754,,original_augmented,,
COc1ccc(C2=C3C=CC(=N3)C(c3ccc(OC)cc3)=C3C=CC(=N3)C(c3ccc(OC)cc3)=C3C=CC(=N3)C(c3ccc(OC)cc3)=C3C=CC2=N3)cc1,porphyrin_C4,OMe_direct,C4,S4,nonplanar,218.56163975376364,/home/tianyajun/MARL_for_COFs/cof_symmetry_pipeline/output/xyz/aug_000464.xyz,original_augmented,3.132483552674445,6.064199210156419
O=S(=O)(Cl)c1ccc(C2=C3C=CC(=N3)C(c3ccc(S(=O)(=O)Cl)cc3)=C3C=CC(=N3)C(c3ccc(S(=O)(=O)Cl)cc3)=C3C=CC(=N3)C(c3ccc(S(=O)(=O)Cl)cc3)=C3C=CC2=N3)cc1,porphyrin_C4,SO2Cl_direct,C4,S4,nonplanar,333.88961670868605,/home/tianyajun/MARL_for_COFs/cof_symmetry_pipeline/output/xyz/mol_001561.xyz,original_augmented,1.3279444407254282,2.984639695610335
FC(F)(F)C#Cc1cnc(-c2cnc(C#CC(F)(F)F)cn2)cn1,pyrazine_phenyl_C2,CCCF3_direct,C2,C2,planar,149.43064696704727,/home/tianyajun/MARL_for_COFs/cof_symmetry_pipeline/output/xyz/mol_001673.xyz,original_augmented,0.4135485703501793,1.2612043529035808
COc1ccc(-c2cnc(-c3cnc(-c4ccc(OC)cc4)cn3)cn2)cc1,pyrazine_phenyl_C2,OMe_ph,C2,C2,nonplanar,203.83251503746465,/home/tianyajun/MARL_for_COFs/cof_symmetry_pipeline/output/xyz/mol_001662.xyz,original_augmented,0.5800261950691432,1.4694417707332572
O=P(O)(O)c1cnc(-c2cnc(P(=O)(O)O)cn2)cn1,pyrazine_phenyl_C2,PO3H2_direct,C2,C2h,nonplanar,-18.01987192251098,/home/tianyajun/MARL_for_COFs/cof_symmetry_pipeline/output/xyz/mol_001654.xyz,original_augmented,0.625817493021015,1.4545360833654588
CC(=O)c1ccc(-c2cnc(-c3cnc(-c4ccc(C(C)=O)cc4)cn3)cn2)cc1,pyrazine_phenyl_C2,acetyl_ph,C2,C2,planar,235.9636129367979,/home/tianyajun/MARL_for_COFs/cof_symmetry_pipeline/output/xyz/mol_001665.xyz,original_augmented,0.4436761013817876,1.06962794188402
C#Cc1ccc(-c2ccc(/C=C/c3ccc(-c4ccc(C#C)cc4)cc3)cc2)cc1,stilbene_C2,CCH_ph,C2,C2,nonplanar,81.96192706651576,/home/tianyajun/MARL_for_COFs/cof_symmetry_pipeline/output/xyz/mol_000775.xyz,original_augmented,0.6737069634185665,1.3975862721028098
O=Cc1ccc(-c2ccc(-c3ccc(/C=C/c4ccc(-c5ccc(-c6ccc(C=O)cc6)cc5)cc4)cc3)cc2)cc1,stilbene_C2,CHO_phph,C2,D2,nonplanar,157.64460858773134,/home/tianyajun/MARL_for_COFs/cof_symmetry_pipeline/output/xyz/aug_000559.xyz,original_augmented,1.0137468383093684,2.1265415150815192
Cc1ccc(-c2ccc(/C=C/c3ccc(-c4ccc(C)cc4)cc3)cc2)cc1,stilbene_C2,methyl_ph,C2,C2,nonplanar,87.6443529094201,/home/tianyajun/MARL_for_COFs/cof_symmetry_pipeline/output/xyz/mol_002232_s0631.xyz,original_augmented,0.7044878321761661,1.3693744093160574
N#COC#CC(C#COC#N)(C#COC#N)C#COC#N,tetra_ethynyl_methane_C4,OCN_direct,S4,S4,nonplanar,1.7033258078795066,/home/tianyajun/MARL_for_COFs/cof_symmetry_pipeline/output/xyz/mol_001818.xyz,original_augmented,2.017229246599256,2.662700072409885
COC#CC(C#COC)(C#COC)C#COC,tetra_ethynyl_methane_C4,OMe_direct,S4,S4,nonplanar,3.0699869694157806,/home/tianyajun/MARL_for_COFs/cof_symmetry_pipeline/output/xyz/aug_000634.xyz,original_augmented,1.9657487406838905,2.8494037044400513
OB(O)c1c(F)c(F)c(B(O)O)c(F)c1F,tetrafluorobenzene_C4,BOH2_direct,C2,C2,planar,18.19543913092223,/home/tianyajun/MARL_for_COFs/cof_symmetry_pipeline/output/xyz/mol_001228_s1907.xyz,original_augmented,0.4075541388046471,0.8636117235147655
[N-]=[N+]=Nc1ccc(-c2c(F)c(F)c(-c3ccc(N=[N+]=[N-])cc3)c(F)c2F)cc1,tetrafluorobenzene_C4,N3_ph,C2,C2,nonplanar,56.00119717293801,/home/tianyajun/MARL_for_COFs/cof_symmetry_pipeline/output/xyz/mol_001895.xyz,original_augmented,0.9375169895884871,1.726072461222792
O=S(=O)(O)c1c(F)c(F)c(S(=O)(=O)O)c(F)c1F,tetrafluorobenzene_C4,SO3H_direct,C2,C2,nonplanar,-172.81096164132927,/home/tianyajun/MARL_for_COFs/cof_symmetry_pipeline/output/xyz/aug_000654.xyz,original_augmented,0.5655495731507822,1.3744105525672392
FC(F)(F)c1ccc([Si](c2ccc(C(F)(F)F)cc2)(c2ccc(C(F)(F)F)cc2)c2ccc(C(F)(F)F)cc2)cc1,tetraphenyl_silane_C4,CF3_direct,S4,S4,nonplanar,241.5344083827472,,original_augmented,,
O=C(Cl)c1ccc([Si](c2ccc(C(=O)Cl)cc2)(c2ccc(C(=O)Cl)cc2)c2ccc(C(=O)Cl)cc2)cc1,tetraphenyl_silane_C4,COCl_direct,S4,S4,nonplanar,241.05560144929103,/home/tianyajun/MARL_for_COFs/cof_symmetry_pipeline/output/xyz/mol_001943.xyz,original_augmented,2.655144627234245,6.030525606178029
[N-]=[N+]=Nc1ccc([Si](c2ccc(N=[N+]=[N-])cc2)(c2ccc(N=[N+]=[N-])cc2)c2ccc(N=[N+]=[N-])cc2)cc1,tetraphenyl_silane_C4,N3_direct,S4,S4,nonplanar,110.93591598784413,,original_augmented,,
O=C=Nc1ccc([Si](c2ccc(N=C=O)cc2)(c2ccc(N=C=O)cc2)c2ccc(N=C=O)cc2)cc1,tetraphenyl_silane_C4,NCO_direct,S4,S4,nonplanar,114.31298901775048,/home/tianyajun/MARL_for_COFs/cof_symmetry_pipeline/output/xyz/mol_001931.xyz,original_augmented,2.5252928263331422,4.98420295299098
O=COc1ccc([Si](c2ccc(OC=O)cc2)(c2ccc(OC=O)cc2)c2ccc(OC=O)cc2)cc1,tetraphenyl_silane_C4,OCHO_direct,S4,S4,nonplanar,172.9979548326624,/home/tianyajun/MARL_for_COFs/cof_symmetry_pipeline/output/xyz/mol_001957.xyz,original_augmented,2.633103350279111,5.3923156730974
OC#Cc1ccc(C(c2ccc(C#CO)cc2)(c2ccc(C#CO)cc2)c2ccc(C#CO)cc2)cc1,tetraphenylmethane_C4,CCOH_direct,S4,S4,nonplanar,141.65237629161925,,original_augmented,,
[N-]=[N+]=Nc1ccc(C(c2ccc(N=[N+]=[N-])cc2)(c2ccc(N=[N+]=[N-])cc2)c2ccc(N=[N+]=[N-])cc2)cc1,tetraphenylmethane_C4,N3_direct,S4,S4,nonplanar,122.54874438448638,,original_augmented,,
Nc1ccc(C(c2ccc(N)cc2)(c2ccc(N)cc2)c2ccc(N)cc2)cc1,tetraphenylmethane_C4,NH2_direct,S4,D2d,nonplanar,111.9073935112678,/home/tianyajun/MARL_for_COFs/cof_symmetry_pipeline/output/xyz/aug_000740.xyz,original_augmented,2.33242365001061,4.293441336678319
O=CNc1ccc(C(c2ccc(NC=O)cc2)(c2ccc(NC=O)cc2)c2ccc(NC=O)cc2)cc1,tetraphenylmethane_C4,NHCHO_direct,S4,S4,nonplanar,69.43212315670235,,original_augmented,,
O=P(Cl)(Cl)c1ccc(C(c2ccc(P(=O)(Cl)Cl)cc2)(c2ccc(P(=O)(Cl)Cl)cc2)c2ccc(P(=O)(Cl)Cl)cc2)cc1,tetraphenylmethane_C4,POCl2_direct,S4,S4,nonplanar,284.2352940247124,/home/tianyajun/MARL_for_COFs/cof_symmetry_pipeline/output/xyz/aug_000755.xyz,original_augmented,2.563534566134286,5.0363978906606865
Sc1ccc(C(c2ccc(S)cc2)(c2ccc(S)cc2)c2ccc(S)cc2)cc1,tetraphenylmethane_C4,SH_direct,S4,S4,nonplanar,136.32604409410817,/home/tianyajun/MARL_for_COFs/cof_symmetry_pipeline/output/xyz/aug_000756.xyz,original_augmented,2.3202749192185026,4.882314841319624
C#Cc1ccc(Nc2nc(Nc3ccc(C#C)cc3)nc(Nc3ccc(C#C)cc3)n2)cc1,triaminotriazine_C3,CCH_ph,C3,C3,planar,-185.9567164675913,/home/tianyajun/MARL_for_COFs/cof_symmetry_pipeline/output/xyz/mol_001520_s0137.xyz,original_augmented,0.08143972057681059,0.23083805481760544
O=C=NC#CNc1nc(NC#CN=C=O)nc(NC#CN=C=O)n1,triaminotriazine_C3,CCNCO_direct,C3,C3,mixed,-235.794356352778,,original_augmented,,
O=Cc1ccc(Nc2nc(Nc3ccc(C=O)cc3)nc(Nc3ccc(C=O)cc3)n2)cc1,triaminotriazine_C3,CHO_ph,C3,C3,planar,-140.04749126682137,/home/tianyajun/MARL_for_COFs/cof_symmetry_pipeline/output/xyz/mol_001517_s1297.xyz,original_augmented,0.13237887481167906,0.3245716275474111
O=C(O)c1ccc(Nc2nc(Nc3ccc(C(=O)O)cc3)nc(Nc3ccc(C(=O)O)cc3)n2)cc1,triaminotriazine_C3,COOH_ph,C3,C3h,planar,-199.4577552229868,/home/tianyajun/MARL_for_COFs/cof_symmetry_pipeline/output/xyz/mol_001555_s0383.xyz,original_augmented,0.00406063755673839,0.010060278223583463
[N-]=[N+]=NNc1nc(NN=[N+]=[N-])nc(NN=[N+]=[N-])n1,triaminotriazine_C3,N3_direct,C3,C3,planar,-93.55059544217264,/home/tianyajun/MARL_for_COFs/cof_symmetry_pipeline/output/xyz/mol_001580_s0383.xyz,original_augmented,0.30975326710016765,0.5614932984113779
ONc1nc(NO)nc(NO)n1,triaminotriazine_C3,OH_direct,C3,C3,planar,-131.2851857129429,/home/tianyajun/MARL_for_COFs/cof_symmetry_pipeline/output/xyz/mol_001559_s0137.xyz,original_augmented,0.20591011111189997,0.36880576122026376
Oc1ccc(Nc2nc(Nc3ccc(O)cc3)nc(Nc3ccc(O)cc3)n2)cc1,triaminotriazine_C3,OH_ph,C3,C3,planar,-218.04005008823336,/home/tianyajun/MARL_for_COFs/cof_symmetry_pipeline/output/xyz/mol_001569_s1297.xyz,original_augmented,0.08076249669992228,0.23201572465732534
FC(F)(F)C#Cc1nc(C#CC(F)(F)F)nc(C#CC(F)(F)F)n1,triazine_C3,CCCF3_direct,C3,C3v,planar,-113.74825599373892,,original_augmented,,
O=CC#Cc1nc(C#CC=O)nc(C#CC=O)n1,triazine_C3,CCCHO_direct,C3,C3h,planar,-115.41784442515966,/home/tianyajun/MARL_for_COFs/cof_symmetry_pipeline/output/xyz/mol_002316_s1151.xyz,original_augmented,0.018558689385675953,0.04817391092839596
O=C(O)c1ccc(-c2ccc(-c3nc(-c4ccc(-c5ccc(C(=O)O)cc5)cc4)nc(-c4ccc(-c5ccc(C(=O)O)cc5)cc4)n3)cc2)cc1,triazine_C3,COOH_phph,C3,C3,nonplanar,54.48295552523827,/home/tianyajun/MARL_for_COFs/cof_symmetry_pipeline/output/xyz/mol_002180.xyz,original_augmented,0.8012853358182944,1.7146767407979862
N#CSc1nc(SC#N)nc(SC#N)n1,triazine_C3,SCN_direct,C3,C3,nonplanar,-180.95506138378045,/home/tianyajun/MARL_for_COFs/cof_symmetry_pipeline/output/xyz/mol_002562_s0631.xyz,original_augmented,0.989374026977548,1.6495754703856207
CC(=O)c1nc(C(C)=O)nc(C(C)=O)n1,triazine_C3,acetyl_direct,C3,C3h,planar,15.67602929996088,/home/tianyajun/MARL_for_COFs/cof_symmetry_pipeline/output/xyz/mol_001551_s0251.xyz,original_augmented,0.44958635853602047,0.8991792988839277
NC#Cc1ccc(-c2nc(-c3ccc(C#CN)cc3)nc(-c3ccc(C#CN)cc3)n2)cc1,triazine_triphenyl_C3,CCNH2_direct,C3,C3h,planar,-12.53024735232814,,original_augmented,,
FC(F)(F)c1ccc(-c2ccc(-c3nc(-c4ccc(-c5ccc(C(F)(F)F)cc5)cc4)nc(-c4ccc(-c5ccc(C(F)(F)F)cc5)cc4)n3)cc2)cc1,triazine_triphenyl_C3,CF3_ph,C3,C3,nonplanar,150.2069812986973,/home/tianyajun/MARL_for_COFs/cof_symmetry_pipeline/output/xyz/mol_002195.xyz,original_augmented,0.8291311504438655,1.7381769967491427
Sc1ccc(-c2nc(-c3ccc(S)cc3)nc(-c3ccc(S)cc3)n2)cc1,triazine_triphenyl_C3,SH_direct,C3,C3,mixed,-9.083902629836016,,original_augmented,,
O=S(=O)(O)c1ccc(-c2nc(-c3ccc(S(=O)(=O)O)cc3)nc(-c3ccc(S(=O)(=O)O)cc3)n2)cc1,triazine_triphenyl_C3,SO3H_direct,C3,C3,mixed,-79.42736004582974,,original_augmented,,
FC(F)(F)C#Cc1cc(C#CC(F)(F)F)cc(C#CC(F)(F)F)c1,triethynylbenzene_C3,CF3_direct,C3,C3v,planar,20.62877436390631,,original_augmented,,
[N-]=[N+]=NC#Cc1cc(C#CN=[N+]=[N-])cc(C#CN=[N+]=[N-])c1,triethynylbenzene_C3,N3_direct,C3,C3,planar,-3.353389265790956,/home/tianyajun/MARL_for_COFs/cof_symmetry_pipeline/output/xyz/mol_002252.xyz,original_augmented,0.07777550799628222,0.2822415079616283
CS(=O)(=O)NC#Cc1cc(C#CNS(C)(=O)=O)cc(C#CNS(C)(=O)=O)c1,triethynylbenzene_C3,NHSO2_direct,C3,C3,mixed,-152.78016810245413,,original_augmented,,
Oc1ccc(C#Cc2cc(C#Cc3ccc(O)cc3)cc(C#Cc3ccc(O)cc3)c2)cc1,triethynylbenzene_C3,OH_ph,C3,C3,nonplanar,17.203959270764404,/home/tianyajun/MARL_for_COFs/cof_symmetry_pipeline/output/xyz/mol_000911_s0631.xyz,original_augmented,1.2130361696782974,2.214083301231531
NS(=O)(=O)C#Cc1cc(C#CS(N)(=O)=O)cc(C#CS(N)(=O)=O)c1,triethynylbenzene_C3,SO2NH2_direct,C3,C3,mixed,-248.67527210490087,,original_augmented,,
N#Cc1ccc(C#Cc2nc(C#Cc3ccc(C#N)cc3)nc(C#Cc3ccc(C#N)cc3)n2)cc1,triethynyltriazine_C3,CN_ph,C3,D3,planar,-21.63906361350849,/home/tianyajun/MARL_for_COFs/cof_symmetry_pipeline/output/xyz/mol_002311.xyz,original_augmented,0.028841470319224044,0.0679052092988166
O=C(Cl)C#Cc1nc(C#CC(=O)Cl)nc(C#CC(=O)Cl)n1,triethynyltriazine_C3,COCl_direct,C3,C3v,nonplanar,-119.91431515561383,/home/tianyajun/MARL_for_COFs/cof_symmetry_pipeline/output/xyz/mol_002330.xyz,original_augmented,0.7127991086859196,1.5065803654863894
NC(=O)C#Cc1nc(C#CC(N)=O)nc(C#CC(N)=O)n1,triethynyltriazine_C3,CONH2_direct,C3,C3h,planar,-246.53447869547068,/home/tianyajun/MARL_for_COFs/cof_symmetry_pipeline/output/xyz/mol_001350.xyz,original_augmented,0.04273229532022866,0.11910161671772523
Clc1ccc(C#Cc2nc(C#Cc3ccc(Cl)cc3)nc(C#Cc3ccc(Cl)cc3)n2)cc1,triethynyltriazine_C3,Cl_ph,C3,D3,planar,-67.23449406795858,/home/tianyajun/MARL_for_COFs/cof_symmetry_pipeline/output/xyz/mol_001349.xyz,original_augmented,0.21295200051245478,0.49160760122596403
Nc1ccc(C#Cc2nc(C#Cc3ccc(N)cc3)nc(C#Cc3ccc(N)cc3)n2)cc1,triethynyltriazine_C3,NH2_ph,C3,C3v,planar,-93.68327645383457,,original_augmented,,
O=CNC#Cc1nc(C#CNC=O)nc(C#CNC=O)n1,triethynyltriazine_C3,NHCHO_direct,C3,C3h,planar,-152.64605760532638,/home/tianyajun/MARL_for_COFs/cof_symmetry_pipeline/output/xyz/aug_000910.xyz,original_augmented,0.023459307950664768,0.0759703626523906
N#CNOc1cc(ONC#N)cc(ONC#N)c1,trihydroxybenzene_C3,NHCN_direct,C3,C3,nonplanar,-24.77658738511405,/home/tianyajun/MARL_for_COFs/cof_symmetry_pipeline/output/xyz/mol_002418.xyz,original_augmented,0.6016348845130517,1.4290257135019142
CC(=O)NOc1cc(ONC(C)=O)cc(ONC(C)=O)c1,trihydroxybenzene_C3,NHacetyl_direct,C3,C3,mixed,8.388535068836493,,original_augmented,,
O=S(=O)(Cl)Oc1cc(OS(=O)(=O)Cl)cc(OS(=O)(=O)Cl)c1,trihydroxybenzene_C3,SO2Cl_direct,C3,C3,nonplanar,20.72870955491439,/home/tianyajun/MARL_for_COFs/cof_symmetry_pipeline/output/xyz/aug_000967.xyz,original_augmented,0.9975043734710917,2.0362549505894805
O=C(O)c1ccc(OC(=O)c2cc(C(=O)Oc3ccc(C(=O)O)cc3)cc(C(=O)Oc3ccc(C(=O)O)cc3)c2)cc1,trimesic_ester_C3,COOH_ph,C3,C3,mixed,117.82025778395914,,original_augmented,,
N#CNOC(=O)c1cc(C(=O)ONC#N)cc(C(=O)ONC#N)c1,trimesic_ester_C3,NHCN_direct,C3,C3,mixed,87.10857739100774,,original_augmented,,
O=C(OP(=O)(Cl)Cl)c1cc(C(=O)OP(=O)(Cl)Cl)cc(C(=O)OP(=O)(Cl)Cl)c1,trimesic_ester_C3,POCl2_direct,C3,C3,mixed,-118.2759363592381,,original_augmented,,
O=C(OS(=O)(=O)Cl)c1cc(C(=O)OS(=O)(=O)Cl)cc(C(=O)OS(=O)(=O)Cl)c1,trimesic_ester_C3,SO2Cl_direct,C3,C3h,nonplanar,-139.9295414206364,/home/tianyajun/MARL_for_COFs/cof_symmetry_pipeline/output/xyz/aug_001006.xyz,original_augmented,0.5697080012975825,1.274456358598571
[N-]=[N+]=NNC(=O)c1cc(C(=O)NN=[N+]=[N-])cc(C(=O)NN=[N+]=[N-])c1,trimesic_tris_amide_C3,N3_direct,C3,C3,planar,125.68829223929129,/home/tianyajun/MARL_for_COFs/cof_symmetry_pipeline/output/xyz/aug_001042.xyz,original_augmented,0.3410505465861165,0.6881947412835019
N#CNNC(=O)c1cc(C(=O)NNC#N)cc(C(=O)NNC#N)c1,trimesic_tris_amide_C3,NHCN_direct,C3,C3,nonplanar,100.79852662259698,/home/tianyajun/MARL_for_COFs/cof_symmetry_pipeline/output/xyz/mol_002558.xyz,original_augmented,0.8537989111394896,2.188505621131248
O=C(Nc1ccc(O)cc1)c1cc(C(=O)Nc2ccc(O)cc2)cc(C(=O)Nc2ccc(O)cc2)c1,trimesic_tris_amide_C3,OH_ph,C3,C3,mixed,5.614737523607115,,original_augmented,,
N#CSNC(=O)c1cc(C(=O)NSC#N)cc(C(=O)NSC#N)c1,trimesic_tris_amide_C3,SCN_direct,C3,C3,mixed,53.96682522685476,,original_augmented,,
O=C(O)C#Cc1ccc(-c2cc(-c3ccc(C#CC(=O)O)cc3)cc(-c3ccc(C#CC(=O)O)cc3)c2)cc1,triphenylbenzene_C3,CCCOOH_direct,C3,C3,mixed,-11.975668832223969,,original_augmented,,
Oc1ccc(-c2ccc(-c3cc(-c4ccc(-c5ccc(O)cc5)cc4)cc(-c4ccc(-c5ccc(O)cc5)cc4)c3)cc2)cc1,triphenylbenzene_C3,OH_ph,C3,C3,nonplanar,113.6984654779377,/home/tianyajun/MARL_for_COFs/cof_symmetry_pipeline/output/xyz/aug_001105.xyz,original_augmented,0.7880765433325392,1.8037633415393968
Sc1ccc(-c2cc(-c3ccc(S)cc3)cc(-c3ccc(S)cc3)c2)cc1,triphenylbenzene_C3,SH_direct,C3,C3,nonplanar,67.889731978482,/home/tianyajun/MARL_for_COFs/cof_symmetry_pipeline/output/xyz/mol_002591.xyz,original_augmented,1.0782343315341096,1.8291268875220639
O=S(=O)(Cl)c1ccc(-c2cc(-c3ccc(S(=O)(=O)Cl)cc3)cc(-c3ccc(S(=O)(=O)Cl)cc3)c2)cc1,triphenylbenzene_C3,SO2Cl_direct,C3,C3,nonplanar,174.96779294852297,/home/tianyajun/MARL_for_COFs/cof_symmetry_pipeline/output/xyz/mol_002637.xyz,original_augmented,1.0832230866136503,1.8011228877965353
C=Cc1ccc(-c2cc(-c3ccc(C=C)cc3)cc(-c3ccc(C=C)cc3)c2)cc1,triphenylbenzene_C3,vinyl_direct,C3,C3,mixed,95.92693997527265,,original_augmented,,
ClC#Cc1ccc(-c2cc(-c3ccc(C#CCl)cc3)cc(-c3ccc(C#CCl)cc3)c2)cc1,tris_ethynyl_triphenyl_C3,Cl_direct,C3,D3,nonplanar,77.60888612607106,/home/tianyajun/MARL_for_COFs/cof_symmetry_pipeline/output/xyz/mol_002665.xyz,original_augmented,0.9976869516451292,1.7464964192951773
Brc1ccc(/N=N/c2ccc(Br)cc2)cc1,azobenzene_C2,Br_direct,C2,D2,nonplanar,37.176149983991735,/home/tianyajun/MARL_for_COFs/cof_symmetry_pipeline/output/xyz/aug_000000.xyz,original_remaining,0.7259401742420624,1.310698342874399
O=CC#Cc1ccc(/N=N/c2ccc(C#CC=O)cc2)cc1,azobenzene_C2,CCCHO_direct,C2,C2,nonplanar,41.95744250408075,/home/tianyajun/MARL_for_COFs/cof_symmetry_pipeline/output/xyz/aug_000001.xyz,original_remaining,0.637960383135324,1.4000980729184187
N#CC#Cc1ccc(/N=N/c2ccc(C#CC#N)cc2)cc1,azobenzene_C2,CCCN_direct,C2,D2,nonplanar,42.277054423830606,/home/tianyajun/MARL_for_COFs/cof_symmetry_pipeline/output/xyz/aug_000002.xyz,original_remaining,0.6806358127655301,1.4100971405996974
O=C(O)C#Cc1ccc(/N=N/c2ccc(C#CC(=O)O)cc2)cc1,azobenzene_C2,CCCOOH_direct,C2,C2,nonplanar,-21.90581943411859,/home/tianyajun/MARL_for_COFs/cof_symmetry_pipeline/output/xyz/aug_000003.xyz,original_remaining,0.6353157639630763,1.369553974504064
COC(=O)C#Cc1ccc(/N=N/c2ccc(C#CC(=O)OC)cc2)cc1,azobenzene_C2,CCCOOMe_direct,C2,C2,nonplanar,19.825668125701245,/home/tianyajun/MARL_for_COFs/cof_symmetry_pipeline/output/xyz/aug_000004.xyz,original_remaining,0.6589402200334973,1.3881139739127668
C#Cc1ccc(-c2ccc(/N=N/c3ccc(-c4ccc(C#C)cc4)cc3)cc2)cc1,azobenzene_C2,CCH_ph,C2,D2,nonplanar,83.26937796991236,/home/tianyajun/MARL_for_COFs/cof_symmetry_pipeline/output/xyz/aug_000005.xyz,original_remaining,0.9914912777617846,2.0892608170943086
NC#Cc1ccc(/N=N/c2ccc(C#CN)cc2)cc1,azobenzene_C2,CCNH2_direct,C2,C2,nonplanar,29.081510692393174,/home/tianyajun/MARL_for_COFs/cof_symmetry_pipeline/output/xyz/aug_000007.xyz,original_remaining,0.7032994890688679,1.4024686863092342
O=[N+]([O-])C#Cc1ccc(/N=N/c2ccc(C#C[N+](=O)[O-])cc2)cc1,azobenzene_C2,CCNO2_direct,C2,C2,nonplanar,46.99443375971524,/home/tianyajun/MARL_for_COFs/cof_symmetry_pipeline/output/xyz/aug_000008.xyz,original_remaining,0.6803063689810912,1.408406584374761
OC#Cc1ccc(/N=N/c2ccc(C#CO)cc2)cc1,azobenzene_C2,CCOH_direct,C2,C2,nonplanar,34.01604726670393,/home/tianyajun/MARL_for_COFs/cof_symmetry_pipeline/output/xyz/aug_000009.xyz,original_remaining,0.7116686327505535,1.414564037263702
CC(=O)C#Cc1ccc(/N=N/c2ccc(C#CC(C)=O)cc2)cc1,azobenzene_C2,CCacetyl_direct,C2,C2,nonplanar,45.50213004069043,/home/tianyajun/MARL_for_COFs/cof_symmetry_pipeline/output/xyz/aug_000010.xyz,original_remaining,0.658758246887384,1.3820123101877044
FC(F)(F)c1ccc(/N=N/c2ccc(C(F)(F)F)cc2)cc1,azobenzene_C2,CF3_direct,C2,D2,nonplanar,94.99477014030424,/home/tianyajun/MARL_for_COFs/cof_symmetry_pipeline/output/xyz/aug_000011.xyz,original_remaining,0.7723584842532754,1.3683928308509619
O=Cc1ccc(/N=N/c2ccc(C=O)cc2)cc1,azobenzene_C2,CHO_direct,C2,C2,nonplanar,69.22533172916505,/home/tianyajun/MARL_for_COFs/cof_symmetry_pipeline/output/xyz/aug_000012.xyz,original_remaining,0.7087503097134109,1.3552897789645904
N#Cc1ccc(/N=N/c2ccc(C#N)cc2)cc1,azobenzene_C2,CN_direct,C2,C2,nonplanar,66.56850644597682,/home/tianyajun/MARL_for_COFs/cof_symmetry_pipeline/output/xyz/aug_000014.xyz,original_remaining,0.7019936567502199,1.3357171799199734
N#Cc1ccc(-c2ccc(/N=N/c3ccc(-c4ccc(C#N)cc4)cc3)cc2)cc1,azobenzene_C2,CN_ph,C2,C2,nonplanar,125.06942011776634,/home/tianyajun/MARL_for_COFs/cof_symmetry_pipeline/output/xyz/aug_000015.xyz,original_remaining,1.1793797593733057,2.249602145006714
O=C(Cl)c1ccc(/N=N/c2ccc(C(=O)Cl)cc2)cc1,azobenzene_C2,COCl_direct,C2,C2,nonplanar,90.71997792142048,/home/tianyajun/MARL_for_COFs/cof_symmetry_pipeline/output/xyz/aug_000016.xyz,original_remaining,0.7331827278706031,1.3705511918896807
O=C(O)c1ccc(/N=N/c2ccc(C(=O)O)cc2)cc1,azobenzene_C2,COOH_direct,C2,C2,nonplanar,29.42205549999795,/home/tianyajun/MARL_for_COFs/cof_symmetry_pipeline/output/xyz/aug_000017.xyz,original_remaining,0.6683711327983489,1.3162551913742049
COC(=O)c1ccc(/N=N/c2ccc(C(=O)OC)cc2)cc1,azobenzene_C2,COOMe_direct,C2,C2,nonplanar,66.67691127712104,/home/tianyajun/MARL_for_COFs/cof_symmetry_pipeline/output/xyz/aug_000020.xyz,original_remaining,0.7701513778923855,1.4832085785293794
Clc1ccc(/N=N/c2ccc(Cl)cc2)cc1,azobenzene_C2,Cl_direct,C2,C2,nonplanar,35.4713927583754,/home/tianyajun/MARL_for_COFs/cof_symmetry_pipeline/output/xyz/aug_000021.xyz,original_remaining,0.7229004438190331,1.305369384149783
Clc1ccc(-c2ccc(/N=N/c3ccc(-c4ccc(Cl)cc4)cc3)cc2)cc1,azobenzene_C2,Cl_ph,C2,D2,nonplanar,81.25463338897045,/home/tianyajun/MARL_for_COFs/cof_symmetry_pipeline/output/xyz/aug_000022.xyz,original_remaining,0.7248948515449314,1.4476192623847723
Ic1ccc(/N=N/c2ccc(I)cc2)cc1,azobenzene_C2,I_direct,C2,D2,nonplanar,38.89128687341806,/home/tianyajun/MARL_for_COFs/cof_symmetry_pipeline/output/xyz/aug_000023.xyz,original_remaining,0.7291372772079235,1.316376263816581
[N-]=[N+]=Nc1ccc(/N=N/c2ccc(N=[N+]=[N-])cc2)cc1,azobenzene_C2,N3_direct,C2,D2,nonplanar,23.28212067957839,/home/tianyajun/MARL_for_COFs/cof_symmetry_pipeline/output/xyz/aug_000024.xyz,original_remaining,0.8964964182463487,1.6135139747166907
O=C=Nc1ccc(/N=N/c2ccc(N=C=O)cc2)cc1,azobenzene_C2,NCO_direct,C2,D2,nonplanar,25.170013375266286,/home/tianyajun/MARL_for_COFs/cof_symmetry_pipeline/output/xyz/aug_000025.xyz,original_remaining,0.8912350576172744,1.5923221400635146
S=C=Nc1ccc(/N=N/c2ccc(N=C=S)cc2)cc1,azobenzene_C2,NCS_direct,C2,D2,nonplanar,28.66025690301852,/home/tianyajun/MARL_for_COFs/cof_symmetry_pipeline/output/xyz/aug_000026.xyz,original_remaining,0.9593936218180981,1.9770468811520585
Nc1ccc(-c2ccc(/N=N/c3ccc(-c4ccc(N)cc4)cc3)cc2)cc1,azobenzene_C2,NH2_ph,C2,C2,nonplanar,64.13623831203958,/home/tianyajun/MARL_for_COFs/cof_symmetry_pipeline/output/xyz/aug_000028.xyz,original_remaining,0.7688976293791638,1.539099468308762
O=CNc1ccc(/N=N/c2ccc(NC=O)cc2)cc1,azobenzene_C2,NHCHO_direct,C2,C2,nonplanar,-2.231680231318464,/home/tianyajun/MARL_for_COFs/cof_symmetry_pipeline/output/xyz/aug_000029.xyz,original_remaining,0.7880060284186059,1.4821522251455006
N#CNc1ccc(/N=N/c2ccc(NC#N)cc2)cc1,azobenzene_C2,NHCN_direct,C2,C2,nonplanar,-18.39333066516383,/home/tianyajun/MARL_for_COFs/cof_symmetry_pipeline/output/xyz/aug_000030.xyz,original_remaining,0.7228493287061277,1.4740362408626804
CC(=O)Nc1ccc(/N=N/c2ccc(NC(C)=O)cc2)cc1,azobenzene_C2,NHacetyl_direct,C2,C2,nonplanar,3.83664691780689,/home/tianyajun/MARL_for_COFs/cof_symmetry_pipeline/output/xyz/aug_000031.xyz,original_remaining,0.7784870858235149,1.5404970762926675
O=[N+]([O-])c1ccc(/N=N/c2ccc([N+](=O)[O-])cc2)cc1,azobenzene_C2,NO2_direct,C2,C2,nonplanar,106.62921567903338,/home/tianyajun/MARL_for_COFs/cof_symmetry_pipeline/output/xyz/aug_000032.xyz,original_remaining,0.673434371310573,1.2925902071654805
O=[N+]([O-])c1ccc(-c2ccc(/N=N/c3ccc(-c4ccc([N+](=O)[O-])cc4)cc3)cc2)cc1,azobenzene_C2,NO2_ph,C2,C2,nonplanar,150.9582418062035,/home/tianyajun/MARL_for_COFs/cof_symmetry_pipeline/output/xyz/aug_000033.xyz,original_remaining,0.7119797529622799,1.4667467650507788
N#COc1ccc(/N=N/c2ccc(OC#N)cc2)cc1,azobenzene_C2,OCN_direct,C2,C2,nonplanar,52.25070220064279,/home/tianyajun/MARL_for_COFs/cof_symmetry_pipeline/output/xyz/aug_000035.xyz,original_remaining,0.7793699972016139,1.457093142997919
Oc1ccc(/N=N/c2ccc(O)cc2)cc1,azobenzene_C2,OH_direct,C2,C2,nonplanar,16.321313960210126,/home/tianyajun/MARL_for_COFs/cof_symmetry_pipeline/output/xyz/aug_000036.xyz,original_remaining,0.7657453750250941,1.4301375350392889
Oc1ccc(-c2ccc(/N=N/c3ccc(-c4ccc(O)cc4)cc3)cc2)cc1,azobenzene_C2,OH_ph,C2,C2,nonplanar,62.151782098011694,/home/tianyajun/MARL_for_COFs/cof_symmetry_pipeline/output/xyz/aug_000037.xyz,original_remaining,0.7224839126164565,1.449642124534536
COc1ccc(/N=N/c2ccc(OC)cc2)cc1,azobenzene_C2,OMe_direct,C2,C2,nonplanar,45.807481465812685,/home/tianyajun/MARL_for_COFs/cof_symmetry_pipeline/output/xyz/aug_000038.xyz,original_remaining,0.8138760390797576,1.5547873743572929
CC(=O)Oc1ccc(/N=N/c2ccc(OC(C)=O)cc2)cc1,azobenzene_C2,Oacetyl_direct,C2,D2,nonplanar,55.02246888742738,/home/tianyajun/MARL_for_COFs/cof_symmetry_pipeline/output/xyz/aug_000039.xyz,original_remaining,0.7973009693091758,1.587099607049998
O=P(Cl)(Cl)c1ccc(/N=N/c2ccc(P(=O)(Cl)Cl)cc2)cc1,azobenzene_C2,POCl2_direct,C2,D2,nonplanar,109.58503733327322,/home/tianyajun/MARL_for_COFs/cof_symmetry_pipeline/output/xyz/aug_000041.xyz,original_remaining,0.877719961944382,2.059921358564705
O=S(=O)(Cl)c1ccc(/N=N/c2ccc(S(=O)(=O)Cl)cc2)cc1,azobenzene_C2,SO2Cl_direct,C2,D2,nonplanar,104.48061022990872,/home/tianyajun/MARL_for_COFs/cof_symmetry_pipeline/output/xyz/aug_000043.xyz,original_remaining,0.7997758770360482,1.4049335909103886
NS(=O)(=O)c1ccc(/N=N/c2ccc(S(N)(=O)=O)cc2)cc1,azobenzene_C2,SO2NH2_direct,C2,C2,nonplanar,-109.1096485749212,/home/tianyajun/MARL_for_COFs/cof_symmetry_pipeline/output/xyz/aug_000044.xyz,original_remaining,0.8219599664081947,1.6576434803422702
O=S(=O)(O)c1ccc(/N=N/c2ccc(S(=O)(=O)O)cc2)cc1,azobenzene_C2,SO3H_direct,C2,C2,nonplanar,-14.507453874245725,/home/tianyajun/MARL_for_COFs/cof_symmetry_pipeline/output/xyz/aug_000045.xyz,original_remaining,0.689228483584456,1.663347066164252
C[Si](C)(C)c1ccc(/N=N/c2ccc([Si](C)(C)C)cc2)cc1,azobenzene_C2,SiMe3_direct,C2,D2,nonplanar,55.64908777638324,/home/tianyajun/MARL_for_COFs/cof_symmetry_pipeline/output/xyz/aug_000046.xyz,original_remaining,1.2036943656316346,2.2431492692366373
CC(=O)c1ccc(/N=N/c2ccc(C(C)=O)cc2)cc1,azobenzene_C2,acetyl_direct,C2,C2,nonplanar,77.25018301472677,/home/tianyajun/MARL_for_COFs/cof_symmetry_pipeline/output/xyz/aug_000047.xyz,original_remaining,0.8364854649437625,1.5645832845358327
C#Cc1ccc(/N=N/c2ccc(C#C)cc2)cc1,azobenzene_C2,ethynyl_direct,C2,C2,nonplanar,37.7657555360913,/home/tianyajun/MARL_for_COFs/cof_symmetry_pipeline/output/xyz/aug_000049.xyz,original_remaining,0.6945023990720388,1.3816342757643933
Cc1ccc(/N=N/c2ccc(C)cc2)cc1,azobenzene_C2,methyl_direct,C2,C2,nonplanar,44.588843018627045,/home/tianyajun/MARL_for_COFs/cof_symmetry_pipeline/output/xyz/aug_000050.xyz,original_remaining,0.7489581957300862,1.3890113146077634
Cc1ccc(-c2ccc(/N=N/c3ccc(-c4ccc(C)cc4)cc3)cc2)cc1,azobenzene_C2,methyl_ph,C2,C2,nonplanar,88.8808862372723,/home/tianyajun/MARL_for_COFs/cof_symmetry_pipeline/output/xyz/aug_000051.xyz,original_remaining,0.7313110939152088,1.4702827739834194
Brc1ccc(-c2ccc(Br)o2)o1,bifuran_C2,Br_direct,C2,C2v,planar,5.677152858362989,/home/tianyajun/MARL_for_COFs/cof_symmetry_pipeline/output/xyz/aug_000052.xyz,original_remaining,4.272282440253776e-06,7.462862212204158e-06
FC(F)(F)C#Cc1ccc(-c2ccc(C#CC(F)(F)F)o2)o1,bifuran_C2,CCCF3_direct,C2,C2v,planar,7.91047822420517,/home/tianyajun/MARL_for_COFs/cof_symmetry_pipeline/output/xyz/aug_000053.xyz,original_remaining,0.42911256550193055,1.0941740122764276
O=CC#Cc1ccc(-c2ccc(C#CC=O)o2)o1,bifuran_C2,CCCHO_direct,C2,C2v,planar,5.79774918137819,/home/tianyajun/MARL_for_COFs/cof_symmetry_pipeline/output/xyz/aug_000054.xyz,original_remaining,3.2307902818036473e-06,9.096111290851638e-06
N#CC#Cc1ccc(-c2ccc(C#CC#N)o2)o1,bifuran_C2,CCCN_direct,C2,C2v,planar,5.224714989628309,/home/tianyajun/MARL_for_COFs/cof_symmetry_pipeline/output/xyz/aug_000055.xyz,original_remaining,6.739143280739218e-07,1.2199775153709513e-06
O=C(O)C#Cc1ccc(-c2ccc(C#CC(=O)O)o2)o1,bifuran_C2,CCCOOH_direct,C2,C2v,planar,-58.35446320744957,/home/tianyajun/MARL_for_COFs/cof_symmetry_pipeline/output/xyz/aug_000056.xyz,original_remaining,0.07158438541115404,0.2461212429750289
COC(=O)C#Cc1ccc(-c2ccc(C#CC(=O)OC)o2)o1,bifuran_C2,CCCOOMe_direct,C2,C2,planar,-17.402054733311715,/home/tianyajun/MARL_for_COFs/cof_symmetry_pipeline/output/xyz/aug_000057.xyz,original_remaining,0.3297214183811894,0.9152460432926357
C#Cc1ccc(-c2ccc(-c3ccc(-c4ccc(C#C)cc4)o3)o2)cc1,bifuran_C2,CCH_ph,C2,C2v,planar,50.72352169438668,/home/tianyajun/MARL_for_COFs/cof_symmetry_pipeline/output/xyz/aug_000058.xyz,original_remaining,2.3059759356917546e-05,6.11032949079382e-05
C#Cc1ccc(-c2ccc(-c3ccc(-c4ccc(-c5ccc(-c6ccc(C#C)cc6)cc5)o4)o3)cc2)cc1,bifuran_C2,CCH_phph,C2,C2,nonplanar,93.37961635016558,/home/tianyajun/MARL_for_COFs/cof_symmetry_pipeline/output/xyz/aug_000059.xyz,original_remaining,0.7310611793989199,1.75584126569066
O=C=NC#Cc1ccc(-c2ccc(C#CN=C=O)o2)o1,bifuran_C2,CCNCO_direct,C2,C2,planar,1.380753387627794,/home/tianyajun/MARL_for_COFs/cof_symmetry_pipeline/output/xyz/aug_000060.xyz,original_remaining,0.30494242320538373,0.8617534251366046
NC#Cc1ccc(-c2ccc(C#CN)o2)o1,bifuran_C2,CCNH2_direct,C2,C2v,planar,7.380415804590976,/home/tianyajun/MARL_for_COFs/cof_symmetry_pipeline/output/xyz/aug_000061.xyz,original_remaining,0.3356489820228233,0.8221760390771626
O=[N+]([O-])C#Cc1ccc(-c2ccc(C#C[N+](=O)[O-])o2)o1,bifuran_C2,CCNO2_direct,C2,C2,planar,3.146704228413133,/home/tianyajun/MARL_for_COFs/cof_symmetry_pipeline/output/xyz/aug_000062.xyz,original_remaining,0.43170891497660757,1.0993866195917887
OC#Cc1ccc(-c2ccc(C#CO)o2)o1,bifuran_C2,CCOH_direct,C2,C2v,planar,7.681484079455539,/home/tianyajun/MARL_for_COFs/cof_symmetry_pipeline/output/xyz/aug_000063.xyz,original_remaining,2.599703861863792e-06,7.3794700148344106e-06
CC(=O)C#Cc1ccc(-c2ccc(C#CC(C)=O)o2)o1,bifuran_C2,CCacetyl_direct,C2,C2v,planar,9.367666037422609,/home/tianyajun/MARL_for_COFs/cof_symmetry_pipeline/output/xyz/aug_000064.xyz,original_remaining,0.32709348609930805,0.8957872116052953
FC(F)(F)c1ccc(-c2ccc(C(F)(F)F)o2)o1,bifuran_C2,CF3_direct,C2,C2v,planar,80.10496947624219,/home/tianyajun/MARL_for_COFs/cof_symmetry_pipeline/output/xyz/aug_000065.xyz,original_remaining,0.4658295102794057,1.0925656732396525
FC(F)(F)c1ccc(-c2ccc(-c3ccc(-c4ccc(C(F)(F)F)cc4)o3)o2)cc1,bifuran_C2,CF3_ph,C2,C2,planar,103.8097493193536,/home/tianyajun/MARL_for_COFs/cof_symmetry_pipeline/output/xyz/aug_000066.xyz,original_remaining,0.335665923108037,1.276894643724671
O=Cc1ccc(-c2ccc(C=O)o2)o1,bifuran_C2,CHO_direct,C2,C2v,planar,40.536430439519066,/home/tianyajun/MARL_for_COFs/cof_symmetry_pipeline/output/xyz/aug_000067.xyz,original_remaining,7.635078056708472e-06,2.1699905221439497e-05
O=Cc1ccc(-c2ccc(-c3ccc(-c4ccc(C=O)cc4)o3)o2)cc1,bifuran_C2,CHO_ph,C2,C2v,planar,80.96470136848548,/home/tianyajun/MARL_for_COFs/cof_symmetry_pipeline/output/xyz/aug_000068.xyz,original_remaining,6.392268489885471e-05,0.00016625791491042818
O=Cc1ccc(-c2ccc(-c3ccc(-c4ccc(-c5ccc(-c6ccc(C=O)cc6)cc5)o4)o3)cc2)cc1,bifuran_C2,CHO_phph,C2,C2,nonplanar,126.30116614393972,/home/tianyajun/MARL_for_COFs/cof_symmetry_pipeline/output/xyz/aug_000069.xyz,original_remaining,0.7614016524348038,1.829560567040582
N#Cc1ccc(-c2ccc(C#N)o2)o1,bifuran_C2,CN_direct,C2,C2v,planar,43.55647361989583,/home/tianyajun/MARL_for_COFs/cof_symmetry_pipeline/output/xyz/aug_000070.xyz,original_remaining,7.58813982065592e-06,1.736581477396193e-05
N#Cc1ccc(-c2ccc(-c3ccc(-c4ccc(C#N)cc4)o3)o2)cc1,bifuran_C2,CN_ph,C2,C2h,planar,76.29146998457695,/home/tianyajun/MARL_for_COFs/cof_symmetry_pipeline/output/xyz/aug_000071.xyz,original_remaining,0.0005582733825498284,0.001134858792107396
N#Cc1ccc(-c2ccc(-c3ccc(-c4ccc(-c5ccc(-c6ccc(C#N)cc6)cc5)o4)o3)cc2)cc1,bifuran_C2,CN_phph,C2,C2,nonplanar,123.35148282317095,/home/tianyajun/MARL_for_COFs/cof_symmetry_pipeline/output/xyz/aug_000072.xyz,original_remaining,0.7452657379345602,1.8253744698644803
O=C(Cl)c1ccc(-c2ccc(C(=O)Cl)o2)o1,bifuran_C2,COCl_direct,C2,C2h,planar,63.24085875241273,/home/tianyajun/MARL_for_COFs/cof_symmetry_pipeline/output/xyz/aug_000073.xyz,original_remaining,1.3996204115605775e-05,2.585088678399433e-05
NC(=O)c1ccc(-c2ccc(C(N)=O)o2)o1,bifuran_C2,CONH2_direct,C2,C2v,planar,-25.347030811273143,/home/tianyajun/MARL_for_COFs/cof_symmetry_pipeline/output/xyz/aug_000074.xyz,original_remaining,4.225597199825938e-06,1.0286345032195499e-05
O=C(O)c1ccc(-c2ccc(C(=O)O)o2)o1,bifuran_C2,COOH_direct,C2,C2v,planar,2.6606203459443645,/home/tianyajun/MARL_for_COFs/cof_symmetry_pipeline/output/xyz/aug_000075.xyz,original_remaining,5.901220707705152e-07,1.154240990119959e-06
O=C(O)c1ccc(-c2ccc(-c3ccc(-c4ccc(C(=O)O)cc4)o3)o2)cc1,bifuran_C2,COOH_ph,C2,C2v,planar,41.77945419186256,/home/tianyajun/MARL_for_COFs/cof_symmetry_pipeline/output/xyz/aug_000076.xyz,original_remaining,0.00013485665823399784,0.0002969514862694034
O=C(O)c1ccc(-c2ccc(-c3ccc(-c4ccc(-c5ccc(-c6ccc(C(=O)O)cc6)cc5)o4)o3)cc2)cc1,bifuran_C2,COOH_phph,C2,C2,nonplanar,86.84411738842775,/home/tianyajun/MARL_for_COFs/cof_symmetry_pipeline/output/xyz/aug_000077.xyz,original_remaining,0.7621598245703368,1.7488028030703187
COC(=O)c1ccc(-c2ccc(C(=O)OC)o2)o1,bifuran_C2,COOMe_direct,C2,C2h,planar,38.200734894764565,/home/tianyajun/MARL_for_COFs/cof_symmetry_pipeline/output/xyz/aug_000078.xyz,original_remaining,0.3405035256863826,0.9008944957476341
Clc1ccc(-c2ccc(Cl)o2)o1,bifuran_C2,Cl_direct,C2,C2h,planar,0.7487008809023272,/home/tianyajun/MARL_for_COFs/cof_symmetry_pipeline/output/xyz/aug_000079.xyz,original_remaining,5.1434347792926285e-06,1.0662603007638438e-05
Clc1ccc(-c2ccc(-c3ccc(-c4ccc(Cl)cc4)o3)o2)cc1,bifuran_C2,Cl_ph,C2,C2v,planar,48.52027165291465,/home/tianyajun/MARL_for_COFs/cof_symmetry_pipeline/output/xyz/aug_000080.xyz,original_remaining,2.3984767404793123e-05,5.352214077480877e-05
Ic1ccc(-c2ccc(I)o2)o1,bifuran_C2,I_direct,C2,C2h,planar,3.692789147643692,/home/tianyajun/MARL_for_COFs/cof_symmetry_pipeline/output/xyz/aug_000081.xyz,original_remaining,6.991145643963998e-06,1.5159429846867134e-05
[N-]=[N+]=Nc1ccc(-c2ccc(N=[N+]=[N-])o2)o1,bifuran_C2,N3_direct,C2,C2v,planar,-23.447448825244383,/home/tianyajun/MARL_for_COFs/cof_symmetry_pipeline/output/xyz/aug_000082.xyz,original_remaining,6.153620350034156e-06,1.766084951115854e-05
[N-]=[N+]=Nc1ccc(-c2ccc(-c3ccc(-c4ccc(N=[N+]=[N-])cc4)o3)o2)cc1,bifuran_C2,N3_ph,C2,C2,planar,36.46285191673822,/home/tianyajun/MARL_for_COFs/cof_symmetry_pipeline/output/xyz/aug_000083.xyz,original_remaining,0.4887151388103655,1.7869811098366366
O=C=Nc1ccc(-c2ccc(N=C=O)o2)o1,bifuran_C2,NCO_direct,C2,C2v,planar,-23.0965961259368,/home/tianyajun/MARL_for_COFs/cof_symmetry_pipeline/output/xyz/aug_000084.xyz,original_remaining,5.398752096464698e-06,1.408910565442456e-05
S=C=Nc1ccc(-c2ccc(N=C=S)o2)o1,bifuran_C2,NCS_direct,C2,C2h,planar,-19.94979120064092,/home/tianyajun/MARL_for_COFs/cof_symmetry_pipeline/output/xyz/aug_000085.xyz,original_remaining,5.9289385027230775e-06,2.079823604050901e-05
Nc1ccc(-c2ccc(N)o2)o1,bifuran_C2,NH2_direct,C2,C2,planar,-48.88595086248104,/home/tianyajun/MARL_for_COFs/cof_symmetry_pipeline/output/xyz/aug_000086.xyz,original_remaining,0.09762199148135275,0.2051545166082951
Nc1ccc(-c2ccc(-c3ccc(-c4ccc(N)cc4)o3)o2)cc1,bifuran_C2,NH2_ph,C2,C2,planar,31.339548920418515,/home/tianyajun/MARL_for_COFs/cof_symmetry_pipeline/output/xyz/aug_000087.xyz,original_remaining,0.09156751533933702,0.25163713861458614
Nc1ccc(-c2ccc(-c3ccc(-c4ccc(-c5ccc(-c6ccc(N)cc6)cc5)o4)o3)cc2)cc1,bifuran_C2,NH2_phph,C2,C2,nonplanar,76.68199137084665,/home/tianyajun/MARL_for_COFs/cof_symmetry_pipeline/output/xyz/aug_000088.xyz,original_remaining,0.7377896056766742,1.8540246687871464
O=CNc1ccc(-c2ccc(NC=O)o2)o1,bifuran_C2,NHCHO_direct,C2,C2v,planar,-58.67909238824285,/home/tianyajun/MARL_for_COFs/cof_symmetry_pipeline/output/xyz/aug_000089.xyz,original_remaining,3.2062825982959667e-06,7.149468800593528e-06
N#CNc1ccc(-c2ccc(NC#N)o2)o1,bifuran_C2,NHCN_direct,C2,C2,planar,-78.40924573653038,/home/tianyajun/MARL_for_COFs/cof_symmetry_pipeline/output/xyz/aug_000090.xyz,original_remaining,0.27260695063970464,0.7279146178015168
CC(=O)Nc1ccc(-c2ccc(NC(C)=O)o2)o1,bifuran_C2,NHacetyl_direct,C2,C2,planar,-32.56961423602999,/home/tianyajun/MARL_for_COFs/cof_symmetry_pipeline/output/xyz/aug_000092.xyz,original_remaining,0.4650420363284761,1.158430636344418
O=[N+]([O-])c1ccc(-c2ccc([N+](=O)[O-])o2)o1,bifuran_C2,NO2_direct,C2,C2h,planar,85.57818098549424,/home/tianyajun/MARL_for_COFs/cof_symmetry_pipeline/output/xyz/aug_000093.xyz,original_remaining,5.1290947985481156e-06,1.073057683603773e-05
O=[N+]([O-])c1ccc(-c2ccc(-c3ccc(-c4ccc([N+](=O)[O-])cc4)o3)o2)cc1,bifuran_C2,NO2_ph,C2,C2v,planar,118.49755650149936,/home/tianyajun/MARL_for_COFs/cof_symmetry_pipeline/output/xyz/aug_000094.xyz,original_remaining,2.31018865671129e-05,5.86119541123864e-05
O=[N+]([O-])c1ccc(-c2ccc(-c3ccc(-c4ccc(-c5ccc(-c6ccc([N+](=O)[O-])cc6)cc5)o4)o3)cc2)cc1,bifuran_C2,NO2_phph,C2,C2,nonplanar,163.28165193691703,/home/tianyajun/MARL_for_COFs/cof_symmetry_pipeline/output/xyz/aug_000095.xyz,original_remaining,0.7653737935660206,1.826183233797555
O=COc1ccc(-c2ccc(OC=O)o2)o1,bifuran_C2,OCHO_direct,C2,C2v,planar,4.769531545263181,/home/tianyajun/MARL_for_COFs/cof_symmetry_pipeline/output/xyz/aug_000096.xyz,original_remaining,1.6176896987439712e-06,3.525376254032153e-06
N#COc1ccc(-c2ccc(OC#N)o2)o1,bifuran_C2,OCN_direct,C2,C2h,planar,1.5170714498288191,/home/tianyajun/MARL_for_COFs/cof_symmetry_pipeline/output/xyz/aug_000097.xyz,original_remaining,1.7063134269930312e-06,3.5244891560815006e-06
Oc1ccc(-c2ccc(O)o2)o1,bifuran_C2,OH_direct,C2,C2v,planar,-33.40239062898066,/home/tianyajun/MARL_for_COFs/cof_symmetry_pipeline/output/xyz/aug_000098.xyz,original_remaining,3.8105120178918538e-06,8.752033639702894e-06
Oc1ccc(-c2ccc(-c3ccc(-c4ccc(O)cc4)o3)o2)cc1,bifuran_C2,OH_ph,C2,C2v,planar,29.102239630791257,/home/tianyajun/MARL_for_COFs/cof_symmetry_pipeline/output/xyz/aug_000099.xyz,original_remaining,1.0325442007105144e-05,2.4863335560620925e-05
Oc1ccc(-c2ccc(-c3ccc(-c4ccc(-c5ccc(-c6ccc(O)cc6)cc5)o4)o3)cc2)cc1,bifuran_C2,OH_phph,C2,C2,nonplanar,74.68989974530929,/home/tianyajun/MARL_for_COFs/cof_symmetry_pipeline/output/xyz/aug_000100.xyz,original_remaining,0.7422625565026317,1.7526738905193322
COc1ccc(-c2ccc(OC)o2)o1,bifuran_C2,OMe_direct,C2,C2v,planar,-2.7790388594351283,/home/tianyajun/MARL_for_COFs/cof_symmetry_pipeline/output/xyz/aug_000101.xyz,original_remaining,0.3679010355911983,0.9011840407497533
COc1ccc(-c2ccc(-c3ccc(-c4ccc(OC)cc4)o3)o2)cc1,bifuran_C2,OMe_ph,C2,C2v,planar,58.68347904478684,/home/tianyajun/MARL_for_COFs/cof_symmetry_pipeline/output/xyz/aug_000102.xyz,original_remaining,0.27244274959418835,0.9054145367446216
CC(=O)Oc1ccc(-c2ccc(OC(C)=O)o2)o1,bifuran_C2,Oacetyl_direct,C2,C2h,planar,1.893771107568071,/home/tianyajun/MARL_for_COFs/cof_symmetry_pipeline/output/xyz/aug_000103.xyz,original_remaining,0.3397619948232375,0.89960536186739
O=P(O)(O)c1ccc(-c2ccc(P(=O)(O)O)o2)o1,bifuran_C2,PO3H2_direct,C2,C2v,nonplanar,-162.46935929262517,/home/tianyajun/MARL_for_COFs/cof_symmetry_pipeline/output/xyz/aug_000104.xyz,original_remaining,0.8015390309736974,1.6244479566260015
O=P(Cl)(Cl)c1ccc(-c2ccc(P(=O)(Cl)Cl)o2)o1,bifuran_C2,POCl2_direct,C2,D2h,nonplanar,95.8338503378946,/home/tianyajun/MARL_for_COFs/cof_symmetry_pipeline/output/xyz/aug_000105.xyz,original_remaining,0.6759333140082583,1.5852402961218237
N#CSc1ccc(-c2ccc(SC#N)o2)o1,bifuran_C2,SCN_direct,C2,C2,nonplanar,-1.214849373926837,/home/tianyajun/MARL_for_COFs/cof_symmetry_pipeline/output/xyz/aug_000106.xyz,original_remaining,0.5785150769297349,1.4360222812127075
Sc1ccc(-c2ccc(S)o2)o1,bifuran_C2,SH_direct,C2,C2h,planar,-9.772296923045982,/home/tianyajun/MARL_for_COFs/cof_symmetry_pipeline/output/xyz/aug_000107.xyz,original_remaining,4.1272699460572445e-06,9.59655073340393e-06
O=S(=O)(Cl)c1ccc(-c2ccc(S(=O)(=O)Cl)o2)o1,bifuran_C2,SO2Cl_direct,C2,C2,nonplanar,96.03988930132698,/home/tianyajun/MARL_for_COFs/cof_symmetry_pipeline/output/xyz/aug_000108.xyz,original_remaining,0.5636813530543938,1.4125024961929016
NS(=O)(=O)c1ccc(-c2ccc(S(N)(=O)=O)o2)o1,bifuran_C2,SO2NH2_direct,C2,C2,nonplanar,-85.8650343413099,/home/tianyajun/MARL_for_COFs/cof_symmetry_pipeline/output/xyz/aug_000109.xyz,original_remaining,0.6252551307542594,1.5037224766984931
O=S(=O)(O)c1ccc(-c2ccc(S(=O)(=O)O)o2)o1,bifuran_C2,SO3H_direct,C2,C2,nonplanar,-12.846698372643196,/home/tianyajun/MARL_for_COFs/cof_symmetry_pipeline/output/xyz/aug_000110.xyz,original_remaining,0.5669319223031016,1.3183425697569304
C[Si](C)(C)c1ccc(-c2ccc([Si](C)(C)C)o2)o1,bifuran_C2,SiMe3_direct,C2,C2h,nonplanar,26.27969188486559,/home/tianyajun/MARL_for_COFs/cof_symmetry_pipeline/output/xyz/aug_000111.xyz,original_remaining,1.1888325975187966,2.436133822582901
CC(=O)c1ccc(-c2ccc(C(C)=O)o2)o1,bifuran_C2,acetyl_direct,C2,C2h,planar,45.31638275445258,/home/tianyajun/MARL_for_COFs/cof_symmetry_pipeline/output/xyz/aug_000112.xyz,original_remaining,0.35184314502217345,0.8972523221108588
CC(=O)c1ccc(-c2ccc(-c3ccc(-c4ccc(C(C)=O)cc4)o3)o2)cc1,bifuran_C2,acetyl_ph,C2,C2v,planar,89.03935671086168,/home/tianyajun/MARL_for_COFs/cof_symmetry_pipeline/output/xyz/aug_000113.xyz,original_remaining,0.26560151958733685,0.9010345272890299
C#Cc1ccc(-c2ccc(C#C)o2)o1,bifuran_C2,ethynyl_direct,C2,C2v,planar,10.167925404102776,/home/tianyajun/MARL_for_COFs/cof_symmetry_pipeline/output/xyz/aug_000114.xyz,original_remaining,4.768766447414287e-07,9.73480307586705e-07
Cc1ccc(-c2ccc(C)o2)o1,bifuran_C2,methyl_direct,C2,C2v,planar,13.80101810906503,/home/tianyajun/MARL_for_COFs/cof_symmetry_pipeline/output/xyz/aug_000115.xyz,original_remaining,0.3785591426886506,0.8878008497334251
Cc1ccc(-c2ccc(-c3ccc(-c4ccc(C)cc4)o3)o2)cc1,bifuran_C2,methyl_ph,C2,C2,planar,56.72020914966386,/home/tianyajun/MARL_for_COFs/cof_symmetry_pipeline/output/xyz/aug_000116.xyz,original_remaining,0.2757386492688353,1.0459322447523962
C=Cc1ccc(-c2ccc(C=C)o2)o1,bifuran_C2,vinyl_direct,C2,C2v,planar,15.542946306658251,/home/tianyajun/MARL_for_COFs/cof_symmetry_pipeline/output/xyz/aug_000117.xyz,original_remaining,4.022893886878493e-06,9.5017625640903e-06
OB(O)c1ccc(-c2ccc(B(O)O)cc2)cc1,biphenyl_C2,BOH2_direct,C2,C2,nonplanar,31.21035834395464,/home/tianyajun/MARL_for_COFs/cof_symmetry_pipeline/output/xyz/aug_000118.xyz,original_remaining,0.6264976459098857,1.3739485756251695
Brc1ccc(-c2ccc(Br)cc2)cc1,biphenyl_C2,Br_direct,C2,D2,nonplanar,37.21010778583026,/home/tianyajun/MARL_for_COFs/cof_symmetry_pipeline/output/xyz/aug_000119.xyz,original_remaining,0.6809607743927362,0.9914346540069012
FC(F)(F)C#Cc1ccc(-c2ccc(C#CC(F)(F)F)cc2)cc1,biphenyl_C2,CCCF3_direct,C2,D2,nonplanar,47.53438664913119,/home/tianyajun/MARL_for_COFs/cof_symmetry_pipeline/output/xyz/aug_000120.xyz,original_remaining,0.6831291803557991,1.2113433183418265
O=CC#Cc1ccc(-c2ccc(C#CC=O)cc2)cc1,biphenyl_C2,CCCHO_direct,C2,C2,nonplanar,41.765608172642494,/home/tianyajun/MARL_for_COFs/cof_symmetry_pipeline/output/xyz/aug_000121.xyz,original_remaining,0.5912147678648398,0.9888474765869584
N#CC#Cc1ccc(-c2ccc(C#CC#N)cc2)cc1,biphenyl_C2,CCCN_direct,C2,D2,nonplanar,42.03565635819975,/home/tianyajun/MARL_for_COFs/cof_symmetry_pipeline/output/xyz/aug_000122.xyz,original_remaining,0.6022144863551553,0.989044387431194
O=C(O)C#Cc1ccc(-c2ccc(C#CC(=O)O)cc2)cc1,biphenyl_C2,CCCOOH_direct,C2,C2,nonplanar,-21.960601217627925,/home/tianyajun/MARL_for_COFs/cof_symmetry_pipeline/output/xyz/aug_000123.xyz,original_remaining,0.6192524979599515,1.0416032926359575
COC(=O)C#Cc1ccc(-c2ccc(C#CC(=O)OC)cc2)cc1,biphenyl_C2,CCCOOMe_direct,C2,C2,nonplanar,19.74681713870506,/home/tianyajun/MARL_for_COFs/cof_symmetry_pipeline/output/xyz/aug_000124.xyz,original_remaining,0.6981376174168193,1.1620125124817404
C#Cc1ccc(-c2ccc(-c3ccc(-c4ccc(C#C)cc4)cc3)cc2)cc1,biphenyl_C2,CCH_ph,C2,C2,nonplanar,82.9165746494053,/home/tianyajun/MARL_for_COFs/cof_symmetry_pipeline/output/xyz/aug_000125.xyz,original_remaining,0.8310605184872772,1.7463605383040528
C#Cc1ccc(-c2ccc(-c3ccc(-c4ccc(-c5ccc(-c6ccc(C#C)cc6)cc5)cc4)cc3)cc2)cc1,biphenyl_C2,CCH_phph,C2,C2,nonplanar,128.03973918084498,/home/tianyajun/MARL_for_COFs/cof_symmetry_pipeline/output/xyz/aug_000126.xyz,original_remaining,0.8285362282332052,1.9965125336049012
O=C=NC#Cc1ccc(-c2ccc(C#CN=C=O)cc2)cc1,biphenyl_C2,CCNCO_direct,C2,C2,nonplanar,29.93108191632789,/home/tianyajun/MARL_for_COFs/cof_symmetry_pipeline/output/xyz/aug_000127.xyz,original_remaining,0.6510917389941927,1.0989968796424685
NC#Cc1ccc(-c2ccc(C#CN)cc2)cc1,biphenyl_C2,CCNH2_direct,C2,C2,nonplanar,29.09057400633897,/home/tianyajun/MARL_for_COFs/cof_symmetry_pipeline/output/xyz/aug_000128.xyz,original_remaining,0.6463042918386568,1.0086213194438503
O=[N+]([O-])C#Cc1ccc(-c2ccc(C#C[N+](=O)[O-])cc2)cc1,biphenyl_C2,CCNO2_direct,C2,D2,nonplanar,46.65837094130623,/home/tianyajun/MARL_for_COFs/cof_symmetry_pipeline/output/xyz/aug_000129.xyz,original_remaining,0.6060757425719321,0.9870668055173197
OC#Cc1ccc(-c2ccc(C#CO)cc2)cc1,biphenyl_C2,CCOH_direct,C2,C2,nonplanar,34.00155690466413,/home/tianyajun/MARL_for_COFs/cof_symmetry_pipeline/output/xyz/aug_000130.xyz,original_remaining,0.6355831070394634,1.0467896256310656
CC(=O)C#Cc1ccc(-c2ccc(C#CC(C)=O)cc2)cc1,biphenyl_C2,CCacetyl_direct,C2,C2,nonplanar,45.3920695171807,/home/tianyajun/MARL_for_COFs/cof_symmetry_pipeline/output/xyz/aug_000131.xyz,original_remaining,0.6575882716832409,1.3519203647542222
FC(F)(F)c1ccc(-c2ccc(C(F)(F)F)cc2)cc1,biphenyl_C2,CF3_direct,C2,C2,nonplanar,92.74525546796168,/home/tianyajun/MARL_for_COFs/cof_symmetry_pipeline/output/xyz/aug_000132.xyz,original_remaining,0.7302017125566005,1.126781516145626
FC(F)(F)c1ccc(-c2ccc(-c3ccc(-c4ccc(C(F)(F)F)cc4)cc3)cc2)cc1,biphenyl_C2,CF3_ph,C2,D2,nonplanar,137.74146475919545,/home/tianyajun/MARL_for_COFs/cof_symmetry_pipeline/output/xyz/aug_000133.xyz,original_remaining,0.9679248202775121,1.940449427503996
O=Cc1ccc(-c2ccc(C=O)cc2)cc1,biphenyl_C2,CHO_direct,C2,C2,nonplanar,68.64550327430254,/home/tianyajun/MARL_for_COFs/cof_symmetry_pipeline/output/xyz/aug_000134.xyz,original_remaining,0.6585712441778366,1.0013785321351518
O=Cc1ccc(-c2ccc(-c3ccc(-c4ccc(C=O)cc4)cc3)cc2)cc1,biphenyl_C2,CHO_ph,C2,C2,nonplanar,113.52917469045713,/home/tianyajun/MARL_for_COFs/cof_symmetry_pipeline/output/xyz/aug_000135.xyz,original_remaining,0.6768630530038106,0.9909236106066501
N#Cc1ccc(-c2ccc(C#N)cc2)cc1,biphenyl_C2,CN_direct,C2,D2,nonplanar,65.70737166085742,/home/tianyajun/MARL_for_COFs/cof_symmetry_pipeline/output/xyz/aug_000136.xyz,original_remaining,0.6521121109432874,0.9913003430944591
N#Cc1ccc(-c2ccc(-c3ccc(-c4ccc(C#N)cc4)cc3)cc2)cc1,biphenyl_C2,CN_ph,C2,C2,nonplanar,110.50327235774895,/home/tianyajun/MARL_for_COFs/cof_symmetry_pipeline/output/xyz/aug_000137.xyz,original_remaining,0.8507973691247843,1.7486748083151171
N#Cc1ccc(-c2ccc(-c3ccc(-c4ccc(-c5ccc(-c6ccc(C#N)cc6)cc5)cc4)cc3)cc2)cc1,biphenyl_C2,CN_phph,C2,C2,nonplanar,155.52573508282353,/home/tianyajun/MARL_for_COFs/cof_symmetry_pipeline/output/xyz/aug_000138.xyz,original_remaining,1.0267721400583028,2.1396616963522743
O=C(Cl)c1ccc(-c2ccc(C(=O)Cl)cc2)cc1,biphenyl_C2,COCl_direct,C2,C2,nonplanar,89.82816582083758,/home/tianyajun/MARL_for_COFs/cof_symmetry_pipeline/output/xyz/aug_000139.xyz,original_remaining,0.658212987434855,0.9899437592134075
NC(=O)c1ccc(-c2ccc(C(N)=O)cc2)cc1,biphenyl_C2,CONH2_direct,C2,C2,nonplanar,15.201473208648787,/home/tianyajun/MARL_for_COFs/cof_symmetry_pipeline/output/xyz/aug_000140.xyz,original_remaining,0.5857578360984642,1.0426732308120839
O=C(O)c1ccc(-c2ccc(C(=O)O)cc2)cc1,biphenyl_C2,COOH_direct,C2,C2,nonplanar,28.93747278419165,/home/tianyajun/MARL_for_COFs/cof_symmetry_pipeline/output/xyz/aug_000141.xyz,original_remaining,0.6366300118970886,1.030230265227087
O=C(O)c1ccc(-c2ccc(-c3ccc(-c4ccc(C(=O)O)cc4)cc3)cc2)cc1,biphenyl_C2,COOH_ph,C2,C2,nonplanar,73.97179452923245,/home/tianyajun/MARL_for_COFs/cof_symmetry_pipeline/output/xyz/aug_000142.xyz,original_remaining,0.6686365635111392,1.0036265629572658
COC(=O)c1ccc(-c2ccc(C(=O)OC)cc2)cc1,biphenyl_C2,COOMe_direct,C2,C2,nonplanar,66.1564608213281,/home/tianyajun/MARL_for_COFs/cof_symmetry_pipeline/output/xyz/aug_000144.xyz,original_remaining,0.6715158449053863,1.1310250214115483
Clc1ccc(-c2ccc(Cl)cc2)cc1,biphenyl_C2,Cl_direct,C2,D2,nonplanar,35.84212325566247,/home/tianyajun/MARL_for_COFs/cof_symmetry_pipeline/output/xyz/aug_000145.xyz,original_remaining,0.6800765524664212,0.9908217592002289
Clc1ccc(-c2ccc(-c3ccc(-c4ccc(Cl)cc4)cc3)cc2)cc1,biphenyl_C2,Cl_ph,C2,C2,nonplanar,80.83074343549636,/home/tianyajun/MARL_for_COFs/cof_symmetry_pipeline/output/xyz/aug_000146.xyz,original_remaining,0.870236730662194,1.7474105118833385
Ic1ccc(-c2ccc(I)cc2)cc1,biphenyl_C2,I_direct,C2,D2,nonplanar,38.76706420002753,/home/tianyajun/MARL_for_COFs/cof_symmetry_pipeline/output/xyz/aug_000147.xyz,original_remaining,0.6813299922163282,0.9912554750458002
[N-]=[N+]=Nc1ccc(-c2ccc(N=[N+]=[N-])cc2)cc1,biphenyl_C2,N3_direct,C2,C2,nonplanar,23.82740998930527,/home/tianyajun/MARL_for_COFs/cof_symmetry_pipeline/output/xyz/aug_000148.xyz,original_remaining,0.7756556737756871,1.3915641231409188
[N-]=[N+]=Nc1ccc(-c2ccc(-c3ccc(-c4ccc(N=[N+]=[N-])cc4)cc3)cc2)cc1,biphenyl_C2,N3_ph,C2,D2,nonplanar,68.8620347113478,/home/tianyajun/MARL_for_COFs/cof_symmetry_pipeline/output/xyz/aug_000149.xyz,original_remaining,0.7942667350846638,1.8114820902657383
O=C=Nc1ccc(-c2ccc(N=C=O)cc2)cc1,biphenyl_C2,NCO_direct,C2,C2,nonplanar,25.559844514256213,/home/tianyajun/MARL_for_COFs/cof_symmetry_pipeline/output/xyz/aug_000150.xyz,original_remaining,0.7715589313641921,1.384199013025468
S=C=Nc1ccc(-c2ccc(N=C=S)cc2)cc1,biphenyl_C2,NCS_direct,C2,C2,nonplanar,29.14728940473661,/home/tianyajun/MARL_for_COFs/cof_symmetry_pipeline/output/xyz/aug_000151.xyz,original_remaining,0.9184914447739947,2.1575913351744047
Nc1ccc(-c2ccc(N)cc2)cc1,biphenyl_C2,NH2_direct,C2,C2,nonplanar,18.69080850264735,/home/tianyajun/MARL_for_COFs/cof_symmetry_pipeline/output/xyz/aug_000152.xyz,original_remaining,0.6451062287627685,1.0397420978381526
Nc1ccc(-c2ccc(-c3ccc(-c4ccc(N)cc4)cc3)cc2)cc1,biphenyl_C2,NH2_ph,C2,D2,nonplanar,63.731479845255095,/home/tianyajun/MARL_for_COFs/cof_symmetry_pipeline/output/xyz/aug_000153.xyz,original_remaining,0.9389588720247971,1.94516013205982
Nc1ccc(-c2ccc(-c3ccc(-c4ccc(-c5ccc(-c6ccc(N)cc6)cc5)cc4)cc3)cc2)cc1,biphenyl_C2,NH2_phph,C2,D2,nonplanar,108.85906027301392,/home/tianyajun/MARL_for_COFs/cof_symmetry_pipeline/output/xyz/aug_000154.xyz,original_remaining,1.0016604903470157,2.1442052314418625
O=CNc1ccc(-c2ccc(NC=O)cc2)cc1,biphenyl_C2,NHCHO_direct,C2,C2,nonplanar,-1.95737848635304,/home/tianyajun/MARL_for_COFs/cof_symmetry_pipeline/output/xyz/aug_000155.xyz,original_remaining,0.6265143128985057,1.0218186248957624
N#CNc1ccc(-c2ccc(NC#N)cc2)cc1,biphenyl_C2,NHCN_direct,C2,C2,nonplanar,-17.70867276604512,/home/tianyajun/MARL_for_COFs/cof_symmetry_pipeline/output/xyz/aug_000156.xyz,original_remaining,0.6195727264347644,1.1412832844988432
CS(=O)(=O)Nc1ccc(-c2ccc(NS(C)(=O)=O)cc2)cc1,biphenyl_C2,NHSO2_direct,C2,C2,nonplanar,-69.73024829977562,/home/tianyajun/MARL_for_COFs/cof_symmetry_pipeline/output/xyz/aug_000157.xyz,original_remaining,1.0493823567734328,1.728491874518157
CC(=O)Nc1ccc(-c2ccc(NC(C)=O)cc2)cc1,biphenyl_C2,NHacetyl_direct,C2,C2,nonplanar,4.280439790551169,/home/tianyajun/MARL_for_COFs/cof_symmetry_pipeline/output/xyz/aug_000158.xyz,original_remaining,0.6643381835277355,1.0783324196682345
O=[N+]([O-])c1ccc(-c2ccc([N+](=O)[O-])cc2)cc1,biphenyl_C2,NO2_direct,C2,D2,nonplanar,105.83812885077916,/home/tianyajun/MARL_for_COFs/cof_symmetry_pipeline/output/xyz/aug_000159.xyz,original_remaining,0.6563895739837615,0.991794821532224
O=[N+]([O-])c1ccc(-c2ccc(-c3ccc(-c4ccc([N+](=O)[O-])cc4)cc3)cc2)cc1,biphenyl_C2,NO2_ph,C2,C2,nonplanar,150.4470229594322,/home/tianyajun/MARL_for_COFs/cof_symmetry_pipeline/output/xyz/aug_000160.xyz,original_remaining,0.8525640614378923,1.7901241199442244
O=[N+]([O-])c1ccc(-c2ccc(-c3ccc(-c4ccc(-c5ccc(-c6ccc([N+](=O)[O-])cc6)cc5)cc4)cc3)cc2)cc1,biphenyl_C2,NO2_phph,C2,C2,nonplanar,195.5370097169135,/home/tianyajun/MARL_for_COFs/cof_symmetry_pipeline/output/xyz/aug_000161.xyz,original_remaining,0.9362633324270607,2.1493124974398006
O=COc1ccc(-c2ccc(OC=O)cc2)cc1,biphenyl_C2,OCHO_direct,C2,C2,nonplanar,56.22475169137421,/home/tianyajun/MARL_for_COFs/cof_symmetry_pipeline/output/xyz/aug_000162.xyz,original_remaining,0.7392589163172817,1.362738114720886
N#COc1ccc(-c2ccc(OC#N)cc2)cc1,biphenyl_C2,OCN_direct,C2,C2,nonplanar,51.81150631474564,/home/tianyajun/MARL_for_COFs/cof_symmetry_pipeline/output/xyz/aug_000163.xyz,original_remaining,0.6421298793177871,1.0409517471983505
Oc1ccc(-c2ccc(O)cc2)cc1,biphenyl_C2,OH_direct,C2,C2,nonplanar,16.75118114340301,/home/tianyajun/MARL_for_COFs/cof_symmetry_pipeline/output/xyz/aug_000164.xyz,original_remaining,0.6631980017782926,1.0493693958296415
Oc1ccc(-c2ccc(-c3ccc(-c4ccc(O)cc4)cc3)cc2)cc1,biphenyl_C2,OH_ph,C2,C2,nonplanar,61.84309882838415,/home/tianyajun/MARL_for_COFs/cof_symmetry_pipeline/output/xyz/aug_000165.xyz,original_remaining,0.683634602838132,1.0110457852015058
COc1ccc(-c2ccc(OC)cc2)cc1,biphenyl_C2,OMe_direct,C2,C2,nonplanar,46.23196881290098,/home/tianyajun/MARL_for_COFs/cof_symmetry_pipeline/output/xyz/aug_000167.xyz,original_remaining,0.6843907766088609,1.217151334608224
COc1ccc(-c2ccc(-c3ccc(-c4ccc(OC)cc4)cc3)cc2)cc1,biphenyl_C2,OMe_ph,C2,C2,nonplanar,91.34111597213196,/home/tianyajun/MARL_for_COFs/cof_symmetry_pipeline/output/xyz/aug_000168.xyz,original_remaining,0.7016502105246326,1.3256434976275284
CC(=O)Oc1ccc(-c2ccc(OC(C)=O)cc2)cc1,biphenyl_C2,Oacetyl_direct,C2,C2,nonplanar,55.16124811268393,/home/tianyajun/MARL_for_COFs/cof_symmetry_pipeline/output/xyz/aug_000169.xyz,original_remaining,0.7395003488175584,1.2625306065787343
O=P(O)(O)c1ccc(-c2ccc(P(=O)(O)O)cc2)cc1,biphenyl_C2,PO3H2_direct,C2,C2,nonplanar,-197.0321174354876,/home/tianyajun/MARL_for_COFs/cof_symmetry_pipeline/output/xyz/aug_000170.xyz,original_remaining,0.8455984239270964,1.5370528259514742
O=P(Cl)(Cl)c1ccc(-c2ccc(P(=O)(Cl)Cl)cc2)cc1,biphenyl_C2,POCl2_direct,C2,D2,nonplanar,106.99181824253128,/home/tianyajun/MARL_for_COFs/cof_symmetry_pipeline/output/xyz/aug_000171.xyz,original_remaining,0.8378462697817594,1.8645571021417005
N#CSc1ccc(-c2ccc(SC#N)cc2)cc1,biphenyl_C2,SCN_direct,C2,D2,nonplanar,40.38018455658919,/home/tianyajun/MARL_for_COFs/cof_symmetry_pipeline/output/xyz/aug_000172.xyz,original_remaining,0.8728970316059009,1.5477024577023861
Sc1ccc(-c2ccc(S)cc2)cc1,biphenyl_C2,SH_direct,C2,C2,nonplanar,31.28550548942557,/home/tianyajun/MARL_for_COFs/cof_symmetry_pipeline/output/xyz/aug_000173.xyz,original_remaining,0.6516380923819838,1.023128989294265
O=S(=O)(Cl)c1ccc(-c2ccc(S(=O)(=O)Cl)cc2)cc1,biphenyl_C2,SO2Cl_direct,C2,D2,nonplanar,102.63189917265754,/home/tianyajun/MARL_for_COFs/cof_symmetry_pipeline/output/xyz/aug_000174.xyz,original_remaining,0.816743964524634,1.7091931991472986
NS(=O)(=O)c1ccc(-c2ccc(S(N)(=O)=O)cc2)cc1,biphenyl_C2,SO2NH2_direct,C2,C2,nonplanar,-103.05689785837444,/home/tianyajun/MARL_for_COFs/cof_symmetry_pipeline/output/xyz/aug_000175.xyz,original_remaining,0.9547360889821608,1.7669674070951442
O=S(=O)(O)c1ccc(-c2ccc(S(=O)(=O)O)cc2)cc1,biphenyl_C2,SO3H_direct,C2,C2,nonplanar,-16.145888822079566,/home/tianyajun/MARL_for_COFs/cof_symmetry_pipeline/output/xyz/aug_000176.xyz,original_remaining,0.8504520458616183,1.4687305672910322
C[Si](C)(C)c1ccc(-c2ccc([Si](C)(C)C)cc2)cc1,biphenyl_C2,SiMe3_direct,C2,C2,nonplanar,54.07195120028455,/home/tianyajun/MARL_for_COFs/cof_symmetry_pipeline/output/xyz/aug_000177.xyz,original_remaining,1.1966308792291656,2.3559763999593617
CC(=O)c1ccc(-c2ccc(C(C)=O)cc2)cc1,biphenyl_C2,acetyl_direct,C2,C2,nonplanar,76.76721255576649,/home/tianyajun/MARL_for_COFs/cof_symmetry_pipeline/output/xyz/aug_000178.xyz,original_remaining,0.7084742917353349,1.3525475731113907
CC(=O)c1ccc(-c2ccc(-c3ccc(-c4ccc(C(C)=O)cc4)cc3)cc2)cc1,biphenyl_C2,acetyl_ph,C2,C2,nonplanar,121.68820771256168,/home/tianyajun/MARL_for_COFs/cof_symmetry_pipeline/output/xyz/aug_000179.xyz,original_remaining,0.7101534281672294,1.4288511311560241
C#Cc1ccc(-c2ccc(C#C)cc2)cc1,biphenyl_C2,ethynyl_direct,C2,D2,nonplanar,37.82898606511472,/home/tianyajun/MARL_for_COFs/cof_symmetry_pipeline/output/xyz/aug_000180.xyz,original_remaining,0.6244189509758984,0.9887868505966221
Cc1ccc(-c2ccc(C)cc2)cc1,biphenyl_C2,methyl_direct,C2,C2,nonplanar,43.534319650804576,/home/tianyajun/MARL_for_COFs/cof_symmetry_pipeline/output/xyz/aug_000181.xyz,original_remaining,0.6885498285549413,0.9896831901442514
Cc1ccc(-c2ccc(-c3ccc(-c4ccc(C)cc4)cc3)cc2)cc1,biphenyl_C2,methyl_ph,C2,C2,nonplanar,88.63095358734746,/home/tianyajun/MARL_for_COFs/cof_symmetry_pipeline/output/xyz/aug_000182.xyz,original_remaining,0.6973706920567541,0.9894707159294649
C=Cc1ccc(-c2ccc(C=C)cc2)cc1,biphenyl_C2,vinyl_direct,C2,C2,nonplanar,50.01940077576676,/home/tianyajun/MARL_for_COFs/cof_symmetry_pipeline/output/xyz/aug_000183.xyz,original_remaining,0.5846682005865783,1.0329463415318003
O=C(OBr)c1ccc(-c2ccc(C(=O)OBr)cc2)cc1,biphenyl_ester_C2,Br_direct,C2,C2,nonplanar,93.14893011476563,/home/tianyajun/MARL_for_COFs/cof_symmetry_pipeline/output/xyz/aug_000184.xyz,original_remaining,0.6436512854208328,1.0238671386956488
O=C(OC#CC(F)(F)F)c1ccc(-c2ccc(C(=O)OC#CC(F)(F)F)cc2)cc1,biphenyl_ester_C2,CCCF3_direct,C2,D2,nonplanar,88.65541635168907,/home/tianyajun/MARL_for_COFs/cof_symmetry_pipeline/output/xyz/aug_000185.xyz,original_remaining,0.711080329131152,1.1885901050552672
O=CC#COC(=O)c1ccc(-c2ccc(C(=O)OC#CC=O)cc2)cc1,biphenyl_ester_C2,CCCHO_direct,C2,C2,nonplanar,86.07603996887707,/home/tianyajun/MARL_for_COFs/cof_symmetry_pipeline/output/xyz/aug_000186.xyz,original_remaining,0.6480012591938993,1.1672901023441902
N#CC#COC(=O)c1ccc(-c2ccc(C(=O)OC#CC#N)cc2)cc1,biphenyl_ester_C2,CCCN_direct,C2,C2,nonplanar,87.71259226680077,/home/tianyajun/MARL_for_COFs/cof_symmetry_pipeline/output/xyz/aug_000187.xyz,original_remaining,0.6238018881131744,1.125208616780159
O=C(O)C#COC(=O)c1ccc(-c2ccc(C(=O)OC#CC(=O)O)cc2)cc1,biphenyl_ester_C2,CCCOOH_direct,C2,C2,nonplanar,24.123863785873787,/home/tianyajun/MARL_for_COFs/cof_symmetry_pipeline/output/xyz/aug_000188.xyz,original_remaining,0.6586006737599989,1.2101248850316904
COC(=O)C#COC(=O)c1ccc(-c2ccc(C(=O)OC#CC(=O)OC)cc2)cc1,biphenyl_ester_C2,CCCOOMe_direct,C2,D2,nonplanar,64.63769952835622,/home/tianyajun/MARL_for_COFs/cof_symmetry_pipeline/output/xyz/aug_000189.xyz,original_remaining,0.8122082342392517,1.6303127321331807
NC#COC(=O)c1ccc(-c2ccc(C(=O)OC#CN)cc2)cc1,biphenyl_ester_C2,CCNH2_direct,C2,C2,nonplanar,86.51440159862106,/home/tianyajun/MARL_for_COFs/cof_symmetry_pipeline/output/xyz/aug_000191.xyz,original_remaining,0.6525524710808347,1.1331376227153735
O=C(OC#C[N+](=O)[O-])c1ccc(-c2ccc(C(=O)OC#C[N+](=O)[O-])cc2)cc1,biphenyl_ester_C2,CCNO2_direct,C2,C2,nonplanar,88.02633139673082,/home/tianyajun/MARL_for_COFs/cof_symmetry_pipeline/output/xyz/aug_000192.xyz,original_remaining,0.6690501697444514,1.1503977568519648
O=C(OC#CO)c1ccc(-c2ccc(C(=O)OC#CO)cc2)cc1,biphenyl_ester_C2,CCOH_direct,C2,C2,nonplanar,87.48743410193002,/home/tianyajun/MARL_for_COFs/cof_symmetry_pipeline/output/xyz/aug_000193.xyz,original_remaining,0.5958561020695892,1.104491628088799
CC(=O)C#COC(=O)c1ccc(-c2ccc(C(=O)OC#CC(C)=O)cc2)cc1,biphenyl_ester_C2,CCacetyl_direct,C2,C2,nonplanar,89.62298948031446,/home/tianyajun/MARL_for_COFs/cof_symmetry_pipeline/output/xyz/aug_000194.xyz,original_remaining,0.6446668263549773,1.2252283427998358
O=C(OC(F)(F)F)c1ccc(-c2ccc(C(=O)OC(F)(F)F)cc2)cc1,biphenyl_ester_C2,CF3_direct,C2,C2,nonplanar,-23.97312828576288,/home/tianyajun/MARL_for_COFs/cof_symmetry_pipeline/output/xyz/aug_000195.xyz,original_remaining,0.7068003673932837,1.128739022318588
O=C(Oc1ccc(C(F)(F)F)cc1)c1ccc(-c2ccc(C(=O)Oc3ccc(C(F)(F)F)cc3)cc2)cc1,biphenyl_ester_C2,CF3_ph,C2,D2,nonplanar,188.83184310833497,/home/tianyajun/MARL_for_COFs/cof_symmetry_pipeline/output/xyz/aug_000196.xyz,original_remaining,1.0392567589001647,2.401828683415955
O=COC(=O)c1ccc(-c2ccc(C(=O)OC=O)cc2)cc1,biphenyl_ester_C2,CHO_direct,C2,C2,nonplanar,48.57867053062583,/home/tianyajun/MARL_for_COFs/cof_symmetry_pipeline/output/xyz/aug_000197.xyz,original_remaining,0.636039572919256,1.087512283732058
N#COC(=O)c1ccc(-c2ccc(C(=O)OC#N)cc2)cc1,biphenyl_ester_C2,CN_direct,C2,C2,nonplanar,38.50267794408796,/home/tianyajun/MARL_for_COFs/cof_symmetry_pipeline/output/xyz/aug_000199.xyz,original_remaining,0.6335698942521936,1.0974131339700142
O=C(Cl)OC(=O)c1ccc(-c2ccc(C(=O)OC(=O)Cl)cc2)cc1,biphenyl_ester_C2,COCl_direct,C2,C2,nonplanar,25.72935614221867,/home/tianyajun/MARL_for_COFs/cof_symmetry_pipeline/output/xyz/aug_000200.xyz,original_remaining,0.6688104917843689,1.129223575219826
NC(=O)OC(=O)c1ccc(-c2ccc(C(=O)OC(N)=O)cc2)cc1,biphenyl_ester_C2,CONH2_direct,C2,C2,nonplanar,-55.20216185832989,/home/tianyajun/MARL_for_COFs/cof_symmetry_pipeline/output/xyz/aug_000201.xyz,original_remaining,0.8300767970525504,1.4853856411378903
O=C(O)OC(=O)c1ccc(-c2ccc(C(=O)OC(=O)O)cc2)cc1,biphenyl_ester_C2,COOH_direct,C2,C2,nonplanar,-46.37359170299864,/home/tianyajun/MARL_for_COFs/cof_symmetry_pipeline/output/xyz/aug_000202.xyz,original_remaining,0.6522954459191781,1.1966367241757856
O=C(O)c1ccc(OC(=O)c2ccc(-c3ccc(C(=O)Oc4ccc(C(=O)O)cc4)cc3)cc2)cc1,biphenyl_ester_C2,COOH_ph,C2,D2,nonplanar,124.1766286300978,/home/tianyajun/MARL_for_COFs/cof_symmetry_pipeline/output/xyz/aug_000203.xyz,original_remaining,1.0209654622537372,2.0973069941128117
COC(=O)OC(=O)c1ccc(-c2ccc(C(=O)OC(=O)OC)cc2)cc1,biphenyl_ester_C2,COOMe_direct,C2,C2,nonplanar,-0.238398088122878,/home/tianyajun/MARL_for_COFs/cof_symmetry_pipeline/output/xyz/aug_000204.xyz,original_remaining,0.7174885638645218,1.329767783060693
O=C(OCl)c1ccc(-c2ccc(C(=O)OCl)cc2)cc1,biphenyl_ester_C2,Cl_direct,C2,C2,nonplanar,98.5808133839788,/home/tianyajun/MARL_for_COFs/cof_symmetry_pipeline/output/xyz/aug_000205.xyz,original_remaining,0.642895693089874,1.0231982434638978
O=C(Oc1ccc(Cl)cc1)c1ccc(-c2ccc(C(=O)Oc3ccc(Cl)cc3)cc2)cc1,biphenyl_ester_C2,Cl_ph,C2,D2,nonplanar,130.73015961945083,/home/tianyajun/MARL_for_COFs/cof_symmetry_pipeline/output/xyz/aug_000206.xyz,original_remaining,1.0766799749291083,2.430514592115753
O=C(OI)c1ccc(-c2ccc(C(=O)OI)cc2)cc1,biphenyl_ester_C2,I_direct,C2,C2,nonplanar,93.48424765076612,/home/tianyajun/MARL_for_COFs/cof_symmetry_pipeline/output/xyz/aug_000207.xyz,original_remaining,0.64509894300053,1.0254288316933222
[N-]=[N+]=NOC(=O)c1ccc(-c2ccc(C(=O)ON=[N+]=[N-])cc2)cc1,biphenyl_ester_C2,N3_direct,C2,C2,nonplanar,129.7808359072265,/home/tianyajun/MARL_for_COFs/cof_symmetry_pipeline/output/xyz/aug_000208.xyz,original_remaining,0.7150886470764343,1.2395080689658267
[N-]=[N+]=Nc1ccc(OC(=O)c2ccc(-c3ccc(C(=O)Oc4ccc(N=[N+]=[N-])cc4)cc3)cc2)cc1,biphenyl_ester_C2,N3_ph,C2,C2,nonplanar,119.02072676322528,/home/tianyajun/MARL_for_COFs/cof_symmetry_pipeline/output/xyz/aug_000209.xyz,original_remaining,1.059418586987908,2.1581341256380497
O=C=NOC(=O)c1ccc(-c2ccc(C(=O)ON=C=O)cc2)cc1,biphenyl_ester_C2,NCO_direct,C2,C2,nonplanar,127.26577593614076,/home/tianyajun/MARL_for_COFs/cof_symmetry_pipeline/output/xyz/aug_000210.xyz,original_remaining,0.6773129290842238,1.2245163036850508
O=C(ON=C=S)c1ccc(-c2ccc(C(=O)ON=C=S)cc2)cc1,biphenyl_ester_C2,NCS_direct,C2,C2,nonplanar,129.26023296177218,/home/tianyajun/MARL_for_COFs/cof_symmetry_pipeline/output/xyz/aug_000211.xyz,original_remaining,0.7418317670965993,1.465488554751732
NOC(=O)c1ccc(-c2ccc(C(=O)ON)cc2)cc1,biphenyl_ester_C2,NH2_direct,C2,C2,nonplanar,166.46978263136367,/home/tianyajun/MARL_for_COFs/cof_symmetry_pipeline/output/xyz/aug_000212.xyz,original_remaining,0.6058231082918896,1.0099239770888255
O=CNOC(=O)c1ccc(-c2ccc(C(=O)ONC=O)cc2)cc1,biphenyl_ester_C2,NHCHO_direct,C2,C2,nonplanar,99.0388840690608,/home/tianyajun/MARL_for_COFs/cof_symmetry_pipeline/output/xyz/aug_000214.xyz,original_remaining,0.8051539791391432,1.65163032259369
N#CNOC(=O)c1ccc(-c2ccc(C(=O)ONC#N)cc2)cc1,biphenyl_ester_C2,NHCN_direct,C2,D2,nonplanar,101.28677963766492,/home/tianyajun/MARL_for_COFs/cof_symmetry_pipeline/output/xyz/aug_000215.xyz,original_remaining,0.8469534491144939,2.23172600236893
CC(=O)NOC(=O)c1ccc(-c2ccc(C(=O)ONC(C)=O)cc2)cc1,biphenyl_ester_C2,NHacetyl_direct,C2,C2,nonplanar,103.21318504513326,/home/tianyajun/MARL_for_COFs/cof_symmetry_pipeline/output/xyz/aug_000217.xyz,original_remaining,0.8224484197981717,1.4676256225477355
O=C(O[N+](=O)[O-])c1ccc(-c2ccc(C(=O)O[N+](=O)[O-])cc2)cc1,biphenyl_ester_C2,NO2_direct,C2,C2,nonplanar,21.63131731663901,/home/tianyajun/MARL_for_COFs/cof_symmetry_pipeline/output/xyz/aug_000218.xyz,original_remaining,0.7045344604932433,1.1068435289216842
O=C(Oc1ccc([N+](=O)[O-])cc1)c1ccc(-c2ccc(C(=O)Oc3ccc([N+](=O)[O-])cc3)cc2)cc1,biphenyl_ester_C2,NO2_ph,C2,D2,nonplanar,200.5260967346913,/home/tianyajun/MARL_for_COFs/cof_symmetry_pipeline/output/xyz/aug_000219.xyz,original_remaining,1.048701574506837,2.1301189693736804
O=COOC(=O)c1ccc(-c2ccc(C(=O)OOC=O)cc2)cc1,biphenyl_ester_C2,OCHO_direct,C2,C2,nonplanar,103.49373623860676,/home/tianyajun/MARL_for_COFs/cof_symmetry_pipeline/output/xyz/aug_000220.xyz,original_remaining,0.6557468165363167,1.0420732078343158
N#COOC(=O)c1ccc(-c2ccc(C(=O)OOC#N)cc2)cc1,biphenyl_ester_C2,OCN_direct,C2,C2,nonplanar,93.40676209007523,/home/tianyajun/MARL_for_COFs/cof_symmetry_pipeline/output/xyz/aug_000221.xyz,original_remaining,0.6742856426295005,1.1047305964873118
O=C(OO)c1ccc(-c2ccc(C(=O)OO)cc2)cc1,biphenyl_ester_C2,OH_direct,C2,C2,nonplanar,124.71744117921524,/home/tianyajun/MARL_for_COFs/cof_symmetry_pipeline/output/xyz/aug_000222.xyz,original_remaining,0.622881525090892,1.0109995524995132
O=C(Oc1ccc(O)cc1)c1ccc(-c2ccc(C(=O)Oc3ccc(O)cc3)cc2)cc1,biphenyl_ester_C2,OH_ph,C2,C2,nonplanar,111.68073489376768,/home/tianyajun/MARL_for_COFs/cof_symmetry_pipeline/output/xyz/aug_000223.xyz,original_remaining,0.834741411964253,1.644473513639894
COc1ccc(OC(=O)c2ccc(-c3ccc(C(=O)Oc4ccc(OC)cc4)cc3)cc2)cc1,biphenyl_ester_C2,OMe_ph,C2,D2,nonplanar,141.33583492016643,/home/tianyajun/MARL_for_COFs/cof_symmetry_pipeline/output/xyz/aug_000225.xyz,original_remaining,1.1256336415342356,2.596887110115312
CC(=O)OOC(=O)c1ccc(-c2ccc(C(=O)OOC(C)=O)cc2)cc1,biphenyl_ester_C2,Oacetyl_direct,C2,C2,nonplanar,102.47318240487876,/home/tianyajun/MARL_for_COFs/cof_symmetry_pipeline/output/xyz/aug_000226.xyz,original_remaining,0.6980705282657091,1.1436811964751863
N#CSOC(=O)c1ccc(-c2ccc(C(=O)OSC#N)cc2)cc1,biphenyl_ester_C2,SCN_direct,C2,C2,nonplanar,88.24869316459103,/home/tianyajun/MARL_for_COFs/cof_symmetry_pipeline/output/xyz/aug_000228.xyz,original_remaining,0.8033962929870787,1.8362460410271066
O=C(OS)c1ccc(-c2ccc(C(=O)OS)cc2)cc1,biphenyl_ester_C2,SH_direct,C2,C2,nonplanar,101.50255546090088,/home/tianyajun/MARL_for_COFs/cof_symmetry_pipeline/output/xyz/aug_000229.xyz,original_remaining,0.6476839466608102,0.9978086962974215
O=C(OS(=O)(=O)Cl)c1ccc(-c2ccc(C(=O)OS(=O)(=O)Cl)cc2)cc1,biphenyl_ester_C2,SO2Cl_direct,C2,C2,nonplanar,-48.86950440222255,/home/tianyajun/MARL_for_COFs/cof_symmetry_pipeline/output/xyz/aug_000230.xyz,original_remaining,0.7745828916950068,1.21065647921669
NS(=O)(=O)OC(=O)c1ccc(-c2ccc(C(=O)OS(N)(=O)=O)cc2)cc1,biphenyl_ester_C2,SO2NH2_direct,C2,C2,nonplanar,-251.6261942861977,/home/tianyajun/MARL_for_COFs/cof_symmetry_pipeline/output/xyz/aug_000231.xyz,original_remaining,0.7145739369439154,1.3309545226217123
O=C(OS(=O)(=O)O)c1ccc(-c2ccc(C(=O)OS(=O)(=O)O)cc2)cc1,biphenyl_ester_C2,SO3H_direct,C2,C2,nonplanar,-174.69562270215974,/home/tianyajun/MARL_for_COFs/cof_symmetry_pipeline/output/xyz/aug_000232.xyz,original_remaining,0.7811556055519452,1.2897442795261966
C[Si](C)(C)OC(=O)c1ccc(-c2ccc(C(=O)O[Si](C)(C)C)cc2)cc1,biphenyl_ester_C2,SiMe3_direct,C2,C2,nonplanar,46.889514292288894,/home/tianyajun/MARL_for_COFs/cof_symmetry_pipeline/output/xyz/aug_000233.xyz,original_remaining,1.1490763423350607,2.24077849816643
CC(=O)OC(=O)c1ccc(-c2ccc(C(=O)OC(C)=O)cc2)cc1,biphenyl_ester_C2,acetyl_direct,C2,C2,nonplanar,48.089644698969096,/home/tianyajun/MARL_for_COFs/cof_symmetry_pipeline/output/xyz/aug_000234.xyz,original_remaining,0.770959864531147,1.8146142216942605
CC(=O)c1ccc(OC(=O)c2ccc(-c3ccc(C(=O)Oc4ccc(C(C)=O)cc4)cc3)cc2)cc1,biphenyl_ester_C2,acetyl_ph,C2,D2,nonplanar,171.64182491264685,/home/tianyajun/MARL_for_COFs/cof_symmetry_pipeline/output/xyz/aug_000235.xyz,original_remaining,1.1104271926529543,2.6463175721231593
C#COC(=O)c1ccc(-c2ccc(C(=O)OC#C)cc2)cc1,biphenyl_ester_C2,ethynyl_direct,C2,C2,nonplanar,87.86362153481167,/home/tianyajun/MARL_for_COFs/cof_symmetry_pipeline/output/xyz/aug_000236.xyz,original_remaining,0.6319968972342825,1.0965407405998093
Cc1ccc(OC(=O)c2ccc(-c3ccc(C(=O)Oc4ccc(C)cc4)cc3)cc2)cc1,biphenyl_ester_C2,methyl_ph,C2,D2,nonplanar,139.4104968500274,/home/tianyajun/MARL_for_COFs/cof_symmetry_pipeline/output/xyz/aug_000237.xyz,original_remaining,0.9833395301892108,2.3587594725312977
C=COC(=O)c1ccc(-c2ccc(C(=O)OC=C)cc2)cc1,biphenyl_ester_C2,vinyl_direct,C2,C2,nonplanar,121.78519198210256,/home/tianyajun/MARL_for_COFs/cof_symmetry_pipeline/output/xyz/aug_000238.xyz,original_remaining,0.6342800290080357,1.1103929714670757
Brc1ccc(-c2ccc(Br)cn2)nc1,bipyridine_C2,Br_direct,C2,C2h,planar,71.68624331450306,/home/tianyajun/MARL_for_COFs/cof_symmetry_pipeline/output/xyz/aug_000239.xyz,original_remaining,6.064401353858021e-06,1.4778854807162567e-05
FC(F)(F)C#Cc1ccc(-c2ccc(C#CC(F)(F)F)cn2)nc1,bipyridine_C2,CCCF3_direct,C2,C2,planar,82.74019878132428,/home/tianyajun/MARL_for_COFs/cof_symmetry_pipeline/output/xyz/aug_000240.xyz,original_remaining,0.3993597155295546,1.2392791156631893
O=CC#Cc1ccc(-c2ccc(C#CC=O)cn2)nc1,bipyridine_C2,CCCHO_direct,C2,C2h,planar,75.35456439936381,/home/tianyajun/MARL_for_COFs/cof_symmetry_pipeline/output/xyz/aug_000241.xyz,original_remaining,0.004366246045355508,0.013925581195149306
N#CC#Cc1ccc(-c2ccc(C#CC#N)cn2)nc1,bipyridine_C2,CCCN_direct,C2,C2h,planar,75.23640526862984,/home/tianyajun/MARL_for_COFs/cof_symmetry_pipeline/output/xyz/aug_000242.xyz,original_remaining,1.1129685326647785e-05,2.5924969385027197e-05
C#Cc1ccc(-c2ccc(-c3ccc(-c4ccc(C#C)cc4)cn3)nc2)cc1,bipyridine_C2,CCH_ph,C2,C2,nonplanar,112.83349348861432,/home/tianyajun/MARL_for_COFs/cof_symmetry_pipeline/output/xyz/aug_000245.xyz,original_remaining,0.8273760742036637,1.7033072372603126
O=C=NC#Cc1ccc(-c2ccc(C#CN=C=O)cn2)nc1,bipyridine_C2,CCNCO_direct,C2,C2,planar,61.2288231501043,/home/tianyajun/MARL_for_COFs/cof_symmetry_pipeline/output/xyz/aug_000246.xyz,original_remaining,0.1182895287252748,0.49269501845677954
NC#Cc1ccc(-c2ccc(C#CN)cn2)nc1,bipyridine_C2,CCNH2_direct,C2,C2,planar,59.77457823262248,/home/tianyajun/MARL_for_COFs/cof_symmetry_pipeline/output/xyz/aug_000247.xyz,original_remaining,0.161077925391051,0.5344355696370524
O=[N+]([O-])C#Cc1ccc(-c2ccc(C#C[N+](=O)[O-])cn2)nc1,bipyridine_C2,CCNO2_direct,C2,C2h,planar,79.73019985750429,/home/tianyajun/MARL_for_COFs/cof_symmetry_pipeline/output/xyz/aug_000248.xyz,original_remaining,6.707638738221786e-06,2.334931507430582e-05
OC#Cc1ccc(-c2ccc(C#CO)cn2)nc1,bipyridine_C2,CCOH_direct,C2,C2,planar,65.18255061615857,/home/tianyajun/MARL_for_COFs/cof_symmetry_pipeline/output/xyz/aug_000249.xyz,original_remaining,0.23871696647997195,0.842780629154892
FC(F)(F)c1ccc(-c2ccc(C(F)(F)F)cn2)nc1,bipyridine_C2,CF3_direct,C2,C2,planar,74.01065938596072,/home/tianyajun/MARL_for_COFs/cof_symmetry_pipeline/output/xyz/aug_000250.xyz,original_remaining,0.4263100933058967,1.254624300643458
O=Cc1ccc(-c2ccc(C=O)cn2)nc1,bipyridine_C2,CHO_direct,C2,C2v,planar,93.0016273350965,/home/tianyajun/MARL_for_COFs/cof_symmetry_pipeline/output/xyz/aug_000251.xyz,original_remaining,2.095622626282404e-05,5.114940783351729e-05
O=Cc1ccc(-c2ccc(-c3ccc(-c4ccc(C=O)cc4)cn3)nc2)cc1,bipyridine_C2,CHO_ph,C2,D2,nonplanar,144.069421183787,/home/tianyajun/MARL_for_COFs/cof_symmetry_pipeline/output/xyz/aug_000252.xyz,original_remaining,0.9437324841181578,1.9071623119150203
N#Cc1ccc(-c2ccc(C#N)cn2)nc1,bipyridine_C2,CN_direct,C2,C2h,planar,78.06498156871386,/home/tianyajun/MARL_for_COFs/cof_symmetry_pipeline/output/xyz/aug_000253.xyz,original_remaining,3.921502160603468e-05,6.838061070343904e-05
N#Cc1ccc(-c2ccc(-c3ccc(-c4ccc(C#N)cc4)cn3)nc2)cc1,bipyridine_C2,CN_ph,C2,D2,nonplanar,141.34836340180686,/home/tianyajun/MARL_for_COFs/cof_symmetry_pipeline/output/xyz/aug_000254.xyz,original_remaining,0.9660604064377905,1.9751157989038164
O=C(Cl)c1ccc(-c2ccc(C(=O)Cl)cn2)nc1,bipyridine_C2,COCl_direct,C2,C2v,planar,105.49997949194464,/home/tianyajun/MARL_for_COFs/cof_symmetry_pipeline/output/xyz/aug_000255.xyz,original_remaining,5.053036413255733e-05,9.040404539639724e-05
NC(=O)c1ccc(-c2ccc(C(N)=O)cn2)nc1,bipyridine_C2,CONH2_direct,C2,C2,planar,36.30393177796808,/home/tianyajun/MARL_for_COFs/cof_symmetry_pipeline/output/xyz/aug_000256.xyz,original_remaining,0.34969142889653426,0.962389718719885
O=C(O)c1ccc(-c2ccc(C(=O)O)cn2)nc1,bipyridine_C2,COOH_direct,C2,C2h,planar,41.037247940376815,/home/tianyajun/MARL_for_COFs/cof_symmetry_pipeline/output/xyz/aug_000257.xyz,original_remaining,2.4015326467736826e-05,6.707253689081094e-05
O=C(O)c1ccc(-c2ccc(-c3ccc(-c4ccc(C(=O)O)cc4)cn3)nc2)cc1,bipyridine_C2,COOH_ph,C2,D2,nonplanar,104.2141961212194,/home/tianyajun/MARL_for_COFs/cof_symmetry_pipeline/output/xyz/aug_000258.xyz,original_remaining,0.8600869960446469,1.731503399097674
COC(=O)c1ccc(-c2ccc(C(=O)OC)cn2)nc1,bipyridine_C2,COOMe_direct,C2,C2h,planar,75.2145233834664,/home/tianyajun/MARL_for_COFs/cof_symmetry_pipeline/output/xyz/aug_000259.xyz,original_remaining,0.318521905893331,0.9009383383483438
Clc1ccc(-c2ccc(Cl)cn2)nc1,bipyridine_C2,Cl_direct,C2,C2v,planar,85.20472803050737,/home/tianyajun/MARL_for_COFs/cof_symmetry_pipeline/output/xyz/aug_000260.xyz,original_remaining,8.01401061172544e-05,0.00013323601147474662
Ic1ccc(-c2ccc(I)cn2)nc1,bipyridine_C2,I_direct,C2,C2v,planar,81.46833068210606,/home/tianyajun/MARL_for_COFs/cof_symmetry_pipeline/output/xyz/aug_000262.xyz,original_remaining,1.762503443286011e-05,3.4128398633370693e-05
[N-]=[N+]=Nc1ccc(-c2ccc(N=[N+]=[N-])cn2)nc1,bipyridine_C2,N3_direct,C2,C2,nonplanar,70.92041913771332,/home/tianyajun/MARL_for_COFs/cof_symmetry_pipeline/output/xyz/aug_000263.xyz,original_remaining,0.6615125523439676,1.9221826771414523
S=C=Nc1ccc(-c2ccc(N=C=S)cn2)nc1,bipyridine_C2,NCS_direct,C2,C2,nonplanar,77.20748619174805,/home/tianyajun/MARL_for_COFs/cof_symmetry_pipeline/output/xyz/aug_000265.xyz,original_remaining,0.7882818470660256,2.417942456390639
Nc1ccc(-c2ccc(N)cn2)nc1,bipyridine_C2,NH2_direct,C2,C2,planar,82.11819023563771,/home/tianyajun/MARL_for_COFs/cof_symmetry_pipeline/output/xyz/aug_000266.xyz,original_remaining,0.12313488545434567,0.2797217523757962
Nc1ccc(-c2ccc(-c3ccc(-c4ccc(N)cc4)cn3)nc2)cc1,bipyridine_C2,NH2_ph,C2,C2,nonplanar,93.53622441870766,/home/tianyajun/MARL_for_COFs/cof_symmetry_pipeline/output/xyz/aug_000267.xyz,original_remaining,0.7680883645040547,1.5701966898829478
O=CNc1ccc(-c2ccc(NC=O)cn2)nc1,bipyridine_C2,NHCHO_direct,C2,C2h,planar,39.754047998030735,/home/tianyajun/MARL_for_COFs/cof_symmetry_pipeline/output/xyz/aug_000268.xyz,original_remaining,0.008831365572820458,0.018960632935668006
N#CNc1ccc(-c2ccc(NC#N)cn2)nc1,bipyridine_C2,NHCN_direct,C2,C2,planar,38.40081014013261,/home/tianyajun/MARL_for_COFs/cof_symmetry_pipeline/output/xyz/aug_000269.xyz,original_remaining,0.40270989131046037,1.2190470238161177
O=[N+]([O-])c1ccc(-c2ccc([N+](=O)[O-])cn2)nc1,bipyridine_C2,NO2_direct,C2,C2v,planar,114.95631991280236,/home/tianyajun/MARL_for_COFs/cof_symmetry_pipeline/output/xyz/aug_000270.xyz,original_remaining,2.6551588140582516e-06,7.755740008219547e-06
O=[N+]([O-])c1ccc(-c2ccc(-c3ccc(-c4ccc([N+](=O)[O-])cc4)cn3)nc2)cc1,bipyridine_C2,NO2_ph,C2,D2,nonplanar,181.31505479326097,/home/tianyajun/MARL_for_COFs/cof_symmetry_pipeline/output/xyz/aug_000271.xyz,original_remaining,0.8696320109286163,1.705703759254249
O=COc1ccc(-c2ccc(OC=O)cn2)nc1,bipyridine_C2,OCHO_direct,C2,C2,planar,87.20278136851896,/home/tianyajun/MARL_for_COFs/cof_symmetry_pipeline/output/xyz/aug_000272.xyz,original_remaining,0.4210957731350406,1.2331633411991882
N#COc1ccc(-c2ccc(OC#N)cn2)nc1,bipyridine_C2,OCN_direct,C2,C2h,planar,80.83534445715809,/home/tianyajun/MARL_for_COFs/cof_symmetry_pipeline/output/xyz/aug_000273.xyz,original_remaining,0.0024874182697220176,0.007954234224627932
Oc1ccc(-c2ccc(O)cn2)nc1,bipyridine_C2,OH_direct,C2,C2h,planar,66.48840824660182,/home/tianyajun/MARL_for_COFs/cof_symmetry_pipeline/output/xyz/aug_000274.xyz,original_remaining,1.0523180320627371e-05,2.8051695364350593e-05
COc1ccc(-c2ccc(OC)cn2)nc1,bipyridine_C2,OMe_direct,C2,C2h,planar,88.75791775488655,/home/tianyajun/MARL_for_COFs/cof_symmetry_pipeline/output/xyz/aug_000276.xyz,original_remaining,0.3414571161228184,0.90342867237342
CC(=O)Oc1ccc(-c2ccc(OC(C)=O)cn2)nc1,bipyridine_C2,Oacetyl_direct,C2,C2,planar,86.02055711428473,/home/tianyajun/MARL_for_COFs/cof_symmetry_pipeline/output/xyz/aug_000278.xyz,original_remaining,0.49634204124199777,1.1984444948500999
O=P(Cl)(Cl)c1ccc(-c2ccc(P(=O)(Cl)Cl)cn2)nc1,bipyridine_C2,POCl2_direct,C2,D2h,nonplanar,82.02699527833958,/home/tianyajun/MARL_for_COFs/cof_symmetry_pipeline/output/xyz/aug_000280.xyz,original_remaining,0.6176672196668532,1.574771543235186
N#CSc1ccc(-c2ccc(SC#N)cn2)nc1,bipyridine_C2,SCN_direct,C2,D2,nonplanar,69.63698485999437,/home/tianyajun/MARL_for_COFs/cof_symmetry_pipeline/output/xyz/aug_000281.xyz,original_remaining,0.809456304921603,2.2777167507056846
Sc1ccc(-c2ccc(S)cn2)nc1,bipyridine_C2,SH_direct,C2,C2,planar,70.56289114206673,/home/tianyajun/MARL_for_COFs/cof_symmetry_pipeline/output/xyz/aug_000282.xyz,original_remaining,0.19186632061885645,0.6053722953262473
NS(=O)(=O)c1ccc(-c2ccc(S(N)(=O)=O)cn2)nc1,bipyridine_C2,SO2NH2_direct,C2,C2,nonplanar,-112.2403268365897,/home/tianyajun/MARL_for_COFs/cof_symmetry_pipeline/output/xyz/aug_000283.xyz,original_remaining,0.8443222240400374,1.807877196488784
O=S(=O)(O)c1ccc(-c2ccc(S(=O)(=O)O)cn2)nc1,bipyridine_C2,SO3H_direct,C2,C2,nonplanar,-32.14471089727922,/home/tianyajun/MARL_for_COFs/cof_symmetry_pipeline/output/xyz/aug_000284.xyz,original_remaining,0.5961454331978762,1.4691573251337666
C[Si](C)(C)c1ccc(-c2ccc([Si](C)(C)C)cn2)nc1,bipyridine_C2,SiMe3_direct,C2,C2h,nonplanar,59.04603922741289,/home/tianyajun/MARL_for_COFs/cof_symmetry_pipeline/output/xyz/aug_000285.xyz,original_remaining,1.1247022079352276,2.4401481680023105
CC(=O)c1ccc(-c2ccc(C(C)=O)cn2)nc1,bipyridine_C2,acetyl_direct,C2,C2h,planar,90.2852801453888,/home/tianyajun/MARL_for_COFs/cof_symmetry_pipeline/output/xyz/aug_000286.xyz,original_remaining,0.33099862851630385,0.9616126738227369
C#Cc1ccc(-c2ccc(C#C)cn2)nc1,bipyridine_C2,ethynyl_direct,C2,C2h,planar,71.5192458762176,/home/tianyajun/MARL_for_COFs/cof_symmetry_pipeline/output/xyz/aug_000288.xyz,original_remaining,4.937638245751337e-05,0.00010517463711476327
Cc1ccc(-c2ccc(C)cn2)nc1,bipyridine_C2,methyl_direct,C2,C2,planar,60.55664428502567,/home/tianyajun/MARL_for_COFs/cof_symmetry_pipeline/output/xyz/aug_000289.xyz,original_remaining,0.3503077531934548,1.0489500865964703
C=Cc1ccc(-c2ccc(C=C)cn2)nc1,bipyridine_C2,vinyl_direct,C2,C2v,planar,98.4574295780544,/home/tianyajun/MARL_for_COFs/cof_symmetry_pipeline/output/xyz/aug_000291.xyz,original_remaining,3.502344223055998e-05,0.00011396545345643272
O=C(Br)Nc1ccc(NC(=O)Br)cc1,bis_benzamide_C2,Br_direct,C2,C2v,planar,-40.30914622831224,/home/tianyajun/MARL_for_COFs/cof_symmetry_pipeline/output/xyz/aug_000292.xyz,original_remaining,3.001628231116729e-06,7.5098223049074875e-06
O=C(C#CC(F)(F)F)Nc1ccc(NC(=O)C#CC(F)(F)F)cc1,bis_benzamide_C2,CCCF3_direct,C2,C2h,planar,-30.004350130083484,/home/tianyajun/MARL_for_COFs/cof_symmetry_pipeline/output/xyz/aug_000293.xyz,original_remaining,0.39970191474911165,1.0951566133169757
O=CC#CC(=O)Nc1ccc(NC(=O)C#CC=O)cc1,bis_benzamide_C2,CCCHO_direct,C2,C2v,planar,-35.373691797474656,/home/tianyajun/MARL_for_COFs/cof_symmetry_pipeline/output/xyz/aug_000294.xyz,original_remaining,7.725841481515925e-06,2.2901092945559753e-05
N#CC#CC(=O)Nc1ccc(NC(=O)C#CC#N)cc1,bis_benzamide_C2,CCCN_direct,C2,C2v,planar,-40.28188527128699,/home/tianyajun/MARL_for_COFs/cof_symmetry_pipeline/output/xyz/aug_000295.xyz,original_remaining,1.7620674664312825e-06,3.610244996066214e-06
COC(=O)C#CC(=O)Nc1ccc(NC(=O)C#CC(=O)OC)cc1,bis_benzamide_C2,CCCOOMe_direct,C2,C2,planar,-60.58381696212396,/home/tianyajun/MARL_for_COFs/cof_symmetry_pipeline/output/xyz/aug_000297.xyz,original_remaining,0.324471686475655,0.9275028901439182
C#Cc1ccc(C(=O)Nc2ccc(NC(=O)c3ccc(C#C)cc3)cc2)cc1,bis_benzamide_C2,CCH_ph,C2,C2,nonplanar,50.26443634052781,/home/tianyajun/MARL_for_COFs/cof_symmetry_pipeline/output/xyz/aug_000298.xyz,original_remaining,0.7221691630498261,1.5143322841264453
O=C=NC#CC(=O)Nc1ccc(NC(=O)C#CN=C=O)cc1,bis_benzamide_C2,CCNCO_direct,C2,C2,planar,-45.99207932207741,/home/tianyajun/MARL_for_COFs/cof_symmetry_pipeline/output/xyz/aug_000300.xyz,original_remaining,0.12886475637131614,0.4394595435503019
NC#CC(=O)Nc1ccc(NC(=O)C#CN)cc1,bis_benzamide_C2,CCNH2_direct,C2,C2v,planar,-36.959695993501406,/home/tianyajun/MARL_for_COFs/cof_symmetry_pipeline/output/xyz/aug_000301.xyz,original_remaining,0.3103130950612824,0.8210159355814939
O=C(C#C[N+](=O)[O-])Nc1ccc(NC(=O)C#C[N+](=O)[O-])cc1,bis_benzamide_C2,CCNO2_direct,C2,C2,planar,-49.15730189332881,/home/tianyajun/MARL_for_COFs/cof_symmetry_pipeline/output/xyz/aug_000302.xyz,original_remaining,0.13829618457100434,0.39171125261111495
O=C(C#CO)Nc1ccc(NC(=O)C#CO)cc1,bis_benzamide_C2,CCOH_direct,C2,C2h,planar,-38.56299716375819,/home/tianyajun/MARL_for_COFs/cof_symmetry_pipeline/output/xyz/aug_000303.xyz,original_remaining,1.0219599116946663e-05,3.0479060305038663e-05
CC(=O)C#CC(=O)Nc1ccc(NC(=O)C#CC(C)=O)cc1,bis_benzamide_C2,CCacetyl_direct,C2,C2,planar,-31.793856609931886,/home/tianyajun/MARL_for_COFs/cof_symmetry_pipeline/output/xyz/aug_000304.xyz,original_remaining,0.3316691405985534,1.2132564394245127
O=C(Nc1ccc(NC(=O)C(F)(F)F)cc1)C(F)(F)F,bis_benzamide_C2,CF3_direct,C2,C2v,planar,151.81571906809063,/home/tianyajun/MARL_for_COFs/cof_symmetry_pipeline/output/xyz/aug_000305.xyz,original_remaining,0.42888759948400484,1.0935889030555215
O=C(Nc1ccc(NC(=O)c2ccc(C(F)(F)F)cc2)cc1)c1ccc(C(F)(F)F)cc1,bis_benzamide_C2,CF3_ph,C2,C2,nonplanar,105.10125035835443,/home/tianyajun/MARL_for_COFs/cof_symmetry_pipeline/output/xyz/aug_000306.xyz,original_remaining,0.7545653079626079,1.4775971111059305
O=CC(=O)Nc1ccc(NC(=O)C=O)cc1,bis_benzamide_C2,CHO_direct,C2,C2v,planar,44.50749807664451,/home/tianyajun/MARL_for_COFs/cof_symmetry_pipeline/output/xyz/aug_000307.xyz,original_remaining,7.907750105233375e-06,1.679800818665811e-05
O=Cc1ccc(C(=O)Nc2ccc(NC(=O)c3ccc(C=O)cc3)cc2)cc1,bis_benzamide_C2,CHO_ph,C2,C2,nonplanar,80.04734265159314,/home/tianyajun/MARL_for_COFs/cof_symmetry_pipeline/output/xyz/aug_000308.xyz,original_remaining,0.7104852269937435,1.455550755031122
O=Cc1ccc(-c2ccc(C(=O)Nc3ccc(NC(=O)c4ccc(-c5ccc(C=O)cc5)cc4)cc3)cc2)cc1,bis_benzamide_C2,CHO_phph,C2,C2,nonplanar,126.02472725163584,/home/tianyajun/MARL_for_COFs/cof_symmetry_pipeline/output/xyz/aug_000309.xyz,original_remaining,0.6457724915122461,1.359961711651007
N#CC(=O)Nc1ccc(NC(=O)C#N)cc1,bis_benzamide_C2,CN_direct,C2,C2v,planar,52.40333090553954,/home/tianyajun/MARL_for_COFs/cof_symmetry_pipeline/output/xyz/aug_000310.xyz,original_remaining,2.680094806339307e-06,7.77159275355821e-06
N#Cc1ccc(C(=O)Nc2ccc(NC(=O)c3ccc(C#N)cc3)cc2)cc1,bis_benzamide_C2,CN_ph,C2,C2,nonplanar,78.42168362386617,/home/tianyajun/MARL_for_COFs/cof_symmetry_pipeline/output/xyz/aug_000311.xyz,original_remaining,0.7108057980145386,1.484004358343274
O=C(Cl)C(=O)Nc1ccc(NC(=O)C(=O)Cl)cc1,bis_benzamide_C2,COCl_direct,C2,C2h,planar,97.37992239873736,/home/tianyajun/MARL_for_COFs/cof_symmetry_pipeline/output/xyz/aug_000312.xyz,original_remaining,4.3002345284535494e-05,0.0001437178953255791
NC(=O)C(=O)Nc1ccc(NC(=O)C(N)=O)cc1,bis_benzamide_C2,CONH2_direct,C2,C2h,planar,44.098847352857725,/home/tianyajun/MARL_for_COFs/cof_symmetry_pipeline/output/xyz/aug_000313.xyz,original_remaining,0.00016358774860375657,0.00041325038686101934
O=C(O)C(=O)Nc1ccc(NC(=O)C(=O)O)cc1,bis_benzamide_C2,COOH_direct,C2,C2h,planar,73.40203976781166,/home/tianyajun/MARL_for_COFs/cof_symmetry_pipeline/output/xyz/aug_000314.xyz,original_remaining,9.659300755742536e-06,2.6320304026494767e-05
O=C(O)c1ccc(C(=O)Nc2ccc(NC(=O)c3ccc(C(=O)O)cc3)cc2)cc1,bis_benzamide_C2,COOH_ph,C2,C2,nonplanar,42.73480590095467,/home/tianyajun/MARL_for_COFs/cof_symmetry_pipeline/output/xyz/aug_000315.xyz,original_remaining,0.7609239674860375,1.5427935819861465
COC(=O)C(=O)Nc1ccc(NC(=O)C(=O)OC)cc1,bis_benzamide_C2,COOMe_direct,C2,C2,planar,100.14039669199386,/home/tianyajun/MARL_for_COFs/cof_symmetry_pipeline/output/xyz/aug_000316.xyz,original_remaining,0.4063864086078936,0.805332791402688
O=C(Cl)Nc1ccc(NC(=O)Cl)cc1,bis_benzamide_C2,Cl_direct,C2,C2v,planar,-41.667025282263104,/home/tianyajun/MARL_for_COFs/cof_symmetry_pipeline/output/xyz/aug_000317.xyz,original_remaining,9.71076261297829e-06,2.2331425849342335e-05
O=C(Nc1ccc(NC(=O)c2ccc(Cl)cc2)cc1)c1ccc(Cl)cc1,bis_benzamide_C2,Cl_ph,C2,C2,nonplanar,49.14591331865293,/home/tianyajun/MARL_for_COFs/cof_symmetry_pipeline/output/xyz/aug_000318.xyz,original_remaining,0.752118052110493,1.546225978574539
O=C(I)Nc1ccc(NC(=O)I)cc1,bis_benzamide_C2,I_direct,C2,C2h,planar,-39.36616130982674,/home/tianyajun/MARL_for_COFs/cof_symmetry_pipeline/output/xyz/aug_000319.xyz,original_remaining,2.5134720135819256e-05,7.395695947565173e-05
[N-]=[N+]=NC(=O)Nc1ccc(NC(=O)N=[N+]=[N-])cc1,bis_benzamide_C2,N3_direct,C2,C2v,planar,-137.9329221744199,/home/tianyajun/MARL_for_COFs/cof_symmetry_pipeline/output/xyz/aug_000320.xyz,original_remaining,1.492767619362729e-05,4.1406259334686446e-05
O=C=NC(=O)Nc1ccc(NC(=O)N=C=O)cc1,bis_benzamide_C2,NCO_direct,C2,C2h,planar,-145.98142403511565,/home/tianyajun/MARL_for_COFs/cof_symmetry_pipeline/output/xyz/aug_000322.xyz,original_remaining,0.0030695006922314915,0.010147435323063947
O=C(N=C=S)Nc1ccc(NC(=O)N=C=S)cc1,bis_benzamide_C2,NCS_direct,C2,C2v,planar,-122.03941234730652,/home/tianyajun/MARL_for_COFs/cof_symmetry_pipeline/output/xyz/aug_000323.xyz,original_remaining,1.5118927307996505e-05,4.3828213629248935e-05
NC(=O)Nc1ccc(NC(N)=O)cc1,bis_benzamide_C2,NH2_direct,C2,C2,planar,-159.70114017439832,/home/tianyajun/MARL_for_COFs/cof_symmetry_pipeline/output/xyz/aug_000324.xyz,original_remaining,0.22626881744660565,0.6992564404377868
Nc1ccc(C(=O)Nc2ccc(NC(=O)c3ccc(N)cc3)cc2)cc1,bis_benzamide_C2,NH2_ph,C2,C2,nonplanar,28.386162591547063,/home/tianyajun/MARL_for_COFs/cof_symmetry_pipeline/output/xyz/aug_000325.xyz,original_remaining,0.7023277959640442,1.5032657153633164
O=CNC(=O)Nc1ccc(NC(=O)NC=O)cc1,bis_benzamide_C2,NHCHO_direct,C2,C2,nonplanar,-145.42430559437963,/home/tianyajun/MARL_for_COFs/cof_symmetry_pipeline/output/xyz/aug_000327.xyz,original_remaining,0.5048532030370395,1.2510265735593746
N#CNC(=O)Nc1ccc(NC(=O)NC#N)cc1,bis_benzamide_C2,NHCN_direct,C2,C2h,planar,-222.51449658922576,/home/tianyajun/MARL_for_COFs/cof_symmetry_pipeline/output/xyz/aug_000328.xyz,original_remaining,2.5144335759019063e-05,6.783740038107666e-05
CC(=O)NC(=O)Nc1ccc(NC(=O)NC(C)=O)cc1,bis_benzamide_C2,NHacetyl_direct,C2,C2,nonplanar,-139.54077780253886,/home/tianyajun/MARL_for_COFs/cof_symmetry_pipeline/output/xyz/aug_000330.xyz,original_remaining,0.6617258318593102,1.7772059116321837
O=C(Nc1ccc(NC(=O)[N+](=O)[O-])cc1)[N+](=O)[O-],bis_benzamide_C2,NO2_direct,C2,C2h,planar,138.21187835196628,/home/tianyajun/MARL_for_COFs/cof_symmetry_pipeline/output/xyz/aug_000331.xyz,original_remaining,5.347167190404007e-06,1.1923821660167477e-05
O=C(Nc1ccc(NC(=O)c2ccc([N+](=O)[O-])cc2)cc1)c1ccc([N+](=O)[O-])cc1,bis_benzamide_C2,NO2_ph,C2,C2,nonplanar,119.1452204619107,/home/tianyajun/MARL_for_COFs/cof_symmetry_pipeline/output/xyz/aug_000332.xyz,original_remaining,0.7235950018436986,1.4808267438345042
O=C(Nc1ccc(NC(=O)c2ccc(-c3ccc([N+](=O)[O-])cc3)cc2)cc1)c1ccc(-c2ccc([N+](=O)[O-])cc2)cc1,bis_benzamide_C2,NO2_phph,C2,D2,nonplanar,161.54354671878994,/home/tianyajun/MARL_for_COFs/cof_symmetry_pipeline/output/xyz/aug_000333.xyz,original_remaining,1.0892426146411802,2.3181661018125315
O=COC(=O)Nc1ccc(NC(=O)OC=O)cc1,bis_benzamide_C2,OCHO_direct,C2,C2h,planar,-92.56277135478132,/home/tianyajun/MARL_for_COFs/cof_symmetry_pipeline/output/xyz/aug_000334.xyz,original_remaining,2.8571949343153038e-05,9.807390719332454e-05
N#COC(=O)Nc1ccc(NC(=O)OC#N)cc1,bis_benzamide_C2,OCN_direct,C2,C2v,planar,-92.8704026689004,/home/tianyajun/MARL_for_COFs/cof_symmetry_pipeline/output/xyz/aug_000335.xyz,original_remaining,1.0966674807807148e-05,2.4948140494363003e-05
O=C(O)Nc1ccc(NC(=O)O)cc1,bis_benzamide_C2,OH_direct,C2,C2v,planar,-145.00741023766074,/home/tianyajun/MARL_for_COFs/cof_symmetry_pipeline/output/xyz/aug_000336.xyz,original_remaining,2.6117949159520035e-05,6.294269235196381e-05
O=C(Nc1ccc(NC(=O)c2ccc(-c3ccc(O)cc3)cc2)cc1)c1ccc(-c2ccc(O)cc2)cc1,bis_benzamide_C2,OH_phph,C2,C2,nonplanar,72.79906827237107,/home/tianyajun/MARL_for_COFs/cof_symmetry_pipeline/output/xyz/aug_000337.xyz,original_remaining,0.709800208189513,1.7368697787740934
COC(=O)Nc1ccc(NC(=O)OC)cc1,bis_benzamide_C2,OMe_direct,C2,C2h,planar,-86.8577295376489,/home/tianyajun/MARL_for_COFs/cof_symmetry_pipeline/output/xyz/aug_000338.xyz,original_remaining,0.3406348207732512,0.9012411973107827
COc1ccc(C(=O)Nc2ccc(NC(=O)c3ccc(OC)cc3)cc2)cc1,bis_benzamide_C2,OMe_ph,C2,C2,nonplanar,56.90542833080708,/home/tianyajun/MARL_for_COFs/cof_symmetry_pipeline/output/xyz/aug_000339.xyz,original_remaining,0.8030232672420072,1.7512389414644198
CC(=O)OC(=O)Nc1ccc(NC(=O)OC(C)=O)cc1,bis_benzamide_C2,Oacetyl_direct,C2,C2,planar,-90.73506998637626,/home/tianyajun/MARL_for_COFs/cof_symmetry_pipeline/output/xyz/aug_000340.xyz,original_remaining,0.32792173129963315,1.0382297877723108
O=C(Nc1ccc(NC(=O)P(=O)(O)O)cc1)P(=O)(O)O,bis_benzamide_C2,PO3H2_direct,C2,C2,nonplanar,-53.66387639701013,/home/tianyajun/MARL_for_COFs/cof_symmetry_pipeline/output/xyz/aug_000341.xyz,original_remaining,0.6258174763263075,1.4760575704290595
O=C(Nc1ccc(NC(=O)P(=O)(Cl)Cl)cc1)P(=O)(Cl)Cl,bis_benzamide_C2,POCl2_direct,C2,D2h,nonplanar,176.9309897964574,/home/tianyajun/MARL_for_COFs/cof_symmetry_pipeline/output/xyz/aug_000342.xyz,original_remaining,0.6240490867538432,1.5910240719456472
N#CSC(=O)Nc1ccc(NC(=O)SC#N)cc1,bis_benzamide_C2,SCN_direct,C2,C2,planar,-88.54350486769275,/home/tianyajun/MARL_for_COFs/cof_symmetry_pipeline/output/xyz/aug_000343.xyz,original_remaining,0.23981831131662126,0.6883773549207004
O=C(S)Nc1ccc(NC(=O)S)cc1,bis_benzamide_C2,SH_direct,C2,C2h,planar,-76.26185841234985,/home/tianyajun/MARL_for_COFs/cof_symmetry_pipeline/output/xyz/aug_000344.xyz,original_remaining,9.585813120371918e-06,2.018353691379815e-05
O=C(Nc1ccc(NC(=O)S(=O)(=O)Cl)cc1)S(=O)(=O)Cl,bis_benzamide_C2,SO2Cl_direct,C2,C2,nonplanar,196.3246470081588,/home/tianyajun/MARL_for_COFs/cof_symmetry_pipeline/output/xyz/aug_000345.xyz,original_remaining,0.546799072859007,1.420704845991541
O=C(Nc1ccc(NC(=O)S(=O)(=O)O)cc1)S(=O)(=O)O,bis_benzamide_C2,SO3H_direct,C2,C2,nonplanar,119.03871977783407,/home/tianyajun/MARL_for_COFs/cof_symmetry_pipeline/output/xyz/aug_000346.xyz,original_remaining,0.5377508897448887,1.3264890938447633
C[Si](C)(C)C(=O)Nc1ccc(NC(=O)[Si](C)(C)C)cc1,bis_benzamide_C2,SiMe3_direct,C2,C2v,nonplanar,17.0510152429527,/home/tianyajun/MARL_for_COFs/cof_symmetry_pipeline/output/xyz/aug_000347.xyz,original_remaining,1.1229664231722685,2.461874450647205
CC(=O)C(=O)Nc1ccc(NC(=O)C(C)=O)cc1,bis_benzamide_C2,acetyl_direct,C2,C2h,planar,50.10593871036006,/home/tianyajun/MARL_for_COFs/cof_symmetry_pipeline/output/xyz/aug_000348.xyz,original_remaining,0.32777894744539104,0.8977202945381711
C#CC(=O)Nc1ccc(NC(=O)C#C)cc1,bis_benzamide_C2,ethynyl_direct,C2,C2h,planar,-24.13213432114117,/home/tianyajun/MARL_for_COFs/cof_symmetry_pipeline/output/xyz/aug_000350.xyz,original_remaining,2.421921966801155e-06,5.899359060507203e-06
CC(=O)Nc1ccc(NC(C)=O)cc1,bis_benzamide_C2,methyl_direct,C2,C2,planar,-17.79669365457798,/home/tianyajun/MARL_for_COFs/cof_symmetry_pipeline/output/xyz/aug_000351.xyz,original_remaining,0.351641794416214,1.0193247279189848
C=CC(=O)Nc1ccc(NC(=O)C=C)cc1,bis_benzamide_C2,vinyl_direct,C2,C2v,planar,-13.100081823215328,/home/tianyajun/MARL_for_COFs/cof_symmetry_pipeline/output/xyz/aug_000353.xyz,original_remaining,1.3244651651693735e-06,3.6665290858439725e-06
O=C(Br)Oc1ccc(OC(=O)Br)cc1,bis_benzoate_C2,Br_direct,C2,D2,nonplanar,32.941405460708495,/home/tianyajun/MARL_for_COFs/cof_symmetry_pipeline/output/xyz/aug_000354.xyz,original_remaining,0.730572552170171,1.6389504099651133
O=C(C#CC(F)(F)F)Oc1ccc(OC(=O)C#CC(F)(F)F)cc1,bis_benzoate_C2,CCCF3_direct,C2,D2h,nonplanar,43.0067631747222,/home/tianyajun/MARL_for_COFs/cof_symmetry_pipeline/output/xyz/aug_000355.xyz,original_remaining,0.7028127446913263,1.8293773719089919
O=CC#CC(=O)Oc1ccc(OC(=O)C#CC=O)cc1,bis_benzoate_C2,CCCHO_direct,C2,D2,nonplanar,37.2551828064651,/home/tianyajun/MARL_for_COFs/cof_symmetry_pipeline/output/xyz/aug_000356.xyz,original_remaining,0.7159774113419042,1.5576025679822811
O=C(O)C#CC(=O)Oc1ccc(OC(=O)C#CC(=O)O)cc1,bis_benzoate_C2,CCCOOH_direct,C2,D2,nonplanar,-31.89410818373303,/home/tianyajun/MARL_for_COFs/cof_symmetry_pipeline/output/xyz/aug_000358.xyz,original_remaining,0.6468077117090147,1.4818935120883783
C#Cc1ccc(C(=O)Oc2ccc(OC(=O)c3ccc(C#C)cc3)cc2)cc1,bis_benzoate_C2,CCH_ph,C2,D2,nonplanar,110.9684389604468,/home/tianyajun/MARL_for_COFs/cof_symmetry_pipeline/output/xyz/aug_000360.xyz,original_remaining,0.9675366676278757,2.221467375196649
O=C=NC#CC(=O)Oc1ccc(OC(=O)C#CN=C=O)cc1,bis_benzoate_C2,CCNCO_direct,C2,D2,nonplanar,22.89022147078057,/home/tianyajun/MARL_for_COFs/cof_symmetry_pipeline/output/xyz/aug_000361.xyz,original_remaining,0.797445408390945,1.605582374137739
NC#CC(=O)Oc1ccc(OC(=O)C#CN)cc1,bis_benzoate_C2,CCNH2_direct,C2,D2,nonplanar,33.95403630449165,/home/tianyajun/MARL_for_COFs/cof_symmetry_pipeline/output/xyz/aug_000362.xyz,original_remaining,0.627744098019457,1.4746395675055304
O=C(C#C[N+](=O)[O-])Oc1ccc(OC(=O)C#C[N+](=O)[O-])cc1,bis_benzoate_C2,CCNO2_direct,C2,D2,nonplanar,15.05699088717039,/home/tianyajun/MARL_for_COFs/cof_symmetry_pipeline/output/xyz/aug_000363.xyz,original_remaining,0.6345730551825187,1.5543137423458462
CC(=O)C#CC(=O)Oc1ccc(OC(=O)C#CC(C)=O)cc1,bis_benzoate_C2,CCacetyl_direct,C2,D2,nonplanar,40.77300607691837,/home/tianyajun/MARL_for_COFs/cof_symmetry_pipeline/output/xyz/aug_000365.xyz,original_remaining,0.96069046409499,1.9494107183328677
O=C(Oc1ccc(OC(=O)C(F)(F)F)cc1)C(F)(F)F,bis_benzoate_C2,CF3_direct,C2,D2h,nonplanar,166.18484708209243,/home/tianyajun/MARL_for_COFs/cof_symmetry_pipeline/output/xyz/aug_000366.xyz,original_remaining,0.6983360556036631,1.624200761891835
O=C(Oc1ccc(OC(=O)c2ccc(C(F)(F)F)cc2)cc1)c1ccc(C(F)(F)F)cc1,bis_benzoate_C2,CF3_ph,C2,D2,nonplanar,167.54856637850529,/home/tianyajun/MARL_for_COFs/cof_symmetry_pipeline/output/xyz/aug_000367.xyz,original_remaining,0.9782217422088576,2.2629894556452617
O=CC(=O)Oc1ccc(OC(=O)C=O)cc1,bis_benzoate_C2,CHO_direct,C2,C2,nonplanar,97.63974377443566,/home/tianyajun/MARL_for_COFs/cof_symmetry_pipeline/output/xyz/aug_000368.xyz,original_remaining,0.8268284296927995,1.6491475203426775
O=Cc1ccc(C(=O)Oc2ccc(OC(=O)c3ccc(C=O)cc3)cc2)cc1,bis_benzoate_C2,CHO_ph,C2,C2v,nonplanar,143.15203695530312,/home/tianyajun/MARL_for_COFs/cof_symmetry_pipeline/output/xyz/aug_000369.xyz,original_remaining,0.764312160918404,2.157663768794511
N#CC(=O)Oc1ccc(OC(=O)C#N)cc1,bis_benzoate_C2,CN_direct,C2,C2,nonplanar,97.08340168340074,/home/tianyajun/MARL_for_COFs/cof_symmetry_pipeline/output/xyz/aug_000370.xyz,original_remaining,0.7222886377739715,1.6543446034463216
N#Cc1ccc(C(=O)Oc2ccc(OC(=O)c3ccc(C#N)cc3)cc2)cc1,bis_benzoate_C2,CN_ph,C2,D2,nonplanar,140.9083249708682,/home/tianyajun/MARL_for_COFs/cof_symmetry_pipeline/output/xyz/aug_000371.xyz,original_remaining,0.997192393383327,2.2329555711235507
N#Cc1ccc(-c2ccc(C(=O)Oc3ccc(OC(=O)c4ccc(-c5ccc(C#N)cc5)cc4)cc3)cc2)cc1,bis_benzoate_C2,CN_phph,C2,D2,nonplanar,183.8893863173971,/home/tianyajun/MARL_for_COFs/cof_symmetry_pipeline/output/xyz/aug_000372.xyz,original_remaining,0.9053543769061159,2.182598425179596
O=C(Cl)C(=O)Oc1ccc(OC(=O)C(=O)Cl)cc1,bis_benzoate_C2,COCl_direct,C2,C2,nonplanar,135.91103578880652,/home/tianyajun/MARL_for_COFs/cof_symmetry_pipeline/output/xyz/aug_000373.xyz,original_remaining,0.7563928409056836,1.6520893153256737
NC(=O)C(=O)Oc1ccc(OC(=O)C(N)=O)cc1,bis_benzoate_C2,CONH2_direct,C2,C2,nonplanar,114.03546660728784,/home/tianyajun/MARL_for_COFs/cof_symmetry_pipeline/output/xyz/aug_000374.xyz,original_remaining,0.9809274353388199,2.214243367222923
O=C(O)C(=O)Oc1ccc(OC(=O)C(=O)O)cc1,bis_benzoate_C2,COOH_direct,C2,D2,nonplanar,125.77231028727508,/home/tianyajun/MARL_for_COFs/cof_symmetry_pipeline/output/xyz/aug_000375.xyz,original_remaining,0.7455979701375012,1.4071680034805043
O=C(O)c1ccc(C(=O)Oc2ccc(OC(=O)c3ccc(C(=O)O)cc3)cc2)cc1,bis_benzoate_C2,COOH_ph,C2,C2h,nonplanar,102.88297692703637,/home/tianyajun/MARL_for_COFs/cof_symmetry_pipeline/output/xyz/aug_000376.xyz,original_remaining,0.7467860581692414,2.1589374149448775
COC(=O)C(=O)Oc1ccc(OC(=O)C(=O)OC)cc1,bis_benzoate_C2,COOMe_direct,C2,C2,nonplanar,139.5796310961729,/home/tianyajun/MARL_for_COFs/cof_symmetry_pipeline/output/xyz/aug_000377.xyz,original_remaining,0.8882357373307693,1.7139049170415905
O=C(Cl)Oc1ccc(OC(=O)Cl)cc1,bis_benzoate_C2,Cl_direct,C2,D2h,nonplanar,35.88572058933393,/home/tianyajun/MARL_for_COFs/cof_symmetry_pipeline/output/xyz/aug_000378.xyz,original_remaining,0.6082595779605536,1.430705357781562
O=C(Oc1ccc(OC(=O)c2ccc(Cl)cc2)cc1)c1ccc(Cl)cc1,bis_benzoate_C2,Cl_ph,C2,D2,nonplanar,109.93169381010512,/home/tianyajun/MARL_for_COFs/cof_symmetry_pipeline/output/xyz/aug_000379.xyz,original_remaining,1.0227831083924488,2.2397816875873477
O=C(I)Oc1ccc(OC(=O)I)cc1,bis_benzoate_C2,I_direct,C2,D2,nonplanar,32.75908973472217,/home/tianyajun/MARL_for_COFs/cof_symmetry_pipeline/output/xyz/aug_000380.xyz,original_remaining,0.718946829997556,1.6192134547877344
[N-]=[N+]=NC(=O)Oc1ccc(OC(=O)N=[N+]=[N-])cc1,bis_benzoate_C2,N3_direct,C2,C2,nonplanar,-54.45455045989559,/home/tianyajun/MARL_for_COFs/cof_symmetry_pipeline/output/xyz/aug_000381.xyz,original_remaining,1.0343562874750958,2.07670353419019
[N-]=[N+]=Nc1ccc(C(=O)Oc2ccc(OC(=O)c3ccc(N=[N+]=[N-])cc3)cc2)cc1,bis_benzoate_C2,N3_ph,C2,D2,nonplanar,97.73162722570224,/home/tianyajun/MARL_for_COFs/cof_symmetry_pipeline/output/xyz/aug_000382.xyz,original_remaining,1.0514736373963056,2.162411306916874
O=C=NC(=O)Oc1ccc(OC(=O)N=C=O)cc1,bis_benzoate_C2,NCO_direct,C2,C2,nonplanar,-66.83972292208804,/home/tianyajun/MARL_for_COFs/cof_symmetry_pipeline/output/xyz/aug_000383.xyz,original_remaining,0.9913277353032297,1.963236008924381
O=C(N=C=S)Oc1ccc(OC(=O)N=C=S)cc1,bis_benzoate_C2,NCS_direct,C2,C2,nonplanar,-36.68664298467286,/home/tianyajun/MARL_for_COFs/cof_symmetry_pipeline/output/xyz/aug_000384.xyz,original_remaining,1.069774263383586,2.291621071094174
NC(=O)Oc1ccc(OC(N)=O)cc1,bis_benzoate_C2,NH2_direct,C2,C2,nonplanar,-65.48547359639912,/home/tianyajun/MARL_for_COFs/cof_symmetry_pipeline/output/xyz/aug_000385.xyz,original_remaining,0.6612372806657582,1.4251418555680289
Nc1ccc(C(=O)Oc2ccc(OC(=O)c3ccc(N)cc3)cc2)cc1,bis_benzoate_C2,NH2_ph,C2,D2,nonplanar,90.61180396453014,/home/tianyajun/MARL_for_COFs/cof_symmetry_pipeline/output/xyz/aug_000386.xyz,original_remaining,1.0163774683440019,2.2397298324198216
Nc1ccc(-c2ccc(C(=O)Oc3ccc(OC(=O)c4ccc(-c5ccc(N)cc5)cc4)cc3)cc2)cc1,bis_benzoate_C2,NH2_phph,C2,D2,nonplanar,136.71598629195643,/home/tianyajun/MARL_for_COFs/cof_symmetry_pipeline/output/xyz/aug_000387.xyz,original_remaining,0.9180064038690717,2.207111890876117
O=CNC(=O)Oc1ccc(OC(=O)NC=O)cc1,bis_benzoate_C2,NHCHO_direct,C2,D2,nonplanar,-89.05085336242038,/home/tianyajun/MARL_for_COFs/cof_symmetry_pipeline/output/xyz/aug_000388.xyz,original_remaining,0.6609080168063936,1.410722006991815
N#CNC(=O)Oc1ccc(OC(=O)NC#N)cc1,bis_benzoate_C2,NHCN_direct,C2,C2,nonplanar,-140.91749598142025,/home/tianyajun/MARL_for_COFs/cof_symmetry_pipeline/output/xyz/aug_000389.xyz,original_remaining,0.9295496736927951,1.9856342504158948
CS(=O)(=O)NC(=O)Oc1ccc(OC(=O)NS(C)(=O)=O)cc1,bis_benzoate_C2,NHSO2_direct,C2,C2,nonplanar,-268.3791528608755,/home/tianyajun/MARL_for_COFs/cof_symmetry_pipeline/output/xyz/aug_000390.xyz,original_remaining,1.0575928004509023,2.304486726548001
CC(=O)NC(=O)Oc1ccc(OC(=O)NC(C)=O)cc1,bis_benzoate_C2,NHacetyl_direct,C2,C2,nonplanar,-83.38342099079446,/home/tianyajun/MARL_for_COFs/cof_symmetry_pipeline/output/xyz/aug_000391.xyz,original_remaining,0.6599503109134486,1.3397319173587103
O=C(Oc1ccc(OC(=O)[N+](=O)[O-])cc1)[N+](=O)[O-],bis_benzoate_C2,NO2_direct,C2,C2v,nonplanar,173.52699874856015,/home/tianyajun/MARL_for_COFs/cof_symmetry_pipeline/output/xyz/aug_000392.xyz,original_remaining,0.883563754090217,1.6814230345060435
O=C(Oc1ccc(OC(=O)c2ccc([N+](=O)[O-])cc2)cc1)c1ccc([N+](=O)[O-])cc1,bis_benzoate_C2,NO2_ph,C2,D2,nonplanar,181.7582217880247,/home/tianyajun/MARL_for_COFs/cof_symmetry_pipeline/output/xyz/aug_000393.xyz,original_remaining,0.9926280791959057,2.2057113282920997
O=C(Oc1ccc(OC(=O)c2ccc(-c3ccc([N+](=O)[O-])cc3)cc2)cc1)c1ccc(-c2ccc([N+](=O)[O-])cc2)cc1,bis_benzoate_C2,NO2_phph,C2,D2,nonplanar,224.03543884760705,/home/tianyajun/MARL_for_COFs/cof_symmetry_pipeline/output/xyz/aug_000394.xyz,original_remaining,0.9156536445839873,2.2392105146745
O=COC(=O)Oc1ccc(OC(=O)OC=O)cc1,bis_benzoate_C2,OCHO_direct,C2,D2,nonplanar,-26.634419737940988,/home/tianyajun/MARL_for_COFs/cof_symmetry_pipeline/output/xyz/aug_000395.xyz,original_remaining,0.7589360022124564,1.4814894888389925
N#COC(=O)Oc1ccc(OC(=O)OC#N)cc1,bis_benzoate_C2,OCN_direct,C2,C2,nonplanar,-33.44654898885898,/home/tianyajun/MARL_for_COFs/cof_symmetry_pipeline/output/xyz/aug_000396.xyz,original_remaining,0.9525411317429475,1.879446601027489
O=C(O)Oc1ccc(OC(=O)O)cc1,bis_benzoate_C2,OH_direct,C2,C2v,nonplanar,-41.40579162577226,/home/tianyajun/MARL_for_COFs/cof_symmetry_pipeline/output/xyz/aug_000397.xyz,original_remaining,0.8821725402635772,1.6530688568322178
O=C(Oc1ccc(OC(=O)c2ccc(O)cc2)cc1)c1ccc(O)cc1,bis_benzoate_C2,OH_ph,C2,D2,nonplanar,89.07909759948701,/home/tianyajun/MARL_for_COFs/cof_symmetry_pipeline/output/xyz/aug_000398.xyz,original_remaining,0.9777871557752519,2.2475260745250396
O=C(Oc1ccc(OC(=O)c2ccc(-c3ccc(O)cc3)cc2)cc1)c1ccc(-c2ccc(O)cc2)cc1,bis_benzoate_C2,OH_phph,C2,D2,nonplanar,134.73024183886724,/home/tianyajun/MARL_for_COFs/cof_symmetry_pipeline/output/xyz/aug_000399.xyz,original_remaining,0.909290413121698,2.1790799646663657
COC(=O)Oc1ccc(OC(=O)OC)cc1,bis_benzoate_C2,OMe_direct,C2,C2,nonplanar,5.172203962874342,/home/tianyajun/MARL_for_COFs/cof_symmetry_pipeline/output/xyz/aug_000400.xyz,original_remaining,1.0421063886263573,2.2933710437833095
COc1ccc(C(=O)Oc2ccc(OC(=O)c3ccc(OC)cc3)cc2)cc1,bis_benzoate_C2,OMe_ph,C2,D2,nonplanar,119.1599693738572,/home/tianyajun/MARL_for_COFs/cof_symmetry_pipeline/output/xyz/aug_000401.xyz,original_remaining,0.9785804818436152,2.188864698626762
CC(=O)OC(=O)Oc1ccc(OC(=O)OC(C)=O)cc1,bis_benzoate_C2,Oacetyl_direct,C2,D2,nonplanar,-26.980342980888828,/home/tianyajun/MARL_for_COFs/cof_symmetry_pipeline/output/xyz/aug_000402.xyz,original_remaining,0.744157856764816,1.3001740437521028
O=C(Oc1ccc(OC(=O)P(=O)(Cl)Cl)cc1)P(=O)(Cl)Cl,bis_benzoate_C2,POCl2_direct,C2,C2,nonplanar,188.1173938613794,/home/tianyajun/MARL_for_COFs/cof_symmetry_pipeline/output/xyz/aug_000403.xyz,original_remaining,0.7691099348363123,1.6673201318870738
N#CSC(=O)Oc1ccc(OC(=O)SC#N)cc1,bis_benzoate_C2,SCN_direct,C2,C2,nonplanar,-27.339044460793417,/home/tianyajun/MARL_for_COFs/cof_symmetry_pipeline/output/xyz/aug_000404.xyz,original_remaining,0.565130667944275,1.560610712129881
O=C(S)Oc1ccc(OC(=O)S)cc1,bis_benzoate_C2,SH_direct,C2,C2,nonplanar,8.540447095484351,/home/tianyajun/MARL_for_COFs/cof_symmetry_pipeline/output/xyz/aug_000405.xyz,original_remaining,0.8954116921877673,1.650641433408479
O=C(Oc1ccc(OC(=O)S(=O)(=O)Cl)cc1)S(=O)(=O)Cl,bis_benzoate_C2,SO2Cl_direct,C2,C2v,nonplanar,205.92684056475696,/home/tianyajun/MARL_for_COFs/cof_symmetry_pipeline/output/xyz/aug_000406.xyz,original_remaining,1.016994040484183,2.4244291839510645
O=C(Oc1ccc(OC(=O)S(=O)(=O)O)cc1)S(=O)(=O)O,bis_benzoate_C2,SO3H_direct,C2,C2,nonplanar,145.2237758132703,/home/tianyajun/MARL_for_COFs/cof_symmetry_pipeline/output/xyz/aug_000408.xyz,original_remaining,1.097871777121248,2.361018977117225
CC(=O)C(=O)Oc1ccc(OC(=O)C(C)=O)cc1,bis_benzoate_C2,acetyl_direct,C2,C2,nonplanar,104.15630229743718,/home/tianyajun/MARL_for_COFs/cof_symmetry_pipeline/output/xyz/aug_000410.xyz,original_remaining,1.0171200559939517,2.2595642736310615
CC(=O)c1ccc(C(=O)Oc2ccc(OC(=O)c3ccc(C(C)=O)cc3)cc2)cc1,bis_benzoate_C2,acetyl_ph,C2,C2h,nonplanar,151.1640827738053,/home/tianyajun/MARL_for_COFs/cof_symmetry_pipeline/output/xyz/aug_000411.xyz,original_remaining,0.7608757187646737,2.1604959264402908
C#CC(=O)Oc1ccc(OC(=O)C#C)cc1,bis_benzoate_C2,ethynyl_direct,C2,D2h,nonplanar,51.30496745183186,/home/tianyajun/MARL_for_COFs/cof_symmetry_pipeline/output/xyz/aug_000412.xyz,original_remaining,0.6009267532071617,1.671245057087663
CC(=O)Oc1ccc(OC(C)=O)cc1,bis_benzoate_C2,methyl_direct,C2,C2,nonplanar,32.71265867941064,/home/tianyajun/MARL_for_COFs/cof_symmetry_pipeline/output/xyz/aug_000413.xyz,original_remaining,0.6549429518463238,1.39836972169821
Cc1ccc(C(=O)Oc2ccc(OC(=O)c3ccc(C)cc3)cc2)cc1,bis_benzoate_C2,methyl_ph,C2,C2,nonplanar,115.32834968048728,/home/tianyajun/MARL_for_COFs/cof_symmetry_pipeline/output/xyz/aug_000414.xyz,original_remaining,0.7938806258336273,2.1757582794768453
C=CC(=O)Oc1ccc(OC(=O)C=C)cc1,bis_benzoate_C2,vinyl_direct,C2,C2h,nonplanar,59.300768996328536,/home/tianyajun/MARL_for_COFs/cof_symmetry_pipeline/output/xyz/aug_000415.xyz,original_remaining,0.9058663232178389,1.944741070181916
BrC#Cc1ccc2cc3cc(C#CBr)ccc3cc2c1,bis_ethynyl_anthracene_C2,Br_direct,C2,C2h,planar,37.75955417192834,/home/tianyajun/MARL_for_COFs/cof_symmetry_pipeline/output/xyz/aug_000417.xyz,original_remaining,5.312566773705387e-06,2.0305384418994876e-05
FC(F)(F)C#CC#Cc1ccc2cc3cc(C#CC#CC(F)(F)F)ccc3cc2c1,bis_ethynyl_anthracene_C2,CCCF3_direct,C2,C2,planar,38.29978725117451,/home/tianyajun/MARL_for_COFs/cof_symmetry_pipeline/output/xyz/aug_000418.xyz,original_remaining,0.35479927191128197,1.2234517559289415
N#CC#CC#Cc1ccc2cc3cc(C#CC#CC#N)ccc3cc2c1,bis_ethynyl_anthracene_C2,CCCN_direct,C2,C2h,planar,37.07535547881791,/home/tianyajun/MARL_for_COFs/cof_symmetry_pipeline/output/xyz/aug_000419.xyz,original_remaining,2.8706179775509814e-06,7.183371349611667e-06
C#Cc1ccc(C#Cc2ccc3cc4cc(C#Cc5ccc(C#C)cc5)ccc4cc3c2)cc1,bis_ethynyl_anthracene_C2,CCH_ph,C2,D2h,nonplanar,67.0870919850988,/home/tianyajun/MARL_for_COFs/cof_symmetry_pipeline/output/xyz/aug_000421.xyz,original_remaining,0.9692926381859128,2.1554045064948886
NC#CC#Cc1ccc2cc3cc(C#CC#CN)ccc3cc2c1,bis_ethynyl_anthracene_C2,CCNH2_direct,C2,C2,planar,36.356688630071886,/home/tianyajun/MARL_for_COFs/cof_symmetry_pipeline/output/xyz/aug_000423.xyz,original_remaining,0.2702460996094047,0.882493553813704
O=[N+]([O-])C#CC#Cc1ccc2cc3cc(C#CC#C[N+](=O)[O-])ccc3cc2c1,bis_ethynyl_anthracene_C2,CCNO2_direct,C2,C2h,planar,37.31844038750884,/home/tianyajun/MARL_for_COFs/cof_symmetry_pipeline/output/xyz/aug_000424.xyz,original_remaining,0.0012294960553786548,0.005456377126514589
OC#CC#Cc1ccc2cc3cc(C#CC#CO)ccc3cc2c1,bis_ethynyl_anthracene_C2,CCOH_direct,C2,C2,planar,37.765457651611285,/home/tianyajun/MARL_for_COFs/cof_symmetry_pipeline/output/xyz/aug_000425.xyz,original_remaining,0.1950191069863413,0.7858081137065519
O=CC#Cc1ccc2cc3cc(C#CC=O)ccc3cc2c1,bis_ethynyl_anthracene_C2,CHO_direct,C2,C2,planar,41.98389546626376,/home/tianyajun/MARL_for_COFs/cof_symmetry_pipeline/output/xyz/aug_000428.xyz,original_remaining,0.1365698315714401,0.4139760107167536
N#CC#Cc1ccc2cc3cc(C#CC#N)ccc3cc2c1,bis_ethynyl_anthracene_C2,CN_direct,C2,C2h,planar,42.35280322942874,/home/tianyajun/MARL_for_COFs/cof_symmetry_pipeline/output/xyz/aug_000430.xyz,original_remaining,1.6129561341898475e-05,4.0385657381847295e-05
N#Cc1ccc(C#Cc2ccc3cc4cc(C#Cc5ccc(C#N)cc5)ccc4cc3c2)cc1,bis_ethynyl_anthracene_C2,CN_ph,C2,D2,nonplanar,95.26934186701835,/home/tianyajun/MARL_for_COFs/cof_symmetry_pipeline/output/xyz/aug_000431.xyz,original_remaining,0.9768693266279531,2.1413108861644905
O=C(Cl)C#Cc1ccc2cc3cc(C#CC(=O)Cl)ccc3cc2c1,bis_ethynyl_anthracene_C2,COCl_direct,C2,C2h,planar,44.48164644496516,/home/tianyajun/MARL_for_COFs/cof_symmetry_pipeline/output/xyz/aug_000432.xyz,original_remaining,4.809174132878349e-05,0.00019967707749606045
NC(=O)C#Cc1ccc2cc3cc(C#CC(N)=O)ccc3cc2c1,bis_ethynyl_anthracene_C2,CONH2_direct,C2,C2,nonplanar,-41.5633699369904,/home/tianyajun/MARL_for_COFs/cof_symmetry_pipeline/output/xyz/aug_000433.xyz,original_remaining,0.6490305433033012,1.8719841997073134
O=C(O)C#Cc1ccc2cc3cc(C#CC(=O)O)ccc3cc2c1,bis_ethynyl_anthracene_C2,COOH_direct,C2,C2h,planar,-21.76747231421728,/home/tianyajun/MARL_for_COFs/cof_symmetry_pipeline/output/xyz/aug_000434.xyz,original_remaining,1.1694991733233523e-06,4.914391287247355e-06
O=C(O)c1ccc(C#Cc2ccc3cc4cc(C#Cc5ccc(C(=O)O)cc5)ccc4cc3c2)cc1,bis_ethynyl_anthracene_C2,COOH_ph,C2,D2,nonplanar,58.46743643168232,/home/tianyajun/MARL_for_COFs/cof_symmetry_pipeline/output/xyz/aug_000435.xyz,original_remaining,0.9999635261338755,2.183837458169808
ClC#Cc1ccc2cc3cc(C#CCl)ccc3cc2c1,bis_ethynyl_anthracene_C2,Cl_direct,C2,C2h,planar,38.02568776860711,/home/tianyajun/MARL_for_COFs/cof_symmetry_pipeline/output/xyz/aug_000436.xyz,original_remaining,0.00010664310098369306,0.0003151614659812061
IC#Cc1ccc2cc3cc(C#CI)ccc3cc2c1,bis_ethynyl_anthracene_C2,I_direct,C2,C2h,planar,37.51717072385112,/home/tianyajun/MARL_for_COFs/cof_symmetry_pipeline/output/xyz/aug_000437.xyz,original_remaining,1.0349829324057999e-05,4.046944404656472e-05
O=C=NC#Cc1ccc2cc3cc(C#CN=C=O)ccc3cc2c1,bis_ethynyl_anthracene_C2,NCO_direct,C2,C2h,planar,30.196445405791884,/home/tianyajun/MARL_for_COFs/cof_symmetry_pipeline/output/xyz/aug_000439.xyz,original_remaining,0.013820256475798959,0.057729469550225954
NC#Cc1ccc2cc3cc(C#CN)ccc3cc2c1,bis_ethynyl_anthracene_C2,NH2_direct,C2,C2h,planar,29.25165748678292,/home/tianyajun/MARL_for_COFs/cof_symmetry_pipeline/output/xyz/aug_000441.xyz,original_remaining,0.29124407392182783,0.8237681087405804
Nc1ccc(C#Cc2ccc3cc4cc(C#Cc5ccc(N)cc5)ccc4cc3c2)cc1,bis_ethynyl_anthracene_C2,NH2_ph,C2,C2,nonplanar,47.56483943469865,/home/tianyajun/MARL_for_COFs/cof_symmetry_pipeline/output/xyz/aug_000442.xyz,original_remaining,0.9785058706504629,2.13567970389463
O=CNC#Cc1ccc2cc3cc(C#CNC=O)ccc3cc2c1,bis_ethynyl_anthracene_C2,NHCHO_direct,C2,C2h,planar,5.953708918662226,/home/tianyajun/MARL_for_COFs/cof_symmetry_pipeline/output/xyz/aug_000443.xyz,original_remaining,0.034986805465526294,0.14873657079158642
CS(=O)(=O)NC#Cc1ccc2cc3cc(C#CNS(C)(=O)=O)ccc3cc2c1,bis_ethynyl_anthracene_C2,NHSO2_direct,C2,C2,nonplanar,-67.61578074491138,/home/tianyajun/MARL_for_COFs/cof_symmetry_pipeline/output/xyz/aug_000445.xyz,original_remaining,1.0455944041557652,2.4826603294718237
CC(=O)NC#Cc1ccc2cc3cc(C#CNC(C)=O)ccc3cc2c1,bis_ethynyl_anthracene_C2,NHacetyl_direct,C2,C2,planar,11.473151703031984,/home/tianyajun/MARL_for_COFs/cof_symmetry_pipeline/output/xyz/aug_000446.xyz,original_remaining,0.3736856189039499,1.1162311383714498
O=[N+]([O-])C#Cc1ccc2cc3cc(C#C[N+](=O)[O-])ccc3cc2c1,bis_ethynyl_anthracene_C2,NO2_direct,C2,C2h,planar,46.99752964855461,/home/tianyajun/MARL_for_COFs/cof_symmetry_pipeline/output/xyz/aug_000447.xyz,original_remaining,8.410475118021041e-06,2.650773541024165e-05
O=[N+]([O-])c1ccc(C#Cc2ccc3cc4cc(C#Cc5ccc([N+](=O)[O-])cc5)ccc4cc3c2)cc1,bis_ethynyl_anthracene_C2,NO2_ph,C2,D2,nonplanar,135.287416516003,/home/tianyajun/MARL_for_COFs/cof_symmetry_pipeline/output/xyz/aug_000448.xyz,original_remaining,1.0103114643654147,2.192067983330017
O=COC#Cc1ccc2cc3cc(C#COC=O)ccc3cc2c1,bis_ethynyl_anthracene_C2,OCHO_direct,C2,C2h,planar,40.56617090372259,/home/tianyajun/MARL_for_COFs/cof_symmetry_pipeline/output/xyz/aug_000449.xyz,original_remaining,8.734541202923391e-06,3.2382164136590674e-05
N#COC#Cc1ccc2cc3cc(C#COC#N)ccc3cc2c1,bis_ethynyl_anthracene_C2,OCN_direct,C2,C2h,planar,36.772357025240886,/home/tianyajun/MARL_for_COFs/cof_symmetry_pipeline/output/xyz/aug_000450.xyz,original_remaining,0.06626880676841707,0.2044519699875691
OC#Cc1ccc2cc3cc(C#CO)ccc3cc2c1,bis_ethynyl_anthracene_C2,OH_direct,C2,C2,planar,34.2145000407225,/home/tianyajun/MARL_for_COFs/cof_symmetry_pipeline/output/xyz/aug_000451.xyz,original_remaining,0.22880212280549844,0.8559846892447296
Oc1ccc(C#Cc2ccc3cc4cc(C#Cc5ccc(O)cc5)ccc4cc3c2)cc1,bis_ethynyl_anthracene_C2,OH_ph,C2,D2,nonplanar,45.82423711979389,/home/tianyajun/MARL_for_COFs/cof_symmetry_pipeline/output/xyz/aug_000452.xyz,original_remaining,1.0027243086037614,2.1908487052841368
COC#Cc1ccc2cc3cc(C#COC)ccc3cc2c1,bis_ethynyl_anthracene_C2,OMe_direct,C2,C2,nonplanar,41.69759469988242,/home/tianyajun/MARL_for_COFs/cof_symmetry_pipeline/output/xyz/aug_000453.xyz,original_remaining,0.6729889460404505,1.5712342580790413
COc1ccc(C#Cc2ccc3cc4cc(C#Cc5ccc(OC)cc5)ccc4cc3c2)cc1,bis_ethynyl_anthracene_C2,OMe_ph,C2,C2,nonplanar,75.51252098890976,/home/tianyajun/MARL_for_COFs/cof_symmetry_pipeline/output/xyz/aug_000454.xyz,original_remaining,0.7351013686618517,1.6665928615065293
O=P(Cl)(Cl)C#Cc1ccc2cc3cc(C#CP(=O)(Cl)Cl)ccc3cc2c1,bis_ethynyl_anthracene_C2,POCl2_direct,C2,D2h,nonplanar,65.08121026906821,/home/tianyajun/MARL_for_COFs/cof_symmetry_pipeline/output/xyz/aug_000456.xyz,original_remaining,0.5509499877681939,1.6063159310958286
N#CSC#Cc1ccc2cc3cc(C#CSC#N)ccc3cc2c1,bis_ethynyl_anthracene_C2,SCN_direct,C2,C2h,planar,35.19530506416404,/home/tianyajun/MARL_for_COFs/cof_symmetry_pipeline/output/xyz/aug_000457.xyz,original_remaining,1.0568583117649969e-05,3.188526408814951e-05
SC#Cc1ccc2cc3cc(C#CS)ccc3cc2c1,bis_ethynyl_anthracene_C2,SH_direct,C2,C2,planar,36.08195517372239,/home/tianyajun/MARL_for_COFs/cof_symmetry_pipeline/output/xyz/aug_000458.xyz,original_remaining,0.33221833647943244,1.243012739251293
O=S(=O)(Cl)C#Cc1ccc2cc3cc(C#CS(=O)(=O)Cl)ccc3cc2c1,bis_ethynyl_anthracene_C2,SO2Cl_direct,C2,C2,nonplanar,58.0437440816277,/home/tianyajun/MARL_for_COFs/cof_symmetry_pipeline/output/xyz/aug_000459.xyz,original_remaining,0.5081189468621564,1.8910681432500345
NS(=O)(=O)C#Cc1ccc2cc3cc(C#CS(N)(=O)=O)ccc3cc2c1,bis_ethynyl_anthracene_C2,SO2NH2_direct,C2,C2,nonplanar,-131.77323659315977,/home/tianyajun/MARL_for_COFs/cof_symmetry_pipeline/output/xyz/aug_000460.xyz,original_remaining,0.754926383002648,1.9862955586082034
O=S(=O)(O)C#Cc1ccc2cc3cc(C#CS(=O)(=O)O)ccc3cc2c1,bis_ethynyl_anthracene_C2,SO3H_direct,C2,C2,nonplanar,-56.37942494597748,/home/tianyajun/MARL_for_COFs/cof_symmetry_pipeline/output/xyz/aug_000461.xyz,original_remaining,0.6260636116423342,1.9071185422836092
C#CC#Cc1ccc2cc3cc(C#CC#C)ccc3cc2c1,bis_ethynyl_anthracene_C2,ethynyl_direct,C2,C2h,planar,37.41642746067472,/home/tianyajun/MARL_for_COFs/cof_symmetry_pipeline/output/xyz/aug_000465.xyz,original_remaining,2.103156194493565e-05,5.5758962033691795e-05
CC#Cc1ccc2cc3cc(C#CC)ccc3cc2c1,bis_ethynyl_anthracene_C2,methyl_direct,C2,C2,planar,37.76225769054895,/home/tianyajun/MARL_for_COFs/cof_symmetry_pipeline/output/xyz/aug_000466.xyz,original_remaining,0.30375633225270304,0.974573428406951
Cc1ccc(C#Cc2ccc3cc4cc(C#Cc5ccc(C)cc5)ccc4cc3c2)cc1,bis_ethynyl_anthracene_C2,methyl_ph,C2,C2,nonplanar,73.11010560346833,/home/tianyajun/MARL_for_COFs/cof_symmetry_pipeline/output/xyz/aug_000467.xyz,original_remaining,0.9520019642303299,2.1119607263261564
C=CC#Cc1ccc2cc3cc(C#CC=C)ccc3cc2c1,bis_ethynyl_anthracene_C2,vinyl_direct,C2,C2,nonplanar,42.44608271986625,/home/tianyajun/MARL_for_COFs/cof_symmetry_pipeline/output/xyz/aug_000468.xyz,original_remaining,0.6344167105491593,1.9167120063217178
BrC#Cc1ccc2cc(C#CBr)ccc2c1,bis_ethynyl_naphthalene_C2,Br_direct,C2,C2h,planar,25.56022100339394,/home/tianyajun/MARL_for_COFs/cof_symmetry_pipeline/output/xyz/aug_000469.xyz,original_remaining,2.4495012105284296e-05,6.764315099183627e-05
FC(F)(F)C#CC#Cc1ccc2cc(C#CC#CC(F)(F)F)ccc2c1,bis_ethynyl_naphthalene_C2,CCCF3_direct,C2,C2,planar,26.100490091487487,/home/tianyajun/MARL_for_COFs/cof_symmetry_pipeline/output/xyz/aug_000470.xyz,original_remaining,0.38663556689376666,1.2273244571837527
O=CC#CC#Cc1ccc2cc(C#CC#CC=O)ccc2c1,bis_ethynyl_naphthalene_C2,CCCHO_direct,C2,C2h,planar,24.912358014492373,/home/tianyajun/MARL_for_COFs/cof_symmetry_pipeline/output/xyz/aug_000471.xyz,original_remaining,6.200765366188154e-06,1.951776301117869e-05
N#CC#CC#Cc1ccc2cc(C#CC#CC#N)ccc2c1,bis_ethynyl_naphthalene_C2,CCCN_direct,C2,C2h,planar,24.891566306145467,/home/tianyajun/MARL_for_COFs/cof_symmetry_pipeline/output/xyz/aug_000472.xyz,original_remaining,3.1795165789041298e-06,6.543215983367823e-06
O=C(O)C#CC#Cc1ccc2cc(C#CC#CC(=O)O)ccc2c1,bis_ethynyl_naphthalene_C2,CCCOOH_direct,C2,C2h,planar,-39.470853227672045,/home/tianyajun/MARL_for_COFs/cof_symmetry_pipeline/output/xyz/aug_000473.xyz,original_remaining,0.03919312402510121,0.14081915030336312
C#Cc1ccc(C#Cc2ccc3cc(C#Cc4ccc(C#C)cc4)ccc3c2)cc1,bis_ethynyl_naphthalene_C2,CCH_ph,C2,D2h,nonplanar,54.8858131085159,/home/tianyajun/MARL_for_COFs/cof_symmetry_pipeline/output/xyz/aug_000474.xyz,original_remaining,1.0305145264559505,2.1589558065080117
NC#CC#Cc1ccc2cc(C#CC#CN)ccc2c1,bis_ethynyl_naphthalene_C2,CCNH2_direct,C2,C2h,planar,24.159002055450703,/home/tianyajun/MARL_for_COFs/cof_symmetry_pipeline/output/xyz/aug_000476.xyz,original_remaining,0.30079808916262435,0.8268088635250557
O=[N+]([O-])C#CC#Cc1ccc2cc(C#CC#C[N+](=O)[O-])ccc2c1,bis_ethynyl_naphthalene_C2,CCNO2_direct,C2,C2,planar,25.153890727584287,/home/tianyajun/MARL_for_COFs/cof_symmetry_pipeline/output/xyz/aug_000477.xyz,original_remaining,0.14406278331615288,0.4765832324238133
OC#CC#Cc1ccc2cc(C#CC#CO)ccc2c1,bis_ethynyl_naphthalene_C2,CCOH_direct,C2,C2,planar,25.560365150329662,/home/tianyajun/MARL_for_COFs/cof_symmetry_pipeline/output/xyz/aug_000478.xyz,original_remaining,0.17078245204288903,0.6160169865343166
FC(F)(F)C#Cc1ccc2cc(C#CC(F)(F)F)ccc2c1,bis_ethynyl_naphthalene_C2,CF3_direct,C2,C2,planar,35.593564616872094,/home/tianyajun/MARL_for_COFs/cof_symmetry_pipeline/output/xyz/aug_000480.xyz,original_remaining,0.4133535496351364,1.1972171037611803
O=CC#Cc1ccc2cc(C#CC=O)ccc2c1,bis_ethynyl_naphthalene_C2,CHO_direct,C2,C2h,planar,29.73745248941509,/home/tianyajun/MARL_for_COFs/cof_symmetry_pipeline/output/xyz/aug_000482.xyz,original_remaining,1.0978498795336842e-05,3.793949258713847e-05
O=Cc1ccc(C#Cc2ccc3cc(C#Cc4ccc(C=O)cc4)ccc3c2)cc1,bis_ethynyl_naphthalene_C2,CHO_ph,C2,D2,nonplanar,85.91547557277514,/home/tianyajun/MARL_for_COFs/cof_symmetry_pipeline/output/xyz/aug_000483.xyz,original_remaining,1.0441997646154333,2.6765628776697397
N#CC#Cc1ccc2cc(C#CC#N)ccc2c1,bis_ethynyl_naphthalene_C2,CN_direct,C2,C2h,planar,30.20694605325543,/home/tianyajun/MARL_for_COFs/cof_symmetry_pipeline/output/xyz/aug_000484.xyz,original_remaining,8.567942894051401e-07,1.5887476394471634e-06
N#Cc1ccc(C#Cc2ccc3cc(C#Cc4ccc(C#N)cc4)ccc3c2)cc1,bis_ethynyl_naphthalene_C2,CN_ph,C2,D2h,nonplanar,83.07090345484426,/home/tianyajun/MARL_for_COFs/cof_symmetry_pipeline/output/xyz/aug_000485.xyz,original_remaining,1.0546311888010151,2.1601389614479016
O=C(Cl)C#Cc1ccc2cc(C#CC(=O)Cl)ccc2c1,bis_ethynyl_naphthalene_C2,COCl_direct,C2,C2h,planar,32.30455172971582,/home/tianyajun/MARL_for_COFs/cof_symmetry_pipeline/output/xyz/aug_000486.xyz,original_remaining,7.568660756570165e-06,3.047835943503774e-05
O=C(O)C#Cc1ccc2cc(C#CC(=O)O)ccc2c1,bis_ethynyl_naphthalene_C2,COOH_direct,C2,C2h,planar,-33.97836027005742,/home/tianyajun/MARL_for_COFs/cof_symmetry_pipeline/output/xyz/aug_000488.xyz,original_remaining,0.053973937618650464,0.15201965308594967
O=C(O)c1ccc(C#Cc2ccc3cc(C#Cc4ccc(C(=O)O)cc4)ccc3c2)cc1,bis_ethynyl_naphthalene_C2,COOH_ph,C2,D2,nonplanar,46.26343356480632,/home/tianyajun/MARL_for_COFs/cof_symmetry_pipeline/output/xyz/aug_000489.xyz,original_remaining,1.023174031599944,2.5813290976822993
COC(=O)C#Cc1ccc2cc(C#CC(=O)OC)ccc2c1,bis_ethynyl_naphthalene_C2,COOMe_direct,C2,C2,planar,7.753602689397388,/home/tianyajun/MARL_for_COFs/cof_symmetry_pipeline/output/xyz/aug_000490.xyz,original_remaining,0.3168027628124874,0.9483102554796798
ClC#Cc1ccc2cc(C#CCl)ccc2c1,bis_ethynyl_naphthalene_C2,Cl_direct,C2,C2h,planar,25.837329065979755,/home/tianyajun/MARL_for_COFs/cof_symmetry_pipeline/output/xyz/aug_000491.xyz,original_remaining,5.564688193551642e-06,1.479244990265638e-05
Clc1ccc(C#Cc2ccc3cc(C#Cc4ccc(Cl)cc4)ccc3c2)cc1,bis_ethynyl_naphthalene_C2,Cl_ph,C2,D2h,nonplanar,52.81595915106403,/home/tianyajun/MARL_for_COFs/cof_symmetry_pipeline/output/xyz/aug_000492.xyz,original_remaining,1.059787500482365,1.7939258828680011
IC#Cc1ccc2cc(C#CI)ccc2c1,bis_ethynyl_naphthalene_C2,I_direct,C2,C2h,planar,25.31507773885054,/home/tianyajun/MARL_for_COFs/cof_symmetry_pipeline/output/xyz/aug_000493.xyz,original_remaining,1.1007626898979717e-05,3.248461988425433e-05
O=C=NC#Cc1ccc2cc(C#CN=C=O)ccc2c1,bis_ethynyl_naphthalene_C2,NCO_direct,C2,C2,planar,18.04710476207672,/home/tianyajun/MARL_for_COFs/cof_symmetry_pipeline/output/xyz/aug_000495.xyz,original_remaining,0.2080441267713275,0.7609890898085534
S=C=NC#Cc1ccc2cc(C#CN=C=S)ccc2c1,bis_ethynyl_naphthalene_C2,NCS_direct,C2,C2,planar,21.49240734991303,/home/tianyajun/MARL_for_COFs/cof_symmetry_pipeline/output/xyz/aug_000496.xyz,original_remaining,0.24360053093711864,0.8136904732274004
NC#Cc1ccc2cc(C#CN)ccc2c1,bis_ethynyl_naphthalene_C2,NH2_direct,C2,C2h,planar,17.067727838754536,/home/tianyajun/MARL_for_COFs/cof_symmetry_pipeline/output/xyz/aug_000497.xyz,original_remaining,0.32312101516085956,0.8243436517368856
Nc1ccc(C#Cc2ccc3cc(C#Cc4ccc(N)cc4)ccc3c2)cc1,bis_ethynyl_naphthalene_C2,NH2_ph,C2,D2,nonplanar,35.36148236040062,/home/tianyajun/MARL_for_COFs/cof_symmetry_pipeline/output/xyz/aug_000498.xyz,original_remaining,1.0376449823599425,1.9884956415020618
O=CNC#Cc1ccc2cc(C#CNC=O)ccc2c1,bis_ethynyl_naphthalene_C2,NHCHO_direct,C2,C2h,planar,-6.40478188317696,/home/tianyajun/MARL_for_COFs/cof_symmetry_pipeline/output/xyz/aug_000499.xyz,original_remaining,0.00821626049166989,0.031124855805477525
CS(=O)(=O)NC#Cc1ccc2cc(C#CNS(C)(=O)=O)ccc2c1,bis_ethynyl_naphthalene_C2,NHSO2_direct,C2,C2,nonplanar,-79.80915929701081,/home/tianyajun/MARL_for_COFs/cof_symmetry_pipeline/output/xyz/aug_000500.xyz,original_remaining,1.095752531660323,2.3309296434061553
CC(=O)NC#Cc1ccc2cc(C#CNC(C)=O)ccc2c1,bis_ethynyl_naphthalene_C2,NHacetyl_direct,C2,C2,planar,-0.9166015682169828,/home/tianyajun/MARL_for_COFs/cof_symmetry_pipeline/output/xyz/aug_000501.xyz,original_remaining,0.29959717755864346,1.0591622871463828
O=[N+]([O-])C#Cc1ccc2cc(C#C[N+](=O)[O-])ccc2c1,bis_ethynyl_naphthalene_C2,NO2_direct,C2,C2h,planar,34.89113385607854,/home/tianyajun/MARL_for_COFs/cof_symmetry_pipeline/output/xyz/aug_000502.xyz,original_remaining,7.979531963984582e-06,2.8477779263735847e-05
O=[N+]([O-])c1ccc(C#Cc2ccc3cc(C#Cc4ccc([N+](=O)[O-])cc4)ccc3c2)cc1,bis_ethynyl_naphthalene_C2,NO2_ph,C2,D2h,nonplanar,123.0961534736397,/home/tianyajun/MARL_for_COFs/cof_symmetry_pipeline/output/xyz/aug_000503.xyz,original_remaining,1.0377268921164764,2.7072530187785273
O=[N+]([O-])c1ccc(-c2ccc(C#Cc3ccc4cc(C#Cc5ccc(-c6ccc([N+](=O)[O-])cc6)cc5)ccc4c3)cc2)cc1,bis_ethynyl_naphthalene_C2,NO2_phph,C2,D2,nonplanar,167.74815413975068,/home/tianyajun/MARL_for_COFs/cof_symmetry_pipeline/output/xyz/aug_000504.xyz,original_remaining,0.8613713601861835,2.063614167587868
O=COC#Cc1ccc2cc(C#COC=O)ccc2c1,bis_ethynyl_naphthalene_C2,OCHO_direct,C2,C2h,planar,28.35985543997769,/home/tianyajun/MARL_for_COFs/cof_symmetry_pipeline/output/xyz/aug_000505.xyz,original_remaining,1.3827243732868239e-05,3.738449065071592e-05
N#COC#Cc1ccc2cc(C#COC#N)ccc2c1,bis_ethynyl_naphthalene_C2,OCN_direct,C2,C2,planar,24.612916715361195,/home/tianyajun/MARL_for_COFs/cof_symmetry_pipeline/output/xyz/aug_000506.xyz,original_remaining,0.12156599990337665,0.42393810966306433
OC#Cc1ccc2cc(C#CO)ccc2c1,bis_ethynyl_naphthalene_C2,OH_direct,C2,C2,planar,22.012523775075515,/home/tianyajun/MARL_for_COFs/cof_symmetry_pipeline/output/xyz/aug_000507.xyz,original_remaining,0.2527768135204133,0.8382767250553836
COC#Cc1ccc2cc(C#COC)ccc2c1,bis_ethynyl_naphthalene_C2,OMe_direct,C2,C2,nonplanar,29.49659786461778,/home/tianyajun/MARL_for_COFs/cof_symmetry_pipeline/output/xyz/aug_000509.xyz,original_remaining,0.7150578363691397,1.518829352976712
CC(=O)OC#Cc1ccc2cc(C#COC(C)=O)ccc2c1,bis_ethynyl_naphthalene_C2,Oacetyl_direct,C2,C2h,planar,27.64960747902484,/home/tianyajun/MARL_for_COFs/cof_symmetry_pipeline/output/xyz/aug_000511.xyz,original_remaining,0.30830848001691297,0.8988891308995375
N#CSC#Cc1ccc2cc(C#CSC#N)ccc2c1,bis_ethynyl_naphthalene_C2,SCN_direct,C2,C2,planar,23.05602208112151,/home/tianyajun/MARL_for_COFs/cof_symmetry_pipeline/output/xyz/aug_000514.xyz,original_remaining,0.19200919084305249,0.662766140895148
SC#Cc1ccc2cc(C#CS)ccc2c1,bis_ethynyl_naphthalene_C2,SH_direct,C2,C2,planar,23.88257382192552,/home/tianyajun/MARL_for_COFs/cof_symmetry_pipeline/output/xyz/aug_000515.xyz,original_remaining,0.3677751316106902,1.2197451849195966
NS(=O)(=O)C#Cc1ccc2cc(C#CS(N)(=O)=O)ccc2c1,bis_ethynyl_naphthalene_C2,SO2NH2_direct,C2,C2,nonplanar,-143.89477914626525,/home/tianyajun/MARL_for_COFs/cof_symmetry_pipeline/output/xyz/aug_000516.xyz,original_remaining,0.8096369609851776,1.9439894627147423
C#CC#Cc1ccc2cc(C#CC#C)ccc2c1,bis_ethynyl_naphthalene_C2,ethynyl_direct,C2,C2h,planar,25.20696518757834,/home/tianyajun/MARL_for_COFs/cof_symmetry_pipeline/output/xyz/aug_000520.xyz,original_remaining,1.6325677294595514e-05,4.359774120210602e-05
CC#Cc1ccc2cc(C#CC)ccc2c1,bis_ethynyl_naphthalene_C2,methyl_direct,C2,C2,planar,25.55253829496538,/home/tianyajun/MARL_for_COFs/cof_symmetry_pipeline/output/xyz/aug_000521.xyz,original_remaining,0.3347229992016984,1.0224476094971457
C=CC#Cc1ccc2cc(C#CC=C)ccc2c1,bis_ethynyl_naphthalene_C2,vinyl_direct,C2,C2,nonplanar,30.241019458024805,/home/tianyajun/MARL_for_COFs/cof_symmetry_pipeline/output/xyz/aug_000523.xyz,original_remaining,0.6850540783500879,1.8709977666274389
O=C(Oc1ccc(OC(=O)c2ccc(Br)cc2)cc1)c1ccc(Br)cc1,bis_phenyl_ester_C2,Br_direct,C2,D2,nonplanar,111.02119530186886,/home/tianyajun/MARL_for_COFs/cof_symmetry_pipeline/output/xyz/aug_000524.xyz,original_remaining,1.0332177355707894,2.2208598092961895
O=C(Oc1ccc(OC(=O)c2ccc(C#CC(F)(F)F)cc2)cc1)c1ccc(C#CC(F)(F)F)cc1,bis_phenyl_ester_C2,CCCF3_direct,C2,D2,nonplanar,121.25830177418916,/home/tianyajun/MARL_for_COFs/cof_symmetry_pipeline/output/xyz/aug_000525.xyz,original_remaining,0.8842703931456267,2.220602626868973
O=CC#Cc1ccc(C(=O)Oc2ccc(OC(=O)c3ccc(C#CC=O)cc3)cc2)cc1,bis_phenyl_ester_C2,CCCHO_direct,C2,D2,nonplanar,115.19535956358033,/home/tianyajun/MARL_for_COFs/cof_symmetry_pipeline/output/xyz/aug_000526.xyz,original_remaining,0.9943638781645884,2.2232054022104175
N#CC#Cc1ccc(C(=O)Oc2ccc(OC(=O)c3ccc(C#CC#N)cc3)cc2)cc1,bis_phenyl_ester_C2,CCCN_direct,C2,D2,nonplanar,116.0623299573187,/home/tianyajun/MARL_for_COFs/cof_symmetry_pipeline/output/xyz/aug_000527.xyz,original_remaining,0.8817991668817138,2.2037254561443165
O=C(Oc1ccc(OC(=O)c2ccc(C#C[N+](=O)[O-])cc2)cc1)c1ccc(C#C[N+](=O)[O-])cc1,bis_phenyl_ester_C2,CCNO2_direct,C2,D2,nonplanar,120.90228281581668,/home/tianyajun/MARL_for_COFs/cof_symmetry_pipeline/output/xyz/aug_000530.xyz,original_remaining,0.9082837425335649,2.2083644260816455
O=C(Oc1ccc(OC(=O)c2ccc(C#CO)cc2)cc1)c1ccc(C#CO)cc1,bis_phenyl_ester_C2,CCOH_direct,C2,D2,nonplanar,107.3496899833038,/home/tianyajun/MARL_for_COFs/cof_symmetry_pipeline/output/xyz/aug_000531.xyz,original_remaining,0.9663177798371154,2.208424946378456
O=C(Cl)c1ccc(C(=O)Oc2ccc(OC(=O)c3ccc(C(=O)Cl)cc3)cc2)cc1,bis_phenyl_ester_C2,COCl_direct,C2,C2h,nonplanar,164.53490493562765,/home/tianyajun/MARL_for_COFs/cof_symmetry_pipeline/output/xyz/aug_000532.xyz,original_remaining,0.7644252305871606,2.160568487263977
NC(=O)c1ccc(C(=O)Oc2ccc(OC(=O)c3ccc(C(N)=O)cc3)cc2)cc1,bis_phenyl_ester_C2,CONH2_direct,C2,D2,nonplanar,90.00745870065259,/home/tianyajun/MARL_for_COFs/cof_symmetry_pipeline/output/xyz/aug_000533.xyz,original_remaining,0.9210211569761847,2.2159874322618034
O=C(Oc1ccc(OC(=O)c2ccc(I)cc2)cc1)c1ccc(I)cc1,bis_phenyl_ester_C2,I_direct,C2,D2,nonplanar,112.45832044815512,/home/tianyajun/MARL_for_COFs/cof_symmetry_pipeline/output/xyz/aug_000535.xyz,original_remaining,1.0294986203197913,2.235694026391532
O=C=Nc1ccc(C(=O)Oc2ccc(OC(=O)c3ccc(N=C=O)cc3)cc2)cc1,bis_phenyl_ester_C2,NCO_direct,C2,D2,nonplanar,99.24838593476176,/home/tianyajun/MARL_for_COFs/cof_symmetry_pipeline/output/xyz/aug_000536.xyz,original_remaining,0.9110376511416722,2.3134580968202183
O=C(Oc1ccc(OC(=O)c2ccc(N=C=S)cc2)cc1)c1ccc(N=C=S)cc1,bis_phenyl_ester_C2,NCS_direct,C2,D2,nonplanar,102.67912453955417,/home/tianyajun/MARL_for_COFs/cof_symmetry_pipeline/output/xyz/aug_000537.xyz,original_remaining,0.9844620587015939,2.531874579073142
O=CNc1ccc(C(=O)Oc2ccc(OC(=O)c3ccc(NC=O)cc3)cc2)cc1,bis_phenyl_ester_C2,NHCHO_direct,C2,C2,nonplanar,70.3017498312843,/home/tianyajun/MARL_for_COFs/cof_symmetry_pipeline/output/xyz/aug_000538.xyz,original_remaining,0.8144165808379318,2.2932240214752078
CS(=O)(=O)Nc1ccc(C(=O)Oc2ccc(OC(=O)c3ccc(NS(C)(=O)=O)cc3)cc2)cc1,bis_phenyl_ester_C2,NHSO2_direct,C2,D2,nonplanar,4.36579647946936,/home/tianyajun/MARL_for_COFs/cof_symmetry_pipeline/output/xyz/aug_000539.xyz,original_remaining,1.031152992989675,2.250698123623322
O=COc1ccc(C(=O)Oc2ccc(OC(=O)c3ccc(OC=O)cc3)cc2)cc1,bis_phenyl_ester_C2,OCHO_direct,C2,D2,nonplanar,128.559539954377,/home/tianyajun/MARL_for_COFs/cof_symmetry_pipeline/output/xyz/aug_000540.xyz,original_remaining,0.9551658512274684,2.235614111639049
N#COc1ccc(C(=O)Oc2ccc(OC(=O)c3ccc(OC#N)cc3)cc2)cc1,bis_phenyl_ester_C2,OCN_direct,C2,C2,nonplanar,126.17383572462823,/home/tianyajun/MARL_for_COFs/cof_symmetry_pipeline/output/xyz/aug_000541.xyz,original_remaining,0.9828277651092272,2.2028860977293516
COc1ccc(-c2ccc(C(=O)Oc3ccc(OC(=O)c4ccc(-c5ccc(OC)cc5)cc4)cc3)cc2)cc1,bis_phenyl_ester_C2,OMe_ph,C2,D2,nonplanar,164.27306831367437,/home/tianyajun/MARL_for_COFs/cof_symmetry_pipeline/output/xyz/aug_000542.xyz,original_remaining,0.9580577062027691,2.2568413675141223
CC(=O)Oc1ccc(C(=O)Oc2ccc(OC(=O)c3ccc(OC(C)=O)cc3)cc2)cc1,bis_phenyl_ester_C2,Oacetyl_direct,C2,D2,nonplanar,128.05761227467352,/home/tianyajun/MARL_for_COFs/cof_symmetry_pipeline/output/xyz/aug_000543.xyz,original_remaining,1.0425977182529127,2.6245494546139363
O=C(Oc1ccc(OC(=O)c2ccc(P(=O)(Cl)Cl)cc2)cc1)c1ccc(P(=O)(Cl)Cl)cc1,bis_phenyl_ester_C2,POCl2_direct,C2,D2,nonplanar,182.02032882959472,/home/tianyajun/MARL_for_COFs/cof_symmetry_pipeline/output/xyz/aug_000544.xyz,original_remaining,0.8973233494250239,2.243399297523215
N#CSc1ccc(C(=O)Oc2ccc(OC(=O)c3ccc(SC#N)cc3)cc2)cc1,bis_phenyl_ester_C2,SCN_direct,C2,D2,nonplanar,114.97560258613647,/home/tianyajun/MARL_for_COFs/cof_symmetry_pipeline/output/xyz/aug_000545.xyz,original_remaining,1.0880081649332731,2.2391071761284618
O=C(Oc1ccc(OC(=O)c2ccc(S(=O)(=O)Cl)cc2)cc1)c1ccc(S(=O)(=O)Cl)cc1,bis_phenyl_ester_C2,SO2Cl_direct,C2,D2,nonplanar,178.5559044152235,/home/tianyajun/MARL_for_COFs/cof_symmetry_pipeline/output/xyz/aug_000547.xyz,original_remaining,1.0152354276441782,2.226937315704785
O=C(Oc1ccc(OC(=O)c2ccc(S(=O)(=O)O)cc2)cc1)c1ccc(S(=O)(=O)O)cc1,bis_phenyl_ester_C2,SO3H_direct,C2,D2,nonplanar,59.07754017548568,/home/tianyajun/MARL_for_COFs/cof_symmetry_pipeline/output/xyz/aug_000548.xyz,original_remaining,1.0478834251534956,2.1749561305713945
Brc1ccc(C#Cc2ccc(C#Cc3ccc(Br)cc3)cc2)cc1,bis_phenylethynyl_benzene_C2,Br_direct,C2,D2,nonplanar,43.77706563789168,/home/tianyajun/MARL_for_COFs/cof_symmetry_pipeline/output/xyz/aug_000549.xyz,original_remaining,0.8339164329725045,2.156459901487072
O=CC#Cc1ccc(C#Cc2ccc(C#Cc3ccc(C#CC=O)cc3)cc2)cc1,bis_phenylethynyl_benzene_C2,CCCHO_direct,C2,D2,nonplanar,48.402138479891526,/home/tianyajun/MARL_for_COFs/cof_symmetry_pipeline/output/xyz/aug_000551.xyz,original_remaining,0.7916980608816545,2.161170175657695
N#CC#Cc1ccc(C#Cc2ccc(C#Cc3ccc(C#CC#N)cc3)cc2)cc1,bis_phenylethynyl_benzene_C2,CCCN_direct,C2,C2,nonplanar,48.73632401213899,/home/tianyajun/MARL_for_COFs/cof_symmetry_pipeline/output/xyz/aug_000552.xyz,original_remaining,0.8966418312240471,2.1303950231174045
O=C(O)C#Cc1ccc(C#Cc2ccc(C#Cc3ccc(C#CC(=O)O)cc3)cc2)cc1,bis_phenylethynyl_benzene_C2,CCCOOH_direct,C2,D2h,nonplanar,-15.388956185761112,/home/tianyajun/MARL_for_COFs/cof_symmetry_pipeline/output/xyz/aug_000553.xyz,original_remaining,0.7305582247473279,2.1541645898969395
C#Cc1ccc(-c2ccc(C#Cc3ccc(C#Cc4ccc(-c5ccc(C#C)cc5)cc4)cc3)cc2)cc1,bis_phenylethynyl_benzene_C2,CCH_ph,C2,C2,nonplanar,89.76899670305451,/home/tianyajun/MARL_for_COFs/cof_symmetry_pipeline/output/xyz/aug_000555.xyz,original_remaining,0.8121127624320127,2.0611495145247116
O=C=NC#Cc1ccc(C#Cc2ccc(C#Cc3ccc(C#CN=C=O)cc3)cc2)cc1,bis_phenylethynyl_benzene_C2,CCNCO_direct,C2,D2,nonplanar,36.5813982373463,/home/tianyajun/MARL_for_COFs/cof_symmetry_pipeline/output/xyz/aug_000556.xyz,original_remaining,0.7850194916270142,2.1806639689807086
O=[N+]([O-])C#Cc1ccc(C#Cc2ccc(C#Cc3ccc(C#C[N+](=O)[O-])cc3)cc2)cc1,bis_phenylethynyl_benzene_C2,CCNO2_direct,C2,C2,nonplanar,53.47234514739513,/home/tianyajun/MARL_for_COFs/cof_symmetry_pipeline/output/xyz/aug_000557.xyz,original_remaining,0.7510844572463512,1.5103034349401945
OC#Cc1ccc(C#Cc2ccc(C#Cc3ccc(C#CO)cc3)cc2)cc1,bis_phenylethynyl_benzene_C2,CCOH_direct,C2,D2,nonplanar,40.57498901187949,/home/tianyajun/MARL_for_COFs/cof_symmetry_pipeline/output/xyz/aug_000558.xyz,original_remaining,0.795398558221717,2.191135146092202
FC(F)(F)c1ccc(C#Cc2ccc(C#Cc3ccc(C(F)(F)F)cc3)cc2)cc1,bis_phenylethynyl_benzene_C2,CF3_direct,C2,D2d,nonplanar,100.19480666545722,/home/tianyajun/MARL_for_COFs/cof_symmetry_pipeline/output/xyz/aug_000560.xyz,original_remaining,0.8372814784152355,2.1614261268466604
O=Cc1ccc(C#Cc2ccc(C#Cc3ccc(C=O)cc3)cc2)cc1,bis_phenylethynyl_benzene_C2,CHO_direct,C2,D2,nonplanar,75.38118460709552,/home/tianyajun/MARL_for_COFs/cof_symmetry_pipeline/output/xyz/aug_000562.xyz,original_remaining,0.8784045076515902,2.1391853171121213
N#Cc1ccc(C#Cc2ccc(C#Cc3ccc(C#N)cc3)cc2)cc1,bis_phenylethynyl_benzene_C2,CN_direct,C2,C2,nonplanar,72.55003337872989,/home/tianyajun/MARL_for_COFs/cof_symmetry_pipeline/output/xyz/aug_000564.xyz,original_remaining,0.8192922055219068,2.1230229167610895
N#Cc1ccc(-c2ccc(C#Cc3ccc(C#Cc4ccc(-c5ccc(C#N)cc5)cc4)cc3)cc2)cc1,bis_phenylethynyl_benzene_C2,CN_ph,C2,C2,nonplanar,117.37377630679109,/home/tianyajun/MARL_for_COFs/cof_symmetry_pipeline/output/xyz/aug_000565.xyz,original_remaining,0.7917789722906672,1.9774490839095376
O=C(Cl)c1ccc(C#Cc2ccc(C#Cc3ccc(C(=O)Cl)cc3)cc2)cc1,bis_phenylethynyl_benzene_C2,COCl_direct,C2,D2,nonplanar,96.77290298690735,/home/tianyajun/MARL_for_COFs/cof_symmetry_pipeline/output/xyz/aug_000566.xyz,original_remaining,0.9306389770187864,2.152402414051762
COC(=O)c1ccc(C#Cc2ccc(C#Cc3ccc(C(=O)OC)cc3)cc2)cc1,bis_phenylethynyl_benzene_C2,COOMe_direct,C2,D2,nonplanar,73.09060452128796,/home/tianyajun/MARL_for_COFs/cof_symmetry_pipeline/output/xyz/aug_000569.xyz,original_remaining,0.8150021228602141,1.638853274829958
Clc1ccc(C#Cc2ccc(C#Cc3ccc(Cl)cc3)cc2)cc1,bis_phenylethynyl_benzene_C2,Cl_direct,C2,C2,nonplanar,42.29563426132464,/home/tianyajun/MARL_for_COFs/cof_symmetry_pipeline/output/xyz/aug_000570.xyz,original_remaining,0.842083368543821,2.013586802420416
Clc1ccc(-c2ccc(C#Cc3ccc(C#Cc4ccc(-c5ccc(Cl)cc5)cc4)cc3)cc2)cc1,bis_phenylethynyl_benzene_C2,Cl_ph,C2,C2,nonplanar,87.63442668898813,/home/tianyajun/MARL_for_COFs/cof_symmetry_pipeline/output/xyz/aug_000571.xyz,original_remaining,0.9488448110581373,2.0376684340448463
[N-]=[N+]=Nc1ccc(C#Cc2ccc(C#Cc3ccc(N=[N+]=[N-])cc3)cc2)cc1,bis_phenylethynyl_benzene_C2,N3_direct,C2,D2,nonplanar,30.220923712010546,/home/tianyajun/MARL_for_COFs/cof_symmetry_pipeline/output/xyz/aug_000572.xyz,original_remaining,0.9526533038904794,2.3106435023989373
S=C=Nc1ccc(C#Cc2ccc(C#Cc3ccc(N=C=S)cc3)cc2)cc1,bis_phenylethynyl_benzene_C2,NCS_direct,C2,C2,nonplanar,35.568254267381505,/home/tianyajun/MARL_for_COFs/cof_symmetry_pipeline/output/xyz/aug_000574.xyz,original_remaining,1.003695988522639,2.4929771656475537
Nc1ccc(C#Cc2ccc(C#Cc3ccc(N)cc3)cc2)cc1,bis_phenylethynyl_benzene_C2,NH2_direct,C2,D2,nonplanar,24.82358176974165,/home/tianyajun/MARL_for_COFs/cof_symmetry_pipeline/output/xyz/aug_000575.xyz,original_remaining,0.8036064065015349,2.1036936443057916
O=CNc1ccc(C#Cc2ccc(C#Cc3ccc(NC=O)cc3)cc2)cc1,bis_phenylethynyl_benzene_C2,NHCHO_direct,C2,C2,nonplanar,4.632548911071569,/home/tianyajun/MARL_for_COFs/cof_symmetry_pipeline/output/xyz/aug_000576.xyz,original_remaining,0.7761450446153195,2.1633659605679867
N#CNc1ccc(C#Cc2ccc(C#Cc3ccc(NC#N)cc3)cc2)cc1,bis_phenylethynyl_benzene_C2,NHCN_direct,C2,D2,nonplanar,-11.44590749216373,/home/tianyajun/MARL_for_COFs/cof_symmetry_pipeline/output/xyz/aug_000577.xyz,original_remaining,0.8489786518822541,2.256785409340443
O=[N+]([O-])c1ccc(C#Cc2ccc(C#Cc3ccc([N+](=O)[O-])cc3)cc2)cc1,bis_phenylethynyl_benzene_C2,NO2_direct,C2,C2,nonplanar,112.57598500658162,/home/tianyajun/MARL_for_COFs/cof_symmetry_pipeline/output/xyz/aug_000578.xyz,original_remaining,0.7733348203255281,2.0876909109547093
O=[N+]([O-])c1ccc(-c2ccc(C#Cc3ccc(C#Cc4ccc(-c5ccc([N+](=O)[O-])cc5)cc4)cc3)cc2)cc1,bis_phenylethynyl_benzene_C2,NO2_ph,C2,C2,nonplanar,157.29015539013784,/home/tianyajun/MARL_for_COFs/cof_symmetry_pipeline/output/xyz/aug_000579.xyz,original_remaining,0.8169326799558511,1.7115650261342044
O=COc1ccc(C#Cc2ccc(C#Cc3ccc(OC=O)cc3)cc2)cc1,bis_phenylethynyl_benzene_C2,OCHO_direct,C2,D2,nonplanar,62.737931988791466,/home/tianyajun/MARL_for_COFs/cof_symmetry_pipeline/output/xyz/aug_000580.xyz,original_remaining,0.9194735383890358,2.216505234180391
N#COc1ccc(C#Cc2ccc(C#Cc3ccc(OC#N)cc3)cc2)cc1,bis_phenylethynyl_benzene_C2,OCN_direct,C2,C2,nonplanar,58.56257485498264,/home/tianyajun/MARL_for_COFs/cof_symmetry_pipeline/output/xyz/aug_000581.xyz,original_remaining,0.7882077244101114,2.1761773874423
Oc1ccc(-c2ccc(C#Cc3ccc(C#Cc4ccc(-c5ccc(O)cc5)cc4)cc3)cc2)cc1,bis_phenylethynyl_benzene_C2,OH_ph,C2,D2,nonplanar,68.48442338994022,/home/tianyajun/MARL_for_COFs/cof_symmetry_pipeline/output/xyz/aug_000583.xyz,original_remaining,0.8970198952853029,2.1476177694785052
COc1ccc(C#Cc2ccc(C#Cc3ccc(OC)cc3)cc2)cc1,bis_phenylethynyl_benzene_C2,OMe_direct,C2,D2h,nonplanar,52.580572930523736,/home/tianyajun/MARL_for_COFs/cof_symmetry_pipeline/output/xyz/aug_000584.xyz,original_remaining,0.7937110772779695,2.1633733671331847
O=P(Cl)(Cl)c1ccc(C#Cc2ccc(C#Cc3ccc(P(=O)(Cl)Cl)cc3)cc2)cc1,bis_phenylethynyl_benzene_C2,POCl2_direct,C2,D2,nonplanar,114.57091915094632,/home/tianyajun/MARL_for_COFs/cof_symmetry_pipeline/output/xyz/aug_000587.xyz,original_remaining,0.9182443793242098,2.141563429864481
N#CSc1ccc(C#Cc2ccc(C#Cc3ccc(SC#N)cc3)cc2)cc1,bis_phenylethynyl_benzene_C2,SCN_direct,C2,D2,nonplanar,47.17143760642816,/home/tianyajun/MARL_for_COFs/cof_symmetry_pipeline/output/xyz/aug_000588.xyz,original_remaining,1.0212353619770072,2.2822300189150684
Sc1ccc(C#Cc2ccc(C#Cc3ccc(S)cc3)cc2)cc1,bis_phenylethynyl_benzene_C2,SH_direct,C2,D2,nonplanar,37.79573358175581,/home/tianyajun/MARL_for_COFs/cof_symmetry_pipeline/output/xyz/aug_000589.xyz,original_remaining,0.8188828451958164,2.1693893771401367
O=S(=O)(Cl)c1ccc(C#Cc2ccc(C#Cc3ccc(S(=O)(=O)Cl)cc3)cc2)cc1,bis_phenylethynyl_benzene_C2,SO2Cl_direct,C2,D2h,nonplanar,109.82888672092376,/home/tianyajun/MARL_for_COFs/cof_symmetry_pipeline/output/xyz/aug_000590.xyz,original_remaining,0.8892246765718428,2.1664306247345846
CC(=O)c1ccc(C#Cc2ccc(C#Cc3ccc(C(C)=O)cc3)cc2)cc1,bis_phenylethynyl_benzene_C2,acetyl_direct,C2,D2,nonplanar,83.52626810867628,/home/tianyajun/MARL_for_COFs/cof_symmetry_pipeline/output/xyz/aug_000593.xyz,original_remaining,0.9201652684452284,2.2579320168900487
C#Cc1ccc(C#Cc2ccc(C#Cc3ccc(C#C)cc3)cc2)cc1,bis_phenylethynyl_benzene_C2,ethynyl_direct,C2,D2h,nonplanar,44.34065653546583,/home/tianyajun/MARL_for_COFs/cof_symmetry_pipeline/output/xyz/aug_000594.xyz,original_remaining,0.7815175220422311,2.1554067469961544
Cc1ccc(C#Cc2ccc(C#Cc3ccc(C)cc3)cc2)cc1,bis_phenylethynyl_benzene_C2,methyl_direct,C2,D2,nonplanar,50.35379338760065,/home/tianyajun/MARL_for_COFs/cof_symmetry_pipeline/output/xyz/aug_000595.xyz,original_remaining,0.8344349386092268,2.156250310032012
C=Cc1ccc(C#Cc2ccc(C#Cc3ccc(C=C)cc3)cc2)cc1,bis_phenylethynyl_benzene_C2,vinyl_direct,C2,D2,nonplanar,56.53013779008688,/home/tianyajun/MARL_for_COFs/cof_symmetry_pipeline/output/xyz/aug_000596.xyz,original_remaining,0.8742800520191336,2.186547373719129
O=Cc1ccc(C#Cc2ccc(C#Cc3ccc(C=O)cc3)s2)cc1,bis_phenylethynyl_thiophene_C2,CHO_direct,C2,C2,nonplanar,64.77434937011894,/home/tianyajun/MARL_for_COFs/cof_symmetry_pipeline/output/xyz/aug_000601.xyz,original_remaining,0.9284442521071691,1.7391972504673976
O=C(Cl)c1ccc(C#Cc2ccc(C#Cc3ccc(C(=O)Cl)cc3)s2)cc1,bis_phenylethynyl_thiophene_C2,COCl_direct,C2,D2,nonplanar,86.21005852678644,/home/tianyajun/MARL_for_COFs/cof_symmetry_pipeline/output/xyz/aug_000603.xyz,original_remaining,1.14176740429887,2.898183982942033
COC(=O)c1ccc(C#Cc2ccc(C#Cc3ccc(C(=O)OC)cc3)s2)cc1,bis_phenylethynyl_thiophene_C2,COOMe_direct,C2,D2,nonplanar,62.390355563766605,/home/tianyajun/MARL_for_COFs/cof_symmetry_pipeline/output/xyz/aug_000606.xyz,original_remaining,1.1058890658080285,2.357639225512421
O=C=Nc1ccc(C#Cc2ccc(C#Cc3ccc(N=C=O)cc3)s2)cc1,bis_phenylethynyl_thiophene_C2,NCO_direct,C2,C2,nonplanar,21.497716374039307,/home/tianyajun/MARL_for_COFs/cof_symmetry_pipeline/output/xyz/aug_000608.xyz,original_remaining,1.086007292422319,2.1812066260923073
S=C=Nc1ccc(C#Cc2ccc(C#Cc3ccc(N=C=S)cc3)s2)cc1,bis_phenylethynyl_thiophene_C2,NCS_direct,C2,C2,nonplanar,25.03078215851682,/home/tianyajun/MARL_for_COFs/cof_symmetry_pipeline/output/xyz/aug_000609.xyz,original_remaining,1.0840734556962535,2.1966993525993876
CS(=O)(=O)Nc1ccc(C#Cc2ccc(C#Cc3ccc(NS(C)(=O)=O)cc3)s2)cc1,bis_phenylethynyl_thiophene_C2,NHSO2_direct,C2,C2,nonplanar,-73.99216985894489,/home/tianyajun/MARL_for_COFs/cof_symmetry_pipeline/output/xyz/aug_000612.xyz,original_remaining,1.1248933115803406,2.401836166740035
N#COc1ccc(C#Cc2ccc(C#Cc3ccc(OC#N)cc3)s2)cc1,bis_phenylethynyl_thiophene_C2,OCN_direct,C2,D2,nonplanar,48.010450802557486,/home/tianyajun/MARL_for_COFs/cof_symmetry_pipeline/output/xyz/aug_000615.xyz,original_remaining,1.0916374083660836,2.814321353552985
Oc1ccc(C#Cc2ccc(C#Cc3ccc(O)cc3)s2)cc1,bis_phenylethynyl_thiophene_C2,OH_direct,C2,C2,nonplanar,12.42298347457622,/home/tianyajun/MARL_for_COFs/cof_symmetry_pipeline/output/xyz/aug_000616.xyz,original_remaining,0.9359463235489809,1.8184686832784425
COc1ccc(C#Cc2ccc(C#Cc3ccc(OC)cc3)s2)cc1,bis_phenylethynyl_thiophene_C2,OMe_direct,C2,C2,nonplanar,41.94256582360063,/home/tianyajun/MARL_for_COFs/cof_symmetry_pipeline/output/xyz/aug_000617.xyz,original_remaining,0.969320243706927,2.034729148335267
N#CSc1ccc(C#Cc2ccc(C#Cc3ccc(SC#N)cc3)s2)cc1,bis_phenylethynyl_thiophene_C2,SCN_direct,C2,C2v,nonplanar,36.75180940000946,/home/tianyajun/MARL_for_COFs/cof_symmetry_pipeline/output/xyz/aug_000618.xyz,original_remaining,1.1497227138632737,2.170284108353984
CC(=O)c1ccc(C#Cc2ccc(C#Cc3ccc(C(C)=O)cc3)s2)cc1,bis_phenylethynyl_thiophene_C2,acetyl_direct,C2,C2,nonplanar,72.89158321623675,/home/tianyajun/MARL_for_COFs/cof_symmetry_pipeline/output/xyz/aug_000620.xyz,original_remaining,0.9590725611800822,1.9385321419221704
CC(=O)c1ccc(-c2ccc(C#Cc3ccc(C#Cc4ccc(-c5ccc(C(C)=O)cc5)cc4)s3)cc2)cc1,bis_phenylethynyl_thiophene_C2,acetyl_ph,C2,C2,nonplanar,117.73573159903437,/home/tianyajun/MARL_for_COFs/cof_symmetry_pipeline/output/xyz/aug_000621.xyz,original_remaining,0.6875511311293611,1.6376493897140376
O=S(=O)(Br)Nc1ccc(NS(=O)(=O)Br)cc1,bis_sulfonamide_C2,Br_direct,C2,C2,nonplanar,-109.38517358433842,/home/tianyajun/MARL_for_COFs/cof_symmetry_pipeline/output/xyz/aug_000622.xyz,original_remaining,1.0582794086567047,2.1017372812985
O=S(=O)(C#CC(F)(F)F)Nc1ccc(NS(=O)(=O)C#CC(F)(F)F)cc1,bis_sulfonamide_C2,CCCF3_direct,C2,C2,nonplanar,-111.13690823462667,/home/tianyajun/MARL_for_COFs/cof_symmetry_pipeline/output/xyz/aug_000623.xyz,original_remaining,1.3164697563254053,2.399293248133873
O=CC#CS(=O)(=O)Nc1ccc(NS(=O)(=O)C#CC=O)cc1,bis_sulfonamide_C2,CCCHO_direct,C2,C2,nonplanar,-112.27476887347082,/home/tianyajun/MARL_for_COFs/cof_symmetry_pipeline/output/xyz/aug_000624.xyz,original_remaining,1.1451510357915469,2.279000373447883
C#Cc1ccc(S(=O)(=O)Nc2ccc(NS(=O)(=O)c3ccc(C#C)cc3)cc2)cc1,bis_sulfonamide_C2,CCH_ph,C2,C2,nonplanar,-31.099413983258263,/home/tianyajun/MARL_for_COFs/cof_symmetry_pipeline/output/xyz/aug_000626.xyz,original_remaining,1.3726178040833643,2.561867170155551
O=S(=O)(Nc1ccc(NS(=O)(=O)C(F)(F)F)cc1)C(F)(F)F,bis_sulfonamide_C2,CF3_direct,C2,C2,nonplanar,200.42150531237567,/home/tianyajun/MARL_for_COFs/cof_symmetry_pipeline/output/xyz/aug_000630.xyz,original_remaining,1.1466118586058969,2.2327833754982986
O=CS(=O)(=O)Nc1ccc(NS(=O)(=O)C=O)cc1,bis_sulfonamide_C2,CHO_direct,C2,C2,nonplanar,41.79983000554829,/home/tianyajun/MARL_for_COFs/cof_symmetry_pipeline/output/xyz/aug_000632.xyz,original_remaining,0.9890754548657105,1.949668781971999
N#CS(=O)(=O)Nc1ccc(NS(=O)(=O)C#N)cc1,bis_sulfonamide_C2,CN_direct,C2,C2,nonplanar,49.57607777944679,/home/tianyajun/MARL_for_COFs/cof_symmetry_pipeline/output/xyz/aug_000633.xyz,original_remaining,0.946332686024437,1.8110279638179083
O=C(O)S(=O)(=O)Nc1ccc(NS(=O)(=O)C(=O)O)cc1,bis_sulfonamide_C2,COOH_direct,C2,D2,nonplanar,128.41730807523217,/home/tianyajun/MARL_for_COFs/cof_symmetry_pipeline/output/xyz/aug_000635.xyz,original_remaining,1.2214572272676174,2.2938281130059
O=S(=O)(Cl)Nc1ccc(NS(=O)(=O)Cl)cc1,bis_sulfonamide_C2,Cl_direct,C2,C2,nonplanar,-114.44761393544756,/home/tianyajun/MARL_for_COFs/cof_symmetry_pipeline/output/xyz/aug_000637.xyz,original_remaining,0.8357590253308477,1.5927481732084434
O=S(=O)(I)Nc1ccc(NS(=O)(=O)I)cc1,bis_sulfonamide_C2,I_direct,C2,C2,nonplanar,-106.74958743063914,/home/tianyajun/MARL_for_COFs/cof_symmetry_pipeline/output/xyz/aug_000639.xyz,original_remaining,1.0428108144285466,2.6352666439941346
[N-]=[N+]=NS(=O)(=O)Nc1ccc(NS(=O)(=O)N=[N+]=[N-])cc1,bis_sulfonamide_C2,N3_direct,C2,C2,nonplanar,-289.47343959800133,/home/tianyajun/MARL_for_COFs/cof_symmetry_pipeline/output/xyz/aug_000640.xyz,original_remaining,1.130602621229407,2.1742784691902868
O=C=NS(=O)(=O)Nc1ccc(NS(=O)(=O)N=C=O)cc1,bis_sulfonamide_C2,NCO_direct,C2,C2,nonplanar,-308.89792417570493,/home/tianyajun/MARL_for_COFs/cof_symmetry_pipeline/output/xyz/aug_000641.xyz,original_remaining,1.226152632247522,2.3019509569663827
NS(=O)(=O)Nc1ccc(NS(N)(=O)=O)cc1,bis_sulfonamide_C2,NH2_direct,C2,C2,nonplanar,-373.30542974109255,/home/tianyajun/MARL_for_COFs/cof_symmetry_pipeline/output/xyz/aug_000642.xyz,original_remaining,1.1289285411349617,2.2158812455566594
Nc1ccc(S(=O)(=O)Nc2ccc(NS(=O)(=O)c3ccc(N)cc3)cc2)cc1,bis_sulfonamide_C2,NH2_ph,C2,C2,nonplanar,-51.79712178228667,/home/tianyajun/MARL_for_COFs/cof_symmetry_pipeline/output/xyz/aug_000643.xyz,original_remaining,1.2898881663684387,2.43677299842821
O=CNS(=O)(=O)Nc1ccc(NS(=O)(=O)NC=O)cc1,bis_sulfonamide_C2,NHCHO_direct,C2,C2,nonplanar,-426.260165080767,/home/tianyajun/MARL_for_COFs/cof_symmetry_pipeline/output/xyz/aug_000645.xyz,original_remaining,1.1575814412689587,2.1992526137958155
CC(=O)NS(=O)(=O)Nc1ccc(NS(=O)(=O)NC(C)=O)cc1,bis_sulfonamide_C2,NHacetyl_direct,C2,C2,nonplanar,-423.5918333966201,/home/tianyajun/MARL_for_COFs/cof_symmetry_pipeline/output/xyz/aug_000647.xyz,original_remaining,1.263793958949831,2.238741036773045
O=[N+]([O-])S(=O)(=O)Nc1ccc(NS(=O)(=O)[N+](=O)[O-])cc1,bis_sulfonamide_C2,NO2_direct,C2,D2,nonplanar,191.63234189903216,/home/tianyajun/MARL_for_COFs/cof_symmetry_pipeline/output/xyz/aug_000648.xyz,original_remaining,1.0403607588010115,2.142523750074881
O=S(=O)(O)Nc1ccc(NS(=O)(=O)O)cc1,bis_sulfonamide_C2,OH_direct,C2,C2,nonplanar,-279.1033748534608,/home/tianyajun/MARL_for_COFs/cof_symmetry_pipeline/output/xyz/aug_000650.xyz,original_remaining,1.1637498995779778,2.338276641897776
COS(=O)(=O)Nc1ccc(NS(=O)(=O)OC)cc1,bis_sulfonamide_C2,OMe_direct,C2,C2,nonplanar,-199.9800805778476,/home/tianyajun/MARL_for_COFs/cof_symmetry_pipeline/output/xyz/aug_000652.xyz,original_remaining,1.1377792605859853,2.2413316683192863
O=S(=O)(S)Nc1ccc(NS(=O)(=O)S)cc1,bis_sulfonamide_C2,SH_direct,C2,D2,nonplanar,-162.4967997331899,/home/tianyajun/MARL_for_COFs/cof_symmetry_pipeline/output/xyz/aug_000655.xyz,original_remaining,1.0216551151391047,2.0337340827459034
NS(=O)(=O)S(=O)(=O)Nc1ccc(NS(=O)(=O)S(N)(=O)=O)cc1,bis_sulfonamide_C2,SO2NH2_direct,C2,C2,nonplanar,197.60334143490908,/home/tianyajun/MARL_for_COFs/cof_symmetry_pipeline/output/xyz/aug_000657.xyz,original_remaining,1.2960824476843729,2.2202778765585163
C[Si](C)(C)S(=O)(=O)Nc1ccc(NS(=O)(=O)[Si](C)(C)C)cc1,bis_sulfonamide_C2,SiMe3_direct,C2,C2,nonplanar,-26.78912805360835,/home/tianyajun/MARL_for_COFs/cof_symmetry_pipeline/output/xyz/aug_000658.xyz,original_remaining,1.3928103313757214,2.3543438875507876
C#CS(=O)(=O)Nc1ccc(NS(=O)(=O)C#C)cc1,bis_sulfonamide_C2,ethynyl_direct,C2,C2,nonplanar,-76.04960855746184,/home/tianyajun/MARL_for_COFs/cof_symmetry_pipeline/output/xyz/aug_000661.xyz,original_remaining,1.2834012076326642,2.226336484911838
CS(=O)(=O)Nc1ccc(NS(C)(=O)=O)cc1,bis_sulfonamide_C2,methyl_direct,C2,D2,nonplanar,-93.0436484383962,/home/tianyajun/MARL_for_COFs/cof_symmetry_pipeline/output/xyz/aug_000662.xyz,original_remaining,1.189617146006878,2.1643652587769076
Brc1ccc(-c2ccc(Br)s2)s1,bithiophene_C2,Br_direct,C2,C2v,planar,12.560574017781242,/home/tianyajun/MARL_for_COFs/cof_symmetry_pipeline/output/xyz/aug_000664.xyz,original_remaining,5.306710858226142e-06,1.168057046763149e-05
FC(F)(F)C#Cc1ccc(-c2ccc(C#CC(F)(F)F)s2)s1,bithiophene_C2,CCCF3_direct,C2,C2,planar,16.532280313578653,/home/tianyajun/MARL_for_COFs/cof_symmetry_pipeline/output/xyz/aug_000665.xyz,original_remaining,0.48273993074119187,1.3693763640098373
O=CC#Cc1ccc(-c2ccc(C#CC=O)s2)s1,bithiophene_C2,CCCHO_direct,C2,C2,planar,13.837950966956218,/home/tianyajun/MARL_for_COFs/cof_symmetry_pipeline/output/xyz/aug_000666.xyz,original_remaining,0.22386497110113948,0.4150679220320195
N#CC#Cc1ccc(-c2ccc(C#CC#N)s2)s1,bithiophene_C2,CCCN_direct,C2,C2,planar,14.260109301066644,/home/tianyajun/MARL_for_COFs/cof_symmetry_pipeline/output/xyz/aug_000667.xyz,original_remaining,0.229240467142726,0.422273077845343
O=C(O)C#Cc1ccc(-c2ccc(C#CC(=O)O)s2)s1,bithiophene_C2,CCCOOH_direct,C2,C2,planar,-50.129866068412994,/home/tianyajun/MARL_for_COFs/cof_symmetry_pipeline/output/xyz/aug_000668.xyz,original_remaining,0.2399720215834387,0.46240060981294095
COC(=O)C#Cc1ccc(-c2ccc(C#CC(=O)OC)s2)s1,bithiophene_C2,CCCOOMe_direct,C2,C2,planar,-9.045148036149603,/home/tianyajun/MARL_for_COFs/cof_symmetry_pipeline/output/xyz/aug_000669.xyz,original_remaining,0.39870356019839437,0.9948242402888603
C#Cc1ccc(-c2ccc(-c3ccc(-c4ccc(C#C)cc4)s3)s2)cc1,bithiophene_C2,CCH_ph,C2,C2,nonplanar,59.37297642002375,/home/tianyajun/MARL_for_COFs/cof_symmetry_pipeline/output/xyz/aug_000670.xyz,original_remaining,0.6514597593142486,1.304069750133442
O=C=NC#Cc1ccc(-c2ccc(C#CN=C=O)s2)s1,bithiophene_C2,CCNCO_direct,C2,C2,planar,7.960857337445314,/home/tianyajun/MARL_for_COFs/cof_symmetry_pipeline/output/xyz/aug_000672.xyz,original_remaining,0.2859349744910178,0.5159090495760831
NC#Cc1ccc(-c2ccc(C#CN)s2)s1,bithiophene_C2,CCNH2_direct,C2,C2,planar,11.566380955378868,/home/tianyajun/MARL_for_COFs/cof_symmetry_pipeline/output/xyz/aug_000673.xyz,original_remaining,0.40345760061389635,0.9820851988693258
O=[N+]([O-])C#Cc1ccc(-c2ccc(C#C[N+](=O)[O-])s2)s1,bithiophene_C2,CCNO2_direct,C2,C2,planar,14.751083323223764,/home/tianyajun/MARL_for_COFs/cof_symmetry_pipeline/output/xyz/aug_000674.xyz,original_remaining,0.23837098112976185,0.42388639570458797
OC#Cc1ccc(-c2ccc(C#CO)s2)s1,bithiophene_C2,CCOH_direct,C2,C2,planar,13.385794041396789,/home/tianyajun/MARL_for_COFs/cof_symmetry_pipeline/output/xyz/aug_000675.xyz,original_remaining,0.23536620440255782,0.4234557072067453
CC(=O)C#Cc1ccc(-c2ccc(C#CC(C)=O)s2)s1,bithiophene_C2,CCacetyl_direct,C2,C2,planar,17.361888048385914,/home/tianyajun/MARL_for_COFs/cof_symmetry_pipeline/output/xyz/aug_000676.xyz,original_remaining,0.407776770031707,1.1582853653982166
FC(F)(F)c1ccc(-c2ccc(C(F)(F)F)s2)s1,bithiophene_C2,CF3_direct,C2,C2,nonplanar,54.22194930048076,/home/tianyajun/MARL_for_COFs/cof_symmetry_pipeline/output/xyz/aug_000677.xyz,original_remaining,0.5163216880410665,1.329176086956633
O=Cc1ccc(-c2ccc(C=O)s2)s1,bithiophene_C2,CHO_direct,C2,C2v,planar,40.21148152261841,/home/tianyajun/MARL_for_COFs/cof_symmetry_pipeline/output/xyz/aug_000678.xyz,original_remaining,7.950029386019206e-05,0.0001557681563804092
O=Cc1ccc(-c2ccc(-c3ccc(-c4ccc(C=O)cc4)s3)s2)cc1,bithiophene_C2,CHO_ph,C2,C2,nonplanar,89.98852906471625,/home/tianyajun/MARL_for_COFs/cof_symmetry_pipeline/output/xyz/aug_000679.xyz,original_remaining,0.6757484874676166,1.307307895901933
O=Cc1ccc(-c2ccc(-c3ccc(-c4ccc(-c5ccc(-c6ccc(C=O)cc6)cc5)s4)s3)cc2)cc1,bithiophene_C2,CHO_phph,C2,C2,nonplanar,135.22549936127882,/home/tianyajun/MARL_for_COFs/cof_symmetry_pipeline/output/xyz/aug_000680.xyz,original_remaining,0.6311174882495246,1.2894732403630689
N#Cc1ccc(-c2ccc(C#N)s2)s1,bithiophene_C2,CN_direct,C2,C2,planar,33.925518958305645,/home/tianyajun/MARL_for_COFs/cof_symmetry_pipeline/output/xyz/aug_000681.xyz,original_remaining,0.22887651291516137,0.3970088612164011
N#Cc1ccc(-c2ccc(-c3ccc(-c4ccc(C#N)cc4)s3)s2)cc1,bithiophene_C2,CN_ph,C2,C2,nonplanar,87.37948855027676,/home/tianyajun/MARL_for_COFs/cof_symmetry_pipeline/output/xyz/aug_000682.xyz,original_remaining,0.6765576545990797,1.3164740685643999
N#Cc1ccc(-c2ccc(-c3ccc(-c4ccc(-c5ccc(-c6ccc(C#N)cc6)cc5)s4)s3)cc2)cc1,bithiophene_C2,CN_phph,C2,C2,nonplanar,132.09114356687866,/home/tianyajun/MARL_for_COFs/cof_symmetry_pipeline/output/xyz/aug_000683.xyz,original_remaining,0.6321433986341505,1.3168937634641655
O=C(Cl)c1ccc(-c2ccc(C(=O)Cl)s2)s1,bithiophene_C2,COCl_direct,C2,C2v,planar,54.865024215350736,/home/tianyajun/MARL_for_COFs/cof_symmetry_pipeline/output/xyz/aug_000684.xyz,original_remaining,1.1198339106051572e-05,1.911783550995194e-05
NC(=O)c1ccc(-c2ccc(C(N)=O)s2)s1,bithiophene_C2,CONH2_direct,C2,C2h,planar,-38.66699480892869,/home/tianyajun/MARL_for_COFs/cof_symmetry_pipeline/output/xyz/aug_000685.xyz,original_remaining,0.059276461370142315,0.09558458020169602
O=C(O)c1ccc(-c2ccc(C(=O)O)s2)s1,bithiophene_C2,COOH_direct,C2,C2,planar,-15.547149708934697,/home/tianyajun/MARL_for_COFs/cof_symmetry_pipeline/output/xyz/aug_000686.xyz,original_remaining,0.2552362619627435,0.4282523203428191
O=C(O)c1ccc(-c2ccc(-c3ccc(-c4ccc(-c5ccc(-c6ccc(C(=O)O)cc6)cc5)s4)s3)cc2)cc1,bithiophene_C2,COOH_phph,C2,C2,nonplanar,94.52020742760888,/home/tianyajun/MARL_for_COFs/cof_symmetry_pipeline/output/xyz/aug_000688.xyz,original_remaining,0.6951388441583083,1.6177248482165467
COC(=O)c1ccc(-c2ccc(C(=O)OC)s2)s1,bithiophene_C2,COOMe_direct,C2,C2,planar,25.893468376887704,/home/tianyajun/MARL_for_COFs/cof_symmetry_pipeline/output/xyz/aug_000689.xyz,original_remaining,0.42993146920116093,1.0120974594840837
Clc1ccc(-c2ccc(Cl)s2)s1,bithiophene_C2,Cl_direct,C2,C2h,planar,10.459003416712246,/home/tianyajun/MARL_for_COFs/cof_symmetry_pipeline/output/xyz/aug_000690.xyz,original_remaining,1.2233824868418157e-06,2.7998746661636598e-06
Clc1ccc(-c2ccc(-c3ccc(-c4ccc(Cl)cc4)s3)s2)cc1,bithiophene_C2,Cl_ph,C2,C2,nonplanar,57.28903649822957,/home/tianyajun/MARL_for_COFs/cof_symmetry_pipeline/output/xyz/aug_000691.xyz,original_remaining,0.6903009796834769,1.300075494663825
Ic1ccc(-c2ccc(I)s2)s1,bithiophene_C2,I_direct,C2,C2h,planar,11.929437785984408,/home/tianyajun/MARL_for_COFs/cof_symmetry_pipeline/output/xyz/aug_000692.xyz,original_remaining,4.599273701256935e-06,1.1420903716252706e-05
[N-]=[N+]=Nc1ccc(-c2ccc(N=[N+]=[N-])s2)s1,bithiophene_C2,N3_direct,C2,C2,planar,5.5771810393999806,/home/tianyajun/MARL_for_COFs/cof_symmetry_pipeline/output/xyz/aug_000693.xyz,original_remaining,0.3789427802481871,0.9638842830740091
[N-]=[N+]=Nc1ccc(-c2ccc(-c3ccc(-c4ccc(N=[N+]=[N-])cc4)s3)s2)cc1,bithiophene_C2,N3_ph,C2,C2,nonplanar,45.16523084660362,/home/tianyajun/MARL_for_COFs/cof_symmetry_pipeline/output/xyz/aug_000694.xyz,original_remaining,0.7800074919031373,1.5135143304933916
O=C=Nc1ccc(-c2ccc(N=C=O)s2)s1,bithiophene_C2,NCO_direct,C2,C2,planar,6.100479432690283,/home/tianyajun/MARL_for_COFs/cof_symmetry_pipeline/output/xyz/aug_000695.xyz,original_remaining,0.3342144549834027,0.8643718389160675
S=C=Nc1ccc(-c2ccc(N=C=S)s2)s1,bithiophene_C2,NCS_direct,C2,C2,nonplanar,10.32597984130864,/home/tianyajun/MARL_for_COFs/cof_symmetry_pipeline/output/xyz/aug_000696.xyz,original_remaining,0.8187639934177791,2.2262650362039844
Nc1ccc(-c2ccc(N)s2)s1,bithiophene_C2,NH2_direct,C2,C2,planar,-13.064939357272028,/home/tianyajun/MARL_for_COFs/cof_symmetry_pipeline/output/xyz/aug_000697.xyz,original_remaining,0.1955378439543574,0.3767044973874445
Nc1ccc(-c2ccc(-c3ccc(-c4ccc(N)cc4)s3)s2)cc1,bithiophene_C2,NH2_ph,C2,C2,nonplanar,40.08683717229562,/home/tianyajun/MARL_for_COFs/cof_symmetry_pipeline/output/xyz/aug_000698.xyz,original_remaining,0.6426323691521637,1.216629884609464
Nc1ccc(-c2ccc(-c3ccc(-c4ccc(-c5ccc(-c6ccc(N)cc6)cc5)s4)s3)cc2)cc1,bithiophene_C2,NH2_phph,C2,C2,nonplanar,84.39906429130704,/home/tianyajun/MARL_for_COFs/cof_symmetry_pipeline/output/xyz/aug_000699.xyz,original_remaining,0.7899176045105933,1.5309606025786617
O=CNc1ccc(-c2ccc(NC=O)s2)s1,bithiophene_C2,NHCHO_direct,C2,C2,planar,-9.500587222576192,/home/tianyajun/MARL_for_COFs/cof_symmetry_pipeline/output/xyz/aug_000700.xyz,original_remaining,0.44481783961118515,0.7585156043137
CS(=O)(=O)Nc1ccc(-c2ccc(NS(C)(=O)=O)s2)s1,bithiophene_C2,NHSO2_direct,C2,C2,nonplanar,-101.0025857397328,/home/tianyajun/MARL_for_COFs/cof_symmetry_pipeline/output/xyz/aug_000702.xyz,original_remaining,0.9168547692903324,1.66009389917995
CC(=O)Nc1ccc(-c2ccc(NC(C)=O)s2)s1,bithiophene_C2,NHacetyl_direct,C2,C2,planar,-6.731499131784222,/home/tianyajun/MARL_for_COFs/cof_symmetry_pipeline/output/xyz/aug_000703.xyz,original_remaining,0.3271615750505372,0.9791870753240601
O=[N+]([O-])c1ccc(-c2ccc([N+](=O)[O-])s2)s1,bithiophene_C2,NO2_direct,C2,C2v,planar,63.14161257457693,/home/tianyajun/MARL_for_COFs/cof_symmetry_pipeline/output/xyz/aug_000704.xyz,original_remaining,4.538109592457286e-05,8.937977770218097e-05
O=[N+]([O-])c1ccc(-c2ccc(-c3ccc(-c4ccc([N+](=O)[O-])cc4)s3)s2)cc1,bithiophene_C2,NO2_ph,C2,C2h,planar,128.7111899213188,/home/tianyajun/MARL_for_COFs/cof_symmetry_pipeline/output/xyz/aug_000705.xyz,original_remaining,0.0002567821559531452,0.000636363085056324
O=[N+]([O-])c1ccc(-c2ccc(-c3ccc(-c4ccc(-c5ccc(-c6ccc([N+](=O)[O-])cc6)cc5)s4)s3)cc2)cc1,bithiophene_C2,NO2_phph,C2,C2,nonplanar,171.04520443842716,/home/tianyajun/MARL_for_COFs/cof_symmetry_pipeline/output/xyz/aug_000706.xyz,original_remaining,0.7291695803849739,1.5999658118747793
O=COc1ccc(-c2ccc(OC=O)s2)s1,bithiophene_C2,OCHO_direct,C2,C2,planar,27.771654598111247,/home/tianyajun/MARL_for_COFs/cof_symmetry_pipeline/output/xyz/aug_000707.xyz,original_remaining,0.19134222929293696,0.3600412537943569
N#COc1ccc(-c2ccc(OC#N)s2)s1,bithiophene_C2,OCN_direct,C2,C2h,planar,24.74671664071667,/home/tianyajun/MARL_for_COFs/cof_symmetry_pipeline/output/xyz/aug_000708.xyz,original_remaining,2.1976352509862335e-05,4.615833631557015e-05
Oc1ccc(-c2ccc(O)s2)s1,bithiophene_C2,OH_direct,C2,C2,planar,-6.008955807192933,/home/tianyajun/MARL_for_COFs/cof_symmetry_pipeline/output/xyz/aug_000709.xyz,original_remaining,0.21794084243166378,0.35983427474901
Oc1ccc(-c2ccc(-c3ccc(-c4ccc(O)cc4)s3)s2)cc1,bithiophene_C2,OH_ph,C2,C2,nonplanar,37.93635545242114,/home/tianyajun/MARL_for_COFs/cof_symmetry_pipeline/output/xyz/aug_000710.xyz,original_remaining,0.6664159857170597,1.2530927225054485
Oc1ccc(-c2ccc(-c3ccc(-c4ccc(-c5ccc(-c6ccc(O)cc6)cc5)s4)s3)cc2)cc1,bithiophene_C2,OH_phph,C2,C2,nonplanar,83.3393408423812,/home/tianyajun/MARL_for_COFs/cof_symmetry_pipeline/output/xyz/aug_000711.xyz,original_remaining,0.6359599735910864,1.3196091761087319
COc1ccc(-c2ccc(OC)s2)s1,bithiophene_C2,OMe_direct,C2,C2,planar,21.509171967600256,/home/tianyajun/MARL_for_COFs/cof_symmetry_pipeline/output/xyz/aug_000712.xyz,original_remaining,0.44330323220362877,1.1516277507836825
COc1ccc(-c2ccc(-c3ccc(-c4ccc(OC)cc4)s3)s2)cc1,bithiophene_C2,OMe_ph,C2,C2,nonplanar,67.46845372952197,/home/tianyajun/MARL_for_COFs/cof_symmetry_pipeline/output/xyz/aug_000713.xyz,original_remaining,0.6881978153466701,1.3926610648297104
CC(=O)Oc1ccc(-c2ccc(OC(C)=O)s2)s1,bithiophene_C2,Oacetyl_direct,C2,C2,planar,27.161928088112223,/home/tianyajun/MARL_for_COFs/cof_symmetry_pipeline/output/xyz/aug_000714.xyz,original_remaining,0.3789105758047913,1.058590865975321
O=P(O)(O)c1ccc(-c2ccc(P(=O)(O)O)s2)s1,bithiophene_C2,PO3H2_direct,C2,C2,nonplanar,-231.3474787237757,/home/tianyajun/MARL_for_COFs/cof_symmetry_pipeline/output/xyz/aug_000715.xyz,original_remaining,0.6952543884527611,1.5831855255287355
O=P(Cl)(Cl)c1ccc(-c2ccc(P(=O)(Cl)Cl)s2)s1,bithiophene_C2,POCl2_direct,C2,D2h,nonplanar,67.41923672464901,/home/tianyajun/MARL_for_COFs/cof_symmetry_pipeline/output/xyz/aug_000716.xyz,original_remaining,0.6767359431316092,1.5871861160738936
N#CSc1ccc(-c2ccc(SC#N)s2)s1,bithiophene_C2,SCN_direct,C2,C2,nonplanar,15.177792171393632,/home/tianyajun/MARL_for_COFs/cof_symmetry_pipeline/output/xyz/aug_000717.xyz,original_remaining,0.6118509986596972,1.2947589049711299
Sc1ccc(-c2ccc(S)s2)s1,bithiophene_C2,SH_direct,C2,C2,planar,6.842615835721106,/home/tianyajun/MARL_for_COFs/cof_symmetry_pipeline/output/xyz/aug_000718.xyz,original_remaining,0.244473891775382,0.38924288425144216
O=S(=O)(Cl)c1ccc(-c2ccc(S(=O)(=O)Cl)s2)s1,bithiophene_C2,SO2Cl_direct,C2,C2,nonplanar,64.77693764401802,/home/tianyajun/MARL_for_COFs/cof_symmetry_pipeline/output/xyz/aug_000719.xyz,original_remaining,0.6689963905326105,1.8952613956688864
NS(=O)(=O)c1ccc(-c2ccc(S(N)(=O)=O)s2)s1,bithiophene_C2,SO2NH2_direct,C2,C2,nonplanar,-121.38491869582826,/home/tianyajun/MARL_for_COFs/cof_symmetry_pipeline/output/xyz/aug_000720.xyz,original_remaining,0.8299901973896076,1.8096326132708733
C[Si](C)(C)c1ccc(-c2ccc([Si](C)(C)C)s2)s1,bithiophene_C2,SiMe3_direct,C2,C2,nonplanar,26.733460817222262,/home/tianyajun/MARL_for_COFs/cof_symmetry_pipeline/output/xyz/aug_000721.xyz,original_remaining,1.204757786698353,2.5093464536617853
CC(=O)c1ccc(-c2ccc(C(C)=O)s2)s1,bithiophene_C2,acetyl_direct,C2,C2,planar,48.0040210946341,/home/tianyajun/MARL_for_COFs/cof_symmetry_pipeline/output/xyz/aug_000722.xyz,original_remaining,0.44213399000859543,1.0217046256864788
C#Cc1ccc(-c2ccc(C#C)s2)s1,bithiophene_C2,ethynyl_direct,C2,C2,planar,14.830552837629147,/home/tianyajun/MARL_for_COFs/cof_symmetry_pipeline/output/xyz/aug_000724.xyz,original_remaining,0.2335925858914993,0.41913930517528875
Cc1ccc(-c2ccc(C)s2)s1,bithiophene_C2,methyl_direct,C2,C2,planar,19.365059777636567,/home/tianyajun/MARL_for_COFs/cof_symmetry_pipeline/output/xyz/aug_000725.xyz,original_remaining,0.4367803968764728,1.1005607491486598
Cc1ccc(-c2ccc(-c3ccc(-c4ccc(C)cc4)s3)s2)cc1,bithiophene_C2,methyl_ph,C2,C2,nonplanar,65.28522849530592,/home/tianyajun/MARL_for_COFs/cof_symmetry_pipeline/output/xyz/aug_000726.xyz,original_remaining,0.6893526503901558,1.2953175220232267
C=Cc1ccc(-c2ccc(C=C)s2)s1,bithiophene_C2,vinyl_direct,C2,C2v,planar,30.629699960604302,/home/tianyajun/MARL_for_COFs/cof_symmetry_pipeline/output/xyz/aug_000727.xyz,original_remaining,0.0001687425453793044,0.00029373340336585896
BrC1=CC(Br)=CC(Br)=CC(Br)=C1,cyclooctatetraene_C4,Br_direct,C4,S4,nonplanar,17.938068744581027,/home/tianyajun/MARL_for_COFs/cof_symmetry_pipeline/output/xyz/aug_000728.xyz,original_remaining,0.9320289346336654,1.4676169834332695
FC(F)(F)C#CC1=CC(C#CC(F)(F)F)=CC(C#CC(F)(F)F)=CC(C#CC(F)(F)F)=C1,cyclooctatetraene_C4,CCCF3_direct,C4,S4,nonplanar,42.78838571798185,/home/tianyajun/MARL_for_COFs/cof_symmetry_pipeline/output/xyz/aug_000729.xyz,original_remaining,2.181811561697314,3.8170415105002924
O=CC#CC1=CC(C#CC=O)=CC(C#CC=O)=CC(C#CC=O)=C1,cyclooctatetraene_C4,CCCHO_direct,C4,S4,nonplanar,31.50294270824748,/home/tianyajun/MARL_for_COFs/cof_symmetry_pipeline/output/xyz/aug_000730.xyz,original_remaining,2.0086648580417474,3.096412830223506
N#CC#CC1=CC(C#CC#N)=CC(C#CC#N)=CC(C#CC#N)=C1,cyclooctatetraene_C4,CCCN_direct,C4,S4,nonplanar,34.95280446689249,/home/tianyajun/MARL_for_COFs/cof_symmetry_pipeline/output/xyz/aug_000731.xyz,original_remaining,1.9442669887857702,3.4708140197267747
C#Cc1ccc(C2=CC(c3ccc(C#C)cc3)=CC(c3ccc(C#C)cc3)=CC(c3ccc(C#C)cc3)=C2)cc1,cyclooctatetraene_C4,CCH_ph,C4,S4,nonplanar,120.20671364303594,/home/tianyajun/MARL_for_COFs/cof_symmetry_pipeline/output/xyz/aug_000732.xyz,original_remaining,2.8063770373112247,5.2924561963649355
NC#CC1=CC(C#CN)=CC(C#CN)=CC(C#CN)=C1,cyclooctatetraene_C4,CCNH2_direct,C4,S4,nonplanar,9.230063882496523,/home/tianyajun/MARL_for_COFs/cof_symmetry_pipeline/output/xyz/aug_000733.xyz,original_remaining,2.028776746045779,3.6851108277382547
O=[N+]([O-])C#CC1=CC(C#C[N+](=O)[O-])=CC(C#C[N+](=O)[O-])=CC(C#C[N+](=O)[O-])=C1,cyclooctatetraene_C4,CCNO2_direct,C4,S4,nonplanar,44.61163402629475,/home/tianyajun/MARL_for_COFs/cof_symmetry_pipeline/output/xyz/aug_000734.xyz,original_remaining,2.054384566449559,3.5909825721971758
OC#CC1=CC(C#CO)=CC(C#CO)=CC(C#CO)=C1,cyclooctatetraene_C4,CCOH_direct,C4,S4,nonplanar,18.24469997320341,/home/tianyajun/MARL_for_COFs/cof_symmetry_pipeline/output/xyz/aug_000735.xyz,original_remaining,1.8194623926756508,3.1152482439499973
FC(F)(F)C1=CC(C(F)(F)F)=CC(C(F)(F)F)=CC(C(F)(F)F)=C1,cyclooctatetraene_C4,CF3_direct,C4,S4,nonplanar,140.0524032662369,/home/tianyajun/MARL_for_COFs/cof_symmetry_pipeline/output/xyz/aug_000736.xyz,original_remaining,1.3340956477335808,2.205559516481849
O=CC1=CC(C=O)=CC(C=O)=CC(C=O)=C1,cyclooctatetraene_C4,CHO_direct,C4,S4,nonplanar,75.47759720777273,/home/tianyajun/MARL_for_COFs/cof_symmetry_pipeline/output/xyz/aug_000737.xyz,original_remaining,1.1012917427173834,1.740534793855947
N#CC1=CC(C#N)=CC(C#N)=CC(C#N)=C1,cyclooctatetraene_C4,CN_direct,C4,S4,nonplanar,71.82149784070785,/home/tianyajun/MARL_for_COFs/cof_symmetry_pipeline/output/xyz/aug_000738.xyz,original_remaining,1.1367978610461447,1.8995539102170247
N#Cc1ccc(C2=CC(c3ccc(C#N)cc3)=CC(c3ccc(C#N)cc3)=CC(c3ccc(C#N)cc3)=C2)cc1,cyclooctatetraene_C4,CN_ph,C4,S4,nonplanar,176.5205437961249,/home/tianyajun/MARL_for_COFs/cof_symmetry_pipeline/output/xyz/aug_000739.xyz,original_remaining,2.5631139927291993,4.601117475487591
O=C(O)c1ccc(C2=CC(c3ccc(C(=O)O)cc3)=CC(c3ccc(C(=O)O)cc3)=CC(c3ccc(C(=O)O)cc3)=C2)cc1,cyclooctatetraene_C4,COOH_ph,C4,S4,nonplanar,102.65604652168616,/home/tianyajun/MARL_for_COFs/cof_symmetry_pipeline/output/xyz/aug_000742.xyz,original_remaining,2.9411994312182657,5.505750398152583
ClC1=CC(Cl)=CC(Cl)=CC(Cl)=C1,cyclooctatetraene_C4,Cl_direct,C4,S4,nonplanar,11.581139574044762,/home/tianyajun/MARL_for_COFs/cof_symmetry_pipeline/output/xyz/aug_000743.xyz,original_remaining,0.8672357462860566,1.3338003619796077
Clc1ccc(C2=CC(c3ccc(Cl)cc3)=CC(c3ccc(Cl)cc3)=CC(c3ccc(Cl)cc3)=C2)cc1,cyclooctatetraene_C4,Cl_ph,C4,S4,nonplanar,116.11433337095067,/home/tianyajun/MARL_for_COFs/cof_symmetry_pipeline/output/xyz/aug_000744.xyz,original_remaining,2.37118354499039,4.260830896732416
IC1=CC(I)=CC(I)=CC(I)=C1,cyclooctatetraene_C4,I_direct,C4,S4,nonplanar,23.62954095303032,/home/tianyajun/MARL_for_COFs/cof_symmetry_pipeline/output/xyz/aug_000745.xyz,original_remaining,1.007861018111727,1.6416552467558625
[N-]=[N+]=NC1=CC(N=[N+]=[N-])=CC(N=[N+]=[N-])=CC(N=[N+]=[N-])=C1,cyclooctatetraene_C4,N3_direct,C4,S4,nonplanar,2.803770726173952,/home/tianyajun/MARL_for_COFs/cof_symmetry_pipeline/output/xyz/aug_000746.xyz,original_remaining,1.6699247174157348,2.5439579990804644
Nc1ccc(C2=CC(c3ccc(N)cc3)=CC(c3ccc(N)cc3)=CC(c3ccc(N)cc3)=C2)cc1,cyclooctatetraene_C4,NH2_ph,C4,S4,nonplanar,81.68636293595318,/home/tianyajun/MARL_for_COFs/cof_symmetry_pipeline/output/xyz/aug_000749.xyz,original_remaining,2.6470522088822857,4.775460956872437
O=CNC1=CC(NC=O)=CC(NC=O)=CC(NC=O)=C1,cyclooctatetraene_C4,NHCHO_direct,C4,S4,nonplanar,-46.36213788226253,/home/tianyajun/MARL_for_COFs/cof_symmetry_pipeline/output/xyz/aug_000750.xyz,original_remaining,1.296638219696705,2.1332881768298324
O=[N+]([O-])C1=CC([N+](=O)[O-])=CC([N+](=O)[O-])=CC([N+](=O)[O-])=C1,cyclooctatetraene_C4,NO2_direct,C4,S4,nonplanar,102.72789248698814,/home/tianyajun/MARL_for_COFs/cof_symmetry_pipeline/output/xyz/aug_000752.xyz,original_remaining,1.184026637962761,2.0109361123333063
O=[N+]([O-])c1ccc(C2=CC(c3ccc([N+](=O)[O-])cc3)=CC(c3ccc([N+](=O)[O-])cc3)=CC(c3ccc([N+](=O)[O-])cc3)=C2)cc1,cyclooctatetraene_C4,NO2_ph,C4,S4,nonplanar,256.8036455085356,/home/tianyajun/MARL_for_COFs/cof_symmetry_pipeline/output/xyz/aug_000753.xyz,original_remaining,2.7026686358770937,4.979243460462187
COC1=CC(OC)=CC(OC)=CC(OC)=C1,cyclooctatetraene_C4,OMe_direct,C4,S4,nonplanar,38.529404013968495,/home/tianyajun/MARL_for_COFs/cof_symmetry_pipeline/output/xyz/aug_000757.xyz,original_remaining,1.8288952369458347,2.8455925566425955
O=P(Cl)(Cl)C1=CC(P(=O)(Cl)Cl)=CC(P(=O)(Cl)Cl)=CC(P(=O)(Cl)Cl)=C1,cyclooctatetraene_C4,POCl2_direct,C4,S4,nonplanar,177.26080032836657,/home/tianyajun/MARL_for_COFs/cof_symmetry_pipeline/output/xyz/aug_000759.xyz,original_remaining,1.6107799490041361,3.328791455453504
C#CC1=CC(C#C)=CC(C#C)=CC(C#C)=C1,cyclooctatetraene_C4,ethynyl_direct,C4,S4,nonplanar,24.736246490105376,/home/tianyajun/MARL_for_COFs/cof_symmetry_pipeline/output/xyz/aug_000763.xyz,original_remaining,1.4499626999554416,2.497425340379344
CC1=CC(C)=CC(C)=CC(C)=C1,cyclooctatetraene_C4,methyl_direct,C4,S4,nonplanar,42.0667227749141,/home/tianyajun/MARL_for_COFs/cof_symmetry_pipeline/output/xyz/aug_000764.xyz,original_remaining,1.2517672647018725,1.9836400367864309
C=CC1=CC(C=C)=CC(C=C)=CC(C=C)=C1,cyclooctatetraene_C4,vinyl_direct,C4,S4,nonplanar,60.0410396308759,/home/tianyajun/MARL_for_COFs/cof_symmetry_pipeline/output/xyz/aug_000765.xyz,original_remaining,1.519434587585678,2.5103410290817867
OB(O)C#Cc1ccc(C#CB(O)O)cc1,diethynylbenzene_C2,BOH2_direct,C2,C2,planar,9.757080529278271,/home/tianyajun/MARL_for_COFs/cof_symmetry_pipeline/output/xyz/aug_000766.xyz,original_remaining,0.49966542259106744,1.352363699668035
BrC#Cc1ccc(C#CBr)cc1,diethynylbenzene_C2,Br_direct,C2,D2h,planar,14.998170200540372,/home/tianyajun/MARL_for_COFs/cof_symmetry_pipeline/output/xyz/aug_000767.xyz,original_remaining,7.231488201785364e-07,1.8263903237558665e-06
FC(F)(F)C#CC#Cc1ccc(C#CC#CC(F)(F)F)cc1,diethynylbenzene_C2,CCCF3_direct,C2,D2,planar,15.534415319622273,/home/tianyajun/MARL_for_COFs/cof_symmetry_pipeline/output/xyz/aug_000768.xyz,original_remaining,0.42893825677103276,1.2347373856114638
O=CC#CC#Cc1ccc(C#CC#CC=O)cc1,diethynylbenzene_C2,CCCHO_direct,C2,C2,planar,14.403288747069528,/home/tianyajun/MARL_for_COFs/cof_symmetry_pipeline/output/xyz/aug_000769.xyz,original_remaining,0.11213579941732527,0.28611453004081877
N#CC#CC#Cc1ccc(C#CC#CC#N)cc1,diethynylbenzene_C2,CCCN_direct,C2,D2h,planar,14.350397428160765,/home/tianyajun/MARL_for_COFs/cof_symmetry_pipeline/output/xyz/aug_000770.xyz,original_remaining,6.133344132390249e-07,1.4038644446934256e-06
O=C(O)C#CC#Cc1ccc(C#CC#CC(=O)O)cc1,diethynylbenzene_C2,CCCOOH_direct,C2,C2h,planar,-50.046411768279086,/home/tianyajun/MARL_for_COFs/cof_symmetry_pipeline/output/xyz/aug_000771.xyz,original_remaining,0.024127982006967637,0.06981440724184562
COC(=O)C#CC#Cc1ccc(C#CC#CC(=O)OC)cc1,diethynylbenzene_C2,CCCOOMe_direct,C2,C2v,planar,-8.940539869796181,/home/tianyajun/MARL_for_COFs/cof_symmetry_pipeline/output/xyz/aug_000772.xyz,original_remaining,0.3216257881819713,0.9046454447393497
O=C=NC#CC#Cc1ccc(C#CC#CN=C=O)cc1,diethynylbenzene_C2,CCNCO_direct,C2,C2,planar,9.137340807394883,/home/tianyajun/MARL_for_COFs/cof_symmetry_pipeline/output/xyz/aug_000773.xyz,original_remaining,0.07005194142390278,0.25061949266075656
NC#CC#Cc1ccc(C#CC#CN)cc1,diethynylbenzene_C2,CCNH2_direct,C2,C2v,planar,13.586658530601191,/home/tianyajun/MARL_for_COFs/cof_symmetry_pipeline/output/xyz/aug_000774.xyz,original_remaining,0.3356283567378143,0.8420843125645077
O=[N+]([O-])C#CC#Cc1ccc(C#CC#C[N+](=O)[O-])cc1,diethynylbenzene_C2,CCNO2_direct,C2,D2h,planar,14.624608554439046,/home/tianyajun/MARL_for_COFs/cof_symmetry_pipeline/output/xyz/aug_000775.xyz,original_remaining,0.025566236383776694,0.08473410403147297
OC#CC#Cc1ccc(C#CC#CO)cc1,diethynylbenzene_C2,CCOH_direct,C2,C2,planar,14.988605063560607,/home/tianyajun/MARL_for_COFs/cof_symmetry_pipeline/output/xyz/aug_000776.xyz,original_remaining,0.24869232496062404,0.7933379081490051
CC(=O)C#CC#Cc1ccc(C#CC#CC(C)=O)cc1,diethynylbenzene_C2,CCacetyl_direct,C2,C2,planar,18.015723041236136,/home/tianyajun/MARL_for_COFs/cof_symmetry_pipeline/output/xyz/aug_000777.xyz,original_remaining,0.33504352482793787,1.0440360480606028
FC(F)(F)C#Cc1ccc(C#CC(F)(F)F)cc1,diethynylbenzene_C2,CF3_direct,C2,C2,planar,25.04589646934126,/home/tianyajun/MARL_for_COFs/cof_symmetry_pipeline/output/xyz/aug_000778.xyz,original_remaining,0.4663251649494375,1.2257965117457612
O=CC#Cc1ccc(C#CC=O)cc1,diethynylbenzene_C2,CHO_direct,C2,C2h,planar,19.199733790179447,/home/tianyajun/MARL_for_COFs/cof_symmetry_pipeline/output/xyz/aug_000779.xyz,original_remaining,4.192650184668345e-06,1.280935255842941e-05
N#CC#Cc1ccc(C#CC#N)cc1,diethynylbenzene_C2,CN_direct,C2,D2h,planar,19.731685984651687,/home/tianyajun/MARL_for_COFs/cof_symmetry_pipeline/output/xyz/aug_000780.xyz,original_remaining,9.117955579819468e-07,1.8050639871702856e-06
O=C(Cl)C#Cc1ccc(C#CC(=O)Cl)cc1,diethynylbenzene_C2,COCl_direct,C2,C2v,planar,21.806016600901632,/home/tianyajun/MARL_for_COFs/cof_symmetry_pipeline/output/xyz/aug_000781.xyz,original_remaining,0.0087414897534427,0.02839441862177794
NC(=O)C#Cc1ccc(C#CC(N)=O)cc1,diethynylbenzene_C2,CONH2_direct,C2,D2h,nonplanar,-64.48526766669868,/home/tianyajun/MARL_for_COFs/cof_symmetry_pipeline/output/xyz/aug_000782.xyz,original_remaining,0.7250828760084884,1.6636506322394768
O=C(O)C#Cc1ccc(C#CC(=O)O)cc1,diethynylbenzene_C2,COOH_direct,C2,C2v,planar,-44.523935578439286,/home/tianyajun/MARL_for_COFs/cof_symmetry_pipeline/output/xyz/aug_000783.xyz,original_remaining,2.4825885314259586e-05,6.095258885085997e-05
COC(=O)C#Cc1ccc(C#CC(=O)OC)cc1,diethynylbenzene_C2,COOMe_direct,C2,C2,planar,-2.7426938512363392,/home/tianyajun/MARL_for_COFs/cof_symmetry_pipeline/output/xyz/aug_000784.xyz,original_remaining,0.4192524669354806,0.8581274477292193
ClC#Cc1ccc(C#CCl)cc1,diethynylbenzene_C2,Cl_direct,C2,D2h,planar,15.29094078411193,/home/tianyajun/MARL_for_COFs/cof_symmetry_pipeline/output/xyz/aug_000785.xyz,original_remaining,8.935330208882706e-07,1.6496595568460393e-06
[N-]=[N+]=NC#Cc1ccc(C#CN=[N+]=[N-])cc1,diethynylbenzene_C2,N3_direct,C2,C2v,planar,8.955002884619063,/home/tianyajun/MARL_for_COFs/cof_symmetry_pipeline/output/xyz/aug_000786.xyz,original_remaining,2.1421161937497754e-05,6.627438893308524e-05
O=C=NC#Cc1ccc(C#CN=C=O)cc1,diethynylbenzene_C2,NCO_direct,C2,C2,planar,7.534167396450154,/home/tianyajun/MARL_for_COFs/cof_symmetry_pipeline/output/xyz/aug_000787.xyz,original_remaining,0.2463541531421046,0.7800463708416452
S=C=NC#Cc1ccc(C#CN=C=S)cc1,diethynylbenzene_C2,NCS_direct,C2,C2,planar,10.972561022085817,/home/tianyajun/MARL_for_COFs/cof_symmetry_pipeline/output/xyz/aug_000788.xyz,original_remaining,0.1410079525807899,0.39050222696895265
NC#Cc1ccc(C#CN)cc1,diethynylbenzene_C2,NH2_direct,C2,C2,planar,6.51665819241479,/home/tianyajun/MARL_for_COFs/cof_symmetry_pipeline/output/xyz/aug_000789.xyz,original_remaining,0.3519474148722669,0.8521944914641298
O=CNC#Cc1ccc(C#CNC=O)cc1,diethynylbenzene_C2,NHCHO_direct,C2,C2h,planar,-16.97774765833087,/home/tianyajun/MARL_for_COFs/cof_symmetry_pipeline/output/xyz/aug_000790.xyz,original_remaining,0.008010649355205764,0.02546143613063112
N#CNC#Cc1ccc(C#CNC#N)cc1,diethynylbenzene_C2,NHCN_direct,C2,C2,planar,-31.754989250797003,/home/tianyajun/MARL_for_COFs/cof_symmetry_pipeline/output/xyz/aug_000791.xyz,original_remaining,0.3233473029269029,0.7950778419621098
CS(=O)(=O)NC#Cc1ccc(C#CNS(C)(=O)=O)cc1,diethynylbenzene_C2,NHSO2_direct,C2,C2,nonplanar,-90.01239615618002,/home/tianyajun/MARL_for_COFs/cof_symmetry_pipeline/output/xyz/aug_000792.xyz,original_remaining,0.9882036983340717,1.8614665364939431
CC(=O)NC#Cc1ccc(C#CNC(C)=O)cc1,diethynylbenzene_C2,NHacetyl_direct,C2,C2,planar,-11.20634701937982,/home/tianyajun/MARL_for_COFs/cof_symmetry_pipeline/output/xyz/aug_000793.xyz,original_remaining,0.3290694058532636,1.038492502817593
O=[N+]([O-])C#Cc1ccc(C#C[N+](=O)[O-])cc1,diethynylbenzene_C2,NO2_direct,C2,D2h,planar,24.504056222592308,/home/tianyajun/MARL_for_COFs/cof_symmetry_pipeline/output/xyz/aug_000794.xyz,original_remaining,1.1956224696410611e-05,3.188978228374495e-05
O=COC#Cc1ccc(C#COC=O)cc1,diethynylbenzene_C2,OCHO_direct,C2,C2v,planar,17.976482344053487,/home/tianyajun/MARL_for_COFs/cof_symmetry_pipeline/output/xyz/aug_000795.xyz,original_remaining,6.269716005114383e-06,2.0040773573093418e-05
N#COC#Cc1ccc(C#COC#N)cc1,diethynylbenzene_C2,OCN_direct,C2,C2h,planar,14.127242782662456,/home/tianyajun/MARL_for_COFs/cof_symmetry_pipeline/output/xyz/aug_000796.xyz,original_remaining,0.03314180529660911,0.09249512450110364
OC#Cc1ccc(C#CO)cc1,diethynylbenzene_C2,OH_direct,C2,C2v,planar,11.44359222172932,/home/tianyajun/MARL_for_COFs/cof_symmetry_pipeline/output/xyz/aug_000797.xyz,original_remaining,0.2885240926917901,0.8160222034276294
COC#Cc1ccc(C#COC)cc1,diethynylbenzene_C2,OMe_direct,C2,C2h,nonplanar,18.88164657085648,/home/tianyajun/MARL_for_COFs/cof_symmetry_pipeline/output/xyz/aug_000798.xyz,original_remaining,0.5297082499203706,0.9869395076739015
CC(=O)OC#Cc1ccc(C#COC(C)=O)cc1,diethynylbenzene_C2,Oacetyl_direct,C2,C2v,planar,17.272728180383847,/home/tianyajun/MARL_for_COFs/cof_symmetry_pipeline/output/xyz/aug_000799.xyz,original_remaining,0.33973930796458995,0.8988778438155949
O=P(Cl)(Cl)C#Cc1ccc(C#CP(=O)(Cl)Cl)cc1,diethynylbenzene_C2,POCl2_direct,C2,D2h,nonplanar,42.4152288192704,/home/tianyajun/MARL_for_COFs/cof_symmetry_pipeline/output/xyz/aug_000801.xyz,original_remaining,0.6848005487783277,1.660897931948862
N#CSC#Cc1ccc(C#CSC#N)cc1,diethynylbenzene_C2,SCN_direct,C2,C2,planar,12.649448235897545,/home/tianyajun/MARL_for_COFs/cof_symmetry_pipeline/output/xyz/aug_000802.xyz,original_remaining,0.10853393684836554,0.27381915632559584
SC#Cc1ccc(C#CS)cc1,diethynylbenzene_C2,SH_direct,C2,C2v,planar,13.324490863945428,/home/tianyajun/MARL_for_COFs/cof_symmetry_pipeline/output/xyz/aug_000803.xyz,original_remaining,0.4189897367321965,1.1850714940642737
O=S(=O)(Cl)C#Cc1ccc(C#CS(=O)(=O)Cl)cc1,diethynylbenzene_C2,SO2Cl_direct,C2,D2h,nonplanar,35.35397161910057,/home/tianyajun/MARL_for_COFs/cof_symmetry_pipeline/output/xyz/aug_000804.xyz,original_remaining,0.6204527531563516,1.7235936644240901
NS(=O)(=O)C#Cc1ccc(C#CS(N)(=O)=O)cc1,diethynylbenzene_C2,SO2NH2_direct,C2,C2v,nonplanar,-154.2945446299088,/home/tianyajun/MARL_for_COFs/cof_symmetry_pipeline/output/xyz/aug_000805.xyz,original_remaining,0.8903224745207206,1.730407891253018
O=S(=O)(O)C#Cc1ccc(C#CS(=O)(=O)O)cc1,diethynylbenzene_C2,SO3H_direct,C2,C2,nonplanar,-79.06192757891486,/home/tianyajun/MARL_for_COFs/cof_symmetry_pipeline/output/xyz/aug_000806.xyz,original_remaining,0.7575877070866351,1.8347922055638632
C[Si](C)(C)C#Cc1ccc(C#C[Si](C)(C)C)cc1,diethynylbenzene_C2,SiMe3_direct,C2,C2,nonplanar,15.56978990853604,/home/tianyajun/MARL_for_COFs/cof_symmetry_pipeline/output/xyz/aug_000807.xyz,original_remaining,1.177387649310187,2.4644527876473816
C#CC#Cc1ccc(C#CC#C)cc1,diethynylbenzene_C2,ethynyl_direct,C2,D2h,planar,14.624554090467386,/home/tianyajun/MARL_for_COFs/cof_symmetry_pipeline/output/xyz/aug_000809.xyz,original_remaining,7.161620789256389e-06,1.8619328774338584e-05
CC#Cc1ccc(C#CC)cc1,diethynylbenzene_C2,methyl_direct,C2,C2h,planar,14.978658268840697,/home/tianyajun/MARL_for_COFs/cof_symmetry_pipeline/output/xyz/aug_000810.xyz,original_remaining,0.37761822655843114,0.9418489471993087
C=CC#Cc1ccc(C#CC=C)cc1,diethynylbenzene_C2,vinyl_direct,C2,C2h,nonplanar,19.67136453996075,/home/tianyajun/MARL_for_COFs/cof_symmetry_pipeline/output/xyz/aug_000811.xyz,original_remaining,0.6929516267747794,1.5511830443500942
Brc1ccc(C#Cc2ccc(Br)cc2)cc1,diphenylacetylene_C2,Br_direct,C2,D2d,nonplanar,29.2086931228228,/home/tianyajun/MARL_for_COFs/cof_symmetry_pipeline/output/xyz/aug_000812.xyz,original_remaining,1.0093120122307473,1.5252193582074256
FC(F)(F)C#Cc1ccc(C#Cc2ccc(C#CC(F)(F)F)cc2)cc1,diphenylacetylene_C2,CCCF3_direct,C2,D2,nonplanar,39.573270314089214,/home/tianyajun/MARL_for_COFs/cof_symmetry_pipeline/output/xyz/aug_000813.xyz,original_remaining,0.9270851072966666,1.5268775329506878
O=CC#Cc1ccc(C#Cc2ccc(C#CC=O)cc2)cc1,diphenylacetylene_C2,CCCHO_direct,C2,C2,nonplanar,33.85162907689471,/home/tianyajun/MARL_for_COFs/cof_symmetry_pipeline/output/xyz/aug_000814.xyz,original_remaining,0.5903975422498899,1.0341940937412688
N#CC#Cc1ccc(C#Cc2ccc(C#CC#N)cc2)cc1,diphenylacetylene_C2,CCCN_direct,C2,D2d,nonplanar,34.123700752211974,/home/tianyajun/MARL_for_COFs/cof_symmetry_pipeline/output/xyz/aug_000815.xyz,original_remaining,0.9026749228530904,1.526160161551082
O=C(O)C#Cc1ccc(C#Cc2ccc(C#CC(=O)O)cc2)cc1,diphenylacetylene_C2,CCCOOH_direct,C2,D2,nonplanar,-29.96073916672788,/home/tianyajun/MARL_for_COFs/cof_symmetry_pipeline/output/xyz/aug_000816.xyz,original_remaining,0.8890224260074215,1.582702581003606
COC(=O)C#Cc1ccc(C#Cc2ccc(C#CC(=O)OC)cc2)cc1,diphenylacetylene_C2,CCCOOMe_direct,C2,C2,nonplanar,11.79886698007584,/home/tianyajun/MARL_for_COFs/cof_symmetry_pipeline/output/xyz/aug_000817.xyz,original_remaining,0.7116081995277719,1.3025118630467454
C#Cc1ccc(-c2ccc(C#Cc3ccc(-c4ccc(C#C)cc4)cc3)cc2)cc1,diphenylacetylene_C2,CCH_ph,C2,C2,nonplanar,75.0835158894212,/home/tianyajun/MARL_for_COFs/cof_symmetry_pipeline/output/xyz/aug_000818.xyz,original_remaining,0.7520990992926946,1.6019004849107716
C#Cc1ccc(-c2ccc(-c3ccc(C#Cc4ccc(-c5ccc(-c6ccc(C#C)cc6)cc5)cc4)cc3)cc2)cc1,diphenylacetylene_C2,CCH_phph,C2,C2,nonplanar,120.22630845612984,/home/tianyajun/MARL_for_COFs/cof_symmetry_pipeline/output/xyz/aug_000819.xyz,original_remaining,0.8535605830194396,2.1475606127340185
O=C=NC#Cc1ccc(C#Cc2ccc(C#CN=C=O)cc2)cc1,diphenylacetylene_C2,CCNCO_direct,C2,D2,nonplanar,22.00718460237193,/home/tianyajun/MARL_for_COFs/cof_symmetry_pipeline/output/xyz/aug_000820.xyz,original_remaining,0.9237180255162297,1.7417720447085474
NC#Cc1ccc(C#Cc2ccc(C#CN)cc2)cc1,diphenylacetylene_C2,CCNH2_direct,C2,D2,nonplanar,21.08495484211918,/home/tianyajun/MARL_for_COFs/cof_symmetry_pipeline/output/xyz/aug_000821.xyz,original_remaining,0.8234367308121734,1.4769145531150096
O=[N+]([O-])C#Cc1ccc(C#Cc2ccc(C#C[N+](=O)[O-])cc2)cc1,diphenylacetylene_C2,CCNO2_direct,C2,D2d,nonplanar,38.79142722698172,/home/tianyajun/MARL_for_COFs/cof_symmetry_pipeline/output/xyz/aug_000822.xyz,original_remaining,0.905101949220075,1.504773046100363
OC#Cc1ccc(C#Cc2ccc(C#CO)cc2)cc1,diphenylacetylene_C2,CCOH_direct,C2,D2,nonplanar,25.9866174072369,/home/tianyajun/MARL_for_COFs/cof_symmetry_pipeline/output/xyz/aug_000823.xyz,original_remaining,0.9041830760791498,1.585903801884359
CC(=O)C#Cc1ccc(C#Cc2ccc(C#CC(C)=O)cc2)cc1,diphenylacetylene_C2,CCacetyl_direct,C2,D2,nonplanar,37.39457686776036,/home/tianyajun/MARL_for_COFs/cof_symmetry_pipeline/output/xyz/aug_000824.xyz,original_remaining,0.9320830576556622,1.6965427563161866
FC(F)(F)c1ccc(C#Cc2ccc(C(F)(F)F)cc2)cc1,diphenylacetylene_C2,CF3_direct,C2,D2,nonplanar,85.6366947134729,/home/tianyajun/MARL_for_COFs/cof_symmetry_pipeline/output/xyz/aug_000825.xyz,original_remaining,0.9669599595024376,1.4929102326277137
FC(F)(F)c1ccc(-c2ccc(C#Cc3ccc(-c4ccc(C(F)(F)F)cc4)cc3)cc2)cc1,diphenylacetylene_C2,CF3_ph,C2,D2,nonplanar,129.89594873073275,/home/tianyajun/MARL_for_COFs/cof_symmetry_pipeline/output/xyz/aug_000826.xyz,original_remaining,0.738878881431438,1.3485808980057405
O=Cc1ccc(C#Cc2ccc(C=O)cc2)cc1,diphenylacetylene_C2,CHO_direct,C2,D2,nonplanar,60.82898253305165,/home/tianyajun/MARL_for_COFs/cof_symmetry_pipeline/output/xyz/aug_000827.xyz,original_remaining,0.8683354509116304,1.3647390904941246
O=Cc1ccc(-c2ccc(C#Cc3ccc(-c4ccc(C=O)cc4)cc3)cc2)cc1,diphenylacetylene_C2,CHO_ph,C2,C2,nonplanar,105.66131985929796,/home/tianyajun/MARL_for_COFs/cof_symmetry_pipeline/output/xyz/aug_000828.xyz,original_remaining,0.7434054591741375,1.5681994071973664
O=Cc1ccc(-c2ccc(-c3ccc(C#Cc4ccc(-c5ccc(-c6ccc(C=O)cc6)cc5)cc4)cc3)cc2)cc1,diphenylacetylene_C2,CHO_phph,C2,D2,nonplanar,150.67701794450318,/home/tianyajun/MARL_for_COFs/cof_symmetry_pipeline/output/xyz/aug_000829.xyz,original_remaining,0.98389572678745,1.903016289548372
N#Cc1ccc(C#Cc2ccc(C#N)cc2)cc1,diphenylacetylene_C2,CN_direct,C2,D2d,nonplanar,58.063423104328905,/home/tianyajun/MARL_for_COFs/cof_symmetry_pipeline/output/xyz/aug_000830.xyz,original_remaining,0.9701303834314049,1.5280584542917683
N#Cc1ccc(-c2ccc(C#Cc3ccc(-c4ccc(C#N)cc4)cc3)cc2)cc1,diphenylacetylene_C2,CN_ph,C2,C2,nonplanar,102.6993881560334,/home/tianyajun/MARL_for_COFs/cof_symmetry_pipeline/output/xyz/aug_000831.xyz,original_remaining,0.8325785117580383,1.7667238873473807
N#Cc1ccc(-c2ccc(-c3ccc(C#Cc4ccc(-c5ccc(-c6ccc(C#N)cc6)cc5)cc4)cc3)cc2)cc1,diphenylacetylene_C2,CN_phph,C2,C2,nonplanar,147.79150855435918,/home/tianyajun/MARL_for_COFs/cof_symmetry_pipeline/output/xyz/aug_000832.xyz,original_remaining,0.8762582234735697,2.202227808609991
O=C(Cl)c1ccc(C#Cc2ccc(C(=O)Cl)cc2)cc1,diphenylacetylene_C2,COCl_direct,C2,D2,nonplanar,82.24223632374166,/home/tianyajun/MARL_for_COFs/cof_symmetry_pipeline/output/xyz/aug_000833.xyz,original_remaining,0.9643459528858672,1.4883005678715833
NC(=O)c1ccc(C#Cc2ccc(C(N)=O)cc2)cc1,diphenylacetylene_C2,CONH2_direct,C2,C2,nonplanar,7.312815838946935,/home/tianyajun/MARL_for_COFs/cof_symmetry_pipeline/output/xyz/aug_000834.xyz,original_remaining,0.859669224184139,1.5050758166730658
O=C(O)c1ccc(C#Cc2ccc(C(=O)O)cc2)cc1,diphenylacetylene_C2,COOH_direct,C2,D2,nonplanar,21.15083651726633,/home/tianyajun/MARL_for_COFs/cof_symmetry_pipeline/output/xyz/aug_000835.xyz,original_remaining,0.9526298239419073,1.5567988772633294
O=C(O)c1ccc(-c2ccc(C#Cc3ccc(-c4ccc(C(=O)O)cc4)cc3)cc2)cc1,diphenylacetylene_C2,COOH_ph,C2,C2,nonplanar,66.10627353502849,/home/tianyajun/MARL_for_COFs/cof_symmetry_pipeline/output/xyz/aug_000836.xyz,original_remaining,0.6636656484042206,1.1717652433229082
COC(=O)c1ccc(C#Cc2ccc(C(=O)OC)cc2)cc1,diphenylacetylene_C2,COOMe_direct,C2,C2,nonplanar,58.40641912794269,/home/tianyajun/MARL_for_COFs/cof_symmetry_pipeline/output/xyz/aug_000837.xyz,original_remaining,0.7993332299254065,1.366468311201159
Clc1ccc(C#Cc2ccc(Cl)cc2)cc1,diphenylacetylene_C2,Cl_direct,C2,D2d,nonplanar,27.722883645264247,/home/tianyajun/MARL_for_COFs/cof_symmetry_pipeline/output/xyz/aug_000838.xyz,original_remaining,1.0090064061830522,1.5254476040335203
Clc1ccc(-c2ccc(C#Cc3ccc(-c4ccc(Cl)cc4)cc3)cc2)cc1,diphenylacetylene_C2,Cl_ph,C2,C2,nonplanar,72.97552499689567,/home/tianyajun/MARL_for_COFs/cof_symmetry_pipeline/output/xyz/aug_000839.xyz,original_remaining,0.9361941368409059,1.9100616153045074
Ic1ccc(C#Cc2ccc(I)cc2)cc1,diphenylacetylene_C2,I_direct,C2,D2d,nonplanar,30.82848937178995,/home/tianyajun/MARL_for_COFs/cof_symmetry_pipeline/output/xyz/aug_000840.xyz,original_remaining,1.0099230394226026,1.5400471275625414
[N-]=[N+]=Nc1ccc(C#Cc2ccc(N=[N+]=[N-])cc2)cc1,diphenylacetylene_C2,N3_direct,C2,D2,nonplanar,15.65984074541913,/home/tianyajun/MARL_for_COFs/cof_symmetry_pipeline/output/xyz/aug_000841.xyz,original_remaining,0.9940572814215947,1.8261635361550306
[N-]=[N+]=Nc1ccc(-c2ccc(C#Cc3ccc(-c4ccc(N=[N+]=[N-])cc4)cc3)cc2)cc1,diphenylacetylene_C2,N3_ph,C2,D2,nonplanar,60.985877575158085,/home/tianyajun/MARL_for_COFs/cof_symmetry_pipeline/output/xyz/aug_000842.xyz,original_remaining,0.798327834710852,1.890605653111215
O=C=Nc1ccc(C#Cc2ccc(N=C=O)cc2)cc1,diphenylacetylene_C2,NCO_direct,C2,D2,nonplanar,17.45640195693712,/home/tianyajun/MARL_for_COFs/cof_symmetry_pipeline/output/xyz/aug_000843.xyz,original_remaining,1.0136478329226393,1.8967254761540684
S=C=Nc1ccc(C#Cc2ccc(N=C=S)cc2)cc1,diphenylacetylene_C2,NCS_direct,C2,D2,nonplanar,21.01032527436443,/home/tianyajun/MARL_for_COFs/cof_symmetry_pipeline/output/xyz/aug_000844.xyz,original_remaining,1.0347495828021056,1.881873525907689
Nc1ccc(C#Cc2ccc(N)cc2)cc1,diphenylacetylene_C2,NH2_direct,C2,D2,nonplanar,10.255414873867458,/home/tianyajun/MARL_for_COFs/cof_symmetry_pipeline/output/xyz/aug_000845.xyz,original_remaining,0.9448815312921097,1.565674761957811
Nc1ccc(-c2ccc(C#Cc3ccc(-c4ccc(N)cc4)cc3)cc2)cc1,diphenylacetylene_C2,NH2_ph,C2,C2,nonplanar,55.820571973905686,/home/tianyajun/MARL_for_COFs/cof_symmetry_pipeline/output/xyz/aug_000846.xyz,original_remaining,0.7582786344232925,1.617578771802624
Nc1ccc(-c2ccc(-c3ccc(C#Cc4ccc(-c5ccc(-c6ccc(N)cc6)cc5)cc4)cc3)cc2)cc1,diphenylacetylene_C2,NH2_phph,C2,D2,nonplanar,101.0693849894931,/home/tianyajun/MARL_for_COFs/cof_symmetry_pipeline/output/xyz/aug_000847.xyz,original_remaining,0.6307134498103141,1.3461361900258428
O=CNc1ccc(C#Cc2ccc(NC=O)cc2)cc1,diphenylacetylene_C2,NHCHO_direct,C2,C2,nonplanar,-10.012949119109653,/home/tianyajun/MARL_for_COFs/cof_symmetry_pipeline/output/xyz/aug_000848.xyz,original_remaining,0.7236605917188783,1.2100015096003114
N#CNc1ccc(C#Cc2ccc(NC#N)cc2)cc1,diphenylacetylene_C2,NHCN_direct,C2,C2,nonplanar,-25.945034360336244,/home/tianyajun/MARL_for_COFs/cof_symmetry_pipeline/output/xyz/aug_000849.xyz,original_remaining,0.9931201572560074,1.6915825010686525
CS(=O)(=O)Nc1ccc(C#Cc2ccc(NS(C)(=O)=O)cc2)cc1,diphenylacetylene_C2,NHSO2_direct,C2,D2,nonplanar,-77.90570474706507,/home/tianyajun/MARL_for_COFs/cof_symmetry_pipeline/output/xyz/aug_000850.xyz,original_remaining,1.2106448978698403,2.7223182227562113
CC(=O)Nc1ccc(C#Cc2ccc(NC(C)=O)cc2)cc1,diphenylacetylene_C2,NHacetyl_direct,C2,C2,nonplanar,-4.030202525387402,/home/tianyajun/MARL_for_COFs/cof_symmetry_pipeline/output/xyz/aug_000851.xyz,original_remaining,0.7774562817387832,1.3286475365068493
O=[N+]([O-])c1ccc(C#Cc2ccc([N+](=O)[O-])cc2)cc1,diphenylacetylene_C2,NO2_direct,C2,D2d,nonplanar,98.15401129701677,/home/tianyajun/MARL_for_COFs/cof_symmetry_pipeline/output/xyz/aug_000852.xyz,original_remaining,0.9823922011645497,1.5349932881482773
O=[N+]([O-])c1ccc(-c2ccc(C#Cc3ccc(-c4ccc([N+](=O)[O-])cc4)cc3)cc2)cc1,diphenylacetylene_C2,NO2_ph,C2,C2,nonplanar,142.6400804788634,/home/tianyajun/MARL_for_COFs/cof_symmetry_pipeline/output/xyz/aug_000853.xyz,original_remaining,0.8993927360879461,1.9274558983410564
O=[N+]([O-])c1ccc(-c2ccc(-c3ccc(C#Cc4ccc(-c5ccc(-c6ccc([N+](=O)[O-])cc6)cc5)cc4)cc3)cc2)cc1,diphenylacetylene_C2,NO2_phph,C2,C2,nonplanar,187.69184975226685,/home/tianyajun/MARL_for_COFs/cof_symmetry_pipeline/output/xyz/aug_000854.xyz,original_remaining,0.8425350397291276,1.968771235729764
O=COc1ccc(C#Cc2ccc(OC=O)cc2)cc1,diphenylacetylene_C2,OCHO_direct,C2,C2,nonplanar,48.18821824175963,/home/tianyajun/MARL_for_COFs/cof_symmetry_pipeline/output/xyz/aug_000855.xyz,original_remaining,0.8974753980243511,1.7200576310038045
N#COc1ccc(C#Cc2ccc(OC#N)cc2)cc1,diphenylacetylene_C2,OCN_direct,C2,D2,nonplanar,44.02824731689905,/home/tianyajun/MARL_for_COFs/cof_symmetry_pipeline/output/xyz/aug_000856.xyz,original_remaining,0.9709601158114811,1.6035232111303772
Oc1ccc(C#Cc2ccc(O)cc2)cc1,diphenylacetylene_C2,OH_direct,C2,D2,nonplanar,8.500260935591177,/home/tianyajun/MARL_for_COFs/cof_symmetry_pipeline/output/xyz/aug_000857.xyz,original_remaining,0.9362495546555705,1.4974475318575062
COc1ccc(C#Cc2ccc(OC)cc2)cc1,diphenylacetylene_C2,OMe_direct,C2,D2,nonplanar,38.01306859761895,/home/tianyajun/MARL_for_COFs/cof_symmetry_pipeline/output/xyz/aug_000859.xyz,original_remaining,0.968615527057744,1.6975770662260818
COc1ccc(-c2ccc(C#Cc3ccc(-c4ccc(OC)cc4)cc3)cc2)cc1,diphenylacetylene_C2,OMe_ph,C2,D2,nonplanar,83.40917730903986,/home/tianyajun/MARL_for_COFs/cof_symmetry_pipeline/output/xyz/aug_000860.xyz,original_remaining,0.8972980305784286,1.9262342583162428
CC(=O)Oc1ccc(C#Cc2ccc(OC(C)=O)cc2)cc1,diphenylacetylene_C2,Oacetyl_direct,C2,D2,nonplanar,47.11140528844635,/home/tianyajun/MARL_for_COFs/cof_symmetry_pipeline/output/xyz/aug_000861.xyz,original_remaining,0.9111081302458554,1.7297216603044496
O=P(O)(O)c1ccc(C#Cc2ccc(P(=O)(O)O)cc2)cc1,diphenylacetylene_C2,PO3H2_direct,C2,C2,nonplanar,-204.31568746024,/home/tianyajun/MARL_for_COFs/cof_symmetry_pipeline/output/xyz/aug_000862.xyz,original_remaining,0.6986530078605582,1.5290321817895416
O=P(Cl)(Cl)c1ccc(C#Cc2ccc(P(=O)(Cl)Cl)cc2)cc1,diphenylacetylene_C2,POCl2_direct,C2,D2,nonplanar,100.06322467221848,/home/tianyajun/MARL_for_COFs/cof_symmetry_pipeline/output/xyz/aug_000863.xyz,original_remaining,1.0508110543129714,1.8369834196456298
N#CSc1ccc(C#Cc2ccc(SC#N)cc2)cc1,diphenylacetylene_C2,SCN_direct,C2,D2,nonplanar,32.60563916125604,/home/tianyajun/MARL_for_COFs/cof_symmetry_pipeline/output/xyz/aug_000864.xyz,original_remaining,1.0397293184431362,1.8836488689975268
Sc1ccc(C#Cc2ccc(S)cc2)cc1,diphenylacetylene_C2,SH_direct,C2,D2,nonplanar,23.23032600656078,/home/tianyajun/MARL_for_COFs/cof_symmetry_pipeline/output/xyz/aug_000865.xyz,original_remaining,0.9850445947318498,1.5762993546126638
O=S(=O)(Cl)c1ccc(C#Cc2ccc(S(=O)(=O)Cl)cc2)cc1,diphenylacetylene_C2,SO2Cl_direct,C2,D2,nonplanar,95.37149243785096,/home/tianyajun/MARL_for_COFs/cof_symmetry_pipeline/output/xyz/aug_000866.xyz,original_remaining,1.0201483679185526,1.5769615513786823
NS(=O)(=O)c1ccc(C#Cc2ccc(S(N)(=O)=O)cc2)cc1,diphenylacetylene_C2,SO2NH2_direct,C2,C2,nonplanar,-110.52847884894236,/home/tianyajun/MARL_for_COFs/cof_symmetry_pipeline/output/xyz/aug_000867.xyz,original_remaining,0.7494920515163702,1.745582752293869
O=S(=O)(O)c1ccc(C#Cc2ccc(S(=O)(=O)O)cc2)cc1,diphenylacetylene_C2,SO3H_direct,C2,D2,nonplanar,-23.43780849930171,/home/tianyajun/MARL_for_COFs/cof_symmetry_pipeline/output/xyz/aug_000868.xyz,original_remaining,0.9754235652548408,1.5621674312765697
C[Si](C)(C)c1ccc(C#Cc2ccc([Si](C)(C)C)cc2)cc1,diphenylacetylene_C2,SiMe3_direct,C2,D2,nonplanar,46.56542532731773,/home/tianyajun/MARL_for_COFs/cof_symmetry_pipeline/output/xyz/aug_000869.xyz,original_remaining,1.1962046153077721,2.336598728125927
CC(=O)c1ccc(C#Cc2ccc(C(C)=O)cc2)cc1,diphenylacetylene_C2,acetyl_direct,C2,C2,nonplanar,68.95046347687729,/home/tianyajun/MARL_for_COFs/cof_symmetry_pipeline/output/xyz/aug_000870.xyz,original_remaining,0.9062941015870872,1.6572829872412902
CC(=O)c1ccc(-c2ccc(C#Cc3ccc(-c4ccc(C(C)=O)cc4)cc3)cc2)cc1,diphenylacetylene_C2,acetyl_ph,C2,C2,nonplanar,113.85798640874728,/home/tianyajun/MARL_for_COFs/cof_symmetry_pipeline/output/xyz/aug_000871.xyz,original_remaining,0.7114311531278744,1.4956952821683722
C#Cc1ccc(C#Cc2ccc(C#C)cc2)cc1,diphenylacetylene_C2,ethynyl_direct,C2,D2d,nonplanar,29.7674477178966,/home/tianyajun/MARL_for_COFs/cof_symmetry_pipeline/output/xyz/aug_000872.xyz,original_remaining,0.9340224785641793,1.5309969892036523
Cc1ccc(C#Cc2ccc(C)cc2)cc1,diphenylacetylene_C2,methyl_direct,C2,D2,nonplanar,35.796069738191456,/home/tianyajun/MARL_for_COFs/cof_symmetry_pipeline/output/xyz/aug_000873.xyz,original_remaining,0.9584461491370029,1.526426061112145
Cc1ccc(-c2ccc(C#Cc3ccc(-c4ccc(C)cc4)cc3)cc2)cc1,diphenylacetylene_C2,methyl_ph,C2,C2,nonplanar,80.68445538415583,/home/tianyajun/MARL_for_COFs/cof_symmetry_pipeline/output/xyz/aug_000874.xyz,original_remaining,0.6935460959054037,1.1624931080216412
C=Cc1ccc(C#Cc2ccc(C=C)cc2)cc1,diphenylacetylene_C2,vinyl_direct,C2,D2,nonplanar,41.94481363988804,/home/tianyajun/MARL_for_COFs/cof_symmetry_pipeline/output/xyz/aug_000875.xyz,original_remaining,0.8980869383879324,1.5793921690574582
Brc1ccc(C#CC#Cc2ccc(Br)cc2)cc1,diphenyldiacetylene_C2,Br_direct,C2,D2d,nonplanar,29.63313000048816,/home/tianyajun/MARL_for_COFs/cof_symmetry_pipeline/output/xyz/aug_000877.xyz,original_remaining,0.9698572934186739,1.5251671661905966
O=CC#Cc1ccc(C#CC#Cc2ccc(C#CC=O)cc2)cc1,diphenyldiacetylene_C2,CCCHO_direct,C2,D2,nonplanar,34.22613840531866,/home/tianyajun/MARL_for_COFs/cof_symmetry_pipeline/output/xyz/aug_000879.xyz,original_remaining,0.823737689725032,1.4408010898128725
N#CC#Cc1ccc(C#CC#Cc2ccc(C#CC#N)cc2)cc1,diphenyldiacetylene_C2,CCCN_direct,C2,D2,nonplanar,34.54321370459043,/home/tianyajun/MARL_for_COFs/cof_symmetry_pipeline/output/xyz/aug_000880.xyz,original_remaining,0.7639119448352522,1.3341659412380515
O=C(O)C#Cc1ccc(C#CC#Cc2ccc(C#CC(=O)O)cc2)cc1,diphenyldiacetylene_C2,CCCOOH_direct,C2,C2,nonplanar,-29.55690921725064,/home/tianyajun/MARL_for_COFs/cof_symmetry_pipeline/output/xyz/aug_000881.xyz,original_remaining,0.5069637239356954,0.9259137030924296
COC(=O)C#Cc1ccc(C#CC#Cc2ccc(C#CC(=O)OC)cc2)cc1,diphenyldiacetylene_C2,CCCOOMe_direct,C2,C2,planar,12.178049503655348,/home/tianyajun/MARL_for_COFs/cof_symmetry_pipeline/output/xyz/aug_000882.xyz,original_remaining,0.29361104793046444,0.9603964348552583
C#Cc1ccc(-c2ccc(C#CC#Cc3ccc(-c4ccc(C#C)cc4)cc3)cc2)cc1,diphenyldiacetylene_C2,CCH_ph,C2,C2,nonplanar,75.37312759871924,/home/tianyajun/MARL_for_COFs/cof_symmetry_pipeline/output/xyz/aug_000883.xyz,original_remaining,0.7110018574362179,1.513083476529348
O=C=NC#Cc1ccc(C#CC#Cc2ccc(C#CN=C=O)cc2)cc1,diphenyldiacetylene_C2,CCNCO_direct,C2,D2,nonplanar,22.42540193602396,/home/tianyajun/MARL_for_COFs/cof_symmetry_pipeline/output/xyz/aug_000884.xyz,original_remaining,0.7237757542555158,1.3862219529989959
NC#Cc1ccc(C#CC#Cc2ccc(C#CN)cc2)cc1,diphenyldiacetylene_C2,CCNH2_direct,C2,D2,nonplanar,21.46163777842225,/home/tianyajun/MARL_for_COFs/cof_symmetry_pipeline/output/xyz/aug_000885.xyz,original_remaining,0.6076393248887462,0.9942601954993464
O=[N+]([O-])C#Cc1ccc(C#CC#Cc2ccc(C#C[N+](=O)[O-])cc2)cc1,diphenyldiacetylene_C2,CCNO2_direct,C2,D2d,nonplanar,39.214871578881535,/home/tianyajun/MARL_for_COFs/cof_symmetry_pipeline/output/xyz/aug_000886.xyz,original_remaining,0.8609012839859483,1.477100357955007
OC#Cc1ccc(C#CC#Cc2ccc(C#CO)cc2)cc1,diphenyldiacetylene_C2,CCOH_direct,C2,C2,planar,26.395861269307662,/home/tianyajun/MARL_for_COFs/cof_symmetry_pipeline/output/xyz/aug_000887.xyz,original_remaining,0.4858341573764465,0.825776113542731
CC(=O)C#Cc1ccc(C#CC#Cc2ccc(C#CC(C)=O)cc2)cc1,diphenyldiacetylene_C2,CCacetyl_direct,C2,D2,nonplanar,37.81781721292832,/home/tianyajun/MARL_for_COFs/cof_symmetry_pipeline/output/xyz/aug_000888.xyz,original_remaining,0.6780103808324244,1.4664992714914176
FC(F)(F)c1ccc(C#CC#Cc2ccc(C(F)(F)F)cc2)cc1,diphenyldiacetylene_C2,CF3_direct,C2,D2,nonplanar,86.05304617761132,/home/tianyajun/MARL_for_COFs/cof_symmetry_pipeline/output/xyz/aug_000889.xyz,original_remaining,0.9183139439774574,1.460419289576739
FC(F)(F)c1ccc(-c2ccc(C#CC#Cc3ccc(-c4ccc(C(F)(F)F)cc4)cc3)cc2)cc1,diphenyldiacetylene_C2,CF3_ph,C2,D2,nonplanar,130.24881626798032,/home/tianyajun/MARL_for_COFs/cof_symmetry_pipeline/output/xyz/aug_000890.xyz,original_remaining,0.7191483277399925,1.3194630204353173
O=Cc1ccc(C#CC#Cc2ccc(C=O)cc2)cc1,diphenyldiacetylene_C2,CHO_direct,C2,C2,nonplanar,61.27771482230517,/home/tianyajun/MARL_for_COFs/cof_symmetry_pipeline/output/xyz/aug_000891.xyz,original_remaining,0.6491378496940963,1.0552795788694196
O=Cc1ccc(-c2ccc(C#CC#Cc3ccc(-c4ccc(C=O)cc4)cc3)cc2)cc1,diphenyldiacetylene_C2,CHO_ph,C2,D2,nonplanar,106.0380486749977,/home/tianyajun/MARL_for_COFs/cof_symmetry_pipeline/output/xyz/aug_000892.xyz,original_remaining,0.9043288083156503,1.886397027511398
N#Cc1ccc(C#CC#Cc2ccc(C#N)cc2)cc1,diphenyldiacetylene_C2,CN_direct,C2,D2h,planar,58.54860371188116,/home/tianyajun/MARL_for_COFs/cof_symmetry_pipeline/output/xyz/aug_000893.xyz,original_remaining,0.016125672216400024,0.026357366348999323
N#Cc1ccc(-c2ccc(C#CC#Cc3ccc(-c4ccc(C#N)cc4)cc3)cc2)cc1,diphenyldiacetylene_C2,CN_ph,C2,C2,nonplanar,103.04724666767876,/home/tianyajun/MARL_for_COFs/cof_symmetry_pipeline/output/xyz/aug_000894.xyz,original_remaining,0.7024192046551432,1.4271588927376322
O=C(Cl)c1ccc(C#CC#Cc2ccc(C(=O)Cl)cc2)cc1,diphenyldiacetylene_C2,COCl_direct,C2,D2,nonplanar,82.70705303424984,/home/tianyajun/MARL_for_COFs/cof_symmetry_pipeline/output/xyz/aug_000895.xyz,original_remaining,0.8627922412962115,1.3770235766085641
NC(=O)c1ccc(C#CC#Cc2ccc(C(N)=O)cc2)cc1,diphenyldiacetylene_C2,CONH2_direct,C2,D2,nonplanar,7.714286872369144,/home/tianyajun/MARL_for_COFs/cof_symmetry_pipeline/output/xyz/aug_000896.xyz,original_remaining,0.9033444361061065,1.6908696096917157
O=C(O)c1ccc(C#CC#Cc2ccc(C(=O)O)cc2)cc1,diphenyldiacetylene_C2,COOH_direct,C2,D2,nonplanar,21.58840674485329,/home/tianyajun/MARL_for_COFs/cof_symmetry_pipeline/output/xyz/aug_000897.xyz,original_remaining,0.904407158020928,1.5234345589311011
O=C(O)c1ccc(-c2ccc(C#CC#Cc3ccc(-c4ccc(C(=O)O)cc4)cc3)cc2)cc1,diphenyldiacetylene_C2,COOH_ph,C2,D2,nonplanar,66.460253525222,/home/tianyajun/MARL_for_COFs/cof_symmetry_pipeline/output/xyz/aug_000898.xyz,original_remaining,0.7563062551730902,1.6114251702520344
COC(=O)c1ccc(C#CC#Cc2ccc(C(=O)OC)cc2)cc1,diphenyldiacetylene_C2,COOMe_direct,C2,C2,nonplanar,58.8475060000037,/home/tianyajun/MARL_for_COFs/cof_symmetry_pipeline/output/xyz/aug_000899.xyz,original_remaining,0.6802920370554444,1.2315385771843903
Clc1ccc(C#CC#Cc2ccc(Cl)cc2)cc1,diphenyldiacetylene_C2,Cl_direct,C2,D2d,nonplanar,28.17033522384507,/home/tianyajun/MARL_for_COFs/cof_symmetry_pipeline/output/xyz/aug_000900.xyz,original_remaining,0.9694800207134384,1.5554810335452547
Clc1ccc(-c2ccc(C#CC#Cc3ccc(-c4ccc(Cl)cc4)cc3)cc2)cc1,diphenyldiacetylene_C2,Cl_ph,C2,C2,nonplanar,73.33842948712729,/home/tianyajun/MARL_for_COFs/cof_symmetry_pipeline/output/xyz/aug_000901.xyz,original_remaining,0.7899618735891831,1.654752403248724
[N-]=[N+]=Nc1ccc(C#CC#Cc2ccc(N=[N+]=[N-])cc2)cc1,diphenyldiacetylene_C2,N3_direct,C2,D2,nonplanar,16.126014633315528,/home/tianyajun/MARL_for_COFs/cof_symmetry_pipeline/output/xyz/aug_000902.xyz,original_remaining,0.6683616396446249,1.9033063623305653
[N-]=[N+]=Nc1ccc(-c2ccc(C#CC#Cc3ccc(-c4ccc(N=[N+]=[N-])cc4)cc3)cc2)cc1,diphenyldiacetylene_C2,N3_ph,C2,D2,nonplanar,61.335715665084805,/home/tianyajun/MARL_for_COFs/cof_symmetry_pipeline/output/xyz/aug_000903.xyz,original_remaining,0.75945520257333,1.7730706482072423
O=C=Nc1ccc(C#CC#Cc2ccc(N=C=O)cc2)cc1,diphenyldiacetylene_C2,NCO_direct,C2,D2,nonplanar,17.91519190802834,/home/tianyajun/MARL_for_COFs/cof_symmetry_pipeline/output/xyz/aug_000904.xyz,original_remaining,0.969166438209634,1.7903540999404317
S=C=Nc1ccc(C#CC#Cc2ccc(N=C=S)cc2)cc1,diphenyldiacetylene_C2,NCS_direct,C2,D2,nonplanar,21.46430339657755,/home/tianyajun/MARL_for_COFs/cof_symmetry_pipeline/output/xyz/aug_000905.xyz,original_remaining,1.0068239142473834,1.8487432789500493
Nc1ccc(C#CC#Cc2ccc(N)cc2)cc1,diphenyldiacetylene_C2,NH2_direct,C2,D2,nonplanar,10.565409317304766,/home/tianyajun/MARL_for_COFs/cof_symmetry_pipeline/output/xyz/aug_000906.xyz,original_remaining,0.8839852088975616,1.515164385281734
Nc1ccc(-c2ccc(C#CC#Cc3ccc(-c4ccc(N)cc4)cc3)cc2)cc1,diphenyldiacetylene_C2,NH2_ph,C2,D2,nonplanar,56.18014501013434,/home/tianyajun/MARL_for_COFs/cof_symmetry_pipeline/output/xyz/aug_000907.xyz,original_remaining,0.6736401463171764,1.3299240271962511
O=CNc1ccc(C#CC#Cc2ccc(NC=O)cc2)cc1,diphenyldiacetylene_C2,NHCHO_direct,C2,C2,planar,-9.65782017148215,/home/tianyajun/MARL_for_COFs/cof_symmetry_pipeline/output/xyz/aug_000908.xyz,original_remaining,0.3246352529616178,0.5583742521001663
N#CNc1ccc(C#CC#Cc2ccc(NC#N)cc2)cc1,diphenyldiacetylene_C2,NHCN_direct,C2,D2,nonplanar,-25.510129368892088,/home/tianyajun/MARL_for_COFs/cof_symmetry_pipeline/output/xyz/aug_000909.xyz,original_remaining,0.8461953631681634,1.8911571562009943
CC(=O)Nc1ccc(C#CC#Cc2ccc(NC(C)=O)cc2)cc1,diphenyldiacetylene_C2,NHacetyl_direct,C2,C2,planar,-3.555462369865332,/home/tianyajun/MARL_for_COFs/cof_symmetry_pipeline/output/xyz/aug_000911.xyz,original_remaining,0.28353590728155015,1.0244437378520441
O=[N+]([O-])c1ccc(C#CC#Cc2ccc([N+](=O)[O-])cc2)cc1,diphenyldiacetylene_C2,NO2_direct,C2,D2,planar,98.64724251428022,/home/tianyajun/MARL_for_COFs/cof_symmetry_pipeline/output/xyz/aug_000912.xyz,original_remaining,0.26036291691940777,0.422628466131194
O=[N+]([O-])c1ccc(-c2ccc(C#CC#Cc3ccc(-c4ccc([N+](=O)[O-])cc4)cc3)cc2)cc1,diphenyldiacetylene_C2,NO2_ph,C2,C2,nonplanar,143.01714584168784,/home/tianyajun/MARL_for_COFs/cof_symmetry_pipeline/output/xyz/aug_000913.xyz,original_remaining,0.7132721501855174,1.5163099667828326
O=COc1ccc(C#CC#Cc2ccc(OC=O)cc2)cc1,diphenyldiacetylene_C2,OCHO_direct,C2,D2,nonplanar,48.546756446540215,/home/tianyajun/MARL_for_COFs/cof_symmetry_pipeline/output/xyz/aug_000914.xyz,original_remaining,0.962715090184269,1.948059348289219
N#COc1ccc(C#CC#Cc2ccc(OC#N)cc2)cc1,diphenyldiacetylene_C2,OCN_direct,C2,D2,nonplanar,44.466743147950254,/home/tianyajun/MARL_for_COFs/cof_symmetry_pipeline/output/xyz/aug_000915.xyz,original_remaining,0.8673690006502436,1.4721879171147367
Oc1ccc(C#CC#Cc2ccc(O)cc2)cc1,diphenyldiacetylene_C2,OH_direct,C2,D2,nonplanar,8.856686533470747,/home/tianyajun/MARL_for_COFs/cof_symmetry_pipeline/output/xyz/aug_000916.xyz,original_remaining,0.8917921849324846,1.477069042420203
Oc1ccc(-c2ccc(C#CC#Cc3ccc(-c4ccc(O)cc4)cc3)cc2)cc1,diphenyldiacetylene_C2,OH_ph,C2,D2,nonplanar,54.26140814467461,/home/tianyajun/MARL_for_COFs/cof_symmetry_pipeline/output/xyz/aug_000917.xyz,original_remaining,0.6626027576861516,1.152385841472925
COc1ccc(C#CC#Cc2ccc(OC)cc2)cc1,diphenyldiacetylene_C2,OMe_direct,C2,D2,nonplanar,38.36354070371448,/home/tianyajun/MARL_for_COFs/cof_symmetry_pipeline/output/xyz/aug_000918.xyz,original_remaining,0.9443589675701124,1.8465257613530728
COc1ccc(-c2ccc(C#CC#Cc3ccc(-c4ccc(OC)cc4)cc3)cc2)cc1,diphenyldiacetylene_C2,OMe_ph,C2,D2,nonplanar,83.74994484320926,/home/tianyajun/MARL_for_COFs/cof_symmetry_pipeline/output/xyz/aug_000919.xyz,original_remaining,0.9872676322812644,2.147707621744682
O=P(Cl)(Cl)c1ccc(C#CC#Cc2ccc(P(=O)(Cl)Cl)cc2)cc1,diphenyldiacetylene_C2,POCl2_direct,C2,D2,nonplanar,100.50962739580172,/home/tianyajun/MARL_for_COFs/cof_symmetry_pipeline/output/xyz/aug_000921.xyz,original_remaining,1.0044944566041942,1.8452776941398281
N#CSc1ccc(C#CC#Cc2ccc(SC#N)cc2)cc1,diphenyldiacetylene_C2,SCN_direct,C2,D2,nonplanar,33.07901589531608,/home/tianyajun/MARL_for_COFs/cof_symmetry_pipeline/output/xyz/aug_000922.xyz,original_remaining,1.039023066422879,1.7589345994887973
Sc1ccc(C#CC#Cc2ccc(S)cc2)cc1,diphenyldiacetylene_C2,SH_direct,C2,D2,nonplanar,23.63481068863496,/home/tianyajun/MARL_for_COFs/cof_symmetry_pipeline/output/xyz/aug_000923.xyz,original_remaining,0.9633587062665779,1.5973379343630452
O=S(=O)(Cl)c1ccc(C#CC#Cc2ccc(S(=O)(=O)Cl)cc2)cc1,diphenyldiacetylene_C2,SO2Cl_direct,C2,D2,nonplanar,95.84049370406154,/home/tianyajun/MARL_for_COFs/cof_symmetry_pipeline/output/xyz/aug_000924.xyz,original_remaining,0.9576451903928211,1.5106603637462053
NS(=O)(=O)c1ccc(C#CC#Cc2ccc(S(N)(=O)=O)cc2)cc1,diphenyldiacetylene_C2,SO2NH2_direct,C2,C2,nonplanar,-110.1409175077888,/home/tianyajun/MARL_for_COFs/cof_symmetry_pipeline/output/xyz/aug_000925.xyz,original_remaining,0.7335833480975003,1.7684346105134594
O=S(=O)(O)c1ccc(C#CC#Cc2ccc(S(=O)(=O)O)cc2)cc1,diphenyldiacetylene_C2,SO3H_direct,C2,D2,nonplanar,-22.970351896099107,/home/tianyajun/MARL_for_COFs/cof_symmetry_pipeline/output/xyz/aug_000926.xyz,original_remaining,0.8565701656541771,1.7584385591303127
C[Si](C)(C)c1ccc(C#CC#Cc2ccc([Si](C)(C)C)cc2)cc1,diphenyldiacetylene_C2,SiMe3_direct,C2,C2,nonplanar,46.80777282201303,/home/tianyajun/MARL_for_COFs/cof_symmetry_pipeline/output/xyz/aug_000927.xyz,original_remaining,1.077137883977129,2.473617572418723
CC(=O)c1ccc(C#CC#Cc2ccc(C(C)=O)cc2)cc1,diphenyldiacetylene_C2,acetyl_direct,C2,C2,nonplanar,69.39520774844935,/home/tianyajun/MARL_for_COFs/cof_symmetry_pipeline/output/xyz/aug_000928.xyz,original_remaining,0.5914134013392996,1.4245695492681774
CC(=O)c1ccc(-c2ccc(C#CC#Cc3ccc(-c4ccc(C(C)=O)cc4)cc3)cc2)cc1,diphenyldiacetylene_C2,acetyl_ph,C2,D2,nonplanar,114.18085415362994,/home/tianyajun/MARL_for_COFs/cof_symmetry_pipeline/output/xyz/aug_000929.xyz,original_remaining,0.9509823026411711,1.9856342189342064
C#Cc1ccc(C#CC#Cc2ccc(C#C)cc2)cc1,diphenyldiacetylene_C2,ethynyl_direct,C2,D2,nonplanar,30.14350670607416,/home/tianyajun/MARL_for_COFs/cof_symmetry_pipeline/output/xyz/aug_000930.xyz,original_remaining,0.8383041468584802,1.4163394650511447
Cc1ccc(C#CC#Cc2ccc(C)cc2)cc1,diphenyldiacetylene_C2,methyl_direct,C2,C2,nonplanar,36.07029161425032,/home/tianyajun/MARL_for_COFs/cof_symmetry_pipeline/output/xyz/aug_000931.xyz,original_remaining,0.7399460931790364,1.1719009083532541
Cc1ccc(-c2ccc(C#CC#Cc3ccc(-c4ccc(C)cc4)cc3)cc2)cc1,diphenyldiacetylene_C2,methyl_ph,C2,D2,nonplanar,81.00361049882886,/home/tianyajun/MARL_for_COFs/cof_symmetry_pipeline/output/xyz/aug_000932.xyz,original_remaining,0.7193008808676757,1.4327032989478452
C=Cc1ccc(C#CC#Cc2ccc(C=C)cc2)cc1,diphenyldiacetylene_C2,vinyl_direct,C2,D2,nonplanar,42.283494739271305,/home/tianyajun/MARL_for_COFs/cof_symmetry_pipeline/output/xyz/aug_000933.xyz,original_remaining,0.7899479958677501,1.4278000699327973
Brc1ccc(-c2c(-c3ccc(Br)cc3)c(-c3ccc(Br)cc3)c(-c3ccc(Br)cc3)c(-c3ccc(Br)cc3)c2-c2ccc(Br)cc2)cc1,hexaphenylbenzene_H6,Br_direct,D6h,D6h,nonplanar,174.6719874287826,/home/tianyajun/MARL_for_COFs/cof_symmetry_pipeline/output/xyz/aug_000934.xyz,original_remaining,1.425648564834285,2.156102108234339
N#CC#Cc1ccc(-c2c(-c3ccc(C#CC#N)cc3)c(-c3ccc(C#CC#N)cc3)c(-c3ccc(C#CC#N)cc3)c(-c3ccc(C#CC#N)cc3)c2-c2ccc(C#CC#N)cc2)cc1,hexaphenylbenzene_H6,CCCN_direct,D6h,D6h,nonplanar,189.9644290353725,/home/tianyajun/MARL_for_COFs/cof_symmetry_pipeline/output/xyz/aug_000935.xyz,original_remaining,1.2743215801162195,2.1697880092577555
N#Cc1ccc(-c2c(-c3ccc(C#N)cc3)c(-c3ccc(C#N)cc3)c(-c3ccc(C#N)cc3)c(-c3ccc(C#N)cc3)c2-c2ccc(C#N)cc2)cc1,hexaphenylbenzene_H6,CN_direct,D6h,D6h,nonplanar,261.28513701946986,/home/tianyajun/MARL_for_COFs/cof_symmetry_pipeline/output/xyz/aug_000937.xyz,original_remaining,1.3710569257761478,2.165769535109619
Clc1ccc(-c2c(-c3ccc(Cl)cc3)c(-c3ccc(Cl)cc3)c(-c3ccc(Cl)cc3)c(-c3ccc(Cl)cc3)c2-c2ccc(Cl)cc2)cc1,hexaphenylbenzene_H6,Cl_direct,D6h,D6h,nonplanar,170.67965041234635,/home/tianyajun/MARL_for_COFs/cof_symmetry_pipeline/output/xyz/aug_000938.xyz,original_remaining,1.4258352952776199,2.158381483423556
Ic1ccc(-c2c(-c3ccc(I)cc3)c(-c3ccc(I)cc3)c(-c3ccc(I)cc3)c(-c3ccc(I)cc3)c2-c2ccc(I)cc2)cc1,hexaphenylbenzene_H6,I_direct,D6h,D6h,nonplanar,178.92997695277688,/home/tianyajun/MARL_for_COFs/cof_symmetry_pipeline/output/xyz/aug_000939.xyz,original_remaining,1.42513824554124,2.155971491906042
O=[N+]([O-])c1ccc(-c2c(-c3ccc([N+](=O)[O-])cc3)c(-c3ccc([N+](=O)[O-])cc3)c(-c3ccc([N+](=O)[O-])cc3)c(-c3ccc([N+](=O)[O-])cc3)c2-c2ccc([N+](=O)[O-])cc2)cc1,hexaphenylbenzene_H6,NO2_direct,D6h,D6h,nonplanar,381.4964217080389,/home/tianyajun/MARL_for_COFs/cof_symmetry_pipeline/output/xyz/aug_000941.xyz,original_remaining,1.3888042024096126,2.192885938034625
C#Cc1ccc(-c2c(-c3ccc(C#C)cc3)c(-c3ccc(C#C)cc3)c(-c3ccc(C#C)cc3)c(-c3ccc(C#C)cc3)c2-c2ccc(C#C)cc2)cc1,hexaphenylbenzene_H6,ethynyl_direct,D6h,D6,nonplanar,177.85071181978918,/home/tianyajun/MARL_for_COFs/cof_symmetry_pipeline/output/xyz/aug_000942.xyz,original_remaining,1.3132401857261455,2.150587184836622
O=C(NBr)C(=O)NBr,oxamide_C2,Br_direct,C2,C2h,planar,23.61410003810435,/home/tianyajun/MARL_for_COFs/cof_symmetry_pipeline/output/xyz/aug_000943.xyz,original_remaining,2.6910716527218614e-06,4.384769361404084e-06
O=C(NC#CC(F)(F)F)C(=O)NC#CC(F)(F)F,oxamide_C2,CCCF3_direct,C2,C2h,planar,25.682876373592013,/home/tianyajun/MARL_for_COFs/cof_symmetry_pipeline/output/xyz/aug_000944.xyz,original_remaining,0.48933347793154686,1.0941959219985198
O=CC#CNC(=O)C(=O)NC#CC=O,oxamide_C2,CCCHO_direct,C2,C2h,planar,21.54832369198617,/home/tianyajun/MARL_for_COFs/cof_symmetry_pipeline/output/xyz/aug_000945.xyz,original_remaining,5.471132411144014e-06,1.6431594923371762e-05
N#CC#CNC(=O)C(=O)NC#CC#N,oxamide_C2,CCCN_direct,C2,C2h,planar,27.771924186849777,/home/tianyajun/MARL_for_COFs/cof_symmetry_pipeline/output/xyz/aug_000946.xyz,original_remaining,1.9840100797522684e-06,4.871867770206428e-06
O=C(O)C#CNC(=O)C(=O)NC#CC(=O)O,oxamide_C2,CCCOOH_direct,C2,D2,nonplanar,-38.45408850643685,/home/tianyajun/MARL_for_COFs/cof_symmetry_pipeline/output/xyz/aug_000947.xyz,original_remaining,0.5484286741391001,1.0781621329929545
C#Cc1ccc(NC(=O)C(=O)Nc2ccc(C#C)cc2)cc1,oxamide_C2,CCH_ph,C2,C2h,planar,46.82153139016175,/home/tianyajun/MARL_for_COFs/cof_symmetry_pipeline/output/xyz/aug_000949.xyz,original_remaining,2.495603301268551e-06,5.897920388298061e-06
O=C=NC#CNC(=O)C(=O)NC#CN=C=O,oxamide_C2,CCNCO_direct,C2,C2,planar,16.12511953625271,/home/tianyajun/MARL_for_COFs/cof_symmetry_pipeline/output/xyz/aug_000951.xyz,original_remaining,0.36615837508311766,0.9471771662918651
NC#CNC(=O)C(=O)NC#CN,oxamide_C2,CCNH2_direct,C2,C2h,planar,13.669932126230735,/home/tianyajun/MARL_for_COFs/cof_symmetry_pipeline/output/xyz/aug_000952.xyz,original_remaining,0.38747486374945794,0.82196123645132
O=C(NC#C[N+](=O)[O-])C(=O)NC#C[N+](=O)[O-],oxamide_C2,CCNO2_direct,C2,D2h,nonplanar,36.13023748113975,/home/tianyajun/MARL_for_COFs/cof_symmetry_pipeline/output/xyz/aug_000953.xyz,original_remaining,0.5217494863502707,1.106837654814506
O=C(NC#CO)C(=O)NC#CO,oxamide_C2,CCOH_direct,C2,C2h,planar,18.346039997221805,/home/tianyajun/MARL_for_COFs/cof_symmetry_pipeline/output/xyz/aug_000954.xyz,original_remaining,4.044114354554378e-06,9.831240471935843e-06
CC(=O)C#CNC(=O)C(=O)NC#CC(C)=O,oxamide_C2,CCacetyl_direct,C2,C2,planar,25.086100195110347,/home/tianyajun/MARL_for_COFs/cof_symmetry_pipeline/output/xyz/aug_000955.xyz,original_remaining,0.3748479003249114,1.0687380959060542
O=C(NC(F)(F)F)C(=O)NC(F)(F)F,oxamide_C2,CF3_direct,C2,C2,nonplanar,-159.15928074643833,/home/tianyajun/MARL_for_COFs/cof_symmetry_pipeline/output/xyz/aug_000956.xyz,original_remaining,0.5559875543029066,1.3459958385883204
O=C(Nc1ccc(C(F)(F)F)cc1)C(=O)Nc1ccc(C(F)(F)F)cc1,oxamide_C2,CF3_ph,C2,C2,planar,103.26722517585492,/home/tianyajun/MARL_for_COFs/cof_symmetry_pipeline/output/xyz/aug_000957.xyz,original_remaining,0.3625643083133229,1.2756548401578969
O=CNC(=O)C(=O)NC=O,oxamide_C2,CHO_direct,C2,C2h,planar,-52.85669589587913,/home/tianyajun/MARL_for_COFs/cof_symmetry_pipeline/output/xyz/aug_000958.xyz,original_remaining,1.3489577649785478e-05,1.887984373505347e-05
O=Cc1ccc(NC(=O)C(=O)Nc2ccc(C=O)cc2)cc1,oxamide_C2,CHO_ph,C2,C2h,planar,77.48789636669841,/home/tianyajun/MARL_for_COFs/cof_symmetry_pipeline/output/xyz/aug_000959.xyz,original_remaining,3.4643292156072432e-06,9.094927051034318e-06
N#CNC(=O)C(=O)NC#N,oxamide_C2,CN_direct,C2,C2,planar,-57.63720404224004,/home/tianyajun/MARL_for_COFs/cof_symmetry_pipeline/output/xyz/aug_000960.xyz,original_remaining,0.17683117803089024,0.3478005551568053
N#Cc1ccc(NC(=O)C(=O)Nc2ccc(C#N)cc2)cc1,oxamide_C2,CN_ph,C2,C2h,planar,75.24152816865846,/home/tianyajun/MARL_for_COFs/cof_symmetry_pipeline/output/xyz/aug_000961.xyz,original_remaining,2.6526072357595006e-05,6.553153512056653e-05
N#Cc1ccc(-c2ccc(NC(=O)C(=O)Nc3ccc(-c4ccc(C#N)cc4)cc3)cc2)cc1,oxamide_C2,CN_phph,C2,C2,nonplanar,119.8088515338531,/home/tianyajun/MARL_for_COFs/cof_symmetry_pipeline/output/xyz/aug_000962.xyz,original_remaining,0.7806726727114882,1.7421702392451874
O=C(Cl)NC(=O)C(=O)NC(=O)Cl,oxamide_C2,COCl_direct,C2,C2h,planar,-98.9874053659417,/home/tianyajun/MARL_for_COFs/cof_symmetry_pipeline/output/xyz/aug_000963.xyz,original_remaining,4.580246492523351e-05,7.530981449249685e-05
O=C(O)NC(=O)C(=O)NC(=O)O,oxamide_C2,COOH_direct,C2,C2,planar,-181.48097247261032,/home/tianyajun/MARL_for_COFs/cof_symmetry_pipeline/output/xyz/aug_000965.xyz,original_remaining,0.2410376331567847,0.4234418821069874
O=C(Nc1ccc(C(=O)O)cc1)C(=O)Nc1ccc(C(=O)O)cc1,oxamide_C2,COOH_ph,C2,C2h,planar,38.38427177363061,/home/tianyajun/MARL_for_COFs/cof_symmetry_pipeline/output/xyz/aug_000966.xyz,original_remaining,0.009351909894471816,0.015409655168737935
O=C(NCl)C(=O)NCl,oxamide_C2,Cl_direct,C2,C2h,planar,24.18214986657341,/home/tianyajun/MARL_for_COFs/cof_symmetry_pipeline/output/xyz/aug_000968.xyz,original_remaining,1.521850393655714e-06,2.8044995037390663e-06
O=C(Nc1ccc(Cl)cc1)C(=O)Nc1ccc(Cl)cc1,oxamide_C2,Cl_ph,C2,C2h,planar,44.63068833246673,/home/tianyajun/MARL_for_COFs/cof_symmetry_pipeline/output/xyz/aug_000969.xyz,original_remaining,1.420773046445312e-05,3.950774818084479e-05
O=C(NI)C(=O)NI,oxamide_C2,I_direct,C2,C2h,planar,23.25848912693112,/home/tianyajun/MARL_for_COFs/cof_symmetry_pipeline/output/xyz/aug_000970.xyz,original_remaining,2.100392446103095e-06,3.102532208587583e-06
[N-]=[N+]=NNC(=O)C(=O)NN=[N+]=[N-],oxamide_C2,N3_direct,C2,C2h,planar,101.88290608263858,/home/tianyajun/MARL_for_COFs/cof_symmetry_pipeline/output/xyz/aug_000971.xyz,original_remaining,3.438454641217531e-05,7.137443750621086e-05
[N-]=[N+]=Nc1ccc(NC(=O)C(=O)Nc2ccc(N=[N+]=[N-])cc2)cc1,oxamide_C2,N3_ph,C2,C2,nonplanar,32.50803442523399,/home/tianyajun/MARL_for_COFs/cof_symmetry_pipeline/output/xyz/aug_000972.xyz,original_remaining,0.5632010751208442,1.9834257194922091
O=C=NNC(=O)C(=O)NN=C=O,oxamide_C2,NCO_direct,C2,C2h,planar,109.0853453862667,/home/tianyajun/MARL_for_COFs/cof_symmetry_pipeline/output/xyz/aug_000973.xyz,original_remaining,1.977687519653995e-05,4.236760465455014e-05
O=C(NN=C=S)C(=O)NN=C=S,oxamide_C2,NCS_direct,C2,C2h,planar,102.57305633355246,/home/tianyajun/MARL_for_COFs/cof_symmetry_pipeline/output/xyz/aug_000974.xyz,original_remaining,3.902866068664331e-05,5.7210645596161847e-05
NNC(=O)C(=O)NN,oxamide_C2,NH2_direct,C2,C2,planar,153.2918226504712,/home/tianyajun/MARL_for_COFs/cof_symmetry_pipeline/output/xyz/aug_000975.xyz,original_remaining,0.40601002543912657,0.8508663527311717
Nc1ccc(NC(=O)C(=O)Nc2ccc(N)cc2)cc1,oxamide_C2,NH2_ph,C2,C2,planar,27.09003644928858,/home/tianyajun/MARL_for_COFs/cof_symmetry_pipeline/output/xyz/aug_000976.xyz,original_remaining,0.09612505470206043,0.25945412456638905
Nc1ccc(-c2ccc(NC(=O)C(=O)Nc3ccc(-c4ccc(N)cc4)cc3)cc2)cc1,oxamide_C2,NH2_phph,C2,C2,nonplanar,72.94240786612201,/home/tianyajun/MARL_for_COFs/cof_symmetry_pipeline/output/xyz/aug_000977.xyz,original_remaining,0.8127591382665306,1.8796384884747326
O=CNNC(=O)C(=O)NNC=O,oxamide_C2,NHCHO_direct,C2,C2,nonplanar,85.87680302375635,/home/tianyajun/MARL_for_COFs/cof_symmetry_pipeline/output/xyz/aug_000978.xyz,original_remaining,0.5039460387076378,0.816612151587188
N#CNNC(=O)C(=O)NNC#N,oxamide_C2,NHCN_direct,C2,C2,nonplanar,96.64005686170177,/home/tianyajun/MARL_for_COFs/cof_symmetry_pipeline/output/xyz/aug_000979.xyz,original_remaining,0.6110231965655183,1.39304417748238
CC(=O)NNC(=O)C(=O)NNC(C)=O,oxamide_C2,NHacetyl_direct,C2,C2,nonplanar,89.66385324048153,/home/tianyajun/MARL_for_COFs/cof_symmetry_pipeline/output/xyz/aug_000981.xyz,original_remaining,0.8285869690634752,1.811320384270348
O=C(N[N+](=O)[O-])C(=O)N[N+](=O)[O-],oxamide_C2,NO2_direct,C2,C2h,planar,-145.728754152834,/home/tianyajun/MARL_for_COFs/cof_symmetry_pipeline/output/xyz/aug_000982.xyz,original_remaining,3.91296276514199e-05,8.57924900155016e-05
O=C(Nc1ccc([N+](=O)[O-])cc1)C(=O)Nc1ccc([N+](=O)[O-])cc1,oxamide_C2,NO2_ph,C2,C2h,planar,115.32121788999812,/home/tianyajun/MARL_for_COFs/cof_symmetry_pipeline/output/xyz/aug_000983.xyz,original_remaining,0.01962154545635293,0.035005491201767026
O=C(Nc1ccc(-c2ccc([N+](=O)[O-])cc2)cc1)C(=O)Nc1ccc(-c2ccc([N+](=O)[O-])cc2)cc1,oxamide_C2,NO2_phph,C2,D2,nonplanar,159.77927420311872,/home/tianyajun/MARL_for_COFs/cof_symmetry_pipeline/output/xyz/aug_000984.xyz,original_remaining,0.7969553841154745,1.7400023451373825
O=CONC(=O)C(=O)NOC=O,oxamide_C2,OCHO_direct,C2,C2,nonplanar,75.05596972180362,/home/tianyajun/MARL_for_COFs/cof_symmetry_pipeline/output/xyz/aug_000985.xyz,original_remaining,0.7190119461213385,1.650640335698741
O=C(NO)C(=O)NO,oxamide_C2,OH_direct,C2,C2,planar,97.19442249335135,/home/tianyajun/MARL_for_COFs/cof_symmetry_pipeline/output/xyz/aug_000986.xyz,original_remaining,0.08757007183921257,0.1448448152876639
O=C(Nc1ccc(O)cc1)C(=O)Nc1ccc(O)cc1,oxamide_C2,OH_ph,C2,C2h,planar,25.89031481313868,/home/tianyajun/MARL_for_COFs/cof_symmetry_pipeline/output/xyz/aug_000987.xyz,original_remaining,1.4604005874652874e-05,3.2781618673816126e-05
CONC(=O)C(=O)NOC,oxamide_C2,OMe_direct,C2,C2,nonplanar,81.92892183341252,/home/tianyajun/MARL_for_COFs/cof_symmetry_pipeline/output/xyz/aug_000989.xyz,original_remaining,0.615722375230893,1.0630207314658475
COc1ccc(NC(=O)C(=O)Nc2ccc(OC)cc2)cc1,oxamide_C2,OMe_ph,C2,C2h,planar,55.237622528597385,/home/tianyajun/MARL_for_COFs/cof_symmetry_pipeline/output/xyz/aug_000990.xyz,original_remaining,0.29313280110295326,0.9036115492934798
O=C(NP(=O)(O)O)C(=O)NP(=O)(O)O,oxamide_C2,PO3H2_direct,C2,C2,nonplanar,-503.7664568498036,/home/tianyajun/MARL_for_COFs/cof_symmetry_pipeline/output/xyz/aug_000992.xyz,original_remaining,0.7697938871038953,1.5519583197873317
O=C(NP(=O)(Cl)Cl)C(=O)NP(=O)(Cl)Cl,oxamide_C2,POCl2_direct,C2,C2,nonplanar,-184.9179526778632,/home/tianyajun/MARL_for_COFs/cof_symmetry_pipeline/output/xyz/aug_000993.xyz,original_remaining,0.7009801452535547,1.5901472524645595
N#CSNC(=O)C(=O)NSC#N,oxamide_C2,SCN_direct,C2,C2,nonplanar,50.25439189189434,/home/tianyajun/MARL_for_COFs/cof_symmetry_pipeline/output/xyz/aug_000994.xyz,original_remaining,0.9176783505046325,1.6321607898795747
O=C(NS)C(=O)NS,oxamide_C2,SH_direct,C2,C2h,planar,50.96275642180791,/home/tianyajun/MARL_for_COFs/cof_symmetry_pipeline/output/xyz/aug_000995.xyz,original_remaining,9.946789068768902e-06,2.4750995998079617e-05
O=C(NS(=O)(=O)Cl)C(=O)NS(=O)(=O)Cl,oxamide_C2,SO2Cl_direct,C2,C2,nonplanar,-239.29176925163625,/home/tianyajun/MARL_for_COFs/cof_symmetry_pipeline/output/xyz/aug_000996.xyz,original_remaining,0.6796232325951611,1.5534436081564464
NS(=O)(=O)NC(=O)C(=O)NS(N)(=O)=O,oxamide_C2,SO2NH2_direct,C2,C2,nonplanar,-480.6213387207407,/home/tianyajun/MARL_for_COFs/cof_symmetry_pipeline/output/xyz/aug_000997.xyz,original_remaining,0.6374656940886797,1.6731811251900863
O=C(NS(=O)(=O)O)C(=O)NS(=O)(=O)O,oxamide_C2,SO3H_direct,C2,C2,nonplanar,-396.474721459441,/home/tianyajun/MARL_for_COFs/cof_symmetry_pipeline/output/xyz/aug_000998.xyz,original_remaining,0.6119672745756809,1.4647586007572926
C[Si](C)(C)NC(=O)C(=O)N[Si](C)(C)C,oxamide_C2,SiMe3_direct,C2,C2h,nonplanar,-14.319526443441234,/home/tianyajun/MARL_for_COFs/cof_symmetry_pipeline/output/xyz/aug_000999.xyz,original_remaining,1.2810698190360204,2.4363719774915946
CC(=O)NC(=O)C(=O)NC(C)=O,oxamide_C2,acetyl_direct,C2,C2,planar,-47.51143267594311,/home/tianyajun/MARL_for_COFs/cof_symmetry_pipeline/output/xyz/aug_001000.xyz,original_remaining,0.4008774169349919,1.003799152637396
CC(=O)c1ccc(NC(=O)C(=O)Nc2ccc(C(C)=O)cc2)cc1,oxamide_C2,acetyl_ph,C2,C2h,planar,86.56983154719782,/home/tianyajun/MARL_for_COFs/cof_symmetry_pipeline/output/xyz/aug_001001.xyz,original_remaining,0.284830165613782,0.9022247982487986
C#CNC(=O)C(=O)NC#C,oxamide_C2,ethynyl_direct,C2,C2h,planar,14.357441070248314,/home/tianyajun/MARL_for_COFs/cof_symmetry_pipeline/output/xyz/aug_001002.xyz,original_remaining,2.0379840984521928e-07,3.6511918721782166e-07
CNC(=O)C(=O)NC,oxamide_C2,methyl_direct,C2,C2,planar,14.987204916628125,/home/tianyajun/MARL_for_COFs/cof_symmetry_pipeline/output/xyz/aug_001003.xyz,original_remaining,0.4472155668483642,1.0801276755981375
Cc1ccc(NC(=O)C(=O)Nc2ccc(C)cc2)cc1,oxamide_C2,methyl_ph,C2,C2,planar,53.22212941025418,/home/tianyajun/MARL_for_COFs/cof_symmetry_pipeline/output/xyz/aug_001004.xyz,original_remaining,0.2978397988928798,1.049119209935816
C=CNC(=O)C(=O)NC=C,oxamide_C2,vinyl_direct,C2,C2h,planar,42.271018512200754,/home/tianyajun/MARL_for_COFs/cof_symmetry_pipeline/output/xyz/aug_001005.xyz,original_remaining,3.956404136532985e-06,6.119605306942333e-06
Brc1ccc(C#Cc2ccc(Br)cn2)nc1,phenylethynyl_pyridine_C2,Br_direct,C2,C2h,planar,41.1733233672492,/home/tianyajun/MARL_for_COFs/cof_symmetry_pipeline/output/xyz/aug_001007.xyz,original_remaining,1.7346735449965095e-05,3.2051767779150975e-05
FC(F)(F)C#Cc1ccc(C#Cc2ccc(C#CC(F)(F)F)cn2)nc1,phenylethynyl_pyridine_C2,CCCF3_direct,C2,C2,planar,52.28633871376476,/home/tianyajun/MARL_for_COFs/cof_symmetry_pipeline/output/xyz/aug_001008.xyz,original_remaining,0.38669922439196247,1.261309232859913
O=CC#Cc1ccc(C#Cc2ccc(C#CC=O)cn2)nc1,phenylethynyl_pyridine_C2,CCCHO_direct,C2,C2h,planar,45.03619190398168,/home/tianyajun/MARL_for_COFs/cof_symmetry_pipeline/output/xyz/aug_001009.xyz,original_remaining,0.0535526934013947,0.17010866577564476
N#CC#Cc1ccc(C#Cc2ccc(C#CC#N)cn2)nc1,phenylethynyl_pyridine_C2,CCCN_direct,C2,C2h,planar,44.86031113849384,/home/tianyajun/MARL_for_COFs/cof_symmetry_pipeline/output/xyz/aug_001010.xyz,original_remaining,1.0078698540062087e-05,2.905151011733942e-05
O=C(O)C#Cc1ccc(C#Cc2ccc(C#CC(=O)O)cn2)nc1,phenylethynyl_pyridine_C2,CCCOOH_direct,C2,C2,planar,-19.023295419019608,/home/tianyajun/MARL_for_COFs/cof_symmetry_pipeline/output/xyz/aug_001011.xyz,original_remaining,0.08145739166546145,0.2808323188248587
C#Cc1ccc(-c2ccc(C#Cc3ccc(-c4ccc(C#C)cc4)cn3)nc2)cc1,phenylethynyl_pyridine_C2,CCH_ph,C2,D2,nonplanar,82.42674250931819,/home/tianyajun/MARL_for_COFs/cof_symmetry_pipeline/output/xyz/aug_001012.xyz,original_remaining,0.813840889343261,1.7119516824699845
C#Cc1ccc(-c2ccc(-c3ccc(C#Cc4ccc(-c5ccc(-c6ccc(C#C)cc6)cc5)cn4)nc3)cc2)cc1,phenylethynyl_pyridine_C2,CCH_phph,C2,D2,nonplanar,127.38721019697827,/home/tianyajun/MARL_for_COFs/cof_symmetry_pipeline/output/xyz/aug_001013.xyz,original_remaining,0.993224550667167,2.287452695915326
NC#Cc1ccc(C#Cc2ccc(C#CN)cn2)nc1,phenylethynyl_pyridine_C2,CCNH2_direct,C2,C2,planar,29.120072818236736,/home/tianyajun/MARL_for_COFs/cof_symmetry_pipeline/output/xyz/aug_001015.xyz,original_remaining,0.25661670156956096,0.9279179412105312
O=[N+]([O-])C#Cc1ccc(C#Cc2ccc(C#C[N+](=O)[O-])cn2)nc1,phenylethynyl_pyridine_C2,CCNO2_direct,C2,D2,planar,49.729268715311285,/home/tianyajun/MARL_for_COFs/cof_symmetry_pipeline/output/xyz/aug_001016.xyz,original_remaining,0.3984519472397878,1.1102735424694874
OC#Cc1ccc(C#Cc2ccc(C#CO)cn2)nc1,phenylethynyl_pyridine_C2,CCOH_direct,C2,C2,planar,34.67126714718272,/home/tianyajun/MARL_for_COFs/cof_symmetry_pipeline/output/xyz/aug_001017.xyz,original_remaining,0.2443854857380002,0.8621230645803659
FC(F)(F)c1ccc(C#Cc2ccc(C(F)(F)F)cn2)nc1,phenylethynyl_pyridine_C2,CF3_direct,C2,C2,planar,44.63618880401432,/home/tianyajun/MARL_for_COFs/cof_symmetry_pipeline/output/xyz/aug_001018.xyz,original_remaining,0.4382894118051241,1.3032560411999723
FC(F)(F)c1ccc(-c2ccc(C#Cc3ccc(-c4ccc(C(F)(F)F)cc4)cn3)nc2)cc1,phenylethynyl_pyridine_C2,CF3_ph,C2,D2,nonplanar,137.5806253787257,/home/tianyajun/MARL_for_COFs/cof_symmetry_pipeline/output/xyz/aug_001019.xyz,original_remaining,0.857185865223036,1.713430280309192
O=Cc1ccc(C#Cc2ccc(C=O)cn2)nc1,phenylethynyl_pyridine_C2,CHO_direct,C2,C2h,planar,53.12241705049233,/home/tianyajun/MARL_for_COFs/cof_symmetry_pipeline/output/xyz/aug_001020.xyz,original_remaining,2.4256743331808395e-05,7.376703592276712e-05
N#Cc1ccc(C#Cc2ccc(C#N)cn2)nc1,phenylethynyl_pyridine_C2,CN_direct,C2,C2h,planar,47.994138899542016,/home/tianyajun/MARL_for_COFs/cof_symmetry_pipeline/output/xyz/aug_001022.xyz,original_remaining,6.93933609206367e-06,1.4919077032660155e-05
N#Cc1ccc(-c2ccc(C#Cc3ccc(-c4ccc(C#N)cc4)cn3)nc2)cc1,phenylethynyl_pyridine_C2,CN_ph,C2,C2,nonplanar,111.19263889938672,/home/tianyajun/MARL_for_COFs/cof_symmetry_pipeline/output/xyz/aug_001023.xyz,original_remaining,0.6021014224588225,1.0364017172726148
O=C(Cl)c1ccc(C#Cc2ccc(C(=O)Cl)cn2)nc1,phenylethynyl_pyridine_C2,COCl_direct,C2,C2h,planar,64.50801699867674,/home/tianyajun/MARL_for_COFs/cof_symmetry_pipeline/output/xyz/aug_001025.xyz,original_remaining,0.0001301851514663591,0.0002507618492391117
NC(=O)c1ccc(C#Cc2ccc(C(N)=O)cn2)nc1,phenylethynyl_pyridine_C2,CONH2_direct,C2,C2,planar,2.979979544543216,/home/tianyajun/MARL_for_COFs/cof_symmetry_pipeline/output/xyz/aug_001026.xyz,original_remaining,0.2598110647028462,0.7533909261401945
O=C(O)c1ccc(C#Cc2ccc(C(=O)O)cn2)nc1,phenylethynyl_pyridine_C2,COOH_direct,C2,C2h,planar,11.680040759887866,/home/tianyajun/MARL_for_COFs/cof_symmetry_pipeline/output/xyz/aug_001027.xyz,original_remaining,2.789792210044068e-06,5.135641248288705e-06
O=C(O)c1ccc(-c2ccc(C#Cc3ccc(-c4ccc(C(=O)O)cc4)cn3)nc2)cc1,phenylethynyl_pyridine_C2,COOH_ph,C2,D2,nonplanar,73.87080329914446,/home/tianyajun/MARL_for_COFs/cof_symmetry_pipeline/output/xyz/aug_001028.xyz,original_remaining,0.8412181242636814,1.7265251772606565
COC(=O)c1ccc(C#Cc2ccc(C(=O)OC)cn2)nc1,phenylethynyl_pyridine_C2,COOMe_direct,C2,C2,planar,45.31314156370037,/home/tianyajun/MARL_for_COFs/cof_symmetry_pipeline/output/xyz/aug_001029.xyz,original_remaining,0.4203656857936108,0.9531257841726357
Clc1ccc(C#Cc2ccc(Cl)cn2)nc1,phenylethynyl_pyridine_C2,Cl_direct,C2,C2h,planar,44.200698063387534,/home/tianyajun/MARL_for_COFs/cof_symmetry_pipeline/output/xyz/aug_001030.xyz,original_remaining,2.5355350759060147e-05,4.5163326928054914e-05
Ic1ccc(C#Cc2ccc(I)cn2)nc1,phenylethynyl_pyridine_C2,I_direct,C2,C2h,planar,40.64380149243048,/home/tianyajun/MARL_for_COFs/cof_symmetry_pipeline/output/xyz/aug_001032.xyz,original_remaining,8.159265191017455e-06,1.424546848186048e-05
[N-]=[N+]=Nc1ccc(C#Cc2ccc(N=[N+]=[N-])cn2)nc1,phenylethynyl_pyridine_C2,N3_direct,C2,C2,nonplanar,40.19754338584524,/home/tianyajun/MARL_for_COFs/cof_symmetry_pipeline/output/xyz/aug_001033.xyz,original_remaining,0.5986058312473733,1.82815201446058
[N-]=[N+]=Nc1ccc(-c2ccc(C#Cc3ccc(-c4ccc(N=[N+]=[N-])cc4)cn3)nc2)cc1,phenylethynyl_pyridine_C2,N3_ph,C2,D2,nonplanar,68.75880989214583,/home/tianyajun/MARL_for_COFs/cof_symmetry_pipeline/output/xyz/aug_001034.xyz,original_remaining,0.8666584799152848,1.8065303510555586
S=C=Nc1ccc(C#Cc2ccc(N=C=S)cn2)nc1,phenylethynyl_pyridine_C2,NCS_direct,C2,C2,nonplanar,46.53418405210044,/home/tianyajun/MARL_for_COFs/cof_symmetry_pipeline/output/xyz/aug_001036.xyz,original_remaining,0.7609438555800526,2.438789271644123
O=CNc1ccc(C#Cc2ccc(NC=O)cn2)nc1,phenylethynyl_pyridine_C2,NHCHO_direct,C2,C2h,planar,12.867260534851544,/home/tianyajun/MARL_for_COFs/cof_symmetry_pipeline/output/xyz/aug_001039.xyz,original_remaining,0.0019300548712134302,0.0036449768518478365
O=[N+]([O-])c1ccc(C#Cc2ccc([N+](=O)[O-])cn2)nc1,phenylethynyl_pyridine_C2,NO2_direct,C2,C2h,planar,74.57063698829892,/home/tianyajun/MARL_for_COFs/cof_symmetry_pipeline/output/xyz/aug_001043.xyz,original_remaining,0.022865675200562506,0.039921004399749105
O=[N+]([O-])c1ccc(-c2ccc(C#Cc3ccc(-c4ccc([N+](=O)[O-])cc4)cn3)nc2)cc1,phenylethynyl_pyridine_C2,NO2_ph,C2,C2,nonplanar,151.2060322653923,/home/tianyajun/MARL_for_COFs/cof_symmetry_pipeline/output/xyz/aug_001044.xyz,original_remaining,0.6698391415684136,1.3285086226383136
O=[N+]([O-])c1ccc(-c2ccc(-c3ccc(C#Cc4ccc(-c5ccc(-c6ccc([N+](=O)[O-])cc6)cc5)cn4)nc3)cc2)cc1,phenylethynyl_pyridine_C2,NO2_phph,C2,D2,nonplanar,195.1228250169815,/home/tianyajun/MARL_for_COFs/cof_symmetry_pipeline/output/xyz/aug_001045.xyz,original_remaining,1.000655454231187,2.2777237427386736
O=COc1ccc(C#Cc2ccc(OC=O)cn2)nc1,phenylethynyl_pyridine_C2,OCHO_direct,C2,C2,planar,56.84591504510002,/home/tianyajun/MARL_for_COFs/cof_symmetry_pipeline/output/xyz/aug_001046.xyz,original_remaining,0.40587502751047355,1.2041888073135607
N#COc1ccc(C#Cc2ccc(OC#N)cn2)nc1,phenylethynyl_pyridine_C2,OCN_direct,C2,C2,planar,50.580527250090576,/home/tianyajun/MARL_for_COFs/cof_symmetry_pipeline/output/xyz/aug_001047.xyz,original_remaining,0.1981436913967165,0.6570862105686601
Oc1ccc(C#Cc2ccc(O)cn2)nc1,phenylethynyl_pyridine_C2,OH_direct,C2,C2h,planar,36.7773430341872,/home/tianyajun/MARL_for_COFs/cof_symmetry_pipeline/output/xyz/aug_001048.xyz,original_remaining,0.06856352044849835,0.11842312743168848
Oc1ccc(-c2ccc(C#Cc3ccc(-c4ccc(O)cc4)cn3)nc2)cc1,phenylethynyl_pyridine_C2,OH_ph,C2,D2,nonplanar,61.2547116464572,/home/tianyajun/MARL_for_COFs/cof_symmetry_pipeline/output/xyz/aug_001049.xyz,original_remaining,0.829300888323276,1.7092757508189869
COc1ccc(C#Cc2ccc(OC)cn2)nc1,phenylethynyl_pyridine_C2,OMe_direct,C2,C2h,planar,57.73240860478362,/home/tianyajun/MARL_for_COFs/cof_symmetry_pipeline/output/xyz/aug_001050.xyz,original_remaining,0.32984547831600325,0.9100727785318391
COc1ccc(-c2ccc(C#Cc3ccc(-c4ccc(OC)cc4)cn3)nc2)cc1,phenylethynyl_pyridine_C2,OMe_ph,C2,D2,nonplanar,90.70405966686847,/home/tianyajun/MARL_for_COFs/cof_symmetry_pipeline/output/xyz/aug_001051.xyz,original_remaining,0.8957215907379755,1.895683043865521
CC(=O)Oc1ccc(C#Cc2ccc(OC(C)=O)cn2)nc1,phenylethynyl_pyridine_C2,Oacetyl_direct,C2,C2,planar,55.65194006193174,/home/tianyajun/MARL_for_COFs/cof_symmetry_pipeline/output/xyz/aug_001052.xyz,original_remaining,0.4805233557044643,1.1729999845725068
O=P(Cl)(Cl)c1ccc(C#Cc2ccc(P(=O)(Cl)Cl)cn2)nc1,phenylethynyl_pyridine_C2,POCl2_direct,C2,D2,nonplanar,53.06506668568485,/home/tianyajun/MARL_for_COFs/cof_symmetry_pipeline/output/xyz/aug_001054.xyz,original_remaining,0.6627907841235972,1.7483006466260462
N#CSc1ccc(C#Cc2ccc(SC#N)cn2)nc1,phenylethynyl_pyridine_C2,SCN_direct,C2,D2,nonplanar,39.35964344794741,/home/tianyajun/MARL_for_COFs/cof_symmetry_pipeline/output/xyz/aug_001055.xyz,original_remaining,0.7801147806710826,2.2768722086596496
Sc1ccc(C#Cc2ccc(S)cn2)nc1,phenylethynyl_pyridine_C2,SH_direct,C2,C2,planar,40.20828175784302,/home/tianyajun/MARL_for_COFs/cof_symmetry_pipeline/output/xyz/aug_001056.xyz,original_remaining,0.22712528914420177,0.7422864047636226
NS(=O)(=O)c1ccc(C#Cc2ccc(S(N)(=O)=O)cn2)nc1,phenylethynyl_pyridine_C2,SO2NH2_direct,C2,C2,nonplanar,-142.04934137811784,/home/tianyajun/MARL_for_COFs/cof_symmetry_pipeline/output/xyz/aug_001057.xyz,original_remaining,0.8248607331006701,1.9989541516902394
C[Si](C)(C)c1ccc(C#Cc2ccc([Si](C)(C)C)cn2)nc1,phenylethynyl_pyridine_C2,SiMe3_direct,C2,C2h,nonplanar,29.12639600288146,/home/tianyajun/MARL_for_COFs/cof_symmetry_pipeline/output/xyz/aug_001059.xyz,original_remaining,1.1002452453224643,2.4507449724873074
CC(=O)c1ccc(C#Cc2ccc(C(C)=O)cn2)nc1,phenylethynyl_pyridine_C2,acetyl_direct,C2,C2h,planar,60.6395643279172,/home/tianyajun/MARL_for_COFs/cof_symmetry_pipeline/output/xyz/aug_001060.xyz,original_remaining,0.31833455627086094,0.9004879493441138
CC(=O)c1ccc(-c2ccc(C#Cc3ccc(-c4ccc(C(C)=O)cc4)cn3)nc2)cc1,phenylethynyl_pyridine_C2,acetyl_ph,C2,D2,nonplanar,121.66891817734808,/home/tianyajun/MARL_for_COFs/cof_symmetry_pipeline/output/xyz/aug_001061.xyz,original_remaining,0.9551712893730084,1.9215985012714571
C#Cc1ccc(C#Cc2ccc(C#C)cn2)nc1,phenylethynyl_pyridine_C2,ethynyl_direct,C2,C2h,planar,40.93096529070672,/home/tianyajun/MARL_for_COFs/cof_symmetry_pipeline/output/xyz/aug_001062.xyz,original_remaining,2.2208435356357557e-05,4.012772501184314e-05
Cc1ccc(C#Cc2ccc(C)cn2)nc1,phenylethynyl_pyridine_C2,methyl_direct,C2,C2,planar,30.350677324300943,/home/tianyajun/MARL_for_COFs/cof_symmetry_pipeline/output/xyz/aug_001063.xyz,original_remaining,0.3376705572338572,1.0524506932948123
Cc1ccc(-c2ccc(C#Cc3ccc(-c4ccc(C)cc4)cn3)nc2)cc1,phenylethynyl_pyridine_C2,methyl_ph,C2,D2,nonplanar,87.66167959082605,/home/tianyajun/MARL_for_COFs/cof_symmetry_pipeline/output/xyz/aug_001064.xyz,original_remaining,0.8629985653327021,1.7871407475099128
C=Cc1ccc(C#Cc2ccc(C=C)cn2)nc1,phenylethynyl_pyridine_C2,vinyl_direct,C2,C2,planar,57.02867085395383,/home/tianyajun/MARL_for_COFs/cof_symmetry_pipeline/output/xyz/aug_001065.xyz,original_remaining,0.32705231626096765,0.9232095602239241
Brc1ccc(C#Cc2cnc(C#Cc3ccc(Br)cc3)nc2)cc1,phenylethynyl_pyrimidine_C2,Br_direct,C2,C2,nonplanar,34.49736907086678,/home/tianyajun/MARL_for_COFs/cof_symmetry_pipeline/output/xyz/aug_001066.xyz,original_remaining,0.8441459782310695,2.105283103538314
N#CC#Cc1ccc(C#Cc2cnc(C#Cc3ccc(C#CC#N)cc3)nc2)cc1,phenylethynyl_pyrimidine_C2,CCCN_direct,C2,C2v,nonplanar,39.401147414910085,/home/tianyajun/MARL_for_COFs/cof_symmetry_pipeline/output/xyz/aug_001067.xyz,original_remaining,0.7823509411004695,2.157108579052185
C#Cc1ccc(-c2ccc(C#Cc3cnc(C#Cc4ccc(-c5ccc(C#C)cc5)cc4)nc3)cc2)cc1,phenylethynyl_pyrimidine_C2,CCH_ph,C2,C2,nonplanar,80.21595902418139,/home/tianyajun/MARL_for_COFs/cof_symmetry_pipeline/output/xyz/aug_001068.xyz,original_remaining,0.7926827054987571,1.9716310891720634
O=[N+]([O-])C#Cc1ccc(C#Cc2cnc(C#Cc3ccc(C#C[N+](=O)[O-])cc3)nc2)cc1,phenylethynyl_pyrimidine_C2,CCNO2_direct,C2,C2,planar,44.27074047082248,/home/tianyajun/MARL_for_COFs/cof_symmetry_pipeline/output/xyz/aug_001069.xyz,original_remaining,0.2731157345132159,0.6479572325745631
N#Cc1ccc(C#Cc2cnc(C#Cc3ccc(C#N)cc3)nc2)cc1,phenylethynyl_pyrimidine_C2,CN_direct,C2,C2,nonplanar,63.40433016166018,/home/tianyajun/MARL_for_COFs/cof_symmetry_pipeline/output/xyz/aug_001070.xyz,original_remaining,0.7133447375154054,1.5451132023239358
N#Cc1ccc(-c2ccc(C#Cc3cnc(C#Cc4ccc(-c5ccc(C#N)cc5)cc4)nc3)cc2)cc1,phenylethynyl_pyrimidine_C2,CN_ph,C2,C2,nonplanar,108.02147218234047,/home/tianyajun/MARL_for_COFs/cof_symmetry_pipeline/output/xyz/aug_001071.xyz,original_remaining,0.6329497499495176,1.1729466647767843
Clc1ccc(C#Cc2cnc(C#Cc3ccc(Cl)cc3)nc2)cc1,phenylethynyl_pyrimidine_C2,Cl_direct,C2,C2,nonplanar,33.03418783953051,/home/tianyajun/MARL_for_COFs/cof_symmetry_pipeline/output/xyz/aug_001072.xyz,original_remaining,0.8327481779100109,2.062756610676198
Clc1ccc(-c2ccc(C#Cc3cnc(C#Cc4ccc(-c5ccc(Cl)cc5)cc4)nc3)cc2)cc1,phenylethynyl_pyrimidine_C2,Cl_ph,C2,C2,nonplanar,78.17456358728222,/home/tianyajun/MARL_for_COFs/cof_symmetry_pipeline/output/xyz/aug_001073.xyz,original_remaining,0.9628441315662374,2.128661277525812
O=[N+]([O-])c1ccc(C#Cc2cnc(C#Cc3ccc([N+](=O)[O-])cc3)nc2)cc1,phenylethynyl_pyrimidine_C2,NO2_direct,C2,C2,planar,103.61430811404854,/home/tianyajun/MARL_for_COFs/cof_symmetry_pipeline/output/xyz/aug_001074.xyz,original_remaining,0.09041840434453587,0.18518581310292587
O=[N+]([O-])c1ccc(-c2ccc(C#Cc3cnc(C#Cc4ccc(-c5ccc([N+](=O)[O-])cc5)cc4)nc3)cc2)cc1,phenylethynyl_pyrimidine_C2,NO2_ph,C2,C2,nonplanar,148.02975092165823,/home/tianyajun/MARL_for_COFs/cof_symmetry_pipeline/output/xyz/aug_001075.xyz,original_remaining,0.9703507941053024,2.1564081502081414
C#Cc1ccc(C#Cc2cnc(C#Cc3ccc(C#C)cc3)nc2)cc1,phenylethynyl_pyrimidine_C2,ethynyl_direct,C2,C2,nonplanar,35.03427852190977,/home/tianyajun/MARL_for_COFs/cof_symmetry_pipeline/output/xyz/aug_001076.xyz,original_remaining,0.5483954237633826,1.1813494966667075
Brc1ccc(C2=C3C=CC(=N3)C(c3ccc(Br)cc3)=C3C=CC(=N3)C(c3ccc(Br)cc3)=C3C=CC(=N3)C(c3ccc(Br)cc3)=C3C=CC2=N3)cc1,porphyrin_C4,Br_direct,C4,S4,nonplanar,201.2785515711901,/home/tianyajun/MARL_for_COFs/cof_symmetry_pipeline/output/xyz/aug_001077.xyz,original_remaining,2.1924344453530242,4.399892021938809
N#CC#Cc1ccc(C2=C3C=CC(=N3)C(c3ccc(C#CC#N)cc3)=C3C=CC(=N3)C(c3ccc(C#CC#N)cc3)=C3C=CC(=N3)C(c3ccc(C#CC#N)cc3)=C3C=CC2=N3)cc1,porphyrin_C4,CCCN_direct,C4,S4,nonplanar,211.30491889490773,/home/tianyajun/MARL_for_COFs/cof_symmetry_pipeline/output/xyz/aug_001078.xyz,original_remaining,2.4645705365862893,5.211341179443133
N#Cc1ccc(C2=C3C=CC(=N3)C(c3ccc(C#N)cc3)=C3C=CC(=N3)C(c3ccc(C#N)cc3)=C3C=CC(=N3)C(c3ccc(C#N)cc3)=C3C=CC2=N3)cc1,porphyrin_C4,CN_direct,C4,S4,nonplanar,259.28688640693485,/home/tianyajun/MARL_for_COFs/cof_symmetry_pipeline/output/xyz/aug_001079.xyz,original_remaining,2.48531303447256,4.919081890429054
Clc1ccc(C2=C3C=CC(=N3)C(c3ccc(Cl)cc3)=C3C=CC(=N3)C(c3ccc(Cl)cc3)=C3C=CC(=N3)C(c3ccc(Cl)cc3)=C3C=CC2=N3)cc1,porphyrin_C4,Cl_direct,C4,S4,nonplanar,198.6881755204597,/home/tianyajun/MARL_for_COFs/cof_symmetry_pipeline/output/xyz/aug_001081.xyz,original_remaining,2.1818706307013365,4.399456488195069
Ic1ccc(C2=C3C=CC(=N3)C(c3ccc(I)cc3)=C3C=CC(=N3)C(c3ccc(I)cc3)=C3C=CC(=N3)C(c3ccc(I)cc3)=C3C=CC2=N3)cc1,porphyrin_C4,I_direct,C4,S4,nonplanar,204.2333551895228,/home/tianyajun/MARL_for_COFs/cof_symmetry_pipeline/output/xyz/aug_001082.xyz,original_remaining,2.04491485077378,4.241907051248944
O=[N+]([O-])c1ccc(C2=C3C=CC(=N3)C(c3ccc([N+](=O)[O-])cc3)=C3C=CC(=N3)C(c3ccc([N+](=O)[O-])cc3)=C3C=CC(=N3)C(c3ccc([N+](=O)[O-])cc3)=C3C=CC2=N3)cc1,porphyrin_C4,NO2_direct,C4,S4,nonplanar,343.4074002503148,/home/tianyajun/MARL_for_COFs/cof_symmetry_pipeline/output/xyz/aug_001083.xyz,original_remaining,1.5905972791987548,3.4976076191369865
C#Cc1ccc(C2=C3C=CC(=N3)C(c3ccc(C#C)cc3)=C3C=CC(=N3)C(c3ccc(C#C)cc3)=C3C=CC(=N3)C(c3ccc(C#C)cc3)=C3C=CC2=N3)cc1,porphyrin_C4,ethynyl_direct,C4,S4,nonplanar,202.4369617445376,/home/tianyajun/MARL_for_COFs/cof_symmetry_pipeline/output/xyz/aug_001086.xyz,original_remaining,2.6702646505420855,5.563421541378429
BrC#Cc1ccc(C2=C3C=CC(=N3)C(c3ccc(C#CBr)cc3)=C3C=CC(=N3)C(c3ccc(C#CBr)cc3)=C3C=CC(=N3)C(c3ccc(C#CBr)cc3)=C3C=CC2=N3)cc1,porphyrin_ethynyl_C4,Br_direct,C4,S4,nonplanar,201.90875109927163,/home/tianyajun/MARL_for_COFs/cof_symmetry_pipeline/output/xyz/aug_001087.xyz,original_remaining,2.6934222738656324,5.913528049610008
ClC#Cc1ccc(C2=C3C=CC(=N3)C(c3ccc(C#CCl)cc3)=C3C=CC(=N3)C(c3ccc(C#CCl)cc3)=C3C=CC(=N3)C(c3ccc(C#CCl)cc3)=C3C=CC2=N3)cc1,porphyrin_ethynyl_C4,Cl_direct,C4,S4,nonplanar,202.46606032670635,/home/tianyajun/MARL_for_COFs/cof_symmetry_pipeline/output/xyz/aug_001088.xyz,original_remaining,2.6757763780783868,5.8041178319331745
IC#Cc1ccc(C2=C3C=CC(=N3)C(c3ccc(C#CI)cc3)=C3C=CC(=N3)C(c3ccc(C#CI)cc3)=C3C=CC(=N3)C(c3ccc(C#CI)cc3)=C3C=CC2=N3)cc1,porphyrin_ethynyl_C4,I_direct,C4,S4,nonplanar,201.50115286532505,/home/tianyajun/MARL_for_COFs/cof_symmetry_pipeline/output/xyz/aug_001089.xyz,original_remaining,2.2004697094436376,4.679076896913847
C#CC#Cc1ccc(C2=C3C=CC(=N3)C(c3ccc(C#CC#C)cc3)=C3C=CC(=N3)C(c3ccc(C#CC#C)cc3)=C3C=CC(=N3)C(c3ccc(C#CC#C)cc3)=C3C=CC2=N3)cc1,porphyrin_ethynyl_C4,ethynyl_direct,C4,S4,nonplanar,203.03906035803828,/home/tianyajun/MARL_for_COFs/cof_symmetry_pipeline/output/xyz/aug_001090.xyz,original_remaining,1.9342035880190904,3.756482903294466
Brc1cnc(-c2cnc(Br)cn2)cn1,pyrazine_phenyl_C2,Br_direct,C2,C2v,planar,152.7180761082122,/home/tianyajun/MARL_for_COFs/cof_symmetry_pipeline/output/xyz/aug_001092.xyz,original_remaining,1.7191652829469118e-05,4.373470679044228e-05
O=CC#Cc1cnc(-c2cnc(C#CC=O)cn2)cn1,pyrazine_phenyl_C2,CCCHO_direct,C2,C2,planar,142.8672956576348,/home/tianyajun/MARL_for_COFs/cof_symmetry_pipeline/output/xyz/aug_001093.xyz,original_remaining,0.06469055275082537,0.22086575396132657
N#CC#Cc1cnc(-c2cnc(C#CC#N)cn2)cn1,pyrazine_phenyl_C2,CCCN_direct,C2,C2h,planar,140.08365182435423,/home/tianyajun/MARL_for_COFs/cof_symmetry_pipeline/output/xyz/aug_001094.xyz,original_remaining,1.2008699874385091e-05,3.322011224093924e-05
O=C(O)C#Cc1cnc(-c2cnc(C#CC(=O)O)cn2)cn1,pyrazine_phenyl_C2,CCCOOH_direct,C2,C2,planar,78.1033434829931,/home/tianyajun/MARL_for_COFs/cof_symmetry_pipeline/output/xyz/aug_001095.xyz,original_remaining,0.19329152249351336,0.5711687218050725
COC(=O)C#Cc1cnc(-c2cnc(C#CC(=O)OC)cn2)cn1,pyrazine_phenyl_C2,CCCOOMe_direct,C2,C2,nonplanar,119.71090676574764,/home/tianyajun/MARL_for_COFs/cof_symmetry_pipeline/output/xyz/aug_001096.xyz,original_remaining,0.591880122093358,1.5527544173757772
C#Cc1ccc(-c2cnc(-c3cnc(-c4ccc(C#C)cc4)cn3)cn2)cc1,pyrazine_phenyl_C2,CCH_ph,C2,C2h,planar,196.6719025463488,/home/tianyajun/MARL_for_COFs/cof_symmetry_pipeline/output/xyz/aug_001097.xyz,original_remaining,0.0007584023365425103,0.0018041371436687825
C#Cc1ccc(-c2ccc(-c3cnc(-c4cnc(-c5ccc(-c6ccc(C#C)cc6)cc5)cn4)cn3)cc2)cc1,pyrazine_phenyl_C2,CCH_phph,C2,D2,nonplanar,250.4125183166871,/home/tianyajun/MARL_for_COFs/cof_symmetry_pipeline/output/xyz/aug_001098.xyz,original_remaining,0.7634692907290475,1.7069466899130226
O=C=NC#Cc1cnc(-c2cnc(C#CN=C=O)cn2)cn1,pyrazine_phenyl_C2,CCNCO_direct,C2,C2,planar,132.13142661473236,/home/tianyajun/MARL_for_COFs/cof_symmetry_pipeline/output/xyz/aug_001099.xyz,original_remaining,0.16376023321561536,0.5304827478709457
O=[N+]([O-])C#Cc1cnc(-c2cnc(C#C[N+](=O)[O-])cn2)cn1,pyrazine_phenyl_C2,CCNO2_direct,C2,C2h,planar,136.69600327971182,/home/tianyajun/MARL_for_COFs/cof_symmetry_pipeline/output/xyz/aug_001101.xyz,original_remaining,0.4337202715603207,1.106746899657296
OC#Cc1cnc(-c2cnc(C#CO)cn2)cn1,pyrazine_phenyl_C2,CCOH_direct,C2,C2h,planar,138.5461083459187,/home/tianyajun/MARL_for_COFs/cof_symmetry_pipeline/output/xyz/aug_001102.xyz,original_remaining,3.83979575160236e-05,0.00014830169309448804
CC(=O)C#Cc1cnc(-c2cnc(C#CC(C)=O)cn2)cn1,pyrazine_phenyl_C2,CCacetyl_direct,C2,C2,planar,156.4069553791838,/home/tianyajun/MARL_for_COFs/cof_symmetry_pipeline/output/xyz/aug_001103.xyz,original_remaining,0.49648146305466634,1.0169198213342914
FC(F)(F)c1cnc(-c2cnc(C(F)(F)F)cn2)cn1,pyrazine_phenyl_C2,CF3_direct,C2,C2,planar,221.6712849279415,/home/tianyajun/MARL_for_COFs/cof_symmetry_pipeline/output/xyz/aug_001104.xyz,original_remaining,0.44326679158014065,1.1842328044293822
O=Cc1cnc(-c2cnc(C=O)cn2)cn1,pyrazine_phenyl_C2,CHO_direct,C2,C2v,planar,195.33152390674087,/home/tianyajun/MARL_for_COFs/cof_symmetry_pipeline/output/xyz/aug_001106.xyz,original_remaining,1.1683411364938176e-05,2.3063249181110024e-05
O=Cc1ccc(-c2cnc(-c3cnc(-c4ccc(C=O)cc4)cn3)cn2)cc1,pyrazine_phenyl_C2,CHO_ph,C2,C2h,planar,227.02967856616755,/home/tianyajun/MARL_for_COFs/cof_symmetry_pipeline/output/xyz/aug_001107.xyz,original_remaining,2.556323379054602e-05,5.25701300821968e-05
N#Cc1cnc(-c2cnc(C#N)cn2)cn1,pyrazine_phenyl_C2,CN_direct,C2,C2h,planar,188.0377630513603,/home/tianyajun/MARL_for_COFs/cof_symmetry_pipeline/output/xyz/aug_001109.xyz,original_remaining,0.000398718100381454,0.0008063365356334451
N#Cc1ccc(-c2cnc(-c3cnc(-c4ccc(C#N)cc4)cn3)cn2)cc1,pyrazine_phenyl_C2,CN_ph,C2,C2v,planar,235.1305172512535,/home/tianyajun/MARL_for_COFs/cof_symmetry_pipeline/output/xyz/aug_001110.xyz,original_remaining,0.0006037166458298602,0.0013165942677915154
N#Cc1ccc(-c2ccc(-c3cnc(-c4cnc(-c5ccc(-c6ccc(C#N)cc6)cc5)cn4)cn3)cc2)cc1,pyrazine_phenyl_C2,CN_phph,C2,C2,nonplanar,268.5866029012513,/home/tianyajun/MARL_for_COFs/cof_symmetry_pipeline/output/xyz/aug_001111.xyz,original_remaining,0.5803446179093321,1.0626758191724281
O=C(Cl)c1cnc(-c2cnc(C(=O)Cl)cn2)cn1,pyrazine_phenyl_C2,COCl_direct,C2,C2v,planar,226.1832849803293,/home/tianyajun/MARL_for_COFs/cof_symmetry_pipeline/output/xyz/aug_001112.xyz,original_remaining,2.4550860841730206e-05,4.101281252510969e-05
NC(=O)c1cnc(-c2cnc(C(N)=O)cn2)cn1,pyrazine_phenyl_C2,CONH2_direct,C2,C2h,planar,160.41660568720403,/home/tianyajun/MARL_for_COFs/cof_symmetry_pipeline/output/xyz/aug_001113.xyz,original_remaining,0.01758780529835473,0.032581473906427294
O=C(O)c1cnc(-c2cnc(C(=O)O)cn2)cn1,pyrazine_phenyl_C2,COOH_direct,C2,C2,nonplanar,197.6128715106857,/home/tianyajun/MARL_for_COFs/cof_symmetry_pipeline/output/xyz/aug_001114.xyz,original_remaining,0.5024978948674849,0.9428919057286227
O=C(O)c1ccc(-c2ccc(-c3cnc(-c4cnc(-c5ccc(-c6ccc(C(=O)O)cc6)cc5)cn4)cn3)cc2)cc1,pyrazine_phenyl_C2,COOH_phph,C2,D2,nonplanar,232.0310001032944,/home/tianyajun/MARL_for_COFs/cof_symmetry_pipeline/output/xyz/aug_001116.xyz,original_remaining,0.578931326481266,1.0866855969378009
COC(=O)c1cnc(-c2cnc(C(=O)OC)cn2)cn1,pyrazine_phenyl_C2,COOMe_direct,C2,C2h,planar,215.0776118657627,/home/tianyajun/MARL_for_COFs/cof_symmetry_pipeline/output/xyz/aug_001117.xyz,original_remaining,0.3290851039958121,0.9013582585738606
Clc1cnc(-c2cnc(Cl)cn2)cn1,pyrazine_phenyl_C2,Cl_direct,C2,C2h,planar,145.6378405487845,/home/tianyajun/MARL_for_COFs/cof_symmetry_pipeline/output/xyz/aug_001118.xyz,original_remaining,1.0121922342547302e-05,1.7002693806000835e-05
Clc1ccc(-c2cnc(-c3cnc(-c4ccc(Cl)cc4)cn3)cn2)cc1,pyrazine_phenyl_C2,Cl_ph,C2,C2h,planar,195.0308179428994,/home/tianyajun/MARL_for_COFs/cof_symmetry_pipeline/output/xyz/aug_001119.xyz,original_remaining,0.00011321498054890823,0.0002545388308565766
Ic1cnc(-c2cnc(I)cn2)cn1,pyrazine_phenyl_C2,I_direct,C2,C2h,planar,141.67935194138002,/home/tianyajun/MARL_for_COFs/cof_symmetry_pipeline/output/xyz/aug_001120.xyz,original_remaining,7.769572330921931e-06,1.536924513595439e-05
[N-]=[N+]=Nc1cnc(-c2cnc(N=[N+]=[N-])cn2)cn1,pyrazine_phenyl_C2,N3_direct,C2,C2h,planar,96.66225392454731,/home/tianyajun/MARL_for_COFs/cof_symmetry_pipeline/output/xyz/aug_001121.xyz,original_remaining,4.65581126024347e-05,0.00013382980903131614
O=C=Nc1cnc(-c2cnc(N=C=O)cn2)cn1,pyrazine_phenyl_C2,NCO_direct,C2,C2,planar,94.15334764031849,/home/tianyajun/MARL_for_COFs/cof_symmetry_pipeline/output/xyz/aug_001123.xyz,original_remaining,0.39245561956348446,1.105839219435786
S=C=Nc1cnc(-c2cnc(N=C=S)cn2)cn1,pyrazine_phenyl_C2,NCS_direct,C2,C2,planar,108.01166605927166,/home/tianyajun/MARL_for_COFs/cof_symmetry_pipeline/output/xyz/aug_001124.xyz,original_remaining,0.10536134279276894,0.36596238622234
Nc1cnc(-c2cnc(N)cn2)cn1,pyrazine_phenyl_C2,NH2_direct,C2,C2,planar,75.32511330121393,/home/tianyajun/MARL_for_COFs/cof_symmetry_pipeline/output/xyz/aug_001125.xyz,original_remaining,0.21930742203564998,0.6905030812050375
O=CNc1cnc(-c2cnc(NC=O)cn2)cn1,pyrazine_phenyl_C2,NHCHO_direct,C2,C2h,planar,47.137015905063,/home/tianyajun/MARL_for_COFs/cof_symmetry_pipeline/output/xyz/aug_001127.xyz,original_remaining,0.008890014050488892,0.017461977151215446
N#CNc1cnc(-c2cnc(NC#N)cn2)cn1,pyrazine_phenyl_C2,NHCN_direct,C2,C2,planar,30.941496693524947,/home/tianyajun/MARL_for_COFs/cof_symmetry_pipeline/output/xyz/aug_001128.xyz,original_remaining,0.4226589572015717,1.229675718861939
CS(=O)(=O)Nc1cnc(-c2cnc(NS(C)(=O)=O)cn2)cn1,pyrazine_phenyl_C2,NHSO2_direct,C2,D2,nonplanar,-41.20938269278516,/home/tianyajun/MARL_for_COFs/cof_symmetry_pipeline/output/xyz/aug_001129.xyz,original_remaining,1.0293511486841285,2.0743244821185827
CC(=O)Nc1cnc(-c2cnc(NC(C)=O)cn2)cn1,pyrazine_phenyl_C2,NHacetyl_direct,C2,C2,planar,52.44471987356648,/home/tianyajun/MARL_for_COFs/cof_symmetry_pipeline/output/xyz/aug_001130.xyz,original_remaining,0.31643577917236704,1.0074807036315248
O=[N+]([O-])c1cnc(-c2cnc([N+](=O)[O-])cn2)cn1,pyrazine_phenyl_C2,NO2_direct,C2,C2v,planar,256.3985714298696,/home/tianyajun/MARL_for_COFs/cof_symmetry_pipeline/output/xyz/aug_001131.xyz,original_remaining,7.197490491242882e-05,0.00013125551850245998
O=[N+]([O-])c1ccc(-c2cnc(-c3cnc(-c4ccc([N+](=O)[O-])cc4)cn3)cn2)cc1,pyrazine_phenyl_C2,NO2_ph,C2,C2h,planar,265.2580264729946,/home/tianyajun/MARL_for_COFs/cof_symmetry_pipeline/output/xyz/aug_001132.xyz,original_remaining,7.703775704036487e-05,0.00016018589920907544
O=[N+]([O-])c1ccc(-c2ccc(-c3cnc(-c4cnc(-c5ccc(-c6ccc([N+](=O)[O-])cc6)cc5)cn4)cn3)cc2)cc1,pyrazine_phenyl_C2,NO2_phph,C2,D2,nonplanar,308.55290137853376,/home/tianyajun/MARL_for_COFs/cof_symmetry_pipeline/output/xyz/aug_001133.xyz,original_remaining,0.5821800319792692,1.0662898191014714
O=COc1cnc(-c2cnc(OC=O)cn2)cn1,pyrazine_phenyl_C2,OCHO_direct,C2,C2,nonplanar,126.31413747911184,/home/tianyajun/MARL_for_COFs/cof_symmetry_pipeline/output/xyz/aug_001134.xyz,original_remaining,0.529675476326636,1.4403565515538395
N#COc1cnc(-c2cnc(OC#N)cn2)cn1,pyrazine_phenyl_C2,OCN_direct,C2,C2,nonplanar,131.30636851102858,/home/tianyajun/MARL_for_COFs/cof_symmetry_pipeline/output/xyz/aug_001135.xyz,original_remaining,0.5175152080107669,0.9669660331062417
Oc1cnc(-c2cnc(O)cn2)cn1,pyrazine_phenyl_C2,OH_direct,C2,C2h,planar,85.79290675595014,/home/tianyajun/MARL_for_COFs/cof_symmetry_pipeline/output/xyz/aug_001136.xyz,original_remaining,9.500375875427938e-05,0.000183128008010236
Oc1ccc(-c2cnc(-c3cnc(-c4ccc(O)cc4)cn3)cn2)cc1,pyrazine_phenyl_C2,OH_ph,C2,C2,nonplanar,174.24887577377086,/home/tianyajun/MARL_for_COFs/cof_symmetry_pipeline/output/xyz/aug_001137.xyz,original_remaining,0.5153539194676844,1.048971413617263
COc1cnc(-c2cnc(OC)cn2)cn1,pyrazine_phenyl_C2,OMe_direct,C2,C2h,planar,128.8260064768481,/home/tianyajun/MARL_for_COFs/cof_symmetry_pipeline/output/xyz/aug_001139.xyz,original_remaining,0.35435932441726536,0.903455379167368
CC(=O)Oc1cnc(-c2cnc(OC(C)=O)cn2)cn1,pyrazine_phenyl_C2,Oacetyl_direct,C2,C2,nonplanar,125.27435083481753,/home/tianyajun/MARL_for_COFs/cof_symmetry_pipeline/output/xyz/aug_001140.xyz,original_remaining,0.5570949491550431,1.3048682425950198
O=P(Cl)(Cl)c1cnc(-c2cnc(P(=O)(Cl)Cl)cn2)cn1,pyrazine_phenyl_C2,POCl2_direct,C2,D2h,nonplanar,238.39955312584155,/home/tianyajun/MARL_for_COFs/cof_symmetry_pipeline/output/xyz/aug_001141.xyz,original_remaining,0.644752874363457,1.580247284424205
N#CSc1cnc(-c2cnc(SC#N)cn2)cn1,pyrazine_phenyl_C2,SCN_direct,C2,C2,nonplanar,117.68410416647028,/home/tianyajun/MARL_for_COFs/cof_symmetry_pipeline/output/xyz/aug_001142.xyz,original_remaining,0.8760842227827931,2.3506088217140966
Sc1cnc(-c2cnc(S)cn2)cn1,pyrazine_phenyl_C2,SH_direct,C2,C2h,planar,122.9128468587424,/home/tianyajun/MARL_for_COFs/cof_symmetry_pipeline/output/xyz/aug_001143.xyz,original_remaining,8.574520633790337e-05,0.00019472052327618172
O=S(=O)(Cl)c1cnc(-c2cnc(S(=O)(=O)Cl)cn2)cn1,pyrazine_phenyl_C2,SO2Cl_direct,C2,C2,nonplanar,256.07364118189423,/home/tianyajun/MARL_for_COFs/cof_symmetry_pipeline/output/xyz/aug_001144.xyz,original_remaining,0.5559064879029859,1.3681309727521365
NS(=O)(=O)c1cnc(-c2cnc(S(N)(=O)=O)cn2)cn1,pyrazine_phenyl_C2,SO2NH2_direct,C2,C2,nonplanar,75.44754420970435,/home/tianyajun/MARL_for_COFs/cof_symmetry_pipeline/output/xyz/aug_001145.xyz,original_remaining,0.5149553858827237,1.307776549764879
O=S(=O)(O)c1cnc(-c2cnc(S(=O)(=O)O)cn2)cn1,pyrazine_phenyl_C2,SO3H_direct,C2,C2,nonplanar,154.34536915389432,/home/tianyajun/MARL_for_COFs/cof_symmetry_pipeline/output/xyz/aug_001146.xyz,original_remaining,0.5033935463363653,1.3794071479938912
C[Si](C)(C)c1cnc(-c2cnc([Si](C)(C)C)cn2)cn1,pyrazine_phenyl_C2,SiMe3_direct,C2,C2h,nonplanar,146.5094109646099,/home/tianyajun/MARL_for_COFs/cof_symmetry_pipeline/output/xyz/aug_001147.xyz,original_remaining,1.1497687825131677,2.450895256388228
CC(=O)c1cnc(-c2cnc(C(C)=O)cn2)cn1,pyrazine_phenyl_C2,acetyl_direct,C2,C2h,planar,188.9636845961892,/home/tianyajun/MARL_for_COFs/cof_symmetry_pipeline/output/xyz/aug_001148.xyz,original_remaining,0.340346296114977,0.9282855865901556
C#Cc1cnc(-c2cnc(C#C)cn2)cn1,pyrazine_phenyl_C2,ethynyl_direct,C2,C2h,planar,149.2464360035839,/home/tianyajun/MARL_for_COFs/cof_symmetry_pipeline/output/xyz/aug_001149.xyz,original_remaining,3.440662000481302e-05,7.290570813345276e-05
Cc1cnc(-c2cnc(C)cn2)cn1,pyrazine_phenyl_C2,methyl_direct,C2,C2h,planar,133.9588710492585,/home/tianyajun/MARL_for_COFs/cof_symmetry_pipeline/output/xyz/aug_001150.xyz,original_remaining,0.36412549985502923,0.8919329676615674
C=Cc1cnc(-c2cnc(C=C)cn2)cn1,pyrazine_phenyl_C2,vinyl_direct,C2,C2h,planar,154.03355005313256,/home/tianyajun/MARL_for_COFs/cof_symmetry_pipeline/output/xyz/aug_001152.xyz,original_remaining,1.8167023152080565e-05,3.680697907637587e-05
FC(F)(F)c1ccc(-c2ccc(/C=C/c3ccc(-c4ccc(C(F)(F)F)cc4)cc3)cc2)cc1,stilbene_C2,CF3_ph,C2,D2,nonplanar,136.8107995118422,/home/tianyajun/MARL_for_COFs/cof_symmetry_pipeline/output/xyz/aug_001155.xyz,original_remaining,0.7266334250826234,1.3904594077148522
O=Cc1ccc(-c2ccc(/C=C/c3ccc(-c4ccc(C=O)cc4)cc3)cc2)cc1,stilbene_C2,CHO_ph,C2,C2,nonplanar,112.53920196012844,/home/tianyajun/MARL_for_COFs/cof_symmetry_pipeline/output/xyz/aug_001157.xyz,original_remaining,0.6764757536842574,1.3747934200897762
O=C(Cl)c1ccc(/C=C/c2ccc(C(=O)Cl)cc2)cc1,stilbene_C2,COCl_direct,C2,C2h,planar,90.05484229639353,/home/tianyajun/MARL_for_COFs/cof_symmetry_pipeline/output/xyz/aug_001160.xyz,original_remaining,0.0002467438835726521,0.0007930316377873295
Clc1ccc(/C=C/c2ccc(Cl)cc2)cc1,stilbene_C2,Cl_direct,C2,C2h,planar,36.03936204013241,/home/tianyajun/MARL_for_COFs/cof_symmetry_pipeline/output/xyz/aug_001162.xyz,original_remaining,4.944977109610517e-05,0.00012434147099349424
Ic1ccc(/C=C/c2ccc(I)cc2)cc1,stilbene_C2,I_direct,C2,C2h,planar,39.13341959601916,/home/tianyajun/MARL_for_COFs/cof_symmetry_pipeline/output/xyz/aug_001163.xyz,original_remaining,7.946612424971116e-05,0.0002317588420416572
O=[N+]([O-])c1ccc(/C=C/c2ccc([N+](=O)[O-])cc2)cc1,stilbene_C2,NO2_direct,C2,C2h,planar,105.95771513838471,/home/tianyajun/MARL_for_COFs/cof_symmetry_pipeline/output/xyz/aug_001170.xyz,original_remaining,0.0002340378961308905,0.0007930820204144484
O=[N+]([O-])c1ccc(-c2ccc(-c3ccc(/C=C/c4ccc(-c5ccc(-c6ccc([N+](=O)[O-])cc6)cc5)cc4)cc3)cc2)cc1,stilbene_C2,NO2_phph,C2,D2,nonplanar,194.56064246690525,/home/tianyajun/MARL_for_COFs/cof_symmetry_pipeline/output/xyz/aug_001172.xyz,original_remaining,1.0293110623135044,2.1777942088575912
Oc1ccc(/C=C/c2ccc(O)cc2)cc1,stilbene_C2,OH_direct,C2,C2,nonplanar,15.60223467048705,/home/tianyajun/MARL_for_COFs/cof_symmetry_pipeline/output/xyz/aug_001173.xyz,original_remaining,0.8387832046805762,1.3812086425929428
COc1ccc(-c2ccc(/C=C/c3ccc(-c4ccc(OC)cc4)cc3)cc2)cc1,stilbene_C2,OMe_ph,C2,C2,nonplanar,90.34552417121536,/home/tianyajun/MARL_for_COFs/cof_symmetry_pipeline/output/xyz/aug_001174.xyz,original_remaining,0.7034437552735718,1.4534480866438757
O=S(=O)(O)c1ccc(/C=C/c2ccc(S(=O)(=O)O)cc2)cc1,stilbene_C2,SO3H_direct,C2,D2,nonplanar,-17.06125134906457,/home/tianyajun/MARL_for_COFs/cof_symmetry_pipeline/output/xyz/aug_001175.xyz,original_remaining,0.9749369275784769,1.731973457528041
O=CC#CC(C#CC=O)(C#CC=O)C#CC=O,tetra_ethynyl_methane_C4,CHO_direct,S4,S4,nonplanar,28.346455079262377,/home/tianyajun/MARL_for_COFs/cof_symmetry_pipeline/output/xyz/aug_001178.xyz,original_remaining,2.0976439391068675,2.7289951891592095
O=C(O)C#CC(C#CC(=O)O)(C#CC(=O)O)C#CC(=O)O,tetra_ethynyl_methane_C4,COOH_direct,S4,S4,nonplanar,-106.05343050412928,/home/tianyajun/MARL_for_COFs/cof_symmetry_pipeline/output/xyz/aug_001180.xyz,original_remaining,2.2964681715492947,3.638054269203451
CC(=O)OC#CC(C#COC(C)=O)(C#COC(C)=O)C#COC(C)=O,tetra_ethynyl_methane_C4,Oacetyl_direct,S4,S4,nonplanar,5.08659493696852,/home/tianyajun/MARL_for_COFs/cof_symmetry_pipeline/output/xyz/aug_001185.xyz,original_remaining,2.211923883344982,3.5841734691006932
N#CSC#CC(C#CSC#N)(C#CSC#N)C#CSC#N,tetra_ethynyl_methane_C4,SCN_direct,S4,S4,nonplanar,-1.384398895827578,/home/tianyajun/MARL_for_COFs/cof_symmetry_pipeline/output/xyz/aug_001187.xyz,original_remaining,1.6020611940287692,2.544217436432182
Fc1c(F)c(Br)c(F)c(F)c1Br,tetrafluorobenzene_C4,Br_direct,C2,D2h,planar,18.426270602044124,/home/tianyajun/MARL_for_COFs/cof_symmetry_pipeline/output/xyz/aug_001189.xyz,original_remaining,1.1622572316014345e-06,2.2738311482584095e-06
Fc1c(F)c(C#CC(F)(F)F)c(F)c(F)c1C#CC(F)(F)F,tetrafluorobenzene_C4,CCCF3_direct,C2,C2,planar,34.44117254843733,/home/tianyajun/MARL_for_COFs/cof_symmetry_pipeline/output/xyz/aug_001190.xyz,original_remaining,0.46647869854355806,1.256059365165413
O=CC#Cc1c(F)c(F)c(C#CC=O)c(F)c1F,tetrafluorobenzene_C4,CCCHO_direct,C2,C2,planar,25.745614887089115,/home/tianyajun/MARL_for_COFs/cof_symmetry_pipeline/output/xyz/aug_001191.xyz,original_remaining,0.4503055703598316,1.0672605703569222
N#CC#Cc1c(F)c(F)c(C#CC#N)c(F)c1F,tetrafluorobenzene_C4,CCCN_direct,C2,D2h,planar,24.135066162130087,/home/tianyajun/MARL_for_COFs/cof_symmetry_pipeline/output/xyz/aug_001192.xyz,original_remaining,1.3221541061720004e-05,3.0058056372794795e-05
O=C(O)C#Cc1c(F)c(F)c(C#CC(=O)O)c(F)c1F,tetrafluorobenzene_C4,CCCOOH_direct,C2,C2v,nonplanar,-38.31472037231252,/home/tianyajun/MARL_for_COFs/cof_symmetry_pipeline/output/xyz/aug_001193.xyz,original_remaining,0.5633801298738742,1.1341098444571016
COC(=O)C#Cc1c(F)c(F)c(C#CC(=O)OC)c(F)c1F,tetrafluorobenzene_C4,CCCOOMe_direct,C2,C2v,nonplanar,3.507829068414016,/home/tianyajun/MARL_for_COFs/cof_symmetry_pipeline/output/xyz/aug_001194.xyz,original_remaining,0.796617813354072,1.9380304953857745
C#Cc1ccc(-c2c(F)c(F)c(-c3ccc(C#C)cc3)c(F)c2F)cc1,tetrafluorobenzene_C4,CCH_ph,C2,C2h,nonplanar,69.78523856866599,/home/tianyajun/MARL_for_COFs/cof_symmetry_pipeline/output/xyz/aug_001195.xyz,original_remaining,0.5664553029363142,1.2651959218312325
C#Cc1ccc(-c2ccc(-c3c(F)c(F)c(-c4ccc(-c5ccc(C#C)cc5)cc4)c(F)c3F)cc2)cc1,tetrafluorobenzene_C4,CCH_phph,C2,C2h,nonplanar,114.76419159514184,/home/tianyajun/MARL_for_COFs/cof_symmetry_pipeline/output/xyz/aug_001196.xyz,original_remaining,0.8967197102303389,2.1175540112967055
O=C=NC#Cc1c(F)c(F)c(C#CN=C=O)c(F)c1F,tetrafluorobenzene_C4,CCNCO_direct,C2,C2,nonplanar,8.464227563736003,/home/tianyajun/MARL_for_COFs/cof_symmetry_pipeline/output/xyz/aug_001197.xyz,original_remaining,0.5284548356770921,1.207036189325723
NC#Cc1c(F)c(F)c(C#CN)c(F)c1F,tetrafluorobenzene_C4,CCNH2_direct,C2,C2v,planar,6.975287138047864,/home/tianyajun/MARL_for_COFs/cof_symmetry_pipeline/output/xyz/aug_001198.xyz,original_remaining,0.16325582966038338,0.32611976118212027
O=[N+]([O-])C#Cc1c(F)c(F)c(C#C[N+](=O)[O-])c(F)c1F,tetrafluorobenzene_C4,CCNO2_direct,C2,D2h,planar,28.12846241821709,/home/tianyajun/MARL_for_COFs/cof_symmetry_pipeline/output/xyz/aug_001199.xyz,original_remaining,0.4951110090398284,1.107111485320824
OC#Cc1c(F)c(F)c(C#CO)c(F)c1F,tetrafluorobenzene_C4,CCOH_direct,C2,C2v,planar,12.955663177180584,/home/tianyajun/MARL_for_COFs/cof_symmetry_pipeline/output/xyz/aug_001200.xyz,original_remaining,9.597119832511989e-06,3.1288954799424396e-05
CC(=O)C#Cc1c(F)c(F)c(C#CC(C)=O)c(F)c1F,tetrafluorobenzene_C4,CCacetyl_direct,C2,C2,nonplanar,29.26647462238181,/home/tianyajun/MARL_for_COFs/cof_symmetry_pipeline/output/xyz/aug_001201.xyz,original_remaining,0.8269596694882994,1.6520846202815063
Fc1c(F)c(C(F)(F)F)c(F)c(F)c1C(F)(F)F,tetrafluorobenzene_C4,CF3_direct,C2,C2v,nonplanar,-42.68622750767233,/home/tianyajun/MARL_for_COFs/cof_symmetry_pipeline/output/xyz/aug_001202.xyz,original_remaining,0.5135129631859187,1.263930971811361
O=Cc1c(F)c(F)c(C=O)c(F)c1F,tetrafluorobenzene_C4,CHO_direct,C2,C2h,planar,-3.017028130270176,/home/tianyajun/MARL_for_COFs/cof_symmetry_pipeline/output/xyz/aug_001204.xyz,original_remaining,5.189848147613189e-06,1.16431372272352e-05
O=Cc1ccc(-c2ccc(-c3c(F)c(F)c(-c4ccc(-c5ccc(C=O)cc5)cc4)c(F)c3F)cc2)cc1,tetrafluorobenzene_C4,CHO_phph,C2,C2,nonplanar,145.3763275378308,/home/tianyajun/MARL_for_COFs/cof_symmetry_pipeline/output/xyz/aug_001205.xyz,original_remaining,0.9702644253003361,2.3838840980509475
N#Cc1c(F)c(F)c(C#N)c(F)c1F,tetrafluorobenzene_C4,CN_direct,C2,D2h,planar,-13.666804421804237,/home/tianyajun/MARL_for_COFs/cof_symmetry_pipeline/output/xyz/aug_001206.xyz,original_remaining,1.294126110717516e-06,2.642520183782082e-06
N#Cc1ccc(-c2c(F)c(F)c(-c3ccc(C#N)cc3)c(F)c2F)cc1,tetrafluorobenzene_C4,CN_ph,C2,C2h,nonplanar,98.01193069469484,/home/tianyajun/MARL_for_COFs/cof_symmetry_pipeline/output/xyz/aug_001207.xyz,original_remaining,0.5842141751276327,1.2689432917846744
N#Cc1ccc(-c2ccc(-c3c(F)c(F)c(-c4ccc(-c5ccc(C#N)cc5)cc4)c(F)c3F)cc2)cc1,tetrafluorobenzene_C4,CN_phph,C2,D2,nonplanar,142.36977961124265,/home/tianyajun/MARL_for_COFs/cof_symmetry_pipeline/output/xyz/aug_001208.xyz,original_remaining,0.9861226135871477,2.3766110047805027
O=C(Cl)c1c(F)c(F)c(C(=O)Cl)c(F)c1F,tetrafluorobenzene_C4,COCl_direct,C2,C2,nonplanar,-7.45465180191027,/home/tianyajun/MARL_for_COFs/cof_symmetry_pipeline/output/xyz/aug_001209.xyz,original_remaining,0.5306114829199524,1.0732585843712406
NC(=O)c1c(F)c(F)c(C(N)=O)c(F)c1F,tetrafluorobenzene_C4,CONH2_direct,C2,C2v,planar,-50.80062188556483,/home/tianyajun/MARL_for_COFs/cof_symmetry_pipeline/output/xyz/aug_001210.xyz,original_remaining,1.401491279538372e-05,3.356191808218112e-05
O=C(O)c1c(F)c(F)c(C(=O)O)c(F)c1F,tetrafluorobenzene_C4,COOH_direct,C2,C2,planar,-49.37378312867206,/home/tianyajun/MARL_for_COFs/cof_symmetry_pipeline/output/xyz/aug_001211.xyz,original_remaining,0.4795200496999164,0.8551418845887984
O=C(O)c1ccc(-c2ccc(-c3c(F)c(F)c(-c4ccc(-c5ccc(C(=O)O)cc5)cc4)c(F)c3F)cc2)cc1,tetrafluorobenzene_C4,COOH_phph,C2,D2,nonplanar,105.78267148429144,/home/tianyajun/MARL_for_COFs/cof_symmetry_pipeline/output/xyz/aug_001213.xyz,original_remaining,0.9542681105405272,2.377957923151629
COC(=O)c1c(F)c(F)c(C(=O)OC)c(F)c1F,tetrafluorobenzene_C4,COOMe_direct,C2,C2,nonplanar,-19.998205617232344,/home/tianyajun/MARL_for_COFs/cof_symmetry_pipeline/output/xyz/aug_001214.xyz,original_remaining,0.6205292449661409,1.4454103036294341
Fc1c(F)c(Cl)c(F)c(F)c1Cl,tetrafluorobenzene_C4,Cl_direct,C2,D2h,planar,18.73219398263149,/home/tianyajun/MARL_for_COFs/cof_symmetry_pipeline/output/xyz/aug_001215.xyz,original_remaining,6.855610850892799e-07,1.19629275929789e-06
Fc1c(F)c(-c2ccc(Cl)cc2)c(F)c(F)c1-c1ccc(Cl)cc1,tetrafluorobenzene_C4,Cl_ph,C2,C2h,nonplanar,68.10878847506234,/home/tianyajun/MARL_for_COFs/cof_symmetry_pipeline/output/xyz/aug_001216.xyz,original_remaining,0.6017071648356879,1.2674055368695436
Fc1c(F)c(I)c(F)c(F)c1I,tetrafluorobenzene_C4,I_direct,C2,D2h,planar,19.63783529743213,/home/tianyajun/MARL_for_COFs/cof_symmetry_pipeline/output/xyz/aug_001217.xyz,original_remaining,1.6124625704136276e-06,3.12692979084761e-06
[N-]=[N+]=Nc1c(F)c(F)c(N=[N+]=[N-])c(F)c1F,tetrafluorobenzene_C4,N3_direct,C2,C2,nonplanar,34.344371350615404,/home/tianyajun/MARL_for_COFs/cof_symmetry_pipeline/output/xyz/aug_001218.xyz,original_remaining,0.5148903654442093,0.9159497251985538
O=C=Nc1c(F)c(F)c(N=C=O)c(F)c1F,tetrafluorobenzene_C4,NCO_direct,C2,C2v,nonplanar,31.501175548288465,/home/tianyajun/MARL_for_COFs/cof_symmetry_pipeline/output/xyz/aug_001219.xyz,original_remaining,0.7384810613851613,1.7317219510490247
Fc1c(F)c(N=C=S)c(F)c(F)c1N=C=S,tetrafluorobenzene_C4,NCS_direct,C2,C2v,nonplanar,41.2550266557586,/home/tianyajun/MARL_for_COFs/cof_symmetry_pipeline/output/xyz/aug_001220.xyz,original_remaining,0.9055177765488597,2.2197366519032165
Nc1c(F)c(F)c(N)c(F)c1F,tetrafluorobenzene_C4,NH2_direct,C2,C2h,planar,87.01161310648445,/home/tianyajun/MARL_for_COFs/cof_symmetry_pipeline/output/xyz/aug_001221.xyz,original_remaining,0.09707222760595455,0.20012755006760075
Nc1ccc(-c2c(F)c(F)c(-c3ccc(N)cc3)c(F)c2F)cc1,tetrafluorobenzene_C4,NH2_ph,C2,C2,nonplanar,50.31372747229733,/home/tianyajun/MARL_for_COFs/cof_symmetry_pipeline/output/xyz/aug_001222.xyz,original_remaining,0.8788440068827761,1.6208327181877615
O=CNc1c(F)c(F)c(NC=O)c(F)c1F,tetrafluorobenzene_C4,NHCHO_direct,C2,C2,planar,21.957893893589688,/home/tianyajun/MARL_for_COFs/cof_symmetry_pipeline/output/xyz/aug_001224.xyz,original_remaining,0.15835887546186372,0.3943789544086062
N#CNc1c(F)c(F)c(NC#N)c(F)c1F,tetrafluorobenzene_C4,NHCN_direct,C2,C2,planar,12.016341882303331,/home/tianyajun/MARL_for_COFs/cof_symmetry_pipeline/output/xyz/aug_001225.xyz,original_remaining,0.49217490272638736,0.9950693674402518
CS(=O)(=O)Nc1c(F)c(F)c(NS(C)(=O)=O)c(F)c1F,tetrafluorobenzene_C4,NHSO2_direct,C2,C2,nonplanar,-61.11872895523074,/home/tianyajun/MARL_for_COFs/cof_symmetry_pipeline/output/xyz/aug_001226.xyz,original_remaining,0.8639366532164875,1.8002351013074844
CC(=O)Nc1c(F)c(F)c(NC(C)=O)c(F)c1F,tetrafluorobenzene_C4,NHacetyl_direct,C2,C2,planar,27.16258761806281,/home/tianyajun/MARL_for_COFs/cof_symmetry_pipeline/output/xyz/aug_001227.xyz,original_remaining,0.44748328102066326,0.9212843109383706
O=[N+]([O-])c1c(F)c(F)c([N+](=O)[O-])c(F)c1F,tetrafluorobenzene_C4,NO2_direct,C2,D2h,nonplanar,-21.63802622569517,/home/tianyajun/MARL_for_COFs/cof_symmetry_pipeline/output/xyz/aug_001228.xyz,original_remaining,0.5522269107247061,1.1044626918122669
O=[N+]([O-])c1ccc(-c2c(F)c(F)c(-c3ccc([N+](=O)[O-])cc3)c(F)c2F)cc1,tetrafluorobenzene_C4,NO2_ph,C2,C2h,nonplanar,138.29241841273634,/home/tianyajun/MARL_for_COFs/cof_symmetry_pipeline/output/xyz/aug_001229.xyz,original_remaining,0.5827973769045622,1.3314892149866009
O=[N+]([O-])c1ccc(-c2ccc(-c3c(F)c(F)c(-c4ccc(-c5ccc([N+](=O)[O-])cc5)cc4)c(F)c3F)cc2)cc1,tetrafluorobenzene_C4,NO2_phph,C2,D2,nonplanar,182.33687204739635,/home/tianyajun/MARL_for_COFs/cof_symmetry_pipeline/output/xyz/aug_001230.xyz,original_remaining,0.971324839020547,2.3773359942674914
O=COc1c(F)c(F)c(OC=O)c(F)c1F,tetrafluorobenzene_C4,OCHO_direct,C2,C2h,nonplanar,33.673434101264725,/home/tianyajun/MARL_for_COFs/cof_symmetry_pipeline/output/xyz/aug_001231.xyz,original_remaining,0.6160230946458654,1.3881409080630829
N#COc1c(F)c(F)c(OC#N)c(F)c1F,tetrafluorobenzene_C4,OCN_direct,C2,C2,nonplanar,25.037849531976228,/home/tianyajun/MARL_for_COFs/cof_symmetry_pipeline/output/xyz/aug_001232.xyz,original_remaining,0.7890558103264421,1.815711316928516
Oc1c(F)c(F)c(O)c(F)c1F,tetrafluorobenzene_C4,OH_direct,C2,C2v,planar,46.929708480151085,/home/tianyajun/MARL_for_COFs/cof_symmetry_pipeline/output/xyz/aug_001233.xyz,original_remaining,3.650953815778653e-06,7.92046949293912e-06
Oc1ccc(-c2ccc(-c3c(F)c(F)c(-c4ccc(-c5ccc(O)cc5)cc4)c(F)c3F)cc2)cc1,tetrafluorobenzene_C4,OH_phph,C2,C2,nonplanar,93.62125338609084,/home/tianyajun/MARL_for_COFs/cof_symmetry_pipeline/output/xyz/aug_001235.xyz,original_remaining,0.9866297980442772,2.3772409490538084
COc1c(F)c(F)c(OC)c(F)c1F,tetrafluorobenzene_C4,OMe_direct,C2,C2v,planar,58.58134179822008,/home/tianyajun/MARL_for_COFs/cof_symmetry_pipeline/output/xyz/aug_001236.xyz,original_remaining,0.40487988952437537,0.9053670539168347
CC(=O)Oc1c(F)c(F)c(OC(C)=O)c(F)c1F,tetrafluorobenzene_C4,Oacetyl_direct,C2,C2v,nonplanar,33.13790399822417,/home/tianyajun/MARL_for_COFs/cof_symmetry_pipeline/output/xyz/aug_001237.xyz,original_remaining,0.8327220902172626,1.6286022417496895
O=P(Cl)(Cl)c1c(F)c(F)c(P(=O)(Cl)Cl)c(F)c1F,tetrafluorobenzene_C4,POCl2_direct,C2,C2h,nonplanar,-48.87358092434304,/home/tianyajun/MARL_for_COFs/cof_symmetry_pipeline/output/xyz/aug_001239.xyz,original_remaining,0.7455584564722152,1.5815986167130738
N#CSc1c(F)c(F)c(SC#N)c(F)c1F,tetrafluorobenzene_C4,SCN_direct,C2,C2v,nonplanar,11.487717752325526,/home/tianyajun/MARL_for_COFs/cof_symmetry_pipeline/output/xyz/aug_001240.xyz,original_remaining,1.0112711109727783,2.2558028111077535
Fc1c(F)c(S)c(F)c(F)c1S,tetrafluorobenzene_C4,SH_direct,C2,C2h,planar,28.94960625924144,/home/tianyajun/MARL_for_COFs/cof_symmetry_pipeline/output/xyz/aug_001241.xyz,original_remaining,1.0851732383571785e-05,3.328934685131735e-05
O=S(=O)(Cl)c1c(F)c(F)c(S(=O)(=O)Cl)c(F)c1F,tetrafluorobenzene_C4,SO2Cl_direct,C2,C2,nonplanar,-62.99741329177095,/home/tianyajun/MARL_for_COFs/cof_symmetry_pipeline/output/xyz/aug_001242.xyz,original_remaining,0.6673819822445325,1.4866721424567253
NS(=O)(=O)c1c(F)c(F)c(S(N)(=O)=O)c(F)c1F,tetrafluorobenzene_C4,SO2NH2_direct,C2,C2,nonplanar,-252.2850829316151,/home/tianyajun/MARL_for_COFs/cof_symmetry_pipeline/output/xyz/aug_001243.xyz,original_remaining,0.8010061035246522,1.6739722558702865
C[Si](C)(C)c1c(F)c(F)c([Si](C)(C)C)c(F)c1F,tetrafluorobenzene_C4,SiMe3_direct,C2,C2h,nonplanar,4.985082541360112,/home/tianyajun/MARL_for_COFs/cof_symmetry_pipeline/output/xyz/aug_001244.xyz,original_remaining,1.2441457861819762,2.441360125965662
CC(=O)c1c(F)c(F)c(C(C)=O)c(F)c1F,tetrafluorobenzene_C4,acetyl_direct,C2,C2,nonplanar,6.71635524521364,/home/tianyajun/MARL_for_COFs/cof_symmetry_pipeline/output/xyz/aug_001245.xyz,original_remaining,0.6066731741216485,1.291726870282541
CC(=O)c1ccc(-c2c(F)c(F)c(-c3ccc(C(C)=O)cc3)c(F)c2F)cc1,tetrafluorobenzene_C4,acetyl_ph,C2,C2,nonplanar,108.9078811271842,/home/tianyajun/MARL_for_COFs/cof_symmetry_pipeline/output/xyz/aug_001246.xyz,original_remaining,0.9486560511518615,1.8966909078299399
C#Cc1c(F)c(F)c(C#C)c(F)c1F,tetrafluorobenzene_C4,ethynyl_direct,C2,D2h,planar,22.44710607353649,/home/tianyajun/MARL_for_COFs/cof_symmetry_pipeline/output/xyz/aug_001247.xyz,original_remaining,5.791247306471902e-06,1.2758237857513066e-05
Cc1c(F)c(F)c(C)c(F)c1F,tetrafluorobenzene_C4,methyl_direct,C2,C2h,planar,16.761264752375673,/home/tianyajun/MARL_for_COFs/cof_symmetry_pipeline/output/xyz/aug_001248.xyz,original_remaining,0.42108735238422873,1.0385053430144318
Cc1ccc(-c2c(F)c(F)c(-c3ccc(C)cc3)c(F)c2F)cc1,tetrafluorobenzene_C4,methyl_ph,C2,C2,nonplanar,74.96033086981151,/home/tianyajun/MARL_for_COFs/cof_symmetry_pipeline/output/xyz/aug_001249.xyz,original_remaining,0.88379337296042,1.5954590754194364
C=Cc1c(F)c(F)c(C=C)c(F)c1F,tetrafluorobenzene_C4,vinyl_direct,C2,C2v,planar,53.64800659412724,/home/tianyajun/MARL_for_COFs/cof_symmetry_pipeline/output/xyz/aug_001250.xyz,original_remaining,0.00015553508736803592,0.0004308987002643594
Brc1ccc([Si](c2ccc(Br)cc2)(c2ccc(Br)cc2)c2ccc(Br)cc2)cc1,tetraphenyl_silane_C4,Br_direct,S4,S4,nonplanar,136.1272203443058,/home/tianyajun/MARL_for_COFs/cof_symmetry_pipeline/output/xyz/aug_001251.xyz,original_remaining,2.3352992311084955,5.30102398971621
N#CC#Cc1ccc([Si](c2ccc(C#CC#N)cc2)(c2ccc(C#CC#N)cc2)c2ccc(C#CC#N)cc2)cc1,tetraphenyl_silane_C4,CCCN_direct,S4,S4,nonplanar,145.40536624486046,/home/tianyajun/MARL_for_COFs/cof_symmetry_pipeline/output/xyz/aug_001252.xyz,original_remaining,3.0777781094929217,6.274769693134275
N#Cc1ccc([Si](c2ccc(C#N)cc2)(c2ccc(C#N)cc2)c2ccc(C#N)cc2)cc1,tetraphenyl_silane_C4,CN_direct,S4,S4,nonplanar,192.66890800238363,/home/tianyajun/MARL_for_COFs/cof_symmetry_pipeline/output/xyz/aug_001255.xyz,original_remaining,2.504189883155944,4.924630499061829
O=C(O)c1ccc([Si](c2ccc(C(=O)O)cc2)(c2ccc(C(=O)O)cc2)c2ccc(C(=O)O)cc2)cc1,tetraphenyl_silane_C4,COOH_direct,S4,S4,nonplanar,118.88290074572602,/home/tianyajun/MARL_for_COFs/cof_symmetry_pipeline/output/xyz/aug_001256.xyz,original_remaining,2.7452217984891294,5.782799036884083
Clc1ccc([Si](c2ccc(Cl)cc2)(c2ccc(Cl)cc2)c2ccc(Cl)cc2)cc1,tetraphenyl_silane_C4,Cl_direct,S4,S4,nonplanar,134.8404141624231,/home/tianyajun/MARL_for_COFs/cof_symmetry_pipeline/output/xyz/aug_001257.xyz,original_remaining,2.322349767747701,4.626432609444747
Ic1ccc([Si](c2ccc(I)cc2)(c2ccc(I)cc2)c2ccc(I)cc2)cc1,tetraphenyl_silane_C4,I_direct,S4,S4,nonplanar,138.50371348919856,/home/tianyajun/MARL_for_COFs/cof_symmetry_pipeline/output/xyz/aug_001258.xyz,original_remaining,2.350304215415537,4.615850585758693
O=[N+]([O-])c1ccc([Si](c2ccc([N+](=O)[O-])cc2)(c2ccc([N+](=O)[O-])cc2)c2ccc([N+](=O)[O-])cc2)cc1,tetraphenyl_silane_C4,NO2_direct,S4,S4,nonplanar,274.3135066074856,/home/tianyajun/MARL_for_COFs/cof_symmetry_pipeline/output/xyz/aug_001259.xyz,original_remaining,2.6033030076658785,4.892087767081819
Oc1ccc([Si](c2ccc(O)cc2)(c2ccc(O)cc2)c2ccc(O)cc2)cc1,tetraphenyl_silane_C4,OH_direct,S4,S4,nonplanar,94.8065041296862,/home/tianyajun/MARL_for_COFs/cof_symmetry_pipeline/output/xyz/aug_001260.xyz,original_remaining,2.458955328358007,3.976483482156305
O=S(=O)(Cl)c1ccc([Si](c2ccc(S(=O)(=O)Cl)cc2)(c2ccc(S(=O)(=O)Cl)cc2)c2ccc(S(=O)(=O)Cl)cc2)cc1,tetraphenyl_silane_C4,SO2Cl_direct,S4,S4,nonplanar,264.3606539498342,/home/tianyajun/MARL_for_COFs/cof_symmetry_pipeline/output/xyz/aug_001262.xyz,original_remaining,2.8027428010298383,5.820277772771208
C#Cc1ccc([Si](c2ccc(C#C)cc2)(c2ccc(C#C)cc2)c2ccc(C#C)cc2)cc1,tetraphenyl_silane_C4,ethynyl_direct,S4,S4,nonplanar,136.77791505765944,/home/tianyajun/MARL_for_COFs/cof_symmetry_pipeline/output/xyz/aug_001263.xyz,original_remaining,2.7443092847541815,5.706889176403865
Brc1ccc(C(c2ccc(Br)cc2)(c2ccc(Br)cc2)c2ccc(Br)cc2)cc1,tetraphenylmethane_C4,Br_direct,S4,D2d,nonplanar,148.20151886671903,/home/tianyajun/MARL_for_COFs/cof_symmetry_pipeline/output/xyz/aug_001265.xyz,original_remaining,2.1544837952473515,4.315444197403232
N#CC#Cc1ccc(C(c2ccc(C#CC#N)cc2)(c2ccc(C#CC#N)cc2)c2ccc(C#CC#N)cc2)cc1,tetraphenylmethane_C4,CCCN_direct,S4,D2d,nonplanar,157.73650745722293,/home/tianyajun/MARL_for_COFs/cof_symmetry_pipeline/output/xyz/aug_001266.xyz,original_remaining,2.794622990795109,5.632818757709051
N#Cc1ccc(C(c2ccc(C#N)cc2)(c2ccc(C#N)cc2)c2ccc(C#N)cc2)cc1,tetraphenylmethane_C4,CN_direct,S4,D2d,nonplanar,205.30740496976733,/home/tianyajun/MARL_for_COFs/cof_symmetry_pipeline/output/xyz/aug_001269.xyz,original_remaining,2.2923823250300837,5.036699362420915
Clc1ccc(C(c2ccc(Cl)cc2)(c2ccc(Cl)cc2)c2ccc(Cl)cc2)cc1,tetraphenylmethane_C4,Cl_direct,S4,D2d,nonplanar,146.5002398758667,/home/tianyajun/MARL_for_COFs/cof_symmetry_pipeline/output/xyz/aug_001271.xyz,original_remaining,2.1421345572120556,4.254954410545995
Ic1ccc(C(c2ccc(I)cc2)(c2ccc(I)cc2)c2ccc(I)cc2)cc1,tetraphenylmethane_C4,I_direct,S4,D2d,nonplanar,150.758232744894,/home/tianyajun/MARL_for_COFs/cof_symmetry_pipeline/output/xyz/aug_001273.xyz,original_remaining,2.1683567109247233,4.842825352394711
O=[N+]([O-])c1ccc(C(c2ccc([N+](=O)[O-])cc2)(c2ccc([N+](=O)[O-])cc2)c2ccc([N+](=O)[O-])cc2)cc1,tetraphenylmethane_C4,NO2_direct,S4,D2d,nonplanar,286.68978136982645,/home/tianyajun/MARL_for_COFs/cof_symmetry_pipeline/output/xyz/aug_001275.xyz,original_remaining,2.3794465491668264,4.9035118869597
O=COc1ccc(C(c2ccc(OC=O)cc2)(c2ccc(OC=O)cc2)c2ccc(OC=O)cc2)cc1,tetraphenylmethane_C4,OCHO_direct,S4,S4,nonplanar,184.4694140145972,/home/tianyajun/MARL_for_COFs/cof_symmetry_pipeline/output/xyz/aug_001276.xyz,original_remaining,2.5260986961934466,4.130345757259353
C#Cc1ccc(C(c2ccc(C#C)cc2)(c2ccc(C#C)cc2)c2ccc(C#C)cc2)cc1,tetraphenylmethane_C4,ethynyl_direct,S4,D2d,nonplanar,149.11299251633343,/home/tianyajun/MARL_for_COFs/cof_symmetry_pipeline/output/xyz/aug_001279.xyz,original_remaining,2.5056920644117286,5.331177702729217
Cc1ccc(C(c2ccc(C)cc2)(c2ccc(C)cc2)c2ccc(C)cc2)cc1,tetraphenylmethane_C4,methyl_direct,S4,D2d,nonplanar,157.82443595736785,/home/tianyajun/MARL_for_COFs/cof_symmetry_pipeline/output/xyz/aug_001280.xyz,original_remaining,2.452667913353246,4.588142120609177
C=Cc1ccc(C(c2ccc(C=C)cc2)(c2ccc(C=C)cc2)c2ccc(C=C)cc2)cc1,tetraphenylmethane_C4,vinyl_direct,S4,S4,nonplanar,172.71199144330396,/home/tianyajun/MARL_for_COFs/cof_symmetry_pipeline/output/xyz/aug_001281.xyz,original_remaining,2.712398703609761,5.509892171979831
N#CC#CNc1nc(NC#CC#N)nc(NC#CC#N)n1,triaminotriazine_C3,CCCN_direct,C3,C3,nonplanar,-218.39835210590783,/home/tianyajun/MARL_for_COFs/cof_symmetry_pipeline/output/xyz/aug_001284.xyz,original_remaining,0.7083417507685409,1.300955088323058
O=CNc1nc(NC=O)nc(NC=O)n1,triaminotriazine_C3,CHO_direct,C3,C3h,planar,-321.6280281682481,/home/tianyajun/MARL_for_COFs/cof_symmetry_pipeline/output/xyz/aug_001287.xyz,original_remaining,0.000175579568664251,0.00048047860815053633
N#CNc1nc(NC#N)nc(NC#N)n1,triaminotriazine_C3,CN_direct,C3,C3,planar,-398.3263230892567,/home/tianyajun/MARL_for_COFs/cof_symmetry_pipeline/output/xyz/aug_001288.xyz,original_remaining,0.4398538768309651,0.8625658821870077
O=C(Cl)Nc1nc(NC(=O)Cl)nc(NC(=O)Cl)n1,triaminotriazine_C3,COCl_direct,C3,C3h,planar,-376.5136838883824,/home/tianyajun/MARL_for_COFs/cof_symmetry_pipeline/output/xyz/aug_001290.xyz,original_remaining,0.0002605464487053819,0.0008173210501758454
NC(=O)Nc1nc(NC(N)=O)nc(NC(N)=O)n1,triaminotriazine_C3,CONH2_direct,C3,C3,planar,-508.11528647444914,/home/tianyajun/MARL_for_COFs/cof_symmetry_pipeline/output/xyz/aug_001291.xyz,original_remaining,0.2052255164945252,0.5588729720189991
O=C(O)Nc1nc(NC(=O)O)nc(NC(=O)O)n1,triaminotriazine_C3,COOH_direct,C3,C3h,planar,-505.087280630269,/home/tianyajun/MARL_for_COFs/cof_symmetry_pipeline/output/xyz/aug_001292.xyz,original_remaining,0.00042393979040723816,0.0007873078596435934
COC(=O)Nc1nc(NC(=O)OC)nc(NC(=O)OC)n1,triaminotriazine_C3,COOMe_direct,C3,C3h,planar,-425.67545277095127,/home/tianyajun/MARL_for_COFs/cof_symmetry_pipeline/output/xyz/aug_001293.xyz,original_remaining,0.3842873013501406,0.9021043200780596
ClNc1nc(NCl)nc(NCl)n1,triaminotriazine_C3,Cl_direct,C3,C3,planar,-200.0502153736795,/home/tianyajun/MARL_for_COFs/cof_symmetry_pipeline/output/xyz/aug_001294.xyz,original_remaining,0.34977592922630546,0.6832344522151166
Clc1ccc(Nc2nc(Nc3ccc(Cl)cc3)nc(Nc3ccc(Cl)cc3)n2)cc1,triaminotriazine_C3,Cl_ph,C3,C3,planar,-189.6895488548901,/home/tianyajun/MARL_for_COFs/cof_symmetry_pipeline/output/xyz/aug_001295.xyz,original_remaining,0.0703660305274873,0.18067384992708774
O=CNNc1nc(NNC=O)nc(NNC=O)n1,triaminotriazine_C3,NHCHO_direct,C3,C3,nonplanar,-133.46626900990967,/home/tianyajun/MARL_for_COFs/cof_symmetry_pipeline/output/xyz/aug_001296.xyz,original_remaining,1.0397134779408972,1.7016795272054135
O=[N+]([O-])Nc1nc(N[N+](=O)[O-])nc(N[N+](=O)[O-])n1,triaminotriazine_C3,NO2_direct,C3,C3,nonplanar,-412.72387139122617,/home/tianyajun/MARL_for_COFs/cof_symmetry_pipeline/output/xyz/aug_001297.xyz,original_remaining,0.6135827205791692,1.3426050096618705
CC(=O)Nc1nc(NC(C)=O)nc(NC(C)=O)n1,triaminotriazine_C3,acetyl_direct,C3,C3,planar,-313.1308836155213,/home/tianyajun/MARL_for_COFs/cof_symmetry_pipeline/output/xyz/aug_001302.xyz,original_remaining,0.40029852462917337,1.0138561573092155
C#CNc1nc(NC#C)nc(NC#C)n1,triaminotriazine_C3,ethynyl_direct,C3,C3,nonplanar,-237.52266837843425,/home/tianyajun/MARL_for_COFs/cof_symmetry_pipeline/output/xyz/aug_001304.xyz,original_remaining,0.5496929040075388,1.0061518740720725
Brc1nc(Br)nc(Br)n1,triazine_C3,Br_direct,C3,D3h,planar,-126.9844866950771,/home/tianyajun/MARL_for_COFs/cof_symmetry_pipeline/output/xyz/aug_001308.xyz,original_remaining,2.562335838849673e-05,4.694492511063755e-05
N#CC#Cc1nc(C#CC#N)nc(C#CC#N)n1,triazine_C3,CCCN_direct,C3,D3h,planar,-125.72073395342724,/home/tianyajun/MARL_for_COFs/cof_symmetry_pipeline/output/xyz/aug_001309.xyz,original_remaining,0.0004926288555699962,0.0008332176501153477
O=C(O)C#Cc1nc(C#CC(=O)O)nc(C#CC(=O)O)n1,triazine_C3,CCCOOH_direct,C3,C3v,nonplanar,-218.93161728948385,/home/tianyajun/MARL_for_COFs/cof_symmetry_pipeline/output/xyz/aug_001310.xyz,original_remaining,0.6572356584498548,1.171141875317995
COC(=O)C#Cc1nc(C#CC(=O)OC)nc(C#CC(=O)OC)n1,triazine_C3,CCCOOMe_direct,C3,C3v,nonplanar,-156.09899344024248,/home/tianyajun/MARL_for_COFs/cof_symmetry_pipeline/output/xyz/aug_001311.xyz,original_remaining,0.8782796701311902,1.8504764837536598
C#Cc1ccc(-c2nc(-c3ccc(C#C)cc3)nc(-c3ccc(C#C)cc3)n2)cc1,triazine_C3,CCH_ph,C3,D3h,planar,0.5663408584711682,/home/tianyajun/MARL_for_COFs/cof_symmetry_pipeline/output/xyz/aug_001312.xyz,original_remaining,2.2617154036047688e-05,4.2490110771439826e-05
O=C=NC#Cc1nc(C#CN=C=O)nc(C#CN=C=O)n1,triazine_C3,CCNCO_direct,C3,C3,nonplanar,-125.41721744073782,/home/tianyajun/MARL_for_COFs/cof_symmetry_pipeline/output/xyz/aug_001314.xyz,original_remaining,0.7618029741506647,1.6493422297622229
O=[N+]([O-])C#Cc1nc(C#C[N+](=O)[O-])nc(C#C[N+](=O)[O-])n1,triazine_C3,CCNO2_direct,C3,D3h,nonplanar,-141.36935709546765,/home/tianyajun/MARL_for_COFs/cof_symmetry_pipeline/output/xyz/aug_001316.xyz,original_remaining,0.59170660405841,1.1086416503588017
OC#Cc1nc(C#CO)nc(C#CO)n1,triazine_C3,CCOH_direct,C3,C3h,planar,-111.33085750771367,/home/tianyajun/MARL_for_COFs/cof_symmetry_pipeline/output/xyz/aug_001317.xyz,original_remaining,0.0015866066958252097,0.0038355000316281362
FC(F)(F)c1nc(C(F)(F)F)nc(C(F)(F)F)n1,triazine_C3,CF3_direct,C3,C3v,nonplanar,207.6254853495536,/home/tianyajun/MARL_for_COFs/cof_symmetry_pipeline/output/xyz/aug_001318.xyz,original_remaining,0.62916173157832,1.2753231031855594
O=Cc1ccc(-c2nc(-c3ccc(C=O)cc3)nc(-c3ccc(C=O)cc3)n2)cc1,triazine_C3,CHO_ph,C3,C3h,planar,47.30163389995471,/home/tianyajun/MARL_for_COFs/cof_symmetry_pipeline/output/xyz/aug_001321.xyz,original_remaining,9.936183060122379e-05,0.0001911115013325266
N#Cc1nc(C#N)nc(C#N)n1,triazine_C3,CN_direct,C3,D3h,planar,14.362381423134934,/home/tianyajun/MARL_for_COFs/cof_symmetry_pipeline/output/xyz/aug_001322.xyz,original_remaining,5.630698424958708e-07,1.57479269632943e-06
N#Cc1ccc(-c2nc(-c3ccc(C#N)cc3)nc(-c3ccc(C#N)cc3)n2)cc1,triazine_C3,CN_ph,C3,D3h,planar,43.39614022653646,/home/tianyajun/MARL_for_COFs/cof_symmetry_pipeline/output/xyz/aug_001323.xyz,original_remaining,0.00023659485537143418,0.0005965657642992284
O=C(Cl)c1nc(C(=O)Cl)nc(C(=O)Cl)n1,triazine_C3,COCl_direct,C3,C3h,planar,81.29262115791495,/home/tianyajun/MARL_for_COFs/cof_symmetry_pipeline/output/xyz/aug_001325.xyz,original_remaining,2.9100526099612062e-05,6.271725938167272e-05
Clc1nc(Cl)nc(Cl)n1,triazine_C3,Cl_direct,C3,D3h,planar,-148.747650370112,/home/tianyajun/MARL_for_COFs/cof_symmetry_pipeline/output/xyz/aug_001330.xyz,original_remaining,2.437597861296086e-06,3.6525323413583166e-06
Clc1ccc(-c2nc(-c3ccc(Cl)cc3)nc(-c3ccc(Cl)cc3)n2)cc1,triazine_C3,Cl_ph,C3,D3h,planar,-1.7261574839487892,/home/tianyajun/MARL_for_COFs/cof_symmetry_pipeline/output/xyz/aug_001331.xyz,original_remaining,0.00011227150321846365,0.00024381782198212854
Ic1nc(I)nc(I)n1,triazine_C3,I_direct,C3,D3h,planar,-117.88858126307542,/home/tianyajun/MARL_for_COFs/cof_symmetry_pipeline/output/xyz/aug_001332.xyz,original_remaining,1.774209314001509e-06,3.2662205362576913e-06
[N-]=[N+]=Nc1nc(N=[N+]=[N-])nc(N=[N+]=[N-])n1,triazine_C3,N3_direct,C3,C3,planar,-262.4398274552774,/home/tianyajun/MARL_for_COFs/cof_symmetry_pipeline/output/xyz/aug_001333.xyz,original_remaining,0.4252640190482547,0.7443540840739427
[N-]=[N+]=Nc1ccc(-c2nc(-c3ccc(N=[N+]=[N-])cc3)nc(-c3ccc(N=[N+]=[N-])cc3)n2)cc1,triazine_C3,N3_ph,C3,C3v,nonplanar,-19.834280546644244,/home/tianyajun/MARL_for_COFs/cof_symmetry_pipeline/output/xyz/aug_001334.xyz,original_remaining,0.5997995030561388,1.9728571653088696
O=C=Nc1nc(N=C=O)nc(N=C=O)n1,triazine_C3,NCO_direct,C3,C3v,nonplanar,-272.5295931875662,/home/tianyajun/MARL_for_COFs/cof_symmetry_pipeline/output/xyz/aug_001335.xyz,original_remaining,0.83695513285095,1.4755817598671301
S=C=Nc1nc(N=C=S)nc(N=C=S)n1,triazine_C3,NCS_direct,C3,C3,nonplanar,-241.1412048702165,/home/tianyajun/MARL_for_COFs/cof_symmetry_pipeline/output/xyz/aug_001336.xyz,original_remaining,1.0175765275944728,1.8831128139054178
Nc1ccc(-c2nc(-c3ccc(N)cc3)nc(-c3ccc(N)cc3)n2)cc1,triazine_C3,NH2_ph,C3,C3v,planar,-28.6142134653928,/home/tianyajun/MARL_for_COFs/cof_symmetry_pipeline/output/xyz/aug_001338.xyz,original_remaining,0.10618145943630086,0.2628224503385519
O=[N+]([O-])c1nc([N+](=O)[O-])nc([N+](=O)[O-])n1,triazine_C3,NO2_direct,C3,D3h,planar,125.57525550425284,/home/tianyajun/MARL_for_COFs/cof_symmetry_pipeline/output/xyz/aug_001339.xyz,original_remaining,3.901480437833518e-06,8.177341554449491e-06
O=[N+]([O-])c1ccc(-c2nc(-c3ccc([N+](=O)[O-])cc3)nc(-c3ccc([N+](=O)[O-])cc3)n2)cc1,triazine_C3,NO2_ph,C3,D3h,planar,104.10117422107471,/home/tianyajun/MARL_for_COFs/cof_symmetry_pipeline/output/xyz/aug_001340.xyz,original_remaining,4.2272598556208664e-05,0.00011972492673328894
O=COc1nc(OC=O)nc(OC=O)n1,triazine_C3,OCHO_direct,C3,C3,nonplanar,-171.58656025352172,/home/tianyajun/MARL_for_COFs/cof_symmetry_pipeline/output/xyz/aug_001342.xyz,original_remaining,0.8090405490680469,1.483260328503257
N#COc1nc(OC#N)nc(OC#N)n1,triazine_C3,OCN_direct,C3,C3h,planar,-171.87718005080518,/home/tianyajun/MARL_for_COFs/cof_symmetry_pipeline/output/xyz/aug_001343.xyz,original_remaining,0.002024499617011111,0.004203968786422596
Oc1nc(O)nc(O)n1,triazine_C3,OH_direct,C3,C3h,planar,-244.65986676641185,/home/tianyajun/MARL_for_COFs/cof_symmetry_pipeline/output/xyz/aug_001344.xyz,original_remaining,3.4329680906580464e-05,5.5182959211891314e-05
Oc1ccc(-c2nc(-c3ccc(O)cc3)nc(-c3ccc(O)cc3)n2)cc1,triazine_C3,OH_ph,C3,C3h,planar,-31.35676559547373,/home/tianyajun/MARL_for_COFs/cof_symmetry_pipeline/output/xyz/aug_001345.xyz,original_remaining,1.009847548391254e-05,2.1818707593546094e-05
COc1ccc(-c2nc(-c3ccc(OC)cc3)nc(-c3ccc(OC)cc3)n2)cc1,triazine_C3,OMe_ph,C3,C3h,planar,12.83995837362296,/home/tianyajun/MARL_for_COFs/cof_symmetry_pipeline/output/xyz/aug_001347.xyz,original_remaining,0.3099103730223306,0.9035601186376567
CC(=O)Oc1nc(OC(C)=O)nc(OC(C)=O)n1,triazine_C3,Oacetyl_direct,C3,C3,nonplanar,-172.49060471141763,/home/tianyajun/MARL_for_COFs/cof_symmetry_pipeline/output/xyz/aug_001348.xyz,original_remaining,0.7804313728826141,1.4288810428779657
O=S(=O)(O)c1nc(S(=O)(=O)O)nc(S(=O)(=O)O)n1,triazine_C3,SO3H_direct,C3,C3,nonplanar,121.06256672016389,/home/tianyajun/MARL_for_COFs/cof_symmetry_pipeline/output/xyz/aug_001352.xyz,original_remaining,0.6732220936933087,1.4108314049620778
C#Cc1nc(C#C)nc(C#C)n1,triazine_C3,ethynyl_direct,C3,D3h,planar,-97.01560029880956,/home/tianyajun/MARL_for_COFs/cof_symmetry_pipeline/output/xyz/aug_001355.xyz,original_remaining,3.328548702809775e-05,5.272706834524854e-05
Cc1nc(C)nc(C)n1,triazine_C3,methyl_direct,C3,C3v,nonplanar,-53.48809814653659,/home/tianyajun/MARL_for_COFs/cof_symmetry_pipeline/output/xyz/aug_001356.xyz,original_remaining,0.5143593497273702,1.0441624561595992
Cc1ccc(-c2nc(-c3ccc(C)cc3)nc(-c3ccc(C)cc3)n2)cc1,triazine_C3,methyl_ph,C3,C3v,planar,8.249304709946458,/home/tianyajun/MARL_for_COFs/cof_symmetry_pipeline/output/xyz/aug_001357.xyz,original_remaining,0.3159130527060654,1.049845872548811
Brc1ccc(-c2nc(-c3ccc(Br)cc3)nc(-c3ccc(Br)cc3)n2)cc1,triazine_triphenyl_C3,Br_direct,C3,D3h,planar,0.0311555473492326,/home/tianyajun/MARL_for_COFs/cof_symmetry_pipeline/output/xyz/aug_001359.xyz,original_remaining,4.5960288263522434e-05,8.50483193117757e-05
FC(F)(F)C#Cc1ccc(-c2nc(-c3ccc(C#CC(F)(F)F)cc3)nc(-c3ccc(C#CC(F)(F)F)cc3)n2)cc1,triazine_triphenyl_C3,CCCF3_direct,C3,C3,planar,15.33887196700778,/home/tianyajun/MARL_for_COFs/cof_symmetry_pipeline/output/xyz/aug_001360.xyz,original_remaining,0.36454067947176777,1.1771305169039223
N#CC#Cc1ccc(-c2nc(-c3ccc(C#CC#N)cc3)nc(-c3ccc(C#CC#N)cc3)n2)cc1,triazine_triphenyl_C3,CCCN_direct,C3,D3h,planar,7.283642985579688,/home/tianyajun/MARL_for_COFs/cof_symmetry_pipeline/output/xyz/aug_001362.xyz,original_remaining,3.304732220697136e-06,7.95598382929974e-06
O=[N+]([O-])C#Cc1ccc(-c2nc(-c3ccc(C#C[N+](=O)[O-])cc3)nc(-c3ccc(C#C[N+](=O)[O-])cc3)n2)cc1,triazine_triphenyl_C3,CCNO2_direct,C3,D3h,planar,14.31766278772441,/home/tianyajun/MARL_for_COFs/cof_symmetry_pipeline/output/xyz/aug_001364.xyz,original_remaining,0.020811571285638583,0.07283981758755065
OC#Cc1ccc(-c2nc(-c3ccc(C#CO)cc3)nc(-c3ccc(C#CO)cc3)n2)cc1,triazine_triphenyl_C3,CCOH_direct,C3,C3v,planar,-5.060733676590049,/home/tianyajun/MARL_for_COFs/cof_symmetry_pipeline/output/xyz/aug_001365.xyz,original_remaining,0.21653666481887807,0.8444717875169652
O=C(Cl)c1ccc(-c2nc(-c3ccc(C(=O)Cl)cc3)nc(-c3ccc(C(=O)Cl)cc3)n2)cc1,triazine_triphenyl_C3,COCl_direct,C3,C3h,planar,79.57421981977348,/home/tianyajun/MARL_for_COFs/cof_symmetry_pipeline/output/xyz/aug_001367.xyz,original_remaining,8.44161560860062e-05,0.00021851835268871245
NC(=O)c1ccc(-c2nc(-c3ccc(C(N)=O)cc3)nc(-c3ccc(C(N)=O)cc3)n2)cc1,triazine_triphenyl_C3,CONH2_direct,C3,C3,planar,-33.21030283334201,/home/tianyajun/MARL_for_COFs/cof_symmetry_pipeline/output/xyz/aug_001368.xyz,original_remaining,0.2729975100521894,0.8228192919235484
COC(=O)c1ccc(-c2nc(-c3ccc(C(=O)OC)cc3)nc(-c3ccc(C(=O)OC)cc3)n2)cc1,triazine_triphenyl_C3,COOMe_direct,C3,C3h,planar,43.62757868885878,/home/tianyajun/MARL_for_COFs/cof_symmetry_pipeline/output/xyz/aug_001369.xyz,original_remaining,0.2923057998274796,0.9010291850544032
Ic1ccc(-c2nc(-c3ccc(I)cc3)nc(-c3ccc(I)cc3)n2)cc1,triazine_triphenyl_C3,I_direct,C3,D3h,planar,2.2220018751994,/home/tianyajun/MARL_for_COFs/cof_symmetry_pipeline/output/xyz/aug_001371.xyz,original_remaining,3.633419415026846e-05,8.997489370576872e-05
O=C=Nc1ccc(-c2nc(-c3ccc(N=C=O)cc3)nc(-c3ccc(N=C=O)cc3)n2)cc1,triazine_triphenyl_C3,NCO_direct,C3,C3v,nonplanar,-17.06551624048066,/home/tianyajun/MARL_for_COFs/cof_symmetry_pipeline/output/xyz/aug_001373.xyz,original_remaining,0.5821315098701942,1.935948138006365
S=C=Nc1ccc(-c2nc(-c3ccc(N=C=S)cc3)nc(-c3ccc(N=C=S)cc3)n2)cc1,triazine_triphenyl_C3,NCS_direct,C3,C3v,nonplanar,-11.782752215412351,/home/tianyajun/MARL_for_COFs/cof_symmetry_pipeline/output/xyz/aug_001374.xyz,original_remaining,0.7130171477746508,2.471695342131545
O=CNc1ccc(-c2nc(-c3ccc(NC=O)cc3)nc(-c3ccc(NC=O)cc3)n2)cc1,triazine_triphenyl_C3,NHCHO_direct,C3,C3,planar,-59.39385366612652,/home/tianyajun/MARL_for_COFs/cof_symmetry_pipeline/output/xyz/aug_001375.xyz,original_remaining,0.12011054317893871,0.23800539256719577
CS(=O)(=O)Nc1ccc(-c2nc(-c3ccc(NS(C)(=O)=O)cc3)nc(-c3ccc(NS(C)(=O)=O)cc3)n2)cc1,triazine_triphenyl_C3,NHSO2_direct,C3,C3,nonplanar,-160.42925262116964,/home/tianyajun/MARL_for_COFs/cof_symmetry_pipeline/output/xyz/aug_001377.xyz,original_remaining,1.1710232553079731,2.851707342523293
N#COc1ccc(-c2nc(-c3ccc(OC#N)cc3)nc(-c3ccc(OC#N)cc3)n2)cc1,triazine_triphenyl_C3,OCN_direct,C3,C3h,planar,22.06586862319756,/home/tianyajun/MARL_for_COFs/cof_symmetry_pipeline/output/xyz/aug_001379.xyz,original_remaining,3.0458977556676475e-05,5.480116809081226e-05
O=S(=O)(Cl)c1ccc(-c2nc(-c3ccc(S(=O)(=O)Cl)cc3)nc(-c3ccc(S(=O)(=O)Cl)cc3)n2)cc1,triazine_triphenyl_C3,SO2Cl_direct,C3,C3v,nonplanar,98.92095171260765,/home/tianyajun/MARL_for_COFs/cof_symmetry_pipeline/output/xyz/aug_001383.xyz,original_remaining,0.5263693925583549,1.926225780082504
BrC#Cc1cc(C#CBr)cc(C#CBr)c1,triethynylbenzene_C3,Br_direct,C3,D3h,planar,5.448380867038446,/home/tianyajun/MARL_for_COFs/cof_symmetry_pipeline/output/xyz/aug_001387.xyz,original_remaining,2.618447820995099e-05,5.354025040915644e-05
O=CC#CC#Cc1cc(C#CC#CC=O)cc(C#CC#CC=O)c1,triethynylbenzene_C3,CCCHO_direct,C3,C3h,planar,4.298088233242827,/home/tianyajun/MARL_for_COFs/cof_symmetry_pipeline/output/xyz/aug_001388.xyz,original_remaining,0.05198323036984741,0.13102758864404812
N#CC#CC#Cc1cc(C#CC#CC#N)cc(C#CC#CC#N)c1,triethynylbenzene_C3,CCCN_direct,C3,D3h,planar,4.667472197208846,/home/tianyajun/MARL_for_COFs/cof_symmetry_pipeline/output/xyz/aug_001389.xyz,original_remaining,4.0727094762342724e-06,8.317212922576145e-06
O=[N+]([O-])C#CC#Cc1cc(C#CC#C[N+](=O)[O-])cc(C#CC#C[N+](=O)[O-])c1,triethynylbenzene_C3,CCNO2_direct,C3,D3h,planar,5.23144785359138,/home/tianyajun/MARL_for_COFs/cof_symmetry_pipeline/output/xyz/aug_001391.xyz,original_remaining,0.028139640315532143,0.08686382714212831
OC#CC#Cc1cc(C#CC#CO)cc(C#CC#CO)c1,triethynylbenzene_C3,CCOH_direct,C3,C3h,planar,5.2159303855173205,/home/tianyajun/MARL_for_COFs/cof_symmetry_pipeline/output/xyz/aug_001392.xyz,original_remaining,0.026461423550190544,0.09511549691840493
O=CC#Cc1cc(C#CC=O)cc(C#CC=O)c1,triethynylbenzene_C3,CHO_direct,C3,C3h,planar,11.457792700361257,/home/tianyajun/MARL_for_COFs/cof_symmetry_pipeline/output/xyz/aug_001393.xyz,original_remaining,0.030401354297707597,0.08287564409649706
N#CC#Cc1cc(C#CC#N)cc(C#CC#N)c1,triethynylbenzene_C3,CN_direct,C3,D3h,planar,13.462868002493453,/home/tianyajun/MARL_for_COFs/cof_symmetry_pipeline/output/xyz/aug_001394.xyz,original_remaining,1.0670741084404206e-05,2.2264579621844582e-05
O=C(Cl)C#Cc1cc(C#CC(=O)Cl)cc(C#CC(=O)Cl)c1,triethynylbenzene_C3,COCl_direct,C3,C3h,planar,15.95566637767264,/home/tianyajun/MARL_for_COFs/cof_symmetry_pipeline/output/xyz/aug_001395.xyz,original_remaining,5.638841418790047e-06,1.5127296796868528e-05
NC(=O)C#Cc1cc(C#CC(N)=O)cc(C#CC(N)=O)c1,triethynylbenzene_C3,CONH2_direct,C3,C3h,planar,-114.37249425752242,/home/tianyajun/MARL_for_COFs/cof_symmetry_pipeline/output/xyz/aug_001396.xyz,original_remaining,0.022898154808101822,0.07489217562750139
ClC#Cc1cc(C#CCl)cc(C#CCl)c1,triethynylbenzene_C3,Cl_direct,C3,D3h,planar,6.183477358819143,/home/tianyajun/MARL_for_COFs/cof_symmetry_pipeline/output/xyz/aug_001397.xyz,original_remaining,1.737288335520397e-05,3.568216386584666e-05
IC#Cc1cc(C#CI)cc(C#CI)c1,triethynylbenzene_C3,I_direct,C3,D3h,planar,4.939887927940973,/home/tianyajun/MARL_for_COFs/cof_symmetry_pipeline/output/xyz/aug_001399.xyz,original_remaining,1.0018067516901401e-06,2.688483664581298e-06
O=CNC#Cc1cc(C#CNC=O)cc(C#CNC=O)c1,triethynylbenzene_C3,NHCHO_direct,C3,C3h,planar,-43.5021597914238,/home/tianyajun/MARL_for_COFs/cof_symmetry_pipeline/output/xyz/aug_001401.xyz,original_remaining,0.01582517593461366,0.046988781150283376
O=[N+]([O-])C#Cc1cc(C#C[N+](=O)[O-])cc(C#C[N+](=O)[O-])c1,triethynylbenzene_C3,NO2_direct,C3,D3h,planar,21.29839775429326,/home/tianyajun/MARL_for_COFs/cof_symmetry_pipeline/output/xyz/aug_001402.xyz,original_remaining,0.000622208668273764,0.0019858077067516078
OC#Cc1cc(C#CO)cc(C#CO)c1,triethynylbenzene_C3,OH_direct,C3,C3,planar,-0.0547268307045389,/home/tianyajun/MARL_for_COFs/cof_symmetry_pipeline/output/xyz/aug_001405.xyz,original_remaining,0.27151094514197216,0.6972216221446096
COC#Cc1cc(C#COC)cc(C#COC)c1,triethynylbenzene_C3,OMe_direct,C3,C3v,nonplanar,11.190123512487858,/home/tianyajun/MARL_for_COFs/cof_symmetry_pipeline/output/xyz/aug_001406.xyz,original_remaining,0.7928945806533299,1.3176487611576524
O=P(Cl)(Cl)C#Cc1cc(C#CP(=O)(Cl)Cl)cc(C#CP(=O)(Cl)Cl)c1,triethynylbenzene_C3,POCl2_direct,C3,C3,nonplanar,46.6872205417499,/home/tianyajun/MARL_for_COFs/cof_symmetry_pipeline/output/xyz/aug_001407.xyz,original_remaining,0.7574674602225906,1.6854381714445863
SC#Cc1cc(C#CS)cc(C#CS)c1,triethynylbenzene_C3,SH_direct,C3,C3,planar,2.8663346451803404,/home/tianyajun/MARL_for_COFs/cof_symmetry_pipeline/output/xyz/aug_001408.xyz,original_remaining,0.38663643413628435,0.9613999378563947
C#CC#Cc1cc(C#CC#C)cc(C#CC#C)c1,triethynylbenzene_C3,ethynyl_direct,C3,D3h,planar,4.651443535358489,/home/tianyajun/MARL_for_COFs/cof_symmetry_pipeline/output/xyz/aug_001412.xyz,original_remaining,2.4648143394594435e-06,6.138659662202617e-06
C=CC#Cc1cc(C#CC=C)cc(C#CC=C)c1,triethynylbenzene_C3,vinyl_direct,C3,C3v,nonplanar,11.988355329805824,/home/tianyajun/MARL_for_COFs/cof_symmetry_pipeline/output/xyz/aug_001414.xyz,original_remaining,0.820970411225981,1.7690458592707514
BrC#Cc1nc(C#CBr)nc(C#CBr)n1,triethynyltriazine_C3,Br_direct,C3,D3h,planar,-119.42779623762762,/home/tianyajun/MARL_for_COFs/cof_symmetry_pipeline/output/xyz/aug_001415.xyz,original_remaining,0.00016093519048695004,0.0002852179884613726
FC(F)(F)C#CC#Cc1nc(C#CC#CC(F)(F)F)nc(C#CC#CC(F)(F)F)n1,triethynyltriazine_C3,CCCF3_direct,C3,C3,planar,-114.5481322361491,/home/tianyajun/MARL_for_COFs/cof_symmetry_pipeline/output/xyz/aug_001416.xyz,original_remaining,0.4890974385179791,1.2370136709644735
N#CC#CC#Cc1nc(C#CC#CC#N)nc(C#CC#CC#N)n1,triethynyltriazine_C3,CCCN_direct,C3,D3h,planar,-115.86856706305151,/home/tianyajun/MARL_for_COFs/cof_symmetry_pipeline/output/xyz/aug_001418.xyz,original_remaining,1.3831172893986498e-05,3.519391330253363e-05
O=C(O)C#CC#Cc1nc(C#CC#CC(=O)O)nc(C#CC#CC(=O)O)n1,triethynyltriazine_C3,CCCOOH_direct,C3,C3v,nonplanar,-213.0479938307236,/home/tianyajun/MARL_for_COFs/cof_symmetry_pipeline/output/xyz/aug_001419.xyz,original_remaining,0.5844604694555242,1.1323515179417112
C#Cc1ccc(C#Cc2nc(C#Cc3ccc(C#C)cc3)nc(C#Cc3ccc(C#C)cc3)n2)cc1,triethynyltriazine_C3,CCH_ph,C3,D3d,planar,-64.32824311230935,/home/tianyajun/MARL_for_COFs/cof_symmetry_pipeline/output/xyz/aug_001420.xyz,original_remaining,0.07191033131421705,0.19772503869936542
O=[N+]([O-])C#CC#Cc1nc(C#CC#C[N+](=O)[O-])nc(C#CC#C[N+](=O)[O-])n1,triethynyltriazine_C3,CCNO2_direct,C3,D3h,nonplanar,-115.09083881582688,/home/tianyajun/MARL_for_COFs/cof_symmetry_pipeline/output/xyz/aug_001422.xyz,original_remaining,0.5183896361943408,1.103115643193307
OC#CC#Cc1nc(C#CC#CO)nc(C#CC#CO)n1,triethynyltriazine_C3,CCOH_direct,C3,C3h,planar,-115.6501557648876,/home/tianyajun/MARL_for_COFs/cof_symmetry_pipeline/output/xyz/aug_001423.xyz,original_remaining,0.015399631748931287,0.055307086639872605
ClC#Cc1nc(C#CCl)nc(C#CCl)n1,triethynyltriazine_C3,Cl_direct,C3,D3h,planar,-125.79897976368947,/home/tianyajun/MARL_for_COFs/cof_symmetry_pipeline/output/xyz/aug_001424.xyz,original_remaining,5.13084416569355e-05,9.070923847875889e-05
IC#Cc1nc(C#CI)nc(C#CI)n1,triethynyltriazine_C3,I_direct,C3,D3h,planar,-116.65557190582406,/home/tianyajun/MARL_for_COFs/cof_symmetry_pipeline/output/xyz/aug_001425.xyz,original_remaining,4.5959636742354384e-05,8.319717714400099e-05
O=COC#Cc1nc(C#COC=O)nc(C#COC=O)n1,triethynyltriazine_C3,OCHO_direct,C3,C3,nonplanar,-109.35265067526912,/home/tianyajun/MARL_for_COFs/cof_symmetry_pipeline/output/xyz/aug_001427.xyz,original_remaining,0.7716902321459028,1.6581529793930725
CC(=O)OC#Cc1nc(C#COC(C)=O)nc(C#COC(C)=O)n1,triethynyltriazine_C3,Oacetyl_direct,C3,C3,nonplanar,-110.46279822488468,/home/tianyajun/MARL_for_COFs/cof_symmetry_pipeline/output/xyz/aug_001429.xyz,original_remaining,0.7878740426017885,1.5910274048046018
SC#Cc1nc(C#CS)nc(C#CS)n1,triethynyltriazine_C3,SH_direct,C3,C3h,planar,-115.85954183731528,/home/tianyajun/MARL_for_COFs/cof_symmetry_pipeline/output/xyz/aug_001431.xyz,original_remaining,0.035489013355981806,0.09492990047074601
C#CC#Cc1nc(C#CC#C)nc(C#CC#C)n1,triethynyltriazine_C3,ethynyl_direct,C3,D3h,planar,-116.37695838497577,/home/tianyajun/MARL_for_COFs/cof_symmetry_pipeline/output/xyz/aug_001434.xyz,original_remaining,2.4643479109630805e-05,5.815694044408737e-05
BrOc1cc(OBr)cc(OBr)c1,trihydroxybenzene_C3,Br_direct,C3,C3v,nonplanar,25.4430251965198,/home/tianyajun/MARL_for_COFs/cof_symmetry_pipeline/output/xyz/aug_001435.xyz,original_remaining,0.6552830693422195,1.3102484957985867
O=COc1cc(OC=O)cc(OC=O)c1,trihydroxybenzene_C3,CHO_direct,C3,C3,nonplanar,36.84217777236785,/home/tianyajun/MARL_for_COFs/cof_symmetry_pipeline/output/xyz/aug_001437.xyz,original_remaining,0.6107458573142561,1.245023671311636
N#COc1cc(OC#N)cc(OC#N)c1,trihydroxybenzene_C3,CN_direct,C3,C3h,planar,30.343824452865032,/home/tianyajun/MARL_for_COFs/cof_symmetry_pipeline/output/xyz/aug_001438.xyz,original_remaining,0.006450354752443137,0.015322059964202328
O=C(Cl)Oc1cc(OC(=O)Cl)cc(OC(=O)Cl)c1,trihydroxybenzene_C3,COCl_direct,C3,C3,nonplanar,41.378225933991736,/home/tianyajun/MARL_for_COFs/cof_symmetry_pipeline/output/xyz/aug_001439.xyz,original_remaining,0.6823880138935207,1.381688780805007
NC(=O)Oc1cc(OC(N)=O)cc(OC(N)=O)c1,trihydroxybenzene_C3,CONH2_direct,C3,C3,nonplanar,-112.0740141176498,/home/tianyajun/MARL_for_COFs/cof_symmetry_pipeline/output/xyz/aug_001440.xyz,original_remaining,0.612788408113182,1.1840218409871963
O=C(O)Oc1cc(OC(=O)O)cc(OC(=O)O)c1,trihydroxybenzene_C3,COOH_direct,C3,C3,nonplanar,-75.52559188177659,/home/tianyajun/MARL_for_COFs/cof_symmetry_pipeline/output/xyz/aug_001441.xyz,original_remaining,0.7990405013224234,1.3548388195426182
COC(=O)Oc1cc(OC(=O)OC)cc(OC(=O)OC)c1,trihydroxybenzene_C3,COOMe_direct,C3,C3,nonplanar,-5.757386482594853,/home/tianyajun/MARL_for_COFs/cof_symmetry_pipeline/output/xyz/aug_001442.xyz,original_remaining,0.9408587959262332,1.698404010448093
IOc1cc(OI)cc(OI)c1,trihydroxybenzene_C3,I_direct,C3,C3v,nonplanar,26.796344747696192,/home/tianyajun/MARL_for_COFs/cof_symmetry_pipeline/output/xyz/aug_001443.xyz,original_remaining,0.691244423574089,1.3818948706696523
[N-]=[N+]=NOc1cc(ON=[N+]=[N-])cc(ON=[N+]=[N-])c1,trihydroxybenzene_C3,N3_direct,C3,C3h,planar,27.23702136059268,/home/tianyajun/MARL_for_COFs/cof_symmetry_pipeline/output/xyz/aug_001444.xyz,original_remaining,2.0811175873659272e-05,3.655996956569707e-05
O=C=NOc1cc(ON=C=O)cc(ON=C=O)c1,trihydroxybenzene_C3,NCO_direct,C3,C3h,planar,28.82003237376568,/home/tianyajun/MARL_for_COFs/cof_symmetry_pipeline/output/xyz/aug_001445.xyz,original_remaining,0.003962737540820274,0.00803387569626407
S=C=NOc1cc(ON=C=S)cc(ON=C=S)c1,trihydroxybenzene_C3,NCS_direct,C3,C3h,planar,27.91525460018976,/home/tianyajun/MARL_for_COFs/cof_symmetry_pipeline/output/xyz/aug_001446.xyz,original_remaining,0.0005607819129092654,0.0012172584171297185
O=[N+]([O-])Oc1cc(O[N+](=O)[O-])cc(O[N+](=O)[O-])c1,trihydroxybenzene_C3,NO2_direct,C3,C3,nonplanar,59.293468926926266,/home/tianyajun/MARL_for_COFs/cof_symmetry_pipeline/output/xyz/aug_001449.xyz,original_remaining,0.8046329260424757,1.5511221884509954
N#COOc1cc(OOC#N)cc(OOC#N)c1,trihydroxybenzene_C3,OCN_direct,C3,C3,nonplanar,30.283431934753143,/home/tianyajun/MARL_for_COFs/cof_symmetry_pipeline/output/xyz/aug_001450.xyz,original_remaining,0.9758405595111647,1.8486929882628662
COOc1cc(OOC)cc(OOC)c1,trihydroxybenzene_C3,OMe_direct,C3,C3,nonplanar,19.54503001171528,/home/tianyajun/MARL_for_COFs/cof_symmetry_pipeline/output/xyz/aug_001452.xyz,original_remaining,0.9717584559258472,1.5047643377389526
COc1cc(OC)cc(OC)c1,trihydroxybenzene_C3,methyl_direct,C3,C3h,planar,24.184673796821592,/home/tianyajun/MARL_for_COFs/cof_symmetry_pipeline/output/xyz/aug_001457.xyz,original_remaining,0.4518837364783155,0.903964766533614
O=C(O)C#COC(=O)c1cc(C(=O)OC#CC(=O)O)cc(C(=O)OC#CC(=O)O)c1,trimesic_ester_C3,CCCOOH_direct,C3,C3,nonplanar,-32.07721410540659,/home/tianyajun/MARL_for_COFs/cof_symmetry_pipeline/output/xyz/aug_001461.xyz,original_remaining,0.5312611515056115,1.1330428121227558
O=C=NC#COC(=O)c1cc(C(=O)OC#CN=C=O)cc(C(=O)OC#CN=C=O)c1,trimesic_ester_C3,CCNCO_direct,C3,C3,nonplanar,54.95483084939185,/home/tianyajun/MARL_for_COFs/cof_symmetry_pipeline/output/xyz/aug_001462.xyz,original_remaining,0.5911188710693603,1.6785736234100068
O=C(OC#C[N+](=O)[O-])c1cc(C(=O)OC#C[N+](=O)[O-])cc(C(=O)OC#C[N+](=O)[O-])c1,trimesic_ester_C3,CCNO2_direct,C3,C3h,planar,65.17385519678862,/home/tianyajun/MARL_for_COFs/cof_symmetry_pipeline/output/xyz/aug_001464.xyz,original_remaining,0.47194609395566806,1.1068448781195819
O=C(OC(F)(F)F)c1cc(C(=O)OC(F)(F)F)cc(C(=O)OC(F)(F)F)c1,trimesic_ester_C3,CF3_direct,C3,C3h,planar,-103.7191511632218,/home/tianyajun/MARL_for_COFs/cof_symmetry_pipeline/output/xyz/aug_001466.xyz,original_remaining,0.4954650731831056,1.1079999688956508
O=COC(=O)c1cc(C(=O)OC=O)cc(C(=O)OC=O)c1,trimesic_ester_C3,CHO_direct,C3,C3h,planar,2.9553422192536978,/home/tianyajun/MARL_for_COFs/cof_symmetry_pipeline/output/xyz/aug_001468.xyz,original_remaining,1.9939063419137468e-05,4.332198744649851e-05
COC(=O)OC(=O)c1cc(C(=O)OC(=O)OC)cc(C(=O)OC(=O)OC)c1,trimesic_ester_C3,COOMe_direct,C3,C3h,planar,-69.05897586440528,/home/tianyajun/MARL_for_COFs/cof_symmetry_pipeline/output/xyz/aug_001473.xyz,original_remaining,0.3534252491362165,0.9011138206742375
O=C(OCl)c1cc(C(=O)OCl)cc(C(=O)OCl)c1,trimesic_ester_C3,Cl_direct,C3,C3h,planar,80.8673642697174,/home/tianyajun/MARL_for_COFs/cof_symmetry_pipeline/output/xyz/aug_001474.xyz,original_remaining,2.312381167625079e-05,5.402683153482579e-05
O=C(Oc1ccc(Cl)cc1)c1cc(C(=O)Oc2ccc(Cl)cc2)cc(C(=O)Oc2ccc(Cl)cc2)c1,trimesic_ester_C3,Cl_ph,C3,C3h,nonplanar,127.72704309514135,/home/tianyajun/MARL_for_COFs/cof_symmetry_pipeline/output/xyz/aug_001475.xyz,original_remaining,1.2000799720301902,2.163880837016327
O=C(OI)c1cc(C(=O)OI)cc(C(=O)OI)c1,trimesic_ester_C3,I_direct,C3,C3h,planar,71.86861806210041,/home/tianyajun/MARL_for_COFs/cof_symmetry_pipeline/output/xyz/aug_001476.xyz,original_remaining,2.8263984031443596e-05,7.892512721083267e-05
[N-]=[N+]=NOC(=O)c1cc(C(=O)ON=[N+]=[N-])cc(C(=O)ON=[N+]=[N-])c1,trimesic_ester_C3,N3_direct,C3,C3h,planar,126.92870585976742,/home/tianyajun/MARL_for_COFs/cof_symmetry_pipeline/output/xyz/aug_001477.xyz,original_remaining,4.881407265319367e-05,0.00011807842538313906
O=C=NOC(=O)c1cc(C(=O)ON=C=O)cc(C(=O)ON=C=O)c1,trimesic_ester_C3,NCO_direct,C3,C3h,planar,124.06356105315618,/home/tianyajun/MARL_for_COFs/cof_symmetry_pipeline/output/xyz/aug_001478.xyz,original_remaining,0.00020211044208699874,0.0005921747411614664
O=C(Oc1ccc([N+](=O)[O-])cc1)c1cc(C(=O)Oc2ccc([N+](=O)[O-])cc2)cc(C(=O)Oc2ccc([N+](=O)[O-])cc2)c1,trimesic_ester_C3,NO2_ph,C3,C3h,nonplanar,232.88083619647773,/home/tianyajun/MARL_for_COFs/cof_symmetry_pipeline/output/xyz/aug_001480.xyz,original_remaining,1.1939016699296805,2.1730731629285964
N#COOC(=O)c1cc(C(=O)OOC#N)cc(C(=O)OOC#N)c1,trimesic_ester_C3,OCN_direct,C3,C3,nonplanar,74.21750878401282,/home/tianyajun/MARL_for_COFs/cof_symmetry_pipeline/output/xyz/aug_001481.xyz,original_remaining,0.846015642976119,2.0636938016306785
O=C(OO)c1cc(C(=O)OO)cc(C(=O)OO)c1,trimesic_ester_C3,OH_direct,C3,C3,planar,120.37551140595666,/home/tianyajun/MARL_for_COFs/cof_symmetry_pipeline/output/xyz/aug_001482.xyz,original_remaining,0.11893973030154911,0.2771312505780661
O=C(OS)c1cc(C(=O)OS)cc(C(=O)OS)c1,trimesic_ester_C3,SH_direct,C3,C3,planar,84.22755116674838,/home/tianyajun/MARL_for_COFs/cof_symmetry_pipeline/output/xyz/aug_001485.xyz,original_remaining,0.3836183954217669,0.9975167771454392
C#COC(=O)c1cc(C(=O)OC#C)cc(C(=O)OC#C)c1,trimesic_ester_C3,ethynyl_direct,C3,C3h,planar,63.20566402053244,/home/tianyajun/MARL_for_COFs/cof_symmetry_pipeline/output/xyz/aug_001487.xyz,original_remaining,0.0002975016707966217,0.0006058408869569765
COC(=O)c1cc(C(=O)OC)cc(C(=O)OC)c1,trimesic_ester_C3,methyl_direct,C3,C3h,planar,28.9287125352759,/home/tianyajun/MARL_for_COFs/cof_symmetry_pipeline/output/xyz/aug_001488.xyz,original_remaining,0.40289073049073354,0.9009013518303702
O=C(Cl)NC(=O)c1cc(C(=O)NC(=O)Cl)cc(C(=O)NC(=O)Cl)c1,trimesic_tris_amide_C3,COCl_direct,C3,C3h,planar,-125.89380488642465,/home/tianyajun/MARL_for_COFs/cof_symmetry_pipeline/output/xyz/aug_001492.xyz,original_remaining,0.00019287931633745278,0.0004425797744826987
O=C(NO)c1cc(C(=O)NO)cc(C(=O)NO)c1,trimesic_tris_amide_C3,OH_direct,C3,C3,planar,98.27259230404708,/home/tianyajun/MARL_for_COFs/cof_symmetry_pipeline/output/xyz/aug_001495.xyz,original_remaining,0.28535971527628723,0.6102349121141173
O=C(NS)c1cc(C(=O)NS)cc(C(=O)NS)c1,trimesic_tris_amide_C3,SH_direct,C3,C3,planar,44.83493730624264,/home/tianyajun/MARL_for_COFs/cof_symmetry_pipeline/output/xyz/aug_001496.xyz,original_remaining,0.31990048417054934,0.6378940584371255
C#Cc1ccc(-c2ccc(-c3cc(-c4ccc(-c5ccc(C#C)cc5)cc4)cc(-c4ccc(-c5ccc(C#C)cc5)cc4)c3)cc2)cc1,triphenylbenzene_C3,CCH_ph,C3,D3,nonplanar,145.2811538597426,/home/tianyajun/MARL_for_COFs/cof_symmetry_pipeline/output/xyz/aug_001499.xyz,original_remaining,1.2073803351145669,2.082552593979015
OC#Cc1ccc(-c2cc(-c3ccc(C#CO)cc3)cc(-c3ccc(C#CO)cc3)c2)cc1,triphenylbenzene_C3,CCOH_direct,C3,C3,nonplanar,71.95277251490151,/home/tianyajun/MARL_for_COFs/cof_symmetry_pipeline/output/xyz/aug_001501.xyz,original_remaining,0.9723133190028445,1.777069877016754
O=Cc1ccc(-c2cc(-c3ccc(C=O)cc3)cc(-c3ccc(C=O)cc3)c2)cc1,triphenylbenzene_C3,CHO_direct,C3,C3,nonplanar,123.96829747107373,/home/tianyajun/MARL_for_COFs/cof_symmetry_pipeline/output/xyz/aug_001502.xyz,original_remaining,1.0350099215823991,1.7425052034329926
N#Cc1ccc(-c2cc(-c3ccc(C#N)cc3)cc(-c3ccc(C#N)cc3)c2)cc1,triphenylbenzene_C3,CN_direct,C3,D3,nonplanar,119.6358957975695,/home/tianyajun/MARL_for_COFs/cof_symmetry_pipeline/output/xyz/aug_001504.xyz,original_remaining,1.0363653089623266,1.7556433527414996
COC(=O)c1ccc(-c2cc(-c3ccc(C(=O)OC)cc3)cc(-c3ccc(C(=O)OC)cc3)c2)cc1,triphenylbenzene_C3,COOMe_direct,C3,C3,nonplanar,120.24690911365624,/home/tianyajun/MARL_for_COFs/cof_symmetry_pipeline/output/xyz/aug_001506.xyz,original_remaining,1.0569000030607996,1.9547170942745742
Clc1ccc(-c2ccc(-c3cc(-c4ccc(-c5ccc(Cl)cc5)cc4)cc(-c4ccc(-c5ccc(Cl)cc5)cc4)c3)cc2)cc1,triphenylbenzene_C3,Cl_ph,C3,D3,nonplanar,142.1802965717337,/home/tianyajun/MARL_for_COFs/cof_symmetry_pipeline/output/xyz/aug_001508.xyz,original_remaining,1.256010404071663,2.091040782430009
Ic1ccc(-c2cc(-c3ccc(I)cc3)cc(-c3ccc(I)cc3)c2)cc1,triphenylbenzene_C3,I_direct,C3,D3,nonplanar,79.11386835224894,/home/tianyajun/MARL_for_COFs/cof_symmetry_pipeline/output/xyz/aug_001509.xyz,original_remaining,1.0674898449642833,1.7465492303324575
O=[N+]([O-])c1ccc(-c2ccc(-c3cc(-c4ccc(-c5ccc([N+](=O)[O-])cc5)cc4)cc(-c4ccc(-c5ccc([N+](=O)[O-])cc5)cc4)c3)cc2)cc1,triphenylbenzene_C3,NO2_ph,C3,D3,nonplanar,246.6585124906893,/home/tianyajun/MARL_for_COFs/cof_symmetry_pipeline/output/xyz/aug_001516.xyz,original_remaining,1.2474476718599643,2.1134485963532708
C#Cc1ccc(-c2cc(-c3ccc(C#C)cc3)cc(-c3ccc(C#C)cc3)c2)cc1,triphenylbenzene_C3,ethynyl_direct,C3,D3,nonplanar,77.7029426562925,/home/tianyajun/MARL_for_COFs/cof_symmetry_pipeline/output/xyz/aug_001519.xyz,original_remaining,0.994804702489278,1.742227070203544
BrC#Cc1ccc(-c2cc(-c3ccc(C#CBr)cc3)cc(-c3ccc(C#CBr)cc3)c2)cc1,tris_ethynyl_triphenyl_C3,Br_direct,C3,D3,nonplanar,77.24857741282345,/home/tianyajun/MARL_for_COFs/cof_symmetry_pipeline/output/xyz/aug_001521.xyz,original_remaining,0.9968752389622434,1.745332864652628
N#CC#CC#Cc1ccc(-c2cc(-c3ccc(C#CC#CC#N)cc3)cc(-c3ccc(C#CC#CC#N)cc3)c2)cc1,tris_ethynyl_triphenyl_C3,CCCN_direct,C3,D3,nonplanar,76.24088423936601,/home/tianyajun/MARL_for_COFs/cof_symmetry_pipeline/output/xyz/aug_001522.xyz,original_remaining,0.9159488220449805,1.7472593873916242
CNC(=O)C(=O)Nc1nc(NC(=O)C(=O)NC)nc(NC(=O)C(=O)NC)n1,triazine__oxamide,methyl_direct,C3,C3,planar,-240.8341004831448,/home/tianyajun/MARL_for_COFs/cof_symmetry_pipeline/output/hierarchical/xyz/mol_000003.xyz,hierarchical_v1,0.33856321143706447,1.0941596583802427
O=C(NCl)C(=O)Nc1nc(NC(=O)C(=O)NCl)nc(NC(=O)C(=O)NCl)n1,triazine__oxamide,Cl_direct,C3,C3h,planar,-226.4179779619354,/home/tianyajun/MARL_for_COFs/cof_symmetry_pipeline/output/hierarchical/xyz/mol_000004.xyz,hierarchical_v1,0.0003760596694940295,0.0007976551927889597
O=C(NBr)C(=O)Nc1nc(NC(=O)C(=O)NBr)nc(NC(=O)C(=O)NBr)n1,triazine__oxamide,Br_direct,C3,C3h,planar,-227.85125557586787,/home/tianyajun/MARL_for_COFs/cof_symmetry_pipeline/output/hierarchical/xyz/mol_000005.xyz,hierarchical_v1,0.00029231334578330476,0.0006412817120562408
O=C(NI)C(=O)Nc1nc(NC(=O)C(=O)NI)nc(NC(=O)C(=O)NI)n1,triazine__oxamide,I_direct,C3,C3h,planar,-228.60387496159632,/home/tianyajun/MARL_for_COFs/cof_symmetry_pipeline/output/hierarchical/xyz/mol_000006.xyz,hierarchical_v1,0.00030444358823148506,0.0008860917925648248
O=CNC(=O)C(=O)Nc1nc(NC(=O)C(=O)NC=O)nc(NC(=O)C(=O)NC=O)n1,triazine__oxamide,CHO_direct,C3,C3h,planar,-342.2718052571861,/home/tianyajun/MARL_for_COFs/cof_symmetry_pipeline/output/hierarchical/xyz/mol_000014.xyz,hierarchical_v1,0.0002605727915177976,0.0006522600089269304
C=CNC(=O)C(=O)Nc1nc(NC(=O)C(=O)NC=C)nc(NC(=O)C(=O)NC=C)n1,triazine__oxamide,vinyl_direct,C3,C3h,planar,-200.50660716019587,/home/tianyajun/MARL_for_COFs/cof_symmetry_pipeline/output/hierarchical/xyz/mol_000016.xyz,hierarchical_v1,0.005610469825374462,0.01274728848179052
C#CNC(=O)C(=O)Nc1nc(NC(=O)C(=O)NC#C)nc(NC(=O)C(=O)NC#C)n1,triazine__oxamide,ethynyl_direct,C3,C3h,planar,-241.98325285080963,/home/tianyajun/MARL_for_COFs/cof_symmetry_pipeline/output/hierarchical/xyz/mol_000017.xyz,hierarchical_v1,0.000500673714367651,0.0012176667035885824
O=C(Nc1nc(NC(=O)C(=O)N[N+](=O)[O-])nc(NC(=O)C(=O)N[N+](=O)[O-])n1)C(=O)N[N+](=O)[O-],triazine__oxamide,NO2_direct,C3,C3h,planar,-482.7346453858155,/home/tianyajun/MARL_for_COFs/cof_symmetry_pipeline/output/hierarchical/xyz/mol_000033.xyz,hierarchical_v1,0.0004216460603976915,0.0010860365901922409
[N-]=[N+]=NNC(=O)C(=O)Nc1nc(NC(=O)C(=O)NN=[N+]=[N-])nc(NC(=O)C(=O)NN=[N+]=[N-])n1,triazine__oxamide,N3_direct,C3,C3h,planar,-109.6144469696111,/home/tianyajun/MARL_for_COFs/cof_symmetry_pipeline/output/hierarchical/xyz/mol_000034.xyz,hierarchical_v1,0.0013357907014323485,0.0043569297334955515
O=C=NNC(=O)C(=O)Nc1nc(NC(=O)C(=O)NN=C=O)nc(NC(=O)C(=O)NN=C=O)n1,triazine__oxamide,NCO_direct,C3,C3h,planar,-105.94858867685674,/home/tianyajun/MARL_for_COFs/cof_symmetry_pipeline/output/hierarchical/xyz/mol_000035.xyz,hierarchical_v1,0.004276190038044223,0.010844997590699013
O=C(NN=C=S)C(=O)Nc1nc(NC(=O)C(=O)NN=C=S)nc(NC(=O)C(=O)NN=C=S)n1,triazine__oxamide,NCS_direct,C3,C3h,planar,-115.5246462341903,/home/tianyajun/MARL_for_COFs/cof_symmetry_pipeline/output/hierarchical/xyz/mol_000036.xyz,hierarchical_v1,0.001176776935899083,0.0029855319190970064
NC(=O)NC(=O)C(=O)Nc1nc(NC(=O)C(=O)NC(N)=O)nc(NC(=O)C(=O)NC(N)=O)n1,triazine__oxamide,CONH2_direct,C3,C3,nonplanar,-534.1216952741538,/home/tianyajun/MARL_for_COFs/cof_symmetry_pipeline/output/hierarchical/xyz/mol_000037.xyz,hierarchical_v1,0.5299004840038147,1.2097299046869006
O=C(NC#CO)C(=O)Nc1nc(NC(=O)C(=O)NC#CO)nc(NC(=O)C(=O)NC#CO)n1,triazine__oxamide,CCOH_direct,C3,C3h,planar,-236.07534165774345,/home/tianyajun/MARL_for_COFs/cof_symmetry_pipeline/output/hierarchical/xyz/mol_000041.xyz,hierarchical_v1,0.02007833650654582,0.10001330879660819
N#CSNC(=O)C(=O)Nc1nc(NC(=O)C(=O)NSC#N)nc(NC(=O)C(=O)NSC#N)n1,triazine__oxamide,SCN_direct,C3,C3,nonplanar,-188.4358659496292,/home/tianyajun/MARL_for_COFs/cof_symmetry_pipeline/output/hierarchical/xyz/mol_000046.xyz,hierarchical_v1,0.8266263280545456,2.4335426758350405
O=C(NBr)C(=O)NC#Cc1cc(C#CNC(=O)C(=O)NBr)cc(C#CNC(=O)C(=O)NBr)c1,triethynylbenzene__oxamide,Br_direct,C3,C3,planar,69.44964253964228,/home/tianyajun/MARL_for_COFs/cof_symmetry_pipeline/output/hierarchical/xyz/mol_000052.xyz,hierarchical_v1,0.08907162060836116,0.26592529460343206
O=C(NCl)C(=O)NC#Cc1nc(C#CNC(=O)C(=O)NCl)nc(C#CNC(=O)C(=O)NCl)n1,triethynyltriazine__oxamide,Cl_direct,C3,C3v,nonplanar,-38.56807057248571,/home/tianyajun/MARL_for_COFs/cof_symmetry_pipeline/output/hierarchical/xyz/mol_000058.xyz,hierarchical_v1,1.0529187840743695,1.9936391136568097
O=C(NBr)C(=O)NC#Cc1nc(C#CNC(=O)C(=O)NBr)nc(C#CNC(=O)C(=O)NBr)n1,triethynyltriazine__oxamide,Br_direct,C3,C3,nonplanar,-39.62802374136313,/home/tianyajun/MARL_for_COFs/cof_symmetry_pipeline/output/hierarchical/xyz/mol_000059.xyz,hierarchical_v1,0.9264420961961142,1.7744894560797981
O=C(NI)C(=O)NC#Cc1nc(C#CNC(=O)C(=O)NI)nc(C#CNC(=O)C(=O)NI)n1,triethynyltriazine__oxamide,I_direct,C3,C3,nonplanar,-40.195946482342,/home/tianyajun/MARL_for_COFs/cof_symmetry_pipeline/output/hierarchical/xyz/mol_000060.xyz,hierarchical_v1,0.9897060974544861,1.8464172054599262
O=C(NO)C(=O)NC1=CC(NC(=O)C(=O)NO)=CC(NC(=O)C(=O)NO)=CC(NC(=O)C(=O)NO)=C1,cyclooctatetraene__oxamide,OH_direct,C4,S4,nonplanar,264.3438203499117,/home/tianyajun/MARL_for_COFs/cof_symmetry_pipeline/output/hierarchical/xyz/mol_000067.xyz,hierarchical_v1,2.256551380024853,3.882308055953481
O=C(NCl)C(=O)NC1=CC(NC(=O)C(=O)NCl)=CC(NC(=O)C(=O)NCl)=CC(NC(=O)C(=O)NCl)=C1,cyclooctatetraene__oxamide,Cl_direct,C4,S4,nonplanar,118.08212060819372,/home/tianyajun/MARL_for_COFs/cof_symmetry_pipeline/output/xyz/mol_003965.xyz,hierarchical_v1,2.095304821676381,3.8577242443880806
O=C(NBr)C(=O)NC1=CC(NC(=O)C(=O)NBr)=CC(NC(=O)C(=O)NBr)=CC(NC(=O)C(=O)NBr)=C1,cyclooctatetraene__oxamide,Br_direct,C4,S4,nonplanar,116.3067580868503,/home/tianyajun/MARL_for_COFs/cof_symmetry_pipeline/output/xyz/mol_003994.xyz,hierarchical_v1,2.1145112579113867,3.965483676867759
O=C(NI)C(=O)NC1=CC(NC(=O)C(=O)NI)=CC(NC(=O)C(=O)NI)=CC(NC(=O)C(=O)NI)=C1,cyclooctatetraene__oxamide,I_direct,C4,S4,nonplanar,115.3514734658586,/home/tianyajun/MARL_for_COFs/cof_symmetry_pipeline/output/xyz/mol_003995.xyz,hierarchical_v1,2.1270606435336603,4.0507663835266285
NC(=O)NC(=O)C(=O)NNc1nc(NNC(=O)C(=O)NC(N)=O)nc(NNC(=O)C(=O)NC(N)=O)n1,triaminotriazine__oxamide,CONH2_direct,C3,C3,nonplanar,-299.8359468332126,/home/tianyajun/MARL_for_COFs/cof_symmetry_pipeline/output/hierarchical/xyz/mol_000079.xyz,hierarchical_v1,2.027664656842066,3.4781861329833372
O=C(Nc1nc(NC(=O)C(=O)NC(F)(F)F)nc(NC(=O)C(=O)NC(F)(F)F)n1)C(=O)NC(F)(F)F,triazine__oxamide,CF3_direct,C3,C3,planar,-501.27791555800354,/home/tianyajun/MARL_for_COFs/cof_symmetry_pipeline/output/hierarchical/xyz/mol_000091.xyz,hierarchical_v1,0.4262042358355398,1.407090214578146
N#CC#CNC(=O)C(=O)Nc1nc(NC(=O)C(=O)NC#CC#N)nc(NC(=O)C(=O)NC#CC#N)n1,triazine__oxamide,CCCN_direct,C3,C3h,planar,-222.08999220131108,/home/tianyajun/MARL_for_COFs/cof_symmetry_pipeline/output/hierarchical/xyz/mol_000095.xyz,hierarchical_v1,0.003426342052201531,0.008440536833085766
CC(=O)ONC(=O)C(=O)Nc1nc(NC(=O)C(=O)NOC(C)=O)nc(NC(=O)C(=O)NOC(C)=O)n1,triazine__oxamide,Oacetyl_direct,C3,C3,nonplanar,-159.52681723112835,/home/tianyajun/MARL_for_COFs/cof_symmetry_pipeline/output/hierarchical/xyz/mol_000096.xyz,hierarchical_v1,0.8287799357669611,1.80404346162755
O=C(Nc1nc(NC(=O)C(=O)NS(=O)(=O)Cl)nc(NC(=O)C(=O)NS(=O)(=O)Cl)n1)C(=O)NS(=O)(=O)Cl,triazine__oxamide,SO2Cl_direct,C3,C3,nonplanar,-622.6318130501974,/home/tianyajun/MARL_for_COFs/cof_symmetry_pipeline/output/hierarchical/xyz/mol_000100.xyz,hierarchical_v1,0.5275633442501995,1.6778094365547889
O=CNC(=O)C(=O)NC#Cc1nc(C#CNC(=O)C(=O)NC=O)nc(C#CNC(=O)C(=O)NC=O)n1,triethynyltriazine__oxamide,CHO_direct,C3,C3v,nonplanar,-153.85441236266314,/home/tianyajun/MARL_for_COFs/cof_symmetry_pipeline/output/hierarchical/xyz/mol_000107.xyz,hierarchical_v1,1.1086012694587704,1.8777999223411124
N#CNC(=O)C(=O)NC#Cc1nc(C#CNC(=O)C(=O)NC#N)nc(C#CNC(=O)C(=O)NC#N)n1,triethynyltriazine__oxamide,CN_direct,C3,C3,nonplanar,-164.48757618802588,/home/tianyajun/MARL_for_COFs/cof_symmetry_pipeline/output/hierarchical/xyz/mol_000108.xyz,hierarchical_v1,1.0291715639397163,2.003784226061586
C=CNC(=O)C(=O)NC#Cc1nc(C#CNC(=O)C(=O)NC=C)nc(C#CNC(=O)C(=O)NC=C)n1,triethynyltriazine__oxamide,vinyl_direct,C3,C3,nonplanar,-11.70761267479263,/home/tianyajun/MARL_for_COFs/cof_symmetry_pipeline/output/hierarchical/xyz/mol_000109.xyz,hierarchical_v1,1.1894672743045556,2.407166337571559
C#CNC(=O)C(=O)NC#Cc1nc(C#CNC(=O)C(=O)NC#C)nc(C#CNC(=O)C(=O)NC#C)n1,triethynyltriazine__oxamide,ethynyl_direct,C3,C3,nonplanar,-53.56603794438738,/home/tianyajun/MARL_for_COFs/cof_symmetry_pipeline/output/hierarchical/xyz/mol_000110.xyz,hierarchical_v1,0.9880392624694688,1.7186850304682944
O=C(NCl)C(=O)NNC(=O)c1cc(C(=O)NNC(=O)C(=O)NCl)cc(C(=O)NNC(=O)C(=O)NCl)c1,trimesic_tris_amide__oxamide,Cl_direct,C3,C3,nonplanar,216.77242326811427,/home/tianyajun/MARL_for_COFs/cof_symmetry_pipeline/output/hierarchical/xyz/mol_000139.xyz,hierarchical_v1,1.2045212841563713,2.201915521589695
O=C(NBr)C(=O)NNC(=O)c1cc(C(=O)NNC(=O)C(=O)NBr)cc(C(=O)NNC(=O)C(=O)NBr)c1,trimesic_tris_amide__oxamide,Br_direct,C3,C3,nonplanar,215.70116780287967,/home/tianyajun/MARL_for_COFs/cof_symmetry_pipeline/output/hierarchical/xyz/mol_000140.xyz,hierarchical_v1,1.2230602413595837,2.2775693045333822
N#CC#CNC(=O)C(=O)NNc1nc(NNC(=O)C(=O)NC#CC#N)nc(NNC(=O)C(=O)NC#CC#N)n1,triaminotriazine__oxamide,CCCN_direct,C3,C3,nonplanar,11.080530749279315,/home/tianyajun/MARL_for_COFs/cof_symmetry_pipeline/output/hierarchical/xyz/mol_000155.xyz,hierarchical_v1,2.4514614202116163,4.866566649345848
OC#Cc1ccc(C#Cc2nc(C#Cc3ccc(C#CO)cc3)nc(C#Cc3ccc(C#CO)cc3)n2)cc1,triazine__diethynylbenzene,OH_direct,C3,C3,planar,-69.9576614904142,/home/tianyajun/MARL_for_COFs/cof_symmetry_pipeline/output/hierarchical/xyz/mol_000177.xyz,hierarchical_v1,0.2633807492135776,0.8596437625097275
SC#Cc1ccc(C#Cc2nc(C#Cc3ccc(C#CS)cc3)nc(C#Cc3ccc(C#CS)cc3)n2)cc1,triazine__diethynylbenzene,SH_direct,C3,C3,planar,-67.12255201900128,/home/tianyajun/MARL_for_COFs/cof_symmetry_pipeline/output/hierarchical/xyz/mol_000178.xyz,hierarchical_v1,0.31876703867729317,1.2695749044651095
ClC#Cc1ccc(C#Cc2nc(C#Cc3ccc(C#CCl)cc3)nc(C#Cc3ccc(C#CCl)cc3)n2)cc1,triazine__diethynylbenzene,Cl_direct,C3,D3d,planar,-64.19800330210181,/home/tianyajun/MARL_for_COFs/cof_symmetry_pipeline/output/hierarchical/xyz/mol_000180.xyz,hierarchical_v1,0.08452033928405514,0.1962861652635895
BrC#Cc1ccc(C#Cc2nc(C#Cc3ccc(C#CBr)cc3)nc(C#Cc3ccc(C#CBr)cc3)n2)cc1,triazine__diethynylbenzene,Br_direct,C3,D3,planar,-64.60264114372426,/home/tianyajun/MARL_for_COFs/cof_symmetry_pipeline/output/hierarchical/xyz/mol_000181.xyz,hierarchical_v1,0.18964387371514982,0.5048287527710018
IC#Cc1ccc(C#Cc2nc(C#Cc3ccc(C#CI)cc3)nc(C#Cc3ccc(C#CI)cc3)n2)cc1,triazine__diethynylbenzene,I_direct,C3,D3h,planar,-64.97121170794942,/home/tianyajun/MARL_for_COFs/cof_symmetry_pipeline/output/hierarchical/xyz/mol_000182.xyz,hierarchical_v1,0.057425148044591146,0.13610663701583636
Nc1c(F)c(F)c(-c2nc(-c3c(F)c(F)c(N)c(F)c3F)nc(-c3c(F)c(F)c(N)c(F)c3F)n2)c(F)c1F,triazine__tetrafluorobenzene,NH2_direct,C3,C3,nonplanar,38.58797860819183,/home/tianyajun/MARL_for_COFs/cof_symmetry_pipeline/output/hierarchical/xyz/mol_000188.xyz,hierarchical_v1,1.034116834725033,1.7848389954263912
Oc1c(F)c(F)c(-c2nc(-c3c(F)c(F)c(O)c(F)c3F)nc(-c3c(F)c(F)c(O)c(F)c3F)n2)c(F)c1F,triazine__tetrafluorobenzene,OH_direct,C3,C3,nonplanar,-21.68636300416157,/home/tianyajun/MARL_for_COFs/cof_symmetry_pipeline/output/hierarchical/xyz/mol_000189.xyz,hierarchical_v1,1.0440005669120433,1.7783561791678602
Fc1c(F)c(-c2nc(-c3c(F)c(F)c(S)c(F)c3F)nc(-c3c(F)c(F)c(S)c(F)c3F)n2)c(F)c(F)c1S,triazine__tetrafluorobenzene,SH_direct,C3,C3,nonplanar,-48.10090601702964,/home/tianyajun/MARL_for_COFs/cof_symmetry_pipeline/output/hierarchical/xyz/mol_000190.xyz,hierarchical_v1,1.0586985083868132,1.7986263449585
[N-]=[N+]=NNC(=O)C(=O)NC#Cc1nc(C#CNC(=O)C(=O)NN=[N+]=[N-])nc(C#CNC(=O)C(=O)NN=[N+]=[N-])n1,triethynyltriazine__oxamide,N3_direct,C3,C3v,nonplanar,78.13306167296287,/home/tianyajun/MARL_for_COFs/cof_symmetry_pipeline/output/hierarchical/xyz/mol_000214.xyz,hierarchical_v1,1.2801790895295804,2.5303046444784068
O=C(NC#Cc1nc(C#CNC(=O)C(=O)NN=C=S)nc(C#CNC(=O)C(=O)NN=C=S)n1)C(=O)NN=C=S,triethynyltriazine__oxamide,NCS_direct,C3,C3v,nonplanar,72.25622402369086,/home/tianyajun/MARL_for_COFs/cof_symmetry_pipeline/output/hierarchical/xyz/mol_000216.xyz,hierarchical_v1,1.3466147832373874,3.0016332519790105
C=CNC(=O)C(=O)NNC(=O)c1cc(C(=O)NNC(=O)C(=O)NC=C)cc(C(=O)NNC(=O)C(=O)NC=C)c1,trimesic_tris_amide__oxamide,vinyl_direct,C3,C3,nonplanar,243.37482614826013,/home/tianyajun/MARL_for_COFs/cof_symmetry_pipeline/output/hierarchical/xyz/mol_000247.xyz,hierarchical_v1,1.820993493627382,3.420185381867275
O=CNC(=O)C(=O)NC1=CC(NC(=O)C(=O)NC=O)=CC(NC(=O)C(=O)NC=O)=CC(NC(=O)C(=O)NC=O)=C1,cyclooctatetraene__oxamide,CHO_direct,C4,S4,nonplanar,-36.130046533172354,/home/tianyajun/MARL_for_COFs/cof_symmetry_pipeline/output/xyz/mol_003935.xyz,hierarchical_v1,2.3267561560072068,4.1970064377510035
N#CNC(=O)C(=O)NC1=CC(NC(=O)C(=O)NC#N)=CC(NC(=O)C(=O)NC#N)=CC(NC(=O)C(=O)NC#N)=C1,cyclooctatetraene__oxamide,CN_direct,C4,S4,nonplanar,-48.14171281097893,/home/tianyajun/MARL_for_COFs/cof_symmetry_pipeline/output/xyz/mol_003945.xyz,hierarchical_v1,2.251484723618847,4.008498600884591
C#CNC(=O)C(=O)NC1=CC(NC(=O)C(=O)NC#C)=CC(NC(=O)C(=O)NC#C)=CC(NC(=O)C(=O)NC#C)=C1,cyclooctatetraene__oxamide,ethynyl_direct,C4,S4,nonplanar,97.61130574871648,/home/tianyajun/MARL_for_COFs/cof_symmetry_pipeline/output/xyz/mol_003956.xyz,hierarchical_v1,2.6092282079590445,5.075735100262632
N#CC#Cc1ccc(C#Cc2nc(C#Cc3ccc(C#CC#N)cc3)nc(C#Cc3ccc(C#CC#N)cc3)n2)cc1,triazine__diethynylbenzene,CN_direct,C3,D3h,planar,-57.6769827646234,/home/tianyajun/MARL_for_COFs/cof_symmetry_pipeline/output/hierarchical/xyz/mol_000304.xyz,hierarchical_v1,0.04375686254895837,0.11707907471549772
C#CC#Cc1ccc(C#Cc2nc(C#Cc3ccc(C#CC#C)cc3)nc(C#Cc3ccc(C#CC#C)cc3)n2)cc1,triazine__diethynylbenzene,ethynyl_direct,C3,D3h,planar,-65.16519130126996,/home/tianyajun/MARL_for_COFs/cof_symmetry_pipeline/output/hierarchical/xyz/mol_000306.xyz,hierarchical_v1,0.035838436085699886,0.111363173831315
COc1c(F)c(F)c(-c2nc(-c3c(F)c(F)c(OC)c(F)c3F)nc(-c3c(F)c(F)c(OC)c(F)c3F)n2)c(F)c1F,triazine__tetrafluorobenzene,OMe_direct,C3,C3,nonplanar,-4.222703821487187,/home/tianyajun/MARL_for_COFs/cof_symmetry_pipeline/output/hierarchical/xyz/mol_000314.xyz,hierarchical_v1,1.0507914240017668,1.9610618276787073
N#CC#CNC(=O)C(=O)NC#Cc1nc(C#CNC(=O)C(=O)NC#CC#N)nc(C#CNC(=O)C(=O)NC#CC#N)n1,triethynyltriazine__oxamide,CCCN_direct,C3,C3,nonplanar,-33.59843173938055,/home/tianyajun/MARL_for_COFs/cof_symmetry_pipeline/output/hierarchical/xyz/mol_000334.xyz,hierarchical_v1,1.0031785082827724,1.711276820752858
Brc1ccc(-c2ccc(Oc3cc(Oc4ccc(-c5ccc(Br)s5)s4)cc(Oc4ccc(-c5ccc(Br)s5)s4)c3)s2)s1,trihydroxybenzene__bithiophene,Br_direct,C3,C3,nonplanar,72.17621898298826,/home/tianyajun/MARL_for_COFs/cof_symmetry_pipeline/output/hierarchical/xyz/mol_000353.xyz,hierarchical_v1,2.7854013900177166,5.957671306946823
N#CNNC(=O)C(=O)NOC(=O)c1cc(C(=O)ONC(=O)C(=O)NNC#N)cc(C(=O)ONC(=O)C(=O)NNC#N)c1,trimesic_ester__oxamide,NHCN_direct,C3,C3,nonplanar,314.58932732562306,/home/tianyajun/MARL_for_COFs/cof_symmetry_pipeline/output/hierarchical/xyz/mol_000388.xyz,hierarchical_v1,1.5688957247458641,3.110180510205161
O=C(Cl)NC(=O)C(=O)NNC(=O)c1cc(C(=O)NNC(=O)C(=O)NC(=O)Cl)cc(C(=O)NNC(=O)C(=O)NC(=O)Cl)c1,trimesic_tris_amide__oxamide,COCl_direct,C3,C3,nonplanar,32.76190712225591,/home/tianyajun/MARL_for_COFs/cof_symmetry_pipeline/output/hierarchical/xyz/mol_000397.xyz,hierarchical_v1,1.5241378683929219,3.5599709183136383
O=C(NC1=CC(NC(=O)C(=O)N[N+](=O)[O-])=CC(NC(=O)C(=O)N[N+](=O)[O-])=CC(NC(=O)C(=O)N[N+](=O)[O-])=C1)C(=O)N[N+](=O)[O-],cyclooctatetraene__oxamide,NO2_direct,C4,S4,nonplanar,-223.9074776464116,/home/tianyajun/MARL_for_COFs/cof_symmetry_pipeline/output/hierarchical/xyz/mol_000408.xyz,hierarchical_v1,2.4095475612558115,4.301653549206614
[N-]=[N+]=NNC(=O)C(=O)NC1=CC(NC(=O)C(=O)NN=[N+]=[N-])=CC(NC(=O)C(=O)NN=[N+]=[N-])=CC(NC(=O)C(=O)NN=[N+]=[N-])=C1,cyclooctatetraene__oxamide,N3_direct,C4,S4,nonplanar,273.9659649720944,/home/tianyajun/MARL_for_COFs/cof_symmetry_pipeline/output/hierarchical/xyz/mol_000409.xyz,hierarchical_v1,2.407059509872532,3.925312413061963
O=C(NN=C=S)C(=O)NC1=CC(NC(=O)C(=O)NN=C=S)=CC(NC(=O)C(=O)NN=C=S)=CC(NC(=O)C(=O)NN=C=S)=C1,cyclooctatetraene__oxamide,NCS_direct,C4,S4,nonplanar,266.1101531401904,/home/tianyajun/MARL_for_COFs/cof_symmetry_pipeline/output/hierarchical/xyz/mol_000411.xyz,hierarchical_v1,2.466239281793467,4.046125072048459
O=C(Cl)NC(=O)C(=O)NC1=CC(NC(=O)C(=O)NC(=O)Cl)=CC(NC(=O)C(=O)NC(=O)Cl)=CC(NC(=O)C(=O)NC(=O)Cl)=C1,cyclooctatetraene__oxamide,COCl_direct,C4,S4,nonplanar,-129.75622814220583,/home/tianyajun/MARL_for_COFs/cof_symmetry_pipeline/output/xyz/mol_003971.xyz,hierarchical_v1,2.293455877741372,4.019433314896547
Sc1ccc(-c2ccc(-c3nc(-c4ccc(-c5ccc(S)cc5)cc4)nc(-c4ccc(-c5ccc(S)cc5)cc4)n3)cc2)cc1,triazine__biphenyl,SH_direct,C3,C3,nonplanar,57.999070327530106,/home/tianyajun/MARL_for_COFs/cof_symmetry_pipeline/output/hierarchical/xyz/mol_000478.xyz,hierarchical_v1,0.8486484877521727,1.8137269725226073
Clc1ccc(-c2ccc(-c3nc(-c4ccc(-c5ccc(Cl)cc5)cc4)nc(-c4ccc(-c5ccc(Cl)cc5)cc4)n3)cc2)cc1,triazine__biphenyl,Cl_direct,C3,D3,nonplanar,64.81411183447419,/home/tianyajun/MARL_for_COFs/cof_symmetry_pipeline/output/xyz/mol_003285.xyz,hierarchical_v1,0.837196050114812,1.771855854926061
Brc1ccc(-c2ccc(-c3nc(-c4ccc(-c5ccc(Br)cc5)cc4)nc(-c4ccc(-c5ccc(Br)cc5)cc4)n3)cc2)cc1,triazine__biphenyl,Br_direct,C3,D3,nonplanar,66.90583887339801,/home/tianyajun/MARL_for_COFs/cof_symmetry_pipeline/output/hierarchical/xyz/mol_000481.xyz,hierarchical_v1,0.8378634199060079,1.7618614177786383
Ic1ccc(-c2ccc(-c3nc(-c4ccc(-c5ccc(I)cc5)cc4)nc(-c4ccc(-c5ccc(I)cc5)cc4)n3)cc2)cc1,triazine__biphenyl,I_direct,C3,D3,nonplanar,69.24933210283879,/home/tianyajun/MARL_for_COFs/cof_symmetry_pipeline/output/hierarchical/xyz/mol_000482.xyz,hierarchical_v1,0.8385918737204908,1.7600333052562203
Brc1ccc(-c2ccc(-c3nc(-c4ccc(-c5ccc(Br)cn5)nc4)nc(-c4ccc(-c5ccc(Br)cn5)nc4)n3)cn2)nc1,triazine__bipyridine,Br_direct,C3,C3h,planar,135.16547672651114,/home/tianyajun/MARL_for_COFs/cof_symmetry_pipeline/output/hierarchical/xyz/mol_000488.xyz,hierarchical_v1,6.349273943337967e-05,0.0001862755455057652
Cc1cnc(-c2cnc(-c3nc(-c4cnc(-c5cnc(C)cn5)cn4)nc(-c4cnc(-c5cnc(C)cn5)cn4)n3)cn2)cn1,triazine__pyrazine_phenyl,methyl_direct,C3,C3h,planar,426.7609581808273,/home/tianyajun/MARL_for_COFs/cof_symmetry_pipeline/output/hierarchical/xyz/mol_000543.xyz,hierarchical_v1,0.2689329065649933,0.8956861401842594
Brc1cnc(-c2cnc(-c3nc(-c4cnc(-c5cnc(Br)cn5)cn4)nc(-c4cnc(-c5cnc(Br)cn5)cn4)n3)cn2)cn1,triazine__pyrazine_phenyl,Br_direct,C3,C3h,planar,439.672199062614,/home/tianyajun/MARL_for_COFs/cof_symmetry_pipeline/output/hierarchical/xyz/mol_000545.xyz,hierarchical_v1,3.0544026396869355e-05,7.715577774822235e-05
O=[N+]([O-])c1c(F)c(F)c(-c2nc(-c3c(F)c(F)c([N+](=O)[O-])c(F)c3F)nc(-c3c(F)c(F)c([N+](=O)[O-])c(F)c3F)n2)c(F)c1F,triazine__tetrafluorobenzene,NO2_direct,C3,D3,nonplanar,-126.20271573448136,/home/tianyajun/MARL_for_COFs/cof_symmetry_pipeline/output/hierarchical/xyz/mol_000549.xyz,hierarchical_v1,1.026882760824546,1.7267846116781262
NC(=O)c1c(F)c(F)c(-c2nc(-c3c(F)c(F)c(C(N)=O)c(F)c3F)nc(-c3c(F)c(F)c(C(N)=O)c(F)c3F)n2)c(F)c1F,triazine__tetrafluorobenzene,CONH2_direct,C3,C3,nonplanar,-169.13765743391554,/home/tianyajun/MARL_for_COFs/cof_symmetry_pipeline/output/hierarchical/xyz/mol_000553.xyz,hierarchical_v1,1.0090854629989239,1.8313137246317024
Oc1c(F)c(F)c(C#Cc2cc(C#Cc3c(F)c(F)c(O)c(F)c3F)cc(C#Cc3c(F)c(F)c(O)c(F)c3F)c2)c(F)c1F,triethynylbenzene__tetrafluorobenzene,OH_direct,C3,C3h,planar,102.88406855657816,/home/tianyajun/MARL_for_COFs/cof_symmetry_pipeline/output/hierarchical/xyz/mol_000597.xyz,hierarchical_v1,0.030682954761379205,0.06514554029627995
Fc1c(F)c(C#Cc2cc(C#Cc3c(F)c(F)c(S)c(F)c3F)cc(C#Cc3c(F)c(F)c(S)c(F)c3F)c2)c(F)c(F)c1S,triethynylbenzene__tetrafluorobenzene,SH_direct,C3,C3,planar,76.4730219185909,/home/tianyajun/MARL_for_COFs/cof_symmetry_pipeline/output/hierarchical/xyz/mol_000598.xyz,hierarchical_v1,0.29079235352217236,0.5719662563159185
Fc1c(F)c(C#Cc2cc(C#Cc3c(F)c(F)c(Cl)c(F)c3F)cc(C#Cc3c(F)c(F)c(Cl)c(F)c3F)c2)c(F)c(F)c1Cl,triethynylbenzene__tetrafluorobenzene,Cl_direct,C3,D3,planar,61.01147213863271,/home/tianyajun/MARL_for_COFs/cof_symmetry_pipeline/output/hierarchical/xyz/mol_000600.xyz,hierarchical_v1,0.17220462528349487,0.43115009504997426
Oc1c(F)c(F)c(C#Cc2nc(C#Cc3c(F)c(F)c(O)c(F)c3F)nc(C#Cc3c(F)c(F)c(O)c(F)c3F)n2)c(F)c1F,triethynyltriazine__tetrafluorobenzene,OH_direct,C3,C3,nonplanar,-9.21865193947433,/home/tianyajun/MARL_for_COFs/cof_symmetry_pipeline/output/hierarchical/xyz/mol_000630.xyz,hierarchical_v1,1.3410442593814296,2.426228639358395
Fc1c(F)c(C#Cc2nc(C#Cc3c(F)c(F)c(S)c(F)c3F)nc(C#Cc3c(F)c(F)c(S)c(F)c3F)n2)c(F)c(F)c1S,triethynyltriazine__tetrafluorobenzene,SH_direct,C3,C3,nonplanar,-35.63240199167803,/home/tianyajun/MARL_for_COFs/cof_symmetry_pipeline/output/hierarchical/xyz/mol_000631.xyz,hierarchical_v1,1.3635913126231416,2.4495153137493753
Fc1c(F)c(C#Cc2nc(C#Cc3c(F)c(F)c(Cl)c(F)c3F)nc(C#Cc3c(F)c(F)c(Cl)c(F)c3F)n2)c(F)c(F)c1Cl,triethynyltriazine__tetrafluorobenzene,Cl_direct,C3,D3h,nonplanar,-51.02864966652252,/home/tianyajun/MARL_for_COFs/cof_symmetry_pipeline/output/hierarchical/xyz/mol_000633.xyz,hierarchical_v1,1.3718034069907759,2.3762246328881207
Fc1c(F)c(C#Cc2nc(C#Cc3c(F)c(F)c(Br)c(F)c3F)nc(C#Cc3c(F)c(F)c(Br)c(F)c3F)n2)c(F)c(F)c1Br,triethynyltriazine__tetrafluorobenzene,Br_direct,C3,D3,nonplanar,-51.56203502310056,/home/tianyajun/MARL_for_COFs/cof_symmetry_pipeline/output/hierarchical/xyz/mol_000634.xyz,hierarchical_v1,1.3698192130957723,2.3780253545739822
Fc1c(F)c(C#Cc2nc(C#Cc3c(F)c(F)c(I)c(F)c3F)nc(C#Cc3c(F)c(F)c(I)c(F)c3F)n2)c(F)c(F)c1I,triethynyltriazine__tetrafluorobenzene,I_direct,C3,D3,nonplanar,-49.73067168351719,/home/tianyajun/MARL_for_COFs/cof_symmetry_pipeline/output/hierarchical/xyz/mol_000635.xyz,hierarchical_v1,1.3659556108179716,2.3886227209191064
O=C(NOC(=O)c1cc(C(=O)ONC(=O)C(=O)NC(F)(F)F)cc(C(=O)ONC(=O)C(=O)NC(F)(F)F)c1)C(=O)NC(F)(F)F,trimesic_ester__oxamide,CF3_direct,C3,C3,nonplanar,-64.57764964017886,/home/tianyajun/MARL_for_COFs/cof_symmetry_pipeline/output/hierarchical/xyz/mol_000660.xyz,hierarchical_v1,1.4302175871334726,2.8873494887402433
O=Cc1ccc(-c2ccc(-c3nc(-c4ccc(-c5ccc(C=O)cc5)cc4)nc(-c4ccc(-c5ccc(C=O)cc5)cc4)n3)cc2)cc1,triazine__biphenyl,CHO_direct,C3,C3,nonplanar,113.88660674811136,/home/tianyajun/MARL_for_COFs/cof_symmetry_pipeline/output/xyz/mol_000002.xyz,hierarchical_v1,0.8106059379165718,1.7090504549023757
C#Cc1ccc(-c2ccc(-c3nc(-c4ccc(-c5ccc(C#C)cc5)cc4)nc(-c4ccc(-c5ccc(C#C)cc5)cc4)n3)cc2)cc1,triazine__biphenyl,ethynyl_direct,C3,D3,nonplanar,67.84935749367938,/home/tianyajun/MARL_for_COFs/cof_symmetry_pipeline/output/xyz/mol_001128_s1151.xyz,hierarchical_v1,0.7809887970678819,1.7177797725321864
C#Cc1ccc(-c2ccc(-c3nc(-c4ccc(-c5ccc(C#C)cn5)nc4)nc(-c4ccc(-c5ccc(C#C)cn5)nc4)n3)cn2)nc1,triazine__bipyridine,ethynyl_direct,C3,C3h,planar,134.88276713235922,/home/tianyajun/MARL_for_COFs/cof_symmetry_pipeline/output/hierarchical/xyz/mol_000828.xyz,hierarchical_v1,0.0004475169410006746,0.001097730675458708
C=Cc1cnc(-c2cnc(-c3nc(-c4cnc(-c5cnc(C=C)cn5)cn4)nc(-c4cnc(-c5cnc(C=C)cn5)cn4)n3)cn2)cn1,triazine__pyrazine_phenyl,vinyl_direct,C3,C3h,planar,456.96859221315583,/home/tianyajun/MARL_for_COFs/cof_symmetry_pipeline/output/hierarchical/xyz/mol_000872.xyz,hierarchical_v1,0.0026931446560723112,0.006580011446528644
N#CC#Cc1c(F)c(F)c(-c2nc(-c3c(F)c(F)c(C#CC#N)c(F)c3F)nc(-c3c(F)c(F)c(C#CC#N)c(F)c3F)n2)c(F)c1F,triazine__tetrafluorobenzene,CCCN_direct,C3,D3,nonplanar,-55.7128877538393,/home/tianyajun/MARL_for_COFs/cof_symmetry_pipeline/output/hierarchical/xyz/mol_000881.xyz,hierarchical_v1,0.9584252981328324,1.7238254488449476
CC(=O)Nc1c(F)c(F)c(-c2nc(-c3c(F)c(F)c(NC(C)=O)c(F)c3F)nc(-c3c(F)c(F)c(NC(C)=O)c(F)c3F)n2)c(F)c1F,triazine__tetrafluorobenzene,NHacetyl_direct,C3,C3,nonplanar,-52.49555999882636,/home/tianyajun/MARL_for_COFs/cof_symmetry_pipeline/output/hierarchical/xyz/mol_000883.xyz,hierarchical_v1,0.9389985527289495,1.7911987860429595
O=S(=O)(Cl)c1c(F)c(F)c(-c2nc(-c3c(F)c(F)c(S(=O)(=O)Cl)c(F)c3F)nc(-c3c(F)c(F)c(S(=O)(=O)Cl)c(F)c3F)n2)c(F)c1F,triazine__tetrafluorobenzene,SO2Cl_direct,C3,C3,nonplanar,-188.21033514567984,/home/tianyajun/MARL_for_COFs/cof_symmetry_pipeline/output/hierarchical/xyz/mol_000886.xyz,hierarchical_v1,1.045280988736995,1.7079245314170237
O=CNC(=O)C(=O)Nc1ccc(-c2nc(-c3ccc(NC(=O)C(=O)NC=O)cc3)nc(-c3ccc(NC(=O)C(=O)NC=O)cc3)n2)cc1,triazine_triphenyl__oxamide,CHO_direct,C3,C3h,planar,-53.574285432769926,/home/tianyajun/MARL_for_COFs/cof_symmetry_pipeline/output/hierarchical/xyz/mol_000888.xyz,hierarchical_v1,0.0003846348144806672,0.0008604312846958173
N#Cc1c(F)c(F)c(C#Cc2cc(C#Cc3c(F)c(F)c(C#N)c(F)c3F)cc(C#Cc3c(F)c(F)c(C#N)c(F)c3F)c2)c(F)c1F,triethynylbenzene__tetrafluorobenzene,CN_direct,C3,D3,planar,11.095197498497027,/home/tianyajun/MARL_for_COFs/cof_symmetry_pipeline/output/hierarchical/xyz/mol_000911.xyz,hierarchical_v1,0.10521032933064431,0.19670382396010083
N#Cc1c(F)c(F)c(C#Cc2nc(C#Cc3c(F)c(F)c(C#N)c(F)c3F)nc(C#Cc3c(F)c(F)c(C#N)c(F)c3F)n2)c(F)c1F,triethynyltriazine__tetrafluorobenzene,CN_direct,C3,D3,nonplanar,-100.84056323730636,/home/tianyajun/MARL_for_COFs/cof_symmetry_pipeline/output/hierarchical/xyz/mol_000933.xyz,hierarchical_v1,1.3212243805617057,2.3653020585936573
C#Cc1c(F)c(F)c(C#Cc2nc(C#Cc3c(F)c(F)c(C#C)c(F)c3F)nc(C#Cc3c(F)c(F)c(C#C)c(F)c3F)n2)c(F)c1F,triethynyltriazine__tetrafluorobenzene,ethynyl_direct,C3,D3,nonplanar,-45.540111965247696,/home/tianyajun/MARL_for_COFs/cof_symmetry_pipeline/output/hierarchical/xyz/mol_000935.xyz,hierarchical_v1,1.276960301217037,2.3833453596076484
Nc1c(F)c(F)c(OC(=O)c2cc(C(=O)Oc3c(F)c(F)c(N)c(F)c3F)cc(C(=O)Oc3c(F)c(F)c(N)c(F)c3F)c2)c(F)c1F,trimesic_ester__tetrafluorobenzene,NH2_direct,C3,C3h,nonplanar,239.4530352054511,/home/tianyajun/MARL_for_COFs/cof_symmetry_pipeline/output/hierarchical/xyz/mol_001066.xyz,hierarchical_v1,1.2491072662519087,2.3937356808942223
O=C(Oc1c(F)c(F)c(O)c(F)c1F)c1cc(C(=O)Oc2c(F)c(F)c(O)c(F)c2F)cc(C(=O)Oc2c(F)c(F)c(O)c(F)c2F)c1,trimesic_ester__tetrafluorobenzene,OH_direct,C3,C3,nonplanar,179.61370995285955,/home/tianyajun/MARL_for_COFs/cof_symmetry_pipeline/output/hierarchical/xyz/mol_001067.xyz,hierarchical_v1,1.2685704957455148,2.450694660230717
O=C(Oc1c(F)c(F)c(S)c(F)c1F)c1cc(C(=O)Oc2c(F)c(F)c(S)c(F)c2F)cc(C(=O)Oc2c(F)c(F)c(S)c(F)c2F)c1,trimesic_ester__tetrafluorobenzene,SH_direct,C3,C3,nonplanar,153.0372172885746,/home/tianyajun/MARL_for_COFs/cof_symmetry_pipeline/output/hierarchical/xyz/mol_001068.xyz,hierarchical_v1,1.288765177287425,2.470275752715106
O=C(Oc1c(F)c(F)c(Br)c(F)c1F)c1cc(C(=O)Oc2c(F)c(F)c(Br)c(F)c2F)cc(C(=O)Oc2c(F)c(F)c(Br)c(F)c2F)c1,trimesic_ester__tetrafluorobenzene,Br_direct,C3,C3h,nonplanar,136.9527260256339,/home/tianyajun/MARL_for_COFs/cof_symmetry_pipeline/output/hierarchical/xyz/mol_001071.xyz,hierarchical_v1,1.2901181152195733,2.3770393331455044
O=C(Oc1c(F)c(F)c(I)c(F)c1F)c1cc(C(=O)Oc2c(F)c(F)c(I)c(F)c2F)cc(C(=O)Oc2c(F)c(F)c(I)c(F)c2F)c1,trimesic_ester__tetrafluorobenzene,I_direct,C3,C3h,nonplanar,138.84473549668834,/home/tianyajun/MARL_for_COFs/cof_symmetry_pipeline/output/hierarchical/xyz/mol_001072.xyz,hierarchical_v1,1.2907266865835636,2.3816385534076776
O=C(Nc1c(F)c(F)c(I)c(F)c1F)c1cc(C(=O)Nc2c(F)c(F)c(I)c(F)c2F)cc(C(=O)Nc2c(F)c(F)c(I)c(F)c2F)c1,trimesic_tris_amide__tetrafluorobenzene,I_direct,C3,C3,nonplanar,112.76147384638357,/home/tianyajun/MARL_for_COFs/cof_symmetry_pipeline/output/hierarchical/xyz/mol_001105.xyz,hierarchical_v1,0.9539496669342337,1.85550072672178
O=[N+]([O-])c1ccc(-c2ccc(-c3nc(-c4ccc(-c5ccc([N+](=O)[O-])cc5)cc4)nc(-c4ccc(-c5ccc([N+](=O)[O-])cc5)cc4)n3)cc2)cc1,triazine__biphenyl,NO2_direct,C3,D3,nonplanar,169.41376581334902,/home/tianyajun/MARL_for_COFs/cof_symmetry_pipeline/output/xyz/mol_000068.xyz,hierarchical_v1,0.8154924861855342,1.7277545679034234
[N-]=[N+]=Nc1ccc(-c2ccc(-c3nc(-c4ccc(-c5ccc(N=[N+]=[N-])cc5)cc4)nc(-c4ccc(-c5ccc(N=[N+]=[N-])cc5)cc4)n3)cc2)cc1,triazine__biphenyl,N3_direct,C3,C3,nonplanar,46.83504147461405,/home/tianyajun/MARL_for_COFs/cof_symmetry_pipeline/output/xyz/mol_003310.xyz,hierarchical_v1,0.8358648894456417,1.820461138102954
O=C=Nc1ccc(-c2ccc(-c3nc(-c4ccc(-c5ccc(N=C=O)cn5)nc4)nc(-c4ccc(-c5ccc(N=C=O)cn5)nc4)n3)cn2)nc1,triazine__bipyridine,NCO_direct,C3,C3,nonplanar,161.3351133258068,/home/tianyajun/MARL_for_COFs/cof_symmetry_pipeline/output/hierarchical/xyz/mol_001237.xyz,hierarchical_v1,0.7373965241289183,1.9692592721110644
NC#Cc1cnc(-c2cnc(-c3nc(-c4cnc(-c5cnc(C#CN)cn5)cn4)nc(-c4cnc(-c5cnc(C#CN)cn5)cn4)n3)cn2)cn1,triazine__pyrazine_phenyl,CCNH2_direct,C3,C3,planar,431.5061654903061,/home/tianyajun/MARL_for_COFs/cof_symmetry_pipeline/output/hierarchical/xyz/mol_001334.xyz,hierarchical_v1,0.24407327291923897,0.9215106192111961
Ic1ccc(/C=C/c2ccc(-c3nc(-c4ccc(/C=C/c5ccc(I)cc5)cc4)nc(-c4ccc(/C=C/c5ccc(I)cc5)cc4)n3)cc2)cc1,triazine__stilbene,I_direct,C3,C3,planar,66.98567004193995,/home/tianyajun/MARL_for_COFs/cof_symmetry_pipeline/output/hierarchical/xyz/mol_001347.xyz,hierarchical_v1,0.35391797644563777,0.8849149370383131
CS(=O)(=O)Nc1c(F)c(F)c(-c2nc(-c3c(F)c(F)c(NS(C)(=O)=O)c(F)c3F)nc(-c3c(F)c(F)c(NS(C)(=O)=O)c(F)c3F)n2)c(F)c1F,triazine__tetrafluorobenzene,NHSO2_direct,C3,C3,nonplanar,-183.458034396133,/home/tianyajun/MARL_for_COFs/cof_symmetry_pipeline/output/hierarchical/xyz/mol_001352.xyz,hierarchical_v1,1.0939266344578686,1.8760303892727581
N#COc1c(F)c(F)c(C#Cc2cc(C#Cc3c(F)c(F)c(OC#N)c(F)c3F)cc(C#Cc3c(F)c(F)c(OC#N)c(F)c3F)c2)c(F)c1F,triethynylbenzene__tetrafluorobenzene,OCN_direct,C3,C3,nonplanar,69.93538115070055,/home/tianyajun/MARL_for_COFs/cof_symmetry_pipeline/output/hierarchical/xyz/mol_001468.xyz,hierarchical_v1,0.614471338042863,2.0156464454878233
O=C(NI)C(=O)NC#Cc1ccc(-c2cc(-c3ccc(C#CNC(=O)C(=O)NI)cc3)cc(-c3ccc(C#CNC(=O)C(=O)NI)cc3)c2)cc1,tris_ethynyl_triphenyl__oxamide,I_direct,C3,C3,nonplanar,141.1393771327855,/home/tianyajun/MARL_for_COFs/cof_symmetry_pipeline/output/hierarchical/xyz/mol_001722.xyz,hierarchical_v1,1.1638379153963754,2.2562721867544298
N#CC#Cc1ccc(-c2ccc(-c3nc(-c4ccc(-c5ccc(C#CC#N)cc5)cc4)nc(-c4ccc(-c5ccc(C#CC#N)cc5)cc4)n3)cc2)cc1,triazine__biphenyl,CCCN_direct,C3,D3,nonplanar,74.1136338298425,/home/tianyajun/MARL_for_COFs/cof_symmetry_pipeline/output/hierarchical/xyz/mol_001971.xyz,hierarchical_v1,0.76711727802639,1.7162085737416861
O=CC#Cc1cnc(-c2cnc(-c3nc(-c4cnc(-c5cnc(C#CC=O)cn5)cn4)nc(-c4cnc(-c5cnc(C#CC=O)cn5)cn4)n3)cn2)cn1,triazine__pyrazine_phenyl,CCCHO_direct,C3,C3h,planar,440.1609106502478,/home/tianyajun/MARL_for_COFs/cof_symmetry_pipeline/output/hierarchical/xyz/mol_002047.xyz,hierarchical_v1,0.028747442065914765,0.1030797701063384
N#CC#Cc1c(F)c(F)c(C#Cc2cc(C#Cc3c(F)c(F)c(C#CC#N)c(F)c3F)cc(C#Cc3c(F)c(F)c(C#CC#N)c(F)c3F)c2)c(F)c1F,triethynylbenzene__tetrafluorobenzene,CCCN_direct,C3,D3,planar,68.93013286615043,/home/tianyajun/MARL_for_COFs/cof_symmetry_pipeline/output/hierarchical/xyz/mol_002149.xyz,hierarchical_v1,0.1364773607221474,0.41561317869062364
[N-]=[N+]=Nc1ccc(/C=C/c2ccc(-c3nc(-c4ccc(/C=C/c5ccc(N=[N+]=[N-])cc5)cc4)nc(-c4ccc(/C=C/c5ccc(N=[N+]=[N-])cc5)cc4)n3)cc2)cc1,triazine__stilbene,N3_direct,C3,C3,nonplanar,44.42397276585983,/home/tianyajun/MARL_for_COFs/cof_symmetry_pipeline/output/hierarchical/xyz/mol_002899.xyz,hierarchical_v1,0.5298027100500599,2.0013376018570117
Oc1c(F)c(F)c(-c2ccc(-c3nc(-c4ccc(-c5c(F)c(F)c(O)c(F)c5F)cc4)nc(-c4ccc(-c5c(F)c(F)c(O)c(F)c5F)cc4)n3)cc2)c(F)c1F,triazine_triphenyl__tetrafluorobenzene,OH_direct,C3,C3,nonplanar,129.5431357183347,/home/tianyajun/MARL_for_COFs/cof_symmetry_pipeline/output/hierarchical/xyz/mol_002941.xyz,hierarchical_v1,0.8912222283954423,1.964925560218264
Fc1c(F)c(-c2ccc(-c3nc(-c4ccc(-c5c(F)c(F)c(Cl)c(F)c5F)cc4)nc(-c4ccc(-c5c(F)c(F)c(Cl)c(F)c5F)cc4)n3)cc2)c(F)c(F)c1Cl,triazine_triphenyl__tetrafluorobenzene,Cl_direct,C3,D3,nonplanar,87.65244456552453,/home/tianyajun/MARL_for_COFs/cof_symmetry_pipeline/output/hierarchical/xyz/mol_002944.xyz,hierarchical_v1,1.0040452191606692,2.1850754746264673
O=C(Oc1c(F)c(F)c(C(F)(F)F)c(F)c1F)c1cc(C(=O)Oc2c(F)c(F)c(C(F)(F)F)c(F)c2F)cc(C(=O)Oc2c(F)c(F)c(C(F)(F)F)c(F)c2F)c1,trimesic_ester__tetrafluorobenzene,CF3_direct,C3,C3h,nonplanar,47.406504474890966,/home/tianyajun/MARL_for_COFs/cof_symmetry_pipeline/output/hierarchical/xyz/mol_003413.xyz,hierarchical_v1,1.2340512994247348,2.3766650157402514
N#CC#Cc1c(F)c(F)c(OC(=O)c2cc(C(=O)Oc3c(F)c(F)c(C#CC#N)c(F)c3F)cc(C(=O)Oc3c(F)c(F)c(C#CC#N)c(F)c3F)c2)c(F)c1F,trimesic_ester__tetrafluorobenzene,CCCN_direct,C3,C3h,nonplanar,145.3384694033413,/home/tianyajun/MARL_for_COFs/cof_symmetry_pipeline/output/hierarchical/xyz/mol_003417.xyz,hierarchical_v1,1.1886588268804534,2.3734890689097803
O=C(Nc1c(F)c(F)c(S(=O)(=O)Cl)c(F)c1F)c1cc(C(=O)Nc2c(F)c(F)c(S(=O)(=O)Cl)c(F)c2F)cc(C(=O)Nc2c(F)c(F)c(S(=O)(=O)Cl)c(F)c2F)c1,trimesic_tris_amide__tetrafluorobenzene,SO2Cl_direct,C3,C3,nonplanar,-13.194538155289957,/home/tianyajun/MARL_for_COFs/cof_symmetry_pipeline/output/hierarchical/xyz/mol_003503.xyz,hierarchical_v1,0.9666843067415415,1.7997544647288806
Fc1c(F)c(-c2ccc(-c3cc(-c4ccc(-c5c(F)c(F)c(Cl)c(F)c5F)cc4)cc(-c4ccc(-c5c(F)c(F)c(Cl)c(F)c5F)cc4)c3)cc2)c(F)c(F)c1Cl,triphenylbenzene__tetrafluorobenzene,Cl_direct,C3,D3,nonplanar,164.3971038355936,/home/tianyajun/MARL_for_COFs/cof_symmetry_pipeline/output/hierarchical/xyz/mol_003535.xyz,hierarchical_v1,1.339623455644705,2.322990125190917
Fc1c(F)c(-c2ccc(-c3cc(-c4ccc(-c5c(F)c(F)c(Br)c(F)c5F)cc4)cc(-c4ccc(-c5c(F)c(F)c(Br)c(F)c5F)cc4)c3)cc2)c(F)c(F)c1Br,triphenylbenzene__tetrafluorobenzene,Br_direct,C3,D3,nonplanar,163.80525162549736,/home/tianyajun/MARL_for_COFs/cof_symmetry_pipeline/output/hierarchical/xyz/mol_003536.xyz,hierarchical_v1,1.3390826760956727,2.3238843569741676
Fc1c(F)c(-c2ccc(-c3cc(-c4ccc(-c5c(F)c(F)c(I)c(F)c5F)cc4)cc(-c4ccc(-c5c(F)c(F)c(I)c(F)c5F)cc4)c3)cc2)c(F)c(F)c1I,triphenylbenzene__tetrafluorobenzene,I_direct,C3,D3,nonplanar,165.5857433571246,/home/tianyajun/MARL_for_COFs/cof_symmetry_pipeline/output/hierarchical/xyz/mol_003537.xyz,hierarchical_v1,1.3394039928376655,2.323576524994484
C#Cc1c(F)c(F)c(-c2ccc(-c3nc(-c4ccc(-c5c(F)c(F)c(C#C)c(F)c5F)cc4)nc(-c4ccc(-c5c(F)c(F)c(C#C)c(F)c5F)cc4)n3)cc2)c(F)c1F,triazine_triphenyl__tetrafluorobenzene,ethynyl_direct,C3,D3,nonplanar,92.9891805185659,/home/tianyajun/MARL_for_COFs/cof_symmetry_pipeline/output/hierarchical/xyz/mol_003944.xyz,hierarchical_v1,0.8782665856601758,1.983570700860922
N#Cc1c(F)c(F)c(-c2ccc(-c3cc(-c4ccc(-c5c(F)c(F)c(C#N)c(F)c5F)cc4)cc(-c4ccc(-c5c(F)c(F)c(C#N)c(F)c5F)cc4)c3)cc2)c(F)c1F,triphenylbenzene__tetrafluorobenzene,CN_direct,C3,D3,nonplanar,113.43984098072453,/home/tianyajun/MARL_for_COFs/cof_symmetry_pipeline/output/hierarchical/xyz/mol_004608.xyz,hierarchical_v1,1.3122884664041174,2.3238939338936877
C#Cc1c(F)c(F)c(-c2ccc(-c3cc(-c4ccc(-c5c(F)c(F)c(C#C)c(F)c5F)cc4)cc(-c4ccc(-c5c(F)c(F)c(C#C)c(F)c5F)cc4)c3)cc2)c(F)c1F,triphenylbenzene__tetrafluorobenzene,ethynyl_direct,C3,D3,nonplanar,170.07156362392047,/home/tianyajun/MARL_for_COFs/cof_symmetry_pipeline/output/hierarchical/xyz/mol_004610.xyz,hierarchical_v1,1.2859983734344456,2.3263724603925384
O=[N+]([O-])c1c(F)c(F)c(-c2ccc(-c3nc(-c4ccc(-c5c(F)c(F)c([N+](=O)[O-])c(F)c5F)cc4)nc(-c4ccc(-c5c(F)c(F)c([N+](=O)[O-])c(F)c5F)cc4)n3)cc2)c(F)c1F,triazine_triphenyl__tetrafluorobenzene,NO2_direct,C3,D3,nonplanar,22.694331436946044,/home/tianyajun/MARL_for_COFs/cof_symmetry_pipeline/output/hierarchical/xyz/mol_005069.xyz,hierarchical_v1,0.8928922060592487,1.9768223758349486
O=C=Nc1c(F)c(F)c(-c2ccc(-c3nc(-c4ccc(-c5c(F)c(F)c(N=C=O)c(F)c5F)cc4)nc(-c4ccc(-c5c(F)c(F)c(N=C=O)c(F)c5F)cc4)n3)cc2)c(F)c1F,triazine_triphenyl__tetrafluorobenzene,NCO_direct,C3,C3,nonplanar,106.2335574700386,/home/tianyajun/MARL_for_COFs/cof_symmetry_pipeline/output/hierarchical/xyz/mol_005071.xyz,hierarchical_v1,0.8881617061943851,1.983346716065506
NC#Cc1c(F)c(F)c(-c2ccc(-c3nc(-c4ccc(-c5c(F)c(F)c(C#CN)c(F)c5F)cc4)nc(-c4ccc(-c5c(F)c(F)c(C#CN)c(F)c5F)cc4)n3)cc2)c(F)c1F,triazine_triphenyl__tetrafluorobenzene,CCNH2_direct,C3,C3,nonplanar,69.75699570618423,/home/tianyajun/MARL_for_COFs/cof_symmetry_pipeline/output/hierarchical/xyz/mol_005076.xyz,hierarchical_v1,0.8868147017511243,2.0172704133240393
N#COc1c(F)c(F)c(-c2ccc(-c3cc(-c4ccc(-c5c(F)c(F)c(OC#N)c(F)c5F)cc4)cc(-c4ccc(-c5c(F)c(F)c(OC#N)c(F)c5F)cc4)c3)cc2)c(F)c1F,triphenylbenzene__tetrafluorobenzene,OCN_direct,C3,C3,nonplanar,172.7337861075244,/home/tianyajun/MARL_for_COFs/cof_symmetry_pipeline/output/hierarchical/xyz/mol_005782.xyz,hierarchical_v1,1.2975755130175712,2.3659303507207983
Fc1c(F)c(C(F)(F)F)c(F)c(F)c1-c1ccc(-c2cc(-c3ccc(-c4c(F)c(F)c(C(F)(F)F)c(F)c4F)cc3)cc(-c3ccc(-c4c(F)c(F)c(C(F)(F)F)c(F)c4F)cc3)c2)cc1,triphenylbenzene__tetrafluorobenzene,CF3_direct,C3,C3,nonplanar,72.5472797604259,/home/tianyajun/MARL_for_COFs/cof_symmetry_pipeline/output/hierarchical/xyz/mol_006962.xyz,hierarchical_v1,1.295399063631248,2.327218569571988
O=[N+]([O-])c1ccc(-c2ccc(C3=CC(c4ccc(-c5ccc([N+](=O)[O-])cc5)cc4)=CC(c4ccc(-c5ccc([N+](=O)[O-])cc5)cc4)=CC(c4ccc(-c5ccc([N+](=O)[O-])cc5)cc4)=C3)cc2)cc1,cyclooctatetraene__biphenyl,NO2_direct,C4,S4,nonplanar,346.74861374458067,/home/tianyajun/MARL_for_COFs/cof_symmetry_pipeline/output/hierarchical/xyz/mol_007029.xyz,hierarchical_v1,3.859136265498852,7.242416490032573
Fc1c(F)c(-c2ccc(C(c3ccc(-c4c(F)c(F)c(I)c(F)c4F)cc3)(c3ccc(-c4c(F)c(F)c(I)c(F)c4F)cc3)c3ccc(-c4c(F)c(F)c(I)c(F)c4F)cc3)cc2)c(F)c(F)c1I,tetraphenylmethane__tetrafluorobenzene,I_direct,S4,S4,nonplanar,264.6735034853353,/home/tianyajun/MARL_for_COFs/cof_symmetry_pipeline/output/hierarchical/xyz/mol_007376.xyz,hierarchical_v1,3.3676382988936147,6.268214132237986
C#Cc1c(F)c(F)c(-c2ccc(C(c3ccc(-c4c(F)c(F)c(C#C)c(F)c4F)cc3)(c3ccc(-c4c(F)c(F)c(C#C)c(F)c4F)cc3)c3ccc(-c4c(F)c(F)c(C#C)c(F)c4F)cc3)cc2)c(F)c1F,tetraphenylmethane__tetrafluorobenzene,ethynyl_direct,S4,S4,nonplanar,270.71642191103155,/home/tianyajun/MARL_for_COFs/cof_symmetry_pipeline/output/hierarchical/xyz/mol_009712.xyz,hierarchical_v1,3.718020772474057,8.639989689746065
[O]C(=O)NC(=O)C(=O)Nc1nc(NC(=O)C(=O)NC([O])=O)nc(NC(=O)C(=O)NC([O])=O)n1,triazine__oxamide,PB_COOH,C3,C3h,planar,-448.9879174047567,/home/tianyajun/MARL_for_COFs/cof_symmetry_pipeline/output/hierarchical_supplement/xyz/mol_000051.xyz,hierarchical_v2,0.0006266398555570456,0.0013057399528914049
CNC(=O)C(=O)NC#Cc1nc(C#CNC(=O)C(=O)NC)nc(C#CNC(=O)C(=O)NC)n1,triethynyltriazine__oxamide,methyl_direct,C3,C3,nonplanar,-51.12273939027713,/home/tianyajun/MARL_for_COFs/cof_symmetry_pipeline/output/hierarchical_supplement/xyz/mol_000062.xyz,hierarchical_v2,1.0187445543104057,1.8091248604537524
C#CNC(=O)C(=O)NOc1cc(ONC(=O)C(=O)NC#C)cc(ONC(=O)C(=O)NC#C)c1,trihydroxybenzene__oxamide,ethynyl_direct,C3,C3,nonplanar,100.14508100549526,/home/tianyajun/MARL_for_COFs/cof_symmetry_pipeline/output/hierarchical_supplement/xyz/mol_000069.xyz,hierarchical_v2,2.135980809281228,4.235844515378523
O=C(NS)C(=O)NC1=CC(NC(=O)C(=O)NS)=CC(NC(=O)C(=O)NS)=CC(NC(=O)C(=O)NS)=C1,cyclooctatetraene__oxamide,SH_direct,C4,S4,nonplanar,170.8292549334471,/home/tianyajun/MARL_for_COFs/cof_symmetry_pipeline/output/hierarchical_supplement/xyz/mol_000074.xyz,hierarchical_v2,2.338751707890342,4.3023237156199405
[O]C(=O)NC(=O)C(=O)NNc1nc(NNC(=O)C(=O)NC([O])=O)nc(NNC(=O)C(=O)NC([O])=O)n1,triaminotriazine__oxamide,PB_COOH,C3,C3,nonplanar,-218.0592343537448,/home/tianyajun/MARL_for_COFs/cof_symmetry_pipeline/output/hierarchical_supplement/xyz/mol_000097.xyz,hierarchical_v2,0.613541009797058,1.0434029102279314
NNC(=O)NC(=O)C(=O)Nc1nc(NC(=O)C(=O)NC(=O)NN)nc(NC(=O)C(=O)NC(=O)NN)n1,triazine__oxamide,PB_CONHNH2,C3,C3,nonplanar,-286.2512772530363,/home/tianyajun/MARL_for_COFs/cof_symmetry_pipeline/output/hierarchical_supplement/xyz/mol_000111.xyz,hierarchical_v2,0.7910796532684881,2.005472584466163
O=C(NI)C(=O)NC#CC(C#CNC(=O)C(=O)NI)(C#CNC(=O)C(=O)NI)C#CNC(=O)C(=O)NI,tetra_ethynyl_methane__oxamide,I_direct,S4,S4,nonplanar,88.07229014443915,/home/tianyajun/MARL_for_COFs/cof_symmetry_pipeline/output/hierarchical_supplement/xyz/mol_000163.xyz,hierarchical_v2,2.706259786691609,4.320913222290519
Ic1ccc(-c2ccc(-c3nc(-c4ccc(-c5ccc(I)o5)o4)nc(-c4ccc(-c5ccc(I)o5)o4)n3)o2)o1,triazine__bifuran,I_direct,C3,C3h,planar,-16.576049657901816,/home/tianyajun/MARL_for_COFs/cof_symmetry_pipeline/output/hierarchical_supplement/xyz/mol_000184.xyz,hierarchical_v2,0.006825739504290034,0.0225063806755732
O=C(Cl)NC(=O)C(=O)NC#Cc1nc(C#CNC(=O)C(=O)NC(=O)Cl)nc(C#CNC(=O)C(=O)NC(=O)Cl)n1,triethynyltriazine__oxamide,COCl_direct,C3,C3,nonplanar,-223.96042774786824,/home/tianyajun/MARL_for_COFs/cof_symmetry_pipeline/output/hierarchical_supplement/xyz/mol_000238.xyz,hierarchical_v2,1.1918775781338586,2.4943704957037798
[O]C(=O)NC(=O)C(=O)NC#Cc1nc(C#CNC(=O)C(=O)NC([O])=O)nc(C#CNC(=O)C(=O)NC([O])=O)n1,triethynyltriazine__oxamide,PB_COOH,C3,C3v,nonplanar,-278.9764891547614,/home/tianyajun/MARL_for_COFs/cof_symmetry_pipeline/output/hierarchical_supplement/xyz/mol_000249.xyz,hierarchical_v2,0.9678116656861011,1.6336360123456228
Fc1c(F)c(Nc2nc(Nc3c(F)c(F)c(Br)c(F)c3F)nc(Nc3c(F)c(F)c(Br)c(F)c3F)n2)c(F)c(F)c1Br,triaminotriazine__tetrafluorobenzene,Br_direct,C3,C3,nonplanar,-116.35101143371573,/home/tianyajun/MARL_for_COFs/cof_symmetry_pipeline/output/hierarchical_supplement/xyz/mol_000320.xyz,hierarchical_v2,0.5364162361488589,1.0090103456374255
Fc1c(F)c(Nc2nc(Nc3c(F)c(F)c(I)c(F)c3F)nc(Nc3c(F)c(F)c(I)c(F)c3F)n2)c(F)c(F)c1I,triaminotriazine__tetrafluorobenzene,I_direct,C3,C3,nonplanar,-114.3614752330147,/home/tianyajun/MARL_for_COFs/cof_symmetry_pipeline/output/hierarchical_supplement/xyz/mol_000321.xyz,hierarchical_v2,0.5358183642285534,1.006768407703332
COC#Cc1ccc(C#Cc2nc(C#Cc3ccc(C#COC)cc3)nc(C#Cc3ccc(C#COC)cc3)n2)cc1,triazine__diethynylbenzene,OMe_direct,C3,C3,nonplanar,-58.71626231206094,/home/tianyajun/MARL_for_COFs/cof_symmetry_pipeline/output/hierarchical_supplement/xyz/mol_000338.xyz,hierarchical_v2,0.6337537881191612,1.794959021091431
[O]C(=O)NC(=O)C(=O)NOC(=O)c1cc(C(=O)ONC(=O)C(=O)NC([O])=O)cc(C(=O)ONC(=O)C(=O)NC([O])=O)c1,trimesic_ester__oxamide,PB_COOH,C3,C3,nonplanar,-28.65414937424518,/home/tianyajun/MARL_for_COFs/cof_symmetry_pipeline/output/hierarchical_supplement/xyz/mol_000428.xyz,hierarchical_v2,0.943341416551865,1.781494809140075
[O]C(=O)NC(=O)C(=O)NC1=CC(NC(=O)C(=O)NC([O])=O)=CC(NC(=O)C(=O)NC([O])=O)=CC(NC(=O)C(=O)NC([O])=O)=C1,cyclooctatetraene__oxamide,PB_COOH,C4,S4,nonplanar,-126.8753113958092,/home/tianyajun/MARL_for_COFs/cof_symmetry_pipeline/output/hierarchical_supplement/xyz/mol_000466.xyz,hierarchical_v2,2.430511370391233,4.338449036478599
N#Cc1c(F)c(F)c(Nc2nc(Nc3c(F)c(F)c(C#N)c(F)c3F)nc(Nc3c(F)c(F)c(C#N)c(F)c3F)n2)c(F)c1F,triaminotriazine__tetrafluorobenzene,CN_direct,C3,C3,nonplanar,-166.1353115629549,/home/tianyajun/MARL_for_COFs/cof_symmetry_pipeline/output/hierarchical_supplement/xyz/mol_000507.xyz,hierarchical_v2,0.5108383673658082,1.0122104386830757
C#Cc1c(F)c(F)c(Nc2nc(Nc3c(F)c(F)c(C#C)c(F)c3F)nc(Nc3c(F)c(F)c(C#C)c(F)c3F)n2)c(F)c1F,triaminotriazine__tetrafluorobenzene,ethynyl_direct,C3,C3,nonplanar,-109.88749223792529,/home/tianyajun/MARL_for_COFs/cof_symmetry_pipeline/output/hierarchical_supplement/xyz/mol_000509.xyz,hierarchical_v2,0.501203338035756,1.0480749451820421
Oc1ccc(-c2ccc(-c3nc(-c4ccc(-c5ccc(O)cc5)cc4)nc(-c4ccc(-c5ccc(O)cc5)cc4)n3)cc2)cc1,triazine__biphenyl,OH_direct,C3,C3,nonplanar,36.188977961185785,/home/tianyajun/MARL_for_COFs/cof_symmetry_pipeline/output/xyz/mol_002712_s2531.xyz,hierarchical_v2,0.8147803947423411,1.7573084635911638
Cc1ccc(-c2ccc(-c3nc(-c4ccc(-c5ccc(C)cc5)cc4)nc(-c4ccc(-c5ccc(C)cc5)cc4)n3)cc2)cc1,triazine__biphenyl,methyl_direct,C3,C3,nonplanar,76.30376349105576,/home/tianyajun/MARL_for_COFs/cof_symmetry_pipeline/output/xyz/mol_002190.xyz,hierarchical_v2,0.7997170263095834,1.71053578616151
Ic1ccc(-c2ccc(-c3nc(-c4ccc(-c5ccc(I)cn5)nc4)nc(-c4ccc(-c5ccc(I)cn5)nc4)n3)cn2)nc1,triazine__bipyridine,I_direct,C3,C3h,planar,134.2625269655212,/home/tianyajun/MARL_for_COFs/cof_symmetry_pipeline/output/hierarchical_supplement/xyz/mol_000544.xyz,hierarchical_v2,0.000891043271508538,0.002614424498299961
O=CNC#Cc1ccc(C#Cc2nc(C#Cc3ccc(C#CNC=O)cc3)nc(C#Cc3ccc(C#CNC=O)cc3)n2)cc1,triazine__diethynylbenzene,NHCHO_direct,C3,C3,planar,-112.34397305016348,/home/tianyajun/MARL_for_COFs/cof_symmetry_pipeline/output/hierarchical_supplement/xyz/mol_000591.xyz,hierarchical_v2,0.43706988465545177,0.8536833979816301
Clc1cnc(-c2cnc(-c3nc(-c4cnc(-c5cnc(Cl)cn5)cn4)nc(-c4cnc(-c5cnc(Cl)cn5)cn4)n3)cn2)cn1,triazine__pyrazine_phenyl,Cl_direct,C3,C3h,planar,475.9555111845698,/home/tianyajun/MARL_for_COFs/cof_symmetry_pipeline/output/hierarchical_supplement/xyz/mol_000605.xyz,hierarchical_v2,0.0005676139076691201,0.0021255969935145558
[N-]=[N+]=Nc1c(F)c(F)c(-c2nc(-c3c(F)c(F)c(N=[N+]=[N-])c(F)c3F)nc(-c3c(F)c(F)c(N=[N+]=[N-])c(F)c3F)n2)c(F)c1F,triazine__tetrafluorobenzene,N3_direct,C3,C3,nonplanar,-39.337177043588746,/home/tianyajun/MARL_for_COFs/cof_symmetry_pipeline/output/hierarchical_supplement/xyz/mol_000611.xyz,hierarchical_v2,1.0330348240335463,1.840472442013525
O=C=Nc1c(F)c(F)c(-c2nc(-c3c(F)c(F)c(N=C=O)c(F)c3F)nc(-c3c(F)c(F)c(N=C=O)c(F)c3F)n2)c(F)c1F,triazine__tetrafluorobenzene,NCO_direct,C3,C3,nonplanar,-43.91375185440577,/home/tianyajun/MARL_for_COFs/cof_symmetry_pipeline/output/hierarchical_supplement/xyz/mol_000612.xyz,hierarchical_v2,1.067754177076203,1.8726825922802621
Fc1c(F)c(-c2nc(-c3c(F)c(F)c(N=C=S)c(F)c3F)nc(-c3c(F)c(F)c(N=C=S)c(F)c3F)n2)c(F)c(F)c1N=C=S,triazine__tetrafluorobenzene,NCS_direct,C3,C3,nonplanar,-29.20754930466056,/home/tianyajun/MARL_for_COFs/cof_symmetry_pipeline/output/hierarchical_supplement/xyz/mol_000613.xyz,hierarchical_v2,1.1045556256873073,1.904188260442103
Fc1c(F)c(C#Cc2cc(C#Cc3c(F)c(F)c(Br)c(F)c3F)cc(C#Cc3c(F)c(F)c(Br)c(F)c3F)c2)c(F)c(F)c1Br,triethynylbenzene__tetrafluorobenzene,Br_direct,C3,D3h,planar,60.52136056193162,/home/tianyajun/MARL_for_COFs/cof_symmetry_pipeline/output/hierarchical_supplement/xyz/mol_000666.xyz,hierarchical_v2,0.07926290195454931,0.17119419453520512
Fc1c(F)c(C#Cc2cc(C#Cc3c(F)c(F)c(I)c(F)c3F)cc(C#Cc3c(F)c(F)c(I)c(F)c3F)c2)c(F)c(F)c1I,triethynylbenzene__tetrafluorobenzene,I_direct,C3,D3h,planar,62.372389363256055,/home/tianyajun/MARL_for_COFs/cof_symmetry_pipeline/output/hierarchical_supplement/xyz/mol_000667.xyz,hierarchical_v2,0.08198941584597064,0.17139893100711956
O=Cc1ccc(-c2ccc(Oc3cc(Oc4ccc(-c5ccc(C=O)s5)s4)cc(Oc4ccc(-c5ccc(C=O)s5)s4)c3)s2)s1,trihydroxybenzene__bithiophene,CHO_direct,C3,C3,nonplanar,103.26673815783442,/home/tianyajun/MARL_for_COFs/cof_symmetry_pipeline/output/hierarchical_supplement/xyz/mol_000708.xyz,hierarchical_v2,2.50810191670387,5.693431953386268
N#CC#CNC(=O)C(=O)NC1=CC(NC(=O)C(=O)NC#CC#N)=CC(NC(=O)C(=O)NC#CC#N)=CC(NC(=O)C(=O)NC#CC#N)=C1,cyclooctatetraene__oxamide,CCCN_direct,C4,S4,nonplanar,124.13051609799938,/home/tianyajun/MARL_for_COFs/cof_symmetry_pipeline/output/xyz/mol_003977.xyz,hierarchical_v2,2.9834282049905334,6.0350999632031295
O=[N+]([O-])c1ccc(-c2ccc(Nc3nc(Nc4ccc(-c5ccc([N+](=O)[O-])s5)s4)nc(Nc4ccc(-c5ccc([N+](=O)[O-])s5)s4)n3)s2)s1,triaminotriazine__bithiophene,NO2_direct,C3,C3h,planar,-122.61447948225376,/home/tianyajun/MARL_for_COFs/cof_symmetry_pipeline/output/hierarchical_supplement/xyz/mol_000826.xyz,hierarchical_v2,0.00491974250277388,0.018267058362305022
N#Cc1ccc(-c2ccc(-c3nc(-c4ccc(-c5ccc(C#N)cc5)cc4)nc(-c4ccc(-c5ccc(C#N)cc5)cc4)n3)cc2)cc1,triazine__biphenyl,CN_direct,C3,D3,nonplanar,109.42722586406848,/home/tianyajun/MARL_for_COFs/cof_symmetry_pipeline/output/xyz/mol_002681_s2531.xyz,hierarchical_v2,0.8193752118538736,1.7674019102644083
N#Cc1ccc(NC(=O)C(=O)Nc2nc(NC(=O)C(=O)Nc3ccc(C#N)cc3)nc(NC(=O)C(=O)Nc3ccc(C#N)cc3)n2)cc1,triazine__oxamide,CN_ph,C3,C3,planar,-150.8868592775276,/home/tianyajun/MARL_for_COFs/cof_symmetry_pipeline/output/hierarchical_supplement/xyz/mol_000960.xyz,hierarchical_v2,0.2541712252530036,0.5208286208518975
N#Cc1cnc(-c2cnc(-c3nc(-c4cnc(-c5cnc(C#N)cn5)cn4)nc(-c4cnc(-c5cnc(C#N)cn5)cn4)n3)cn2)cn1,triazine__pyrazine_phenyl,CN_direct,C3,C3h,planar,507.7584419713708,/home/tianyajun/MARL_for_COFs/cof_symmetry_pipeline/output/hierarchical_supplement/xyz/mol_000963.xyz,hierarchical_v2,0.0008752807110595948,0.0020466769380096395
CC(=O)Oc1c(F)c(F)c(-c2nc(-c3c(F)c(F)c(OC(C)=O)c(F)c3F)nc(-c3c(F)c(F)c(OC(C)=O)c(F)c3F)n2)c(F)c1F,triazine__tetrafluorobenzene,Oacetyl_direct,C3,C3,nonplanar,-42.7126953267129,/home/tianyajun/MARL_for_COFs/cof_symmetry_pipeline/output/hierarchical_supplement/xyz/mol_000975.xyz,hierarchical_v2,1.054196388170176,2.111721069208421
C#Cc1c(F)c(F)c(C#Cc2cc(C#Cc3c(F)c(F)c(C#C)c(F)c3F)cc(C#Cc3c(F)c(F)c(C#C)c(F)c3F)c2)c(F)c1F,triethynylbenzene__tetrafluorobenzene,ethynyl_direct,C3,D3d,planar,66.62110924587874,/home/tianyajun/MARL_for_COFs/cof_symmetry_pipeline/output/hierarchical_supplement/xyz/mol_001011.xyz,hierarchical_v2,0.06732361249621056,0.17173602577447133
Cc1ccc(-c2ccc(OC(=O)c3cc(C(=O)Oc4ccc(-c5ccc(C)s5)s4)cc(C(=O)Oc4ccc(-c5ccc(C)s5)s4)c3)s2)s1,trimesic_ester__bithiophene,methyl_direct,C3,C3,nonplanar,130.24581544250674,/home/tianyajun/MARL_for_COFs/cof_symmetry_pipeline/output/hierarchical_supplement/xyz/mol_001165.xyz,hierarchical_v2,1.8205619391434757,3.971585211110864
O=C(Oc1c(F)c(F)c(Cl)c(F)c1F)c1cc(C(=O)Oc2c(F)c(F)c(Cl)c(F)c2F)cc(C(=O)Oc2c(F)c(F)c(Cl)c(F)c2F)c1,trimesic_ester__tetrafluorobenzene,Cl_direct,C3,C3h,nonplanar,137.33487742975365,/home/tianyajun/MARL_for_COFs/cof_symmetry_pipeline/output/hierarchical_supplement/xyz/mol_001186.xyz,hierarchical_v2,1.2899507052950692,2.376220773331087
NC(=O)c1cnc(-c2cnc(-c3nc(-c4cnc(-c5cnc(C(N)=O)cn5)cn4)nc(-c4cnc(-c5cnc(C(N)=O)cn5)cn4)n3)cn2)cn1,triazine__pyrazine_phenyl,CONH2_direct,C3,C3h,planar,466.46508114479394,/home/tianyajun/MARL_for_COFs/cof_symmetry_pipeline/output/hierarchical_supplement/xyz/mol_001474.xyz,hierarchical_v2,0.025735426238978933,0.0625935920399896
C#Cc1c(F)c(F)c(OC(=O)c2cc(C(=O)Oc3c(F)c(F)c(C#C)c(F)c3F)cc(C(=O)Oc3c(F)c(F)c(C#C)c(F)c3F)c2)c(F)c1F,trimesic_ester__tetrafluorobenzene,ethynyl_direct,C3,C3h,nonplanar,143.2456363985222,/home/tianyajun/MARL_for_COFs/cof_symmetry_pipeline/output/hierarchical_supplement/xyz/mol_001862.xyz,hierarchical_v2,1.2200059602481745,2.376058445136288
Fc1c(F)c(C2=CC(c3c(F)c(F)c(Br)c(F)c3F)=CC(c3c(F)c(F)c(Br)c(F)c3F)=CC(c3c(F)c(F)c(Br)c(F)c3F)=C2)c(F)c(F)c1Br,cyclooctatetraene__tetrafluorobenzene,Br_direct,C4,S4,nonplanar,147.54208145899182,/home/tianyajun/MARL_for_COFs/cof_symmetry_pipeline/output/hierarchical_supplement/xyz/mol_001956.xyz,hierarchical_v2,2.5149579402916085,4.61407204837581
Fc1c(F)c(C#CC(C#Cc2c(F)c(F)c(Cl)c(F)c2F)(C#Cc2c(F)c(F)c(Cl)c(F)c2F)C#Cc2c(F)c(F)c(Cl)c(F)c2F)c(F)c(F)c1Cl,tetra_ethynyl_methane__tetrafluorobenzene,Cl_direct,S4,D2d,nonplanar,96.27624948492225,/home/tianyajun/MARL_for_COFs/cof_symmetry_pipeline/output/hierarchical_supplement/xyz/mol_001989.xyz,hierarchical_v2,3.1483799596954083,4.95138777385943
N#CC#Cc1c(F)c(F)c(C#Cc2nc(C#Cc3c(F)c(F)c(C#CC#N)c(F)c3F)nc(C#Cc3c(F)c(F)c(C#CC#N)c(F)c3F)n2)c(F)c1F,triethynyltriazine__tetrafluorobenzene,CCCN_direct,C3,D3,nonplanar,-43.11727826964725,/home/tianyajun/MARL_for_COFs/cof_symmetry_pipeline/output/hierarchical_supplement/xyz/mol_002474.xyz,hierarchical_v2,1.2490141094215437,2.3658797409627113
O=C(Oc1c(F)c(F)c([N+](=O)[O-])c(F)c1F)c1cc(C(=O)Oc2c(F)c(F)c([N+](=O)[O-])c(F)c2F)cc(C(=O)Oc2c(F)c(F)c([N+](=O)[O-])c(F)c2F)c1,trimesic_ester__tetrafluorobenzene,NO2_direct,C3,C3h,nonplanar,73.54934617722677,/home/tianyajun/MARL_for_COFs/cof_symmetry_pipeline/output/hierarchical_supplement/xyz/mol_002747.xyz,hierarchical_v2,1.2216268428173023,2.3843374157426926
Fc1c(F)c(-c2ccc(-c3nc(-c4ccc(-c5c(F)c(F)c(I)c(F)c5F)cc4)nc(-c4ccc(-c5c(F)c(F)c(I)c(F)c5F)cc4)n3)cc2)c(F)c(F)c1I,triazine_triphenyl__tetrafluorobenzene,I_direct,C3,D3,nonplanar,88.5944190843387,/home/tianyajun/MARL_for_COFs/cof_symmetry_pipeline/output/hierarchical_supplement/xyz/mol_003282.xyz,hierarchical_v2,0.9465017534716912,2.0897776468699605
Nc1c(F)c(F)c(-c2ccc(-c3cc(-c4ccc(-c5c(F)c(F)c(N)c(F)c5F)cc4)cc(-c4ccc(-c5c(F)c(F)c(N)c(F)c5F)cc4)c3)cc2)c(F)c1F,triphenylbenzene__tetrafluorobenzene,NH2_direct,C3,C3,nonplanar,267.23159565128606,/home/tianyajun/MARL_for_COFs/cof_symmetry_pipeline/output/hierarchical_supplement/xyz/mol_003935.xyz,hierarchical_v2,1.3050534985672715,2.3319806283003097
Oc1c(F)c(F)c(-c2ccc(-c3cc(-c4ccc(-c5c(F)c(F)c(O)c(F)c5F)cc4)cc(-c4ccc(-c5c(F)c(F)c(O)c(F)c5F)cc4)c3)cc2)c(F)c1F,triphenylbenzene__tetrafluorobenzene,OH_direct,C3,C3,nonplanar,206.6893126728341,/home/tianyajun/MARL_for_COFs/cof_symmetry_pipeline/output/hierarchical_supplement/xyz/mol_003936.xyz,hierarchical_v2,1.3226271345698926,2.3571583167576198
N#Cc1c(F)c(F)c(-c2ccc(-c3nc(-c4ccc(-c5c(F)c(F)c(C#N)c(F)c5F)cc4)nc(-c4ccc(-c5c(F)c(F)c(C#N)c(F)c5F)cc4)n3)cc2)c(F)c1F,triazine_triphenyl__tetrafluorobenzene,CN_direct,C3,D3,nonplanar,36.45502918020151,/home/tianyajun/MARL_for_COFs/cof_symmetry_pipeline/output/hierarchical_supplement/xyz/mol_004397.xyz,hierarchical_v2,0.8850284477613408,1.9474477119933642
S=C=Nc1ccc(-c2ccc(-c3ccc(-c4nc(-c5ccc(-c6ccc(-c7ccc(N=C=S)o7)o6)cc5)nc(-c5ccc(-c6ccc(-c7ccc(N=C=S)o7)o6)cc5)n4)cc3)o2)o1,triazine_triphenyl__bifuran,NCS_direct,C3,C3,planar,3.5771109042823426,/home/tianyajun/MARL_for_COFs/cof_symmetry_pipeline/output/hierarchical_supplement/xyz/mol_005572.xyz,hierarchical_v2,0.17387034936530604,0.6911258349397329
N#CC#Cc1c(F)c(F)c(-c2ccc(-c3nc(-c4ccc(-c5c(F)c(F)c(C#CC#N)c(F)c5F)cc4)nc(-c4ccc(-c5c(F)c(F)c(C#CC#N)c(F)c5F)cc4)n3)cc2)c(F)c1F,triazine_triphenyl__tetrafluorobenzene,CCCN_direct,C3,C3,nonplanar,94.9212268700456,/home/tianyajun/MARL_for_COFs/cof_symmetry_pipeline/output/hierarchical_supplement/xyz/mol_006994.xyz,hierarchical_v2,0.8091950133339246,1.920892040579803
N#CC#Cc1c(F)c(F)c(-c2ccc(-c3cc(-c4ccc(-c5c(F)c(F)c(C#CC#N)c(F)c5F)cc4)cc(-c4ccc(-c5c(F)c(F)c(C#CC#N)c(F)c5F)cc4)c3)cc2)c(F)c1F,triphenylbenzene__tetrafluorobenzene,CCCN_direct,C3,D3,nonplanar,172.00553959004824,/home/tianyajun/MARL_for_COFs/cof_symmetry_pipeline/output/hierarchical_supplement/xyz/mol_007764.xyz,hierarchical_v2,1.2627591490545056,2.329990182566512
Fc1c(F)c(-c2ccc(C(c3ccc(-c4c(F)c(F)c(Cl)c(F)c4F)cc3)(c3ccc(-c4c(F)c(F)c(Cl)c(F)c4F)cc3)c3ccc(-c4c(F)c(F)c(Cl)c(F)c4F)cc3)cc2)c(F)c(F)c1Cl,tetraphenylmethane__tetrafluorobenzene,Cl_direct,S4,S4,nonplanar,263.0430345346635,/home/tianyajun/MARL_for_COFs/cof_symmetry_pipeline/output/hierarchical_supplement/xyz/mol_008221.xyz,hierarchical_v2,3.335878657115126,6.456357943620926
NC(=O)c1c(F)c(F)c(-c2ccc(C(c3ccc(-c4c(F)c(F)c(C(N)=O)c(F)c4F)cc3)(c3ccc(-c4c(F)c(F)c(C(N)=O)c(F)c4F)cc3)c3ccc(-c4c(F)c(F)c(C(N)=O)c(F)c4F)cc3)cc2)c(F)c1F,tetraphenylmethane__tetrafluorobenzene,CONH2_direct,S4,S4,nonplanar,122.12984242005793,/home/tianyajun/MARL_for_COFs/cof_symmetry_pipeline/output/hierarchical_supplement/xyz/mol_012531.xyz,hierarchical_v2,3.9948836461097255,8.572164606030467
O=Cc1ccc(-c2ccc(C=O)nc2)cn1,pb_3BPD_L2,CHO_direct,C2,C2,nonplanar,104.09805512087128,/home/tianyajun/MARL_for_COFs/cof_symmetry_pipeline/output/pycofbuilder/xyz/mol_000000.xyz,pycofbuilder,0.5638440534750676,0.9352837186988714
O=Cc1ccc(-c2ccc(-c3ccc(-c4ccc(C=O)cc4)nc3)cn2)cc1,pb_3BPD_L2,CHO_ph,C2,C2,planar,131.15297743606095,/home/tianyajun/MARL_for_COFs/cof_symmetry_pipeline/output/pycofbuilder/xyz/mol_000001.xyz,pycofbuilder,0.4288416920496452,0.9945961062608503
O=Cc1ccc(-c2ccc(-c3ccc(-c4ccc(-c5ccc(-c6ccc(C=O)cc6)cc5)nc4)cn3)cc2)cc1,pb_3BPD_L2,CHO_phph,C2,D2,nonplanar,176.88276216754542,/home/tianyajun/MARL_for_COFs/cof_symmetry_pipeline/output/pycofbuilder/xyz/mol_000002.xyz,pycofbuilder,0.7716484977239292,1.6678176690303284
Nc1ccc(-c2ccc(N)nc2)cn1,pb_3BPD_L2,NH2_direct,C2,C2,nonplanar,-53.22252610904168,/home/tianyajun/MARL_for_COFs/cof_symmetry_pipeline/output/pycofbuilder/xyz/mol_000003.xyz,pycofbuilder,0.5762227715543365,0.9433771418777828
Nc1ccc(-c2ccc(-c3ccc(-c4ccc(N)cc4)nc3)cn2)cc1,pb_3BPD_L2,NH2_ph,C2,C2,planar,81.85963355710986,/home/tianyajun/MARL_for_COFs/cof_symmetry_pipeline/output/pycofbuilder/xyz/mol_000004.xyz,pycofbuilder,0.43352057357152274,0.9687177929717373
Nc1ccc(-c2ccc(-c3ccc(-c4ccc(-c5ccc(-c6ccc(N)cc6)cc5)nc4)cn3)cc2)cc1,pb_3BPD_L2,NH2_phph,C2,C2,nonplanar,127.07868524807996,/home/tianyajun/MARL_for_COFs/cof_symmetry_pipeline/output/pycofbuilder/xyz/mol_000005.xyz,pycofbuilder,0.7481312182011115,1.6134647761200824
OB(O)c1ccc(-c2ccc(-c3ccc(-c4ccc(B(O)O)cc4)nc3)cn2)cc1,pb_3BPD_L2,BOH2_ph,C2,C2,planar,61.92373178531746,/home/tianyajun/MARL_for_COFs/cof_symmetry_pipeline/output/pycofbuilder/xyz/mol_000007.xyz,pycofbuilder,0.42803498525010436,0.9819086938971189
C#Cc1ccc(-c2ccc(-c3ccc(-c4ccc(C#C)cc4)nc3)cn2)cc1,pb_3BPD_L2,CCH_ph,C2,C2,planar,101.19008306535564,/home/tianyajun/MARL_for_COFs/cof_symmetry_pipeline/output/pycofbuilder/xyz/mol_000008.xyz,pycofbuilder,0.4312010248967589,0.9855509512856668
N#Cc1ccc(-c2ccc(C#N)nc2)cn1,pb_3BPD_L2,CN_direct,C2,C2,nonplanar,110.47424296245283,/home/tianyajun/MARL_for_COFs/cof_symmetry_pipeline/output/pycofbuilder/xyz/mol_000010.xyz,pycofbuilder,0.5592919634499542,0.9807971928060767
N#Cc1ccc(-c2ccc(-c3ccc(-c4ccc(C#N)cc4)nc3)cn2)cc1,pb_3BPD_L2,CN_ph,C2,C2,planar,128.71792317093568,/home/tianyajun/MARL_for_COFs/cof_symmetry_pipeline/output/pycofbuilder/xyz/mol_000011.xyz,pycofbuilder,0.42848576225128626,0.9570433542179233
O=C(O)c1ccc(-c2ccc(C(=O)O)nc2)cn1,pb_3BPD_L2,COOH_direct,C2,C2,nonplanar,110.230474906907,/home/tianyajun/MARL_for_COFs/cof_symmetry_pipeline/output/pycofbuilder/xyz/mol_000012.xyz,pycofbuilder,0.5472455818343724,0.9403659902867897
O=C(O)c1ccc(-c2ccc(-c3ccc(-c4ccc(C(=O)O)cc4)nc3)cn2)cc1,pb_3BPD_L2,COOH_ph,C2,C2,planar,92.34713279839062,/home/tianyajun/MARL_for_COFs/cof_symmetry_pipeline/output/pycofbuilder/xyz/mol_000013.xyz,pycofbuilder,0.4294457176438498,0.9983148919170188
O=[N+]([O-])c1ccc(-c2ccc([N+](=O)[O-])nc2)cn1,pb_3BPD_L2,NO2_direct,C2,C2,nonplanar,183.29763380183635,/home/tianyajun/MARL_for_COFs/cof_symmetry_pipeline/output/pycofbuilder/xyz/mol_000014.xyz,pycofbuilder,0.5579648063875932,0.9280445306271444
O=[N+]([O-])c1ccc(-c2ccc(-c3ccc(-c4ccc([N+](=O)[O-])cc4)nc3)cn2)cc1,pb_3BPD_L2,NO2_ph,C2,C2,planar,168.7625223285022,/home/tianyajun/MARL_for_COFs/cof_symmetry_pipeline/output/pycofbuilder/xyz/mol_000015.xyz,pycofbuilder,0.4350618768528359,0.9898714492467349
Oc1ccc(-c2ccc(O)nc2)cn1,pb_3BPD_L2,OH_direct,C2,C2,nonplanar,-29.38946003386974,/home/tianyajun/MARL_for_COFs/cof_symmetry_pipeline/output/pycofbuilder/xyz/mol_000016.xyz,pycofbuilder,0.5819880089809446,0.9269675673691552
Oc1ccc(-c2ccc(-c3ccc(-c4ccc(O)cc4)nc3)cn2)cc1,pb_3BPD_L2,OH_ph,C2,C2,planar,80.55365646314868,/home/tianyajun/MARL_for_COFs/cof_symmetry_pipeline/output/pycofbuilder/xyz/mol_000017.xyz,pycofbuilder,0.4457914314850022,0.9736901636844286
Sc1ccc(-c2ccc(S)nc2)cn1,pb_3BPD_L2,SH_direct,C2,C2,nonplanar,18.42882204264584,/home/tianyajun/MARL_for_COFs/cof_symmetry_pipeline/output/pycofbuilder/xyz/mol_000018.xyz,pycofbuilder,0.5890992457232521,0.9188811384560324
[N-]=[N+]=Nc1ccc(-c2ccc(N=[N+]=[N-])nc2)cn1,pb_3BPD_L2,N3_direct,C2,C2,nonplanar,-15.550252281104214,/home/tianyajun/MARL_for_COFs/cof_symmetry_pipeline/output/pycofbuilder/xyz/mol_000019.xyz,pycofbuilder,0.5936214929866358,1.0076585817927286
C=Cc1ccc(-c2ccc(C=C)nc2)cn1,pb_3BPD_L2,vinyl_direct,C2,C2,nonplanar,51.69872951002773,/home/tianyajun/MARL_for_COFs/cof_symmetry_pipeline/output/pycofbuilder/xyz/mol_000020.xyz,pycofbuilder,0.5952697939763121,0.9806519590124809
C#Cc1ccc(-c2ccc(C#C)nc2)cn1,pb_3BPD_L2,ethynyl_direct,C2,C2,nonplanar,50.42095107162428,/home/tianyajun/MARL_for_COFs/cof_symmetry_pipeline/output/pycofbuilder/xyz/mol_000021.xyz,pycofbuilder,0.5396074946528733,0.9576678840069895
Cc1ccc(-c2ccc(C)nc2)cn1,pb_3BPD_L2,methyl_direct,C2,C2,nonplanar,52.01200395050319,/home/tianyajun/MARL_for_COFs/cof_symmetry_pipeline/output/pycofbuilder/xyz/mol_000022.xyz,pycofbuilder,0.621368397668657,0.9261554078108378
Cc1ccc(-c2ccc(-c3ccc(-c4ccc(C)cc4)nc3)cn2)cc1,pb_3BPD_L2,methyl_ph,C2,C2,planar,106.733440340807,/home/tianyajun/MARL_for_COFs/cof_symmetry_pipeline/output/pycofbuilder/xyz/mol_000023.xyz,pycofbuilder,0.49847212547047653,1.219139942563909
O=C=Nc1ccc(-c2ccc(N=C=O)nc2)cn1,pb_3BPD_L2,NCO_direct,C2,C2,nonplanar,-16.42299831116392,/home/tianyajun/MARL_for_COFs/cof_symmetry_pipeline/output/pycofbuilder/xyz/mol_000024.xyz,pycofbuilder,0.7460263776644297,1.3062888257451473
S=C=Nc1ccc(-c2ccc(N=C=S)nc2)cn1,pb_3BPD_L2,NCS_direct,C2,C2,nonplanar,-4.940581275491283,/home/tianyajun/MARL_for_COFs/cof_symmetry_pipeline/output/pycofbuilder/xyz/mol_000025.xyz,pycofbuilder,0.5869440204481715,0.9910445323729309
O=S(=O)(O)c1ccc(-c2ccc(S(=O)(=O)O)nc2)cn1,pb_3BPD_L2,SO3H_direct,C2,C2,nonplanar,103.37549272016392,/home/tianyajun/MARL_for_COFs/cof_symmetry_pipeline/output/pycofbuilder/xyz/mol_000026.xyz,pycofbuilder,0.7705702295765852,1.3143723111058128
O=P(O)(O)c1ccc(-c2ccc(P(=O)(O)O)nc2)cn1,pb_3BPD_L2,PO3H2_direct,C2,C2,nonplanar,-71.31137237387199,/home/tianyajun/MARL_for_COFs/cof_symmetry_pipeline/output/pycofbuilder/xyz/mol_000027.xyz,pycofbuilder,0.8069390462028597,1.3924442043545782
FC(F)(F)c1ccc(-c2ccc(C(F)(F)F)nc2)cn1,pb_3BPD_L2,CF3_direct,C2,C2,nonplanar,175.7028206914624,/home/tianyajun/MARL_for_COFs/cof_symmetry_pipeline/output/pycofbuilder/xyz/mol_000028.xyz,pycofbuilder,0.6677833644287171,1.1685610154781763
FC(F)(F)c1ccc(-c2ccc(-c3ccc(-c4ccc(C(F)(F)F)cc4)nc3)cn2)cc1,pb_3BPD_L2,CF3_ph,C2,C2,nonplanar,155.92143794275742,/home/tianyajun/MARL_for_COFs/cof_symmetry_pipeline/output/pycofbuilder/xyz/mol_000029.xyz,pycofbuilder,0.5209636960710194,1.3245836514240386
Clc1ccc(-c2ccc(Cl)nc2)cn1,pb_3BPD_L2,Cl_direct,C2,C2,nonplanar,41.3921598553658,/home/tianyajun/MARL_for_COFs/cof_symmetry_pipeline/output/pycofbuilder/xyz/mol_000030.xyz,pycofbuilder,0.5827402604984692,0.9539489098118267
Clc1ccc(-c2ccc(-c3ccc(-c4ccc(Cl)cc4)nc3)cn2)cc1,pb_3BPD_L2,Cl_ph,C2,C2,planar,99.11126591011686,/home/tianyajun/MARL_for_COFs/cof_symmetry_pipeline/output/pycofbuilder/xyz/mol_000031.xyz,pycofbuilder,0.4385691852351332,0.950382990842167
COC(=O)c1ccc(-c2ccc(C(=O)OC)nc2)cn1,pb_3BPD_L2,COOMe_direct,C2,C2,nonplanar,140.07469402053366,/home/tianyajun/MARL_for_COFs/cof_symmetry_pipeline/output/pycofbuilder/xyz/mol_000032.xyz,pycofbuilder,0.5986410949937707,1.0477137839704291
NC(=O)c1ccc(-c2ccc(C(N)=O)nc2)cn1,pb_3BPD_L2,CONH2_direct,C2,C2,nonplanar,77.21890650486955,/home/tianyajun/MARL_for_COFs/cof_symmetry_pipeline/output/pycofbuilder/xyz/mol_000033.xyz,pycofbuilder,0.6216177963250273,1.0220328421534377
COc1ccc(-c2ccc(OC)nc2)cn1,pb_3BPD_L2,OMe_direct,C2,C2,nonplanar,20.8648153716466,/home/tianyajun/MARL_for_COFs/cof_symmetry_pipeline/output/pycofbuilder/xyz/mol_000034.xyz,pycofbuilder,0.6486901933576279,1.291196710520894
COc1ccc(-c2ccc(-c3ccc(-c4ccc(OC)cc4)nc3)cn2)cc1,pb_3BPD_L2,OMe_ph,C2,C2,nonplanar,109.90897215627568,/home/tianyajun/MARL_for_COFs/cof_symmetry_pipeline/output/pycofbuilder/xyz/mol_000035.xyz,pycofbuilder,0.5044567880935529,1.2472810892502708
O=C(Cl)c1ccc(-c2ccc(C(=O)Cl)nc2)cn1,pb_3BPD_L2,COCl_direct,C2,C2,nonplanar,145.31088710147907,/home/tianyajun/MARL_for_COFs/cof_symmetry_pipeline/output/pycofbuilder/xyz/mol_000036.xyz,pycofbuilder,0.5843506194742336,0.9499672336308482
CC(=O)c1ccc(-c2ccc(C(C)=O)nc2)cn1,pb_3BPD_L2,acetyl_direct,C2,C2,nonplanar,109.75908267390572,/home/tianyajun/MARL_for_COFs/cof_symmetry_pipeline/output/pycofbuilder/xyz/mol_000037.xyz,pycofbuilder,0.6585518369037491,1.3972379373113082
CC(=O)c1ccc(-c2ccc(-c3ccc(-c4ccc(C(C)=O)cc4)nc3)cn2)cc1,pb_3BPD_L2,acetyl_ph,C2,C2,planar,139.2110309955087,/home/tianyajun/MARL_for_COFs/cof_symmetry_pipeline/output/pycofbuilder/xyz/mol_000038.xyz,pycofbuilder,0.4785483769344461,1.0164933931760822
NS(=O)(=O)c1ccc(-c2ccc(S(N)(=O)=O)nc2)cn1,pb_3BPD_L2,SO2NH2_direct,C2,C2,nonplanar,20.07539673658392,/home/tianyajun/MARL_for_COFs/cof_symmetry_pipeline/output/pycofbuilder/xyz/mol_000039.xyz,pycofbuilder,0.7673703139906329,1.4871544218754489
O=CC#Cc1ccc(-c2ccc(C#CC=O)nc2)cn1,pb_3BPD_L2,CCCHO_direct,C2,C2,nonplanar,44.04194386314391,/home/tianyajun/MARL_for_COFs/cof_symmetry_pipeline/output/pycofbuilder/xyz/mol_000040.xyz,pycofbuilder,0.5358884719391758,0.926445473361738
NC#Cc1ccc(-c2ccc(C#CN)nc2)cn1,pb_3BPD_L2,CCNH2_direct,C2,C2,nonplanar,41.3756403615901,/home/tianyajun/MARL_for_COFs/cof_symmetry_pipeline/output/pycofbuilder/xyz/mol_000041.xyz,pycofbuilder,0.5833357236530612,0.959544917067079
N#CC#Cc1ccc(-c2ccc(C#CC#N)nc2)cn1,pb_3BPD_L2,CCCN_direct,C2,C2,nonplanar,41.61330168758806,/home/tianyajun/MARL_for_COFs/cof_symmetry_pipeline/output/pycofbuilder/xyz/mol_000042.xyz,pycofbuilder,0.5229947633650138,0.9217013725428648
O=C(O)C#Cc1ccc(-c2ccc(C#CC(=O)O)nc2)cn1,pb_3BPD_L2,CCCOOH_direct,C2,C2,nonplanar,-20.56109140351427,/home/tianyajun/MARL_for_COFs/cof_symmetry_pipeline/output/pycofbuilder/xyz/mol_000043.xyz,pycofbuilder,0.5463985539614186,0.9613231629180039
O=[N+]([O-])C#Cc1ccc(-c2ccc(C#C[N+](=O)[O-])nc2)cn1,pb_3BPD_L2,CCNO2_direct,C2,C2,nonplanar,38.332580677161744,/home/tianyajun/MARL_for_COFs/cof_symmetry_pipeline/output/pycofbuilder/xyz/mol_000044.xyz,pycofbuilder,0.6039464921025063,1.075714837126392
OC#Cc1ccc(-c2ccc(C#CO)nc2)cn1,pb_3BPD_L2,CCOH_direct,C2,C2,nonplanar,42.2203803656284,/home/tianyajun/MARL_for_COFs/cof_symmetry_pipeline/output/pycofbuilder/xyz/mol_000045.xyz,pycofbuilder,0.5349616415907531,0.9286166089962087
FC(F)(F)C#Cc1ccc(-c2ccc(C#CC(F)(F)F)nc2)cn1,pb_3BPD_L2,CCCF3_direct,C2,C2,nonplanar,48.97325155427125,/home/tianyajun/MARL_for_COFs/cof_symmetry_pipeline/output/pycofbuilder/xyz/mol_000046.xyz,pycofbuilder,0.6311685552928893,1.3580511167520584
O=C=NC#Cc1ccc(-c2ccc(C#CN=C=O)nc2)cn1,pb_3BPD_L2,CCNCO_direct,C2,C2,nonplanar,35.591036644978686,/home/tianyajun/MARL_for_COFs/cof_symmetry_pipeline/output/pycofbuilder/xyz/mol_000047.xyz,pycofbuilder,0.5787292468857274,0.9938745938560486
CC(=O)C#Cc1ccc(-c2ccc(C#CC(C)=O)nc2)cn1,pb_3BPD_L2,CCacetyl_direct,C2,C2,nonplanar,47.48305368509305,/home/tianyajun/MARL_for_COFs/cof_symmetry_pipeline/output/pycofbuilder/xyz/mol_000048.xyz,pycofbuilder,0.619476422187154,1.3824877464121577
COC(=O)C#Cc1ccc(-c2ccc(C#CC(=O)OC)nc2)cn1,pb_3BPD_L2,CCCOOMe_direct,C2,C2,nonplanar,20.73682461407921,/home/tianyajun/MARL_for_COFs/cof_symmetry_pipeline/output/pycofbuilder/xyz/mol_000049.xyz,pycofbuilder,0.5599214761204954,1.0066752664920897
O=COc1ccc(-c2ccc(OC=O)nc2)cn1,pb_3BPD_L2,OCHO_direct,C2,C2,nonplanar,30.506942383428488,/home/tianyajun/MARL_for_COFs/cof_symmetry_pipeline/output/pycofbuilder/xyz/mol_000050.xyz,pycofbuilder,0.8220778080783963,1.8100195190016692
N#COc1ccc(-c2ccc(OC#N)nc2)cn1,pb_3BPD_L2,OCN_direct,C2,C2,nonplanar,27.469030057262568,/home/tianyajun/MARL_for_COFs/cof_symmetry_pipeline/output/pycofbuilder/xyz/mol_000051.xyz,pycofbuilder,0.5978361639785773,0.94751305482855
O=CNc1ccc(-c2ccc(NC=O)nc2)cn1,pb_3BPD_L2,NHCHO_direct,C2,C2,nonplanar,-59.72457153256972,/home/tianyajun/MARL_for_COFs/cof_symmetry_pipeline/output/pycofbuilder/xyz/mol_000053.xyz,pycofbuilder,0.544195435487064,0.9902682716905599
CC(=O)Nc1ccc(-c2ccc(NC(C)=O)nc2)cn1,pb_3BPD_L2,NHacetyl_direct,C2,C2,nonplanar,-54.11790386573048,/home/tianyajun/MARL_for_COFs/cof_symmetry_pipeline/output/pycofbuilder/xyz/mol_000054.xyz,pycofbuilder,0.5826032332035962,0.9196085428137545
N#CNc1ccc(-c2ccc(NC#N)nc2)cn1,pb_3BPD_L2,NHCN_direct,C2,C2,nonplanar,-88.62226933101645,/home/tianyajun/MARL_for_COFs/cof_symmetry_pipeline/output/pycofbuilder/xyz/mol_000055.xyz,pycofbuilder,0.6108104250912958,1.028379598109773
N#CSc1ccc(-c2ccc(SC#N)nc2)cn1,pb_3BPD_L2,SCN_direct,C2,C2,nonplanar,22.971434220352773,/home/tianyajun/MARL_for_COFs/cof_symmetry_pipeline/output/pycofbuilder/xyz/mol_000057.xyz,pycofbuilder,0.7489735048520161,1.4939108858728762
[N-]=[N+]=Nc1ccc(-c2ccc(-c3ccc(-c4ccc(N=[N+]=[N-])cc4)nc3)cn2)cc1,pb_3BPD_L2,N3_ph,C2,C2,nonplanar,87.19148298219085,/home/tianyajun/MARL_for_COFs/cof_symmetry_pipeline/output/pycofbuilder/xyz/mol_000058.xyz,pycofbuilder,0.6131581186268884,1.8317742788365634
Brc1ccc(-c2ccc(Br)nc2)cn1,pb_3BPD_L2,Br_direct,C2,C2,nonplanar,43.093089108125525,/home/tianyajun/MARL_for_COFs/cof_symmetry_pipeline/output/pycofbuilder/xyz/mol_000059.xyz,pycofbuilder,0.5794758411027969,0.951060482727872
Ic1ccc(-c2ccc(I)nc2)cn1,pb_3BPD_L2,I_direct,C2,C2,nonplanar,44.37576201630163,/home/tianyajun/MARL_for_COFs/cof_symmetry_pipeline/output/pycofbuilder/xyz/mol_000060.xyz,pycofbuilder,0.5809231290738277,0.9506429460147993
C[Si](C)(C)c1ccc(-c2ccc([Si](C)(C)C)nc2)cn1,pb_3BPD_L2,SiMe3_direct,C2,C2,nonplanar,76.3805034316315,/home/tianyajun/MARL_for_COFs/cof_symmetry_pipeline/output/pycofbuilder/xyz/mol_000061.xyz,pycofbuilder,1.1945643490887607,2.3248867966844036
O=S(=O)(Cl)c1ccc(-c2ccc(S(=O)(=O)Cl)nc2)cn1,pb_3BPD_L2,SO2Cl_direct,C2,C2,nonplanar,212.05958200138323,/home/tianyajun/MARL_for_COFs/cof_symmetry_pipeline/output/pycofbuilder/xyz/mol_000064.xyz,pycofbuilder,0.7282907551081026,1.4829900927293143
O=P(Cl)(Cl)c1ccc(-c2ccc(P(=O)(Cl)Cl)nc2)cn1,pb_3BPD_L2,POCl2_direct,C2,D2,nonplanar,204.3477662650405,/home/tianyajun/MARL_for_COFs/cof_symmetry_pipeline/output/pycofbuilder/xyz/mol_000065.xyz,pycofbuilder,0.7888277210705644,1.763845819999875
O=[N+]([O-])c1ccc(-c2ccc(-c3ccc(-c4ccc(-c5ccc(-c6ccc([N+](=O)[O-])cc6)cc5)nc4)cn3)cc2)cc1,pb_3BPD_L2,NO2_phph,C2,D2,nonplanar,213.6242197335289,/home/tianyajun/MARL_for_COFs/cof_symmetry_pipeline/output/pycofbuilder/xyz/mol_000068.xyz,pycofbuilder,0.7835742624376316,1.8110549066738522
Oc1ccc(-c2ccc(-c3ccc(-c4ccc(-c5ccc(-c6ccc(O)cc6)cc5)nc4)cn3)cc2)cc1,pb_3BPD_L2,OH_phph,C2,D2,nonplanar,125.156186738949,/home/tianyajun/MARL_for_COFs/cof_symmetry_pipeline/output/pycofbuilder/xyz/mol_000069.xyz,pycofbuilder,0.822683623042002,1.8687728110985269
N#CCc1ccc(-c2ccc(CC#N)nc2)cn1,pb_3BPD_L2,PB_CHCN,C2,C2,nonplanar,73.53816648570803,/home/tianyajun/MARL_for_COFs/cof_symmetry_pipeline/output/pycofbuilder/xyz/mol_000070.xyz,pycofbuilder,0.7545263896392325,1.5175791267207968
NNCc1ccc(-c2ccc(CNN)nc2)cn1,pb_3BPD_L2,PB_NHNH2,C2,D2,nonplanar,194.7107438716638,/home/tianyajun/MARL_for_COFs/cof_symmetry_pipeline/output/pycofbuilder/xyz/mol_000071.xyz,pycofbuilder,1.089750535884202,1.8954856082615508
O=C(CCO)c1ccc(-c2ccc(C(=O)CCO)nc2)cn1,pb_3BPD_L2,PB_COCHCHOH,C2,C2,nonplanar,105.02580309728413,/home/tianyajun/MARL_for_COFs/cof_symmetry_pipeline/output/pycofbuilder/xyz/mol_000072.xyz,pycofbuilder,1.045838862648226,1.9526782128080002
NNC(=O)c1ccc(-c2ccc(C(=O)NN)nc2)cn1,pb_3BPD_L2,PB_CONHNH2,C2,C2,nonplanar,210.9799198328718,/home/tianyajun/MARL_for_COFs/cof_symmetry_pipeline/output/pycofbuilder/xyz/mol_000073.xyz,pycofbuilder,0.633127472423939,1.0652758794656885
[O]C(=O)c1ccc(-c2ccc(C([O])=O)nc2)cn1,pb_3BPD_L2,PB_COOH,C2,C2,nonplanar,228.7134557333941,/home/tianyajun/MARL_for_COFs/cof_symmetry_pipeline/output/pycofbuilder/xyz/mol_000074.xyz,pycofbuilder,0.5448052685750433,0.8983805808286928
ONc1ccc(-c2ccc(NO)nc2)cn1,pb_3BPD_L2,PB_NHOH,C2,C2,nonplanar,40.42277717032131,/home/tianyajun/MARL_for_COFs/cof_symmetry_pipeline/output/pycofbuilder/xyz/mol_000075.xyz,pycofbuilder,0.6373496773894689,0.9388214317140187
O=Cc1ccc2cc3cc(C=O)ccc3cc2c1,pb_ANTR_L2,CHO_direct,C2,C2h,planar,65.69532636769405,/home/tianyajun/MARL_for_COFs/cof_symmetry_pipeline/output/pycofbuilder/xyz/mol_000228.xyz,pycofbuilder,2.209535223342269e-06,5.216477554526033e-06
O=Cc1ccc(-c2ccc3cc4cc(-c5ccc(C=O)cc5)ccc4cc3c2)cc1,pb_ANTR_L2,CHO_ph,C2,C2,nonplanar,114.89790401683656,/home/tianyajun/MARL_for_COFs/cof_symmetry_pipeline/output/pycofbuilder/xyz/mol_000229.xyz,pycofbuilder,0.863478685614074,1.7808316873502477
Nc1ccc2cc3cc(N)ccc3cc2c1,pb_ANTR_L2,NH2_direct,C2,C2,planar,23.51840568705669,/home/tianyajun/MARL_for_COFs/cof_symmetry_pipeline/output/pycofbuilder/xyz/mol_000231.xyz,pycofbuilder,0.1101633341205656,0.26951863580485524
Nc1ccc(-c2ccc3cc4cc(-c5ccc(N)cc5)ccc4cc3c2)cc1,pb_ANTR_L2,NH2_ph,C2,C2,nonplanar,65.06784986098793,/home/tianyajun/MARL_for_COFs/cof_symmetry_pipeline/output/pycofbuilder/xyz/mol_000232.xyz,pycofbuilder,0.8489068156029348,1.7993448609532812
Nc1ccc(-c2ccc(-c3ccc4cc5cc(-c6ccc(-c7ccc(N)cc7)cc6)ccc5cc4c3)cc2)cc1,pb_ANTR_L2,NH2_phph,C2,D2,nonplanar,110.1235248849916,/home/tianyajun/MARL_for_COFs/cof_symmetry_pipeline/output/pycofbuilder/xyz/mol_000233.xyz,pycofbuilder,1.0758456113883945,2.0777192527134005
OB(O)c1ccc2cc3cc(B(O)O)ccc3cc2c1,pb_ANTR_L2,BOH2_direct,C2,C2,planar,34.58681803480576,/home/tianyajun/MARL_for_COFs/cof_symmetry_pipeline/output/pycofbuilder/xyz/mol_000234.xyz,pycofbuilder,0.314444949255706,0.8325836646406178
C#Cc1ccc(-c2ccc3cc4cc(-c5ccc(C#C)cc5)ccc4cc3c2)cc1,pb_ANTR_L2,CCH_ph,C2,C2,nonplanar,84.24031717737515,/home/tianyajun/MARL_for_COFs/cof_symmetry_pipeline/output/pycofbuilder/xyz/mol_000236.xyz,pycofbuilder,0.8280087371086984,1.7751971570366518
N#Cc1ccc2cc3cc(C#N)ccc3cc2c1,pb_ANTR_L2,CN_direct,C2,C2h,planar,62.699169365573184,/home/tianyajun/MARL_for_COFs/cof_symmetry_pipeline/output/pycofbuilder/xyz/mol_000238.xyz,pycofbuilder,7.247090337073094e-05,0.00018096352460572618
N#Cc1ccc(-c2ccc3cc4cc(-c5ccc(C#N)cc5)ccc4cc3c2)cc1,pb_ANTR_L2,CN_ph,C2,C2,nonplanar,111.8801521191869,/home/tianyajun/MARL_for_COFs/cof_symmetry_pipeline/output/pycofbuilder/xyz/mol_000239.xyz,pycofbuilder,0.8475472907071557,1.777558221024311
O=C(O)c1ccc2cc3cc(C(=O)O)ccc3cc2c1,pb_ANTR_L2,COOH_direct,C2,C2h,planar,24.50030613520658,/home/tianyajun/MARL_for_COFs/cof_symmetry_pipeline/output/pycofbuilder/xyz/mol_000240.xyz,pycofbuilder,7.913618898643743e-06,2.2652600883008023e-05
O=C(O)c1ccc(-c2ccc3cc4cc(-c5ccc(C(=O)O)cc5)ccc4cc3c2)cc1,pb_ANTR_L2,COOH_ph,C2,C2,nonplanar,75.306350491044,/home/tianyajun/MARL_for_COFs/cof_symmetry_pipeline/output/pycofbuilder/xyz/mol_000241.xyz,pycofbuilder,0.8643736690176068,1.8056227132349882
O=[N+]([O-])c1ccc2cc3cc([N+](=O)[O-])ccc3cc2c1,pb_ANTR_L2,NO2_direct,C2,C2h,planar,98.7494745140417,/home/tianyajun/MARL_for_COFs/cof_symmetry_pipeline/output/pycofbuilder/xyz/mol_000242.xyz,pycofbuilder,2.5542988810544963e-06,5.5160299160528226e-06
O=[N+]([O-])c1ccc(-c2ccc3cc4cc(-c5ccc([N+](=O)[O-])cc5)ccc4cc3c2)cc1,pb_ANTR_L2,NO2_ph,C2,C2,nonplanar,151.84777518839323,/home/tianyajun/MARL_for_COFs/cof_symmetry_pipeline/output/pycofbuilder/xyz/mol_000243.xyz,pycofbuilder,0.8702751283420526,1.782717482249552
Oc1ccc2cc3cc(O)ccc3cc2c1,pb_ANTR_L2,OH_direct,C2,C2h,planar,19.74938681998883,/home/tianyajun/MARL_for_COFs/cof_symmetry_pipeline/output/pycofbuilder/xyz/mol_000244.xyz,pycofbuilder,2.3190358595184e-06,8.523589381859153e-06
Oc1ccc(-c2ccc3cc4cc(-c5ccc(O)cc5)ccc4cc3c2)cc1,pb_ANTR_L2,OH_ph,C2,C2,nonplanar,63.12922562734492,/home/tianyajun/MARL_for_COFs/cof_symmetry_pipeline/output/pycofbuilder/xyz/mol_000245.xyz,pycofbuilder,0.8585889945807376,1.807618990465673
Sc1ccc2cc3cc(S)ccc3cc2c1,pb_ANTR_L2,SH_direct,C2,C2,planar,32.09463155461942,/home/tianyajun/MARL_for_COFs/cof_symmetry_pipeline/output/pycofbuilder/xyz/mol_000246.xyz,pycofbuilder,0.22634513487838037,0.7839733064741925
[N-]=[N+]=Nc1ccc2cc3cc(N=[N+]=[N-])ccc3cc2c1,pb_ANTR_L2,N3_direct,C2,C2,nonplanar,24.36552206958054,/home/tianyajun/MARL_for_COFs/cof_symmetry_pipeline/output/pycofbuilder/xyz/mol_000247.xyz,pycofbuilder,0.6183320048194211,1.9581071276602533
C=Cc1ccc2cc3cc(C=C)ccc3cc2c1,pb_ANTR_L2,vinyl_direct,C2,C2h,planar,52.611303964069634,/home/tianyajun/MARL_for_COFs/cof_symmetry_pipeline/output/pycofbuilder/xyz/mol_000248.xyz,pycofbuilder,4.645466612576604e-05,0.00016186926626615694
C#Cc1ccc2cc3cc(C#C)ccc3cc2c1,pb_ANTR_L2,ethynyl_direct,C2,C2h,planar,38.00150880819916,/home/tianyajun/MARL_for_COFs/cof_symmetry_pipeline/output/pycofbuilder/xyz/mol_000249.xyz,pycofbuilder,3.7935457655082563e-06,8.730335294068747e-06
Cc1ccc2cc3cc(C)ccc3cc2c1,pb_ANTR_L2,methyl_direct,C2,C2,planar,47.41985696525151,/home/tianyajun/MARL_for_COFs/cof_symmetry_pipeline/output/pycofbuilder/xyz/mol_000250.xyz,pycofbuilder,0.32630643235796575,1.0498232517932342
Cc1ccc(-c2ccc3cc4cc(-c5ccc(C)cc5)ccc4cc3c2)cc1,pb_ANTR_L2,methyl_ph,C2,C2,nonplanar,89.8931333415425,/home/tianyajun/MARL_for_COFs/cof_symmetry_pipeline/output/pycofbuilder/xyz/mol_000251.xyz,pycofbuilder,0.8484355645587186,1.7732613047283228
O=C=Nc1ccc2cc3cc(N=C=O)ccc3cc2c1,pb_ANTR_L2,NCO_direct,C2,C2,nonplanar,26.106997302482853,/home/tianyajun/MARL_for_COFs/cof_symmetry_pipeline/output/pycofbuilder/xyz/mol_000252.xyz,pycofbuilder,0.6002523175921498,1.9221057341897458
S=C=Nc1ccc2cc3cc(N=C=S)ccc3cc2c1,pb_ANTR_L2,NCS_direct,C2,C2,nonplanar,29.583475287048177,/home/tianyajun/MARL_for_COFs/cof_symmetry_pipeline/output/pycofbuilder/xyz/mol_000253.xyz,pycofbuilder,0.73554927993851,2.4559237088610573
O=S(=O)(O)c1ccc2cc3cc(S(=O)(=O)O)ccc3cc2c1,pb_ANTR_L2,SO3H_direct,C2,C2,nonplanar,-23.040278614128432,/home/tianyajun/MARL_for_COFs/cof_symmetry_pipeline/output/pycofbuilder/xyz/mol_000254.xyz,pycofbuilder,0.6103084420133746,1.6030197093088168
FC(F)(F)c1ccc2cc3cc(C(F)(F)F)ccc3cc2c1,pb_ANTR_L2,CF3_direct,C2,C2,planar,90.64958270606157,/home/tianyajun/MARL_for_COFs/cof_symmetry_pipeline/output/pycofbuilder/xyz/mol_000256.xyz,pycofbuilder,0.397132648508452,1.2747035504345823
FC(F)(F)c1ccc(-c2ccc3cc4cc(-c5ccc(C(F)(F)F)cc5)ccc4cc3c2)cc1,pb_ANTR_L2,CF3_ph,C2,C2,nonplanar,139.10858256828857,/home/tianyajun/MARL_for_COFs/cof_symmetry_pipeline/output/pycofbuilder/xyz/mol_000257.xyz,pycofbuilder,0.8687832418299034,1.7776706253834242
Clc1ccc2cc3cc(Cl)ccc3cc2c1,pb_ANTR_L2,Cl_direct,C2,C2h,planar,34.24805466011884,/home/tianyajun/MARL_for_COFs/cof_symmetry_pipeline/output/pycofbuilder/xyz/mol_000258.xyz,pycofbuilder,1.1790486800294664e-06,2.2348983632625163e-06
Clc1ccc(-c2ccc3cc4cc(-c5ccc(Cl)cc5)ccc4cc3c2)cc1,pb_ANTR_L2,Cl_ph,C2,C2,nonplanar,82.18585372827029,/home/tianyajun/MARL_for_COFs/cof_symmetry_pipeline/output/pycofbuilder/xyz/mol_000259.xyz,pycofbuilder,0.8655969021929759,1.7779249768846899
COC(=O)c1ccc2cc3cc(C(=O)OC)ccc3cc2c1,pb_ANTR_L2,COOMe_direct,C2,C2h,planar,61.59873820160263,/home/tianyajun/MARL_for_COFs/cof_symmetry_pipeline/output/pycofbuilder/xyz/mol_000260.xyz,pycofbuilder,0.30031673824466315,0.9009647006560249
COc1ccc2cc3cc(OC)ccc3cc2c1,pb_ANTR_L2,OMe_direct,C2,C2h,planar,48.15328338681658,/home/tianyajun/MARL_for_COFs/cof_symmetry_pipeline/output/pycofbuilder/xyz/mol_000262.xyz,pycofbuilder,0.3194802299485723,0.9036363159095208
COc1ccc(-c2ccc3cc4cc(-c5ccc(OC)cc5)ccc4cc3c2)cc1,pb_ANTR_L2,OMe_ph,C2,C2,nonplanar,92.62714602973767,/home/tianyajun/MARL_for_COFs/cof_symmetry_pipeline/output/pycofbuilder/xyz/mol_000263.xyz,pycofbuilder,0.9028030331160889,1.932409713436454
O=C(Cl)c1ccc2cc3cc(C(=O)Cl)ccc3cc2c1,pb_ANTR_L2,COCl_direct,C2,C2h,planar,85.46441656754662,/home/tianyajun/MARL_for_COFs/cof_symmetry_pipeline/output/pycofbuilder/xyz/mol_000264.xyz,pycofbuilder,6.9955806063727035e-06,2.0923114134485665e-05
CC(=O)c1ccc2cc3cc(C(C)=O)ccc3cc2c1,pb_ANTR_L2,acetyl_direct,C2,C2h,planar,73.35504909357083,/home/tianyajun/MARL_for_COFs/cof_symmetry_pipeline/output/pycofbuilder/xyz/mol_000265.xyz,pycofbuilder,0.3089521029050839,0.9008111894264148
CC(=O)c1ccc(-c2ccc3cc4cc(-c5ccc(C(C)=O)cc5)ccc4cc3c2)cc1,pb_ANTR_L2,acetyl_ph,C2,C2,nonplanar,123.03284811768916,/home/tianyajun/MARL_for_COFs/cof_symmetry_pipeline/output/pycofbuilder/xyz/mol_000266.xyz,pycofbuilder,0.9316618069482105,1.9160069774341197
NS(=O)(=O)c1ccc2cc3cc(S(N)(=O)=O)ccc3cc2c1,pb_ANTR_L2,SO2NH2_direct,C2,C2,nonplanar,-109.98714395559549,/home/tianyajun/MARL_for_COFs/cof_symmetry_pipeline/output/pycofbuilder/xyz/mol_000267.xyz,pycofbuilder,0.7922820602607029,1.9424862317749536
FC(F)(F)C#Cc1ccc2cc3cc(C#CC(F)(F)F)ccc3cc2c1,pb_ANTR_L2,CCCF3_direct,C2,C2h,planar,47.78435283891604,/home/tianyajun/MARL_for_COFs/cof_symmetry_pipeline/output/xyz/mol_000517.xyz,pycofbuilder,0.37510594602258013,1.228619399902946
CC(=O)C#Cc1ccc2cc3cc(C#CC(C)=O)ccc3cc2c1,pb_ANTR_L2,CCacetyl_direct,C2,C2,planar,45.61356922140316,/home/tianyajun/MARL_for_COFs/cof_symmetry_pipeline/output/xyz/mol_000526.xyz,pycofbuilder,0.4807195211617557,1.6679559126510588
COC(=O)C#Cc1ccc2cc3cc(C#CC(=O)OC)ccc3cc2c1,pb_ANTR_L2,CCCOOMe_direct,C2,C2,planar,20.07786163694713,/home/tianyajun/MARL_for_COFs/cof_symmetry_pipeline/output/xyz/mol_000521.xyz,pycofbuilder,0.33583448153763,1.0200137542539534
O=COc1ccc2cc3cc(OC=O)ccc3cc2c1,pb_ANTR_L2,OCHO_direct,C2,C2,nonplanar,57.41477151871416,/home/tianyajun/MARL_for_COFs/cof_symmetry_pipeline/output/pycofbuilder/xyz/mol_000278.xyz,pycofbuilder,0.5606530120427383,1.7336640097270637
N#COc1ccc2cc3cc(OC#N)ccc3cc2c1,pb_ANTR_L2,OCN_direct,C2,C2h,planar,52.40397175464827,/home/tianyajun/MARL_for_COFs/cof_symmetry_pipeline/output/pycofbuilder/xyz/mol_000279.xyz,pycofbuilder,0.00030735889236082193,0.0012674577481479599
CC(=O)Oc1ccc2cc3cc(OC(C)=O)ccc3cc2c1,pb_ANTR_L2,Oacetyl_direct,C2,C2,nonplanar,56.34683229090549,/home/tianyajun/MARL_for_COFs/cof_symmetry_pipeline/output/pycofbuilder/xyz/mol_000280.xyz,pycofbuilder,0.6087263864363106,1.6390394138939577
O=CNc1ccc2cc3cc(NC=O)ccc3cc2c1,pb_ANTR_L2,NHCHO_direct,C2,C2h,planar,0.11040237034954,/home/tianyajun/MARL_for_COFs/cof_symmetry_pipeline/output/pycofbuilder/xyz/mol_000281.xyz,pycofbuilder,1.2541768205205201e-06,2.5716657505725493e-06
CC(=O)Nc1ccc2cc3cc(NC(C)=O)ccc3cc2c1,pb_ANTR_L2,NHacetyl_direct,C2,C2,planar,6.077376777875047,/home/tianyajun/MARL_for_COFs/cof_symmetry_pipeline/output/pycofbuilder/xyz/mol_000282.xyz,pycofbuilder,0.2908346894660182,1.0269955657007102
N#CNc1ccc2cc3cc(NC#N)ccc3cc2c1,pb_ANTR_L2,NHCN_direct,C2,C2,planar,-15.914650055736184,/home/tianyajun/MARL_for_COFs/cof_symmetry_pipeline/output/pycofbuilder/xyz/mol_000283.xyz,pycofbuilder,0.4072477464948828,1.3297571610368728
CS(=O)(=O)Nc1ccc2cc3cc(NS(C)(=O)=O)ccc3cc2c1,pb_ANTR_L2,NHSO2_direct,C2,C2,nonplanar,-68.67630162762039,/home/tianyajun/MARL_for_COFs/cof_symmetry_pipeline/output/pycofbuilder/xyz/mol_000284.xyz,pycofbuilder,1.191772649259159,2.8239942005926695
N#CSc1ccc2cc3cc(SC#N)ccc3cc2c1,pb_ANTR_L2,SCN_direct,C2,D2,nonplanar,40.69830124754448,/home/tianyajun/MARL_for_COFs/cof_symmetry_pipeline/output/pycofbuilder/xyz/mol_000285.xyz,pycofbuilder,0.8138847681267947,2.495855324556561
[N-]=[N+]=Nc1ccc(-c2ccc3cc4cc(-c5ccc(N=[N+]=[N-])cc5)ccc4cc3c2)cc1,pb_ANTR_L2,N3_ph,C2,C2,nonplanar,70.18213625673071,/home/tianyajun/MARL_for_COFs/cof_symmetry_pipeline/output/pycofbuilder/xyz/mol_000286.xyz,pycofbuilder,0.8703137309206814,1.8571724410931132
Brc1ccc2cc3cc(Br)ccc3cc2c1,pb_ANTR_L2,Br_direct,C2,C2h,planar,36.73282093094788,/home/tianyajun/MARL_for_COFs/cof_symmetry_pipeline/output/pycofbuilder/xyz/mol_000287.xyz,pycofbuilder,2.5379709413162165e-06,7.507662171502005e-06
Ic1ccc2cc3cc(I)ccc3cc2c1,pb_ANTR_L2,I_direct,C2,C2h,planar,38.79745587224905,/home/tianyajun/MARL_for_COFs/cof_symmetry_pipeline/output/pycofbuilder/xyz/mol_000288.xyz,pycofbuilder,1.859094817609268e-06,5.108830358646621e-06
C[Si](C)(C)c1ccc2cc3cc([Si](C)(C)C)ccc3cc2c1,pb_ANTR_L2,SiMe3_direct,C2,C2h,nonplanar,57.94840235411802,/home/tianyajun/MARL_for_COFs/cof_symmetry_pipeline/output/pycofbuilder/xyz/mol_000289.xyz,pycofbuilder,1.0777741339088065,2.4406405078121254
O=S(=O)(Cl)c1ccc2cc3cc(S(=O)(=O)Cl)ccc3cc2c1,pb_ANTR_L2,SO2Cl_direct,C2,C2,nonplanar,95.74282250973252,/home/tianyajun/MARL_for_COFs/cof_symmetry_pipeline/output/pycofbuilder/xyz/mol_000292.xyz,pycofbuilder,0.5436444483563918,1.9245192661937656
O=P(Cl)(Cl)c1ccc2cc3cc(P(=O)(Cl)Cl)ccc3cc2c1,pb_ANTR_L2,POCl2_direct,C2,C2h,nonplanar,103.50752789321626,/home/tianyajun/MARL_for_COFs/cof_symmetry_pipeline/output/pycofbuilder/xyz/mol_000293.xyz,pycofbuilder,0.5754728423277068,1.576037089371477
O=C(O)c1ccc(-c2ccc(-c3ccc4cc5cc(-c6ccc(-c7ccc(C(=O)O)cc7)cc6)ccc5cc4c3)cc2)cc1,pb_ANTR_L2,COOH_phph,C2,C2,nonplanar,120.38617851213156,/home/tianyajun/MARL_for_COFs/cof_symmetry_pipeline/output/pycofbuilder/xyz/mol_000294.xyz,pycofbuilder,0.6850807811414277,1.7818361595624548
N#Cc1ccc(-c2ccc(-c3ccc4cc5cc(-c6ccc(-c7ccc(C#N)cc7)cc6)ccc5cc4c3)cc2)cc1,pb_ANTR_L2,CN_phph,C2,C2,nonplanar,156.92120373637027,/home/tianyajun/MARL_for_COFs/cof_symmetry_pipeline/output/pycofbuilder/xyz/mol_000295.xyz,pycofbuilder,0.7056279276362283,1.7737415450762979
O=[N+]([O-])c1ccc(-c2ccc(-c3ccc4cc5cc(-c6ccc(-c7ccc([N+](=O)[O-])cc7)cc6)ccc5cc4c3)cc2)cc1,pb_ANTR_L2,NO2_phph,C2,C2,nonplanar,196.8465954285287,/home/tianyajun/MARL_for_COFs/cof_symmetry_pipeline/output/pycofbuilder/xyz/mol_000296.xyz,pycofbuilder,0.694392878736771,1.777015728688235
Oc1ccc(-c2ccc(-c3ccc4cc5cc(-c6ccc(-c7ccc(O)cc7)cc6)ccc5cc4c3)cc2)cc1,pb_ANTR_L2,OH_phph,C2,D2,nonplanar,108.18256898075634,/home/tianyajun/MARL_for_COFs/cof_symmetry_pipeline/output/pycofbuilder/xyz/mol_000297.xyz,pycofbuilder,1.0845045380746698,2.064955846882201
N#CCc1ccc2cc3cc(CC#N)ccc3cc2c1,pb_ANTR_L2,PB_CHCN,C2,C2,nonplanar,76.55382099837956,/home/tianyajun/MARL_for_COFs/cof_symmetry_pipeline/output/pycofbuilder/xyz/mol_000298.xyz,pycofbuilder,0.7023829463118059,2.2575842143021774
NNCc1ccc2cc3cc(CNN)ccc3cc2c1,pb_ANTR_L2,PB_NHNH2,C2,C2,nonplanar,150.8006995647719,/home/tianyajun/MARL_for_COFs/cof_symmetry_pipeline/output/pycofbuilder/xyz/mol_000299.xyz,pycofbuilder,1.0412278689043075,2.5220831217471877
NNC(=O)c1ccc2cc3cc(C(=O)NN)ccc3cc2c1,pb_ANTR_L2,PB_CONHNH2,C2,C2,planar,151.29989851039784,/home/tianyajun/MARL_for_COFs/cof_symmetry_pipeline/output/pycofbuilder/xyz/mol_000301.xyz,pycofbuilder,0.3840443273007386,0.9808768267461755
[O]C(=O)c1ccc2cc3cc(C([O])=O)ccc3cc2c1,pb_ANTR_L2,PB_COOH,C2,C2h,planar,104.904555018806,/home/tianyajun/MARL_for_COFs/cof_symmetry_pipeline/output/pycofbuilder/xyz/mol_000302.xyz,pycofbuilder,5.78847659712574e-06,1.3749292819831282e-05
ONc1ccc2cc3cc(NO)ccc3cc2c1,pb_ANTR_L2,PB_NHOH,C2,C2,planar,66.59339999248562,/home/tianyajun/MARL_for_COFs/cof_symmetry_pipeline/output/pycofbuilder/xyz/mol_000303.xyz,pycofbuilder,0.2248958312345278,0.6948231778924844
O=Cc1nc2cc3sc(C=O)nc3cc2s1,pb_BBTZ_L2,CHO_direct,C2,C2h,planar,54.64329216370426,/home/tianyajun/MARL_for_COFs/cof_symmetry_pipeline/output/pycofbuilder/xyz/mol_000304.xyz,pycofbuilder,2.8668705246557956e-06,6.218495154086678e-06
O=Cc1ccc(-c2nc3cc4sc(-c5ccc(C=O)cc5)nc4cc3s2)cc1,pb_BBTZ_L2,CHO_ph,C2,C2h,planar,95.55191255452132,/home/tianyajun/MARL_for_COFs/cof_symmetry_pipeline/output/pycofbuilder/xyz/mol_000305.xyz,pycofbuilder,8.307462578098465e-05,0.00021042157186478005
O=Cc1ccc(-c2ccc(-c3nc4cc5sc(-c6ccc(-c7ccc(C=O)cc7)cc6)nc5cc4s3)cc2)cc1,pb_BBTZ_L2,CHO_phph,C2,C2,nonplanar,139.49110652971194,/home/tianyajun/MARL_for_COFs/cof_symmetry_pipeline/output/pycofbuilder/xyz/mol_000306.xyz,pycofbuilder,0.7290765319978862,1.7033579209648213
Nc1nc2cc3sc(N)nc3cc2s1,pb_BBTZ_L2,NH2_direct,C2,C2,planar,-73.97137480228295,/home/tianyajun/MARL_for_COFs/cof_symmetry_pipeline/output/pycofbuilder/xyz/mol_000307.xyz,pycofbuilder,0.1290253083300602,0.2973896381918394
Nc1ccc(-c2nc3cc4sc(-c5ccc(N)cc5)nc4cc3s2)cc1,pb_BBTZ_L2,NH2_ph,C2,C2,planar,44.02239749214093,/home/tianyajun/MARL_for_COFs/cof_symmetry_pipeline/output/pycofbuilder/xyz/mol_000308.xyz,pycofbuilder,0.09478753762265262,0.28029572239468126
Nc1ccc(-c2ccc(-c3nc4cc5sc(-c6ccc(-c7ccc(N)cc7)cc6)nc5cc4s3)cc2)cc1,pb_BBTZ_L2,NH2_phph,C2,C2,nonplanar,89.59924480407483,/home/tianyajun/MARL_for_COFs/cof_symmetry_pipeline/output/pycofbuilder/xyz/mol_000309.xyz,pycofbuilder,0.6217116424348458,1.3874032033420578
OB(O)c1nc2cc3sc(B(O)O)nc3cc2s1,pb_BBTZ_L2,BOH2_direct,C2,C2,planar,86.1841809426043,/home/tianyajun/MARL_for_COFs/cof_symmetry_pipeline/output/pycofbuilder/xyz/mol_000310.xyz,pycofbuilder,0.35454245968101883,0.7938200479931723
OB(O)c1ccc(-c2nc3cc4sc(-c5ccc(B(O)O)cc5)nc4cc3s2)cc1,pb_BBTZ_L2,BOH2_ph,C2,C2,planar,115.36997834124254,/home/tianyajun/MARL_for_COFs/cof_symmetry_pipeline/output/pycofbuilder/xyz/mol_000311.xyz,pycofbuilder,0.3254735351692918,1.0970490833261688
C#Cc1ccc(-c2nc3cc4sc(-c5ccc(C#C)cc5)nc4cc3s2)cc1,pb_BBTZ_L2,CCH_ph,C2,C2h,planar,63.76003395499672,/home/tianyajun/MARL_for_COFs/cof_symmetry_pipeline/output/pycofbuilder/xyz/mol_000312.xyz,pycofbuilder,0.00037457054358361547,0.0007725617134379803
C#Cc1ccc(-c2ccc(-c3nc4cc5sc(-c6ccc(-c7ccc(C#C)cc7)cc6)nc5cc4s3)cc2)cc1,pb_BBTZ_L2,CCH_phph,C2,C2,nonplanar,108.74976212340684,/home/tianyajun/MARL_for_COFs/cof_symmetry_pipeline/output/pycofbuilder/xyz/mol_000313.xyz,pycofbuilder,0.6905311663953876,1.6710642069682198
N#Cc1nc2cc3sc(C#N)nc3cc2s1,pb_BBTZ_L2,CN_direct,C2,C2h,planar,55.04838154680496,/home/tianyajun/MARL_for_COFs/cof_symmetry_pipeline/output/pycofbuilder/xyz/mol_000314.xyz,pycofbuilder,8.361096387527248e-06,1.8196418288004765e-05
N#Cc1ccc(-c2nc3cc4sc(-c5ccc(C#N)cc5)nc4cc3s2)cc1,pb_BBTZ_L2,CN_ph,C2,C2h,planar,92.38525359033255,/home/tianyajun/MARL_for_COFs/cof_symmetry_pipeline/output/pycofbuilder/xyz/mol_000315.xyz,pycofbuilder,0.004087326159120369,0.009416613155735387
O=C(O)c1nc2cc3sc(C(=O)O)nc3cc2s1,pb_BBTZ_L2,COOH_direct,C2,C2h,planar,39.98039447211941,/home/tianyajun/MARL_for_COFs/cof_symmetry_pipeline/output/pycofbuilder/xyz/mol_000316.xyz,pycofbuilder,7.508450716421146e-06,1.7581113590181552e-05
O=C(O)c1ccc(-c2nc3cc4sc(-c5ccc(C(=O)O)cc5)nc4cc3s2)cc1,pb_BBTZ_L2,COOH_ph,C2,C2h,planar,55.34742959059732,/home/tianyajun/MARL_for_COFs/cof_symmetry_pipeline/output/pycofbuilder/xyz/mol_000317.xyz,pycofbuilder,0.0005346715428044948,0.0013889332301532387
O=[N+]([O-])c1nc2cc3sc([N+](=O)[O-])nc3cc2s1,pb_BBTZ_L2,NO2_direct,C2,C2h,planar,118.05348319157504,/home/tianyajun/MARL_for_COFs/cof_symmetry_pipeline/output/pycofbuilder/xyz/mol_000318.xyz,pycofbuilder,9.427245845324355e-06,1.8015873987684006e-05
O=[N+]([O-])c1ccc(-c2nc3cc4sc(-c5ccc([N+](=O)[O-])cc5)nc4cc3s2)cc1,pb_BBTZ_L2,NO2_ph,C2,C2h,planar,132.75719973975978,/home/tianyajun/MARL_for_COFs/cof_symmetry_pipeline/output/pycofbuilder/xyz/mol_000319.xyz,pycofbuilder,2.841616265462709e-05,6.317344328254926e-05
Oc1nc2cc3sc(O)nc3cc2s1,pb_BBTZ_L2,OH_direct,C2,C2h,planar,-41.969804973454856,/home/tianyajun/MARL_for_COFs/cof_symmetry_pipeline/output/pycofbuilder/xyz/mol_000320.xyz,pycofbuilder,1.5387802279457832e-06,3.8152624793896805e-06
Oc1ccc(-c2nc3cc4sc(-c5ccc(O)cc5)nc4cc3s2)cc1,pb_BBTZ_L2,OH_ph,C2,C2h,planar,42.77673272430241,/home/tianyajun/MARL_for_COFs/cof_symmetry_pipeline/output/pycofbuilder/xyz/mol_000321.xyz,pycofbuilder,2.4650889249572828e-05,5.895648470666259e-05
Sc1nc2cc3sc(S)nc3cc2s1,pb_BBTZ_L2,SH_direct,C2,C2h,planar,-15.345725990217304,/home/tianyajun/MARL_for_COFs/cof_symmetry_pipeline/output/pycofbuilder/xyz/mol_000322.xyz,pycofbuilder,2.0629775573928253e-05,4.948164326079585e-05
[N-]=[N+]=Nc1nc2cc3sc(N=[N+]=[N-])nc3cc2s1,pb_BBTZ_L2,N3_direct,C2,C2h,planar,-46.66595690298874,/home/tianyajun/MARL_for_COFs/cof_symmetry_pipeline/output/pycofbuilder/xyz/mol_000323.xyz,pycofbuilder,5.879699102493798e-06,1.3700746469336167e-05
C=Cc1nc2cc3sc(C=C)nc3cc2s1,pb_BBTZ_L2,vinyl_direct,C2,C2h,planar,19.26397168605621,/home/tianyajun/MARL_for_COFs/cof_symmetry_pipeline/output/pycofbuilder/xyz/mol_000324.xyz,pycofbuilder,7.344201773912452e-06,1.2444857569585133e-05
C#Cc1nc2cc3sc(C#C)nc3cc2s1,pb_BBTZ_L2,ethynyl_direct,C2,C2h,planar,12.693541852436828,/home/tianyajun/MARL_for_COFs/cof_symmetry_pipeline/output/pycofbuilder/xyz/mol_000325.xyz,pycofbuilder,2.0869406833127153e-05,4.7216225023495595e-05
Cc1nc2cc3sc(C)nc3cc2s1,pb_BBTZ_L2,methyl_direct,C2,C2h,planar,12.086625706588354,/home/tianyajun/MARL_for_COFs/cof_symmetry_pipeline/output/pycofbuilder/xyz/mol_000326.xyz,pycofbuilder,0.37951763689488033,0.8900481366046281
Cc1ccc(-c2nc3cc4sc(-c5ccc(C)cc5)nc4cc3s2)cc1,pb_BBTZ_L2,methyl_ph,C2,C2,planar,69.20614995531523,/home/tianyajun/MARL_for_COFs/cof_symmetry_pipeline/output/pycofbuilder/xyz/mol_000327.xyz,pycofbuilder,0.278971944715202,1.0426433507690294
O=C=Nc1nc2cc3sc(N=C=O)nc3cc2s1,pb_BBTZ_L2,NCO_direct,C2,C2h,planar,-50.66173417438945,/home/tianyajun/MARL_for_COFs/cof_symmetry_pipeline/output/pycofbuilder/xyz/mol_000328.xyz,pycofbuilder,2.1476156113859377e-05,6.0028167627845797e-05
S=C=Nc1nc2cc3sc(N=C=S)nc3cc2s1,pb_BBTZ_L2,NCS_direct,C2,C2h,planar,-36.94601506558686,/home/tianyajun/MARL_for_COFs/cof_symmetry_pipeline/output/pycofbuilder/xyz/mol_000329.xyz,pycofbuilder,8.388535401789365e-07,2.070909740137239e-06
O=S(=O)(O)c1nc2cc3sc(S(=O)(=O)O)nc3cc2s1,pb_BBTZ_L2,SO3H_direct,C2,C2,nonplanar,41.08835864461084,/home/tianyajun/MARL_for_COFs/cof_symmetry_pipeline/output/pycofbuilder/xyz/mol_000330.xyz,pycofbuilder,0.5197045804970998,1.379249840105878
O=P(O)(O)c1nc2cc3sc(P(=O)(O)O)nc3cc2s1,pb_BBTZ_L2,PO3H2_direct,C2,C2,nonplanar,-103.33089266998084,/home/tianyajun/MARL_for_COFs/cof_symmetry_pipeline/output/pycofbuilder/xyz/mol_000331.xyz,pycofbuilder,0.7769167870590682,1.808966034180123
FC(F)(F)c1nc2cc3sc(C(F)(F)F)nc3cc2s1,pb_BBTZ_L2,CF3_direct,C2,C2h,planar,107.55856178269543,/home/tianyajun/MARL_for_COFs/cof_symmetry_pipeline/output/pycofbuilder/xyz/mol_000332.xyz,pycofbuilder,0.4651565206034485,1.090903785813228
FC(F)(F)c1ccc(-c2nc3cc4sc(-c5ccc(C(F)(F)F)cc5)nc4cc3s2)cc1,pb_BBTZ_L2,CF3_ph,C2,C2,planar,119.50099533010938,/home/tianyajun/MARL_for_COFs/cof_symmetry_pipeline/output/pycofbuilder/xyz/mol_000333.xyz,pycofbuilder,0.3361543562529568,1.2734081793622836
Clc1nc2cc3sc(Cl)nc3cc2s1,pb_BBTZ_L2,Cl_direct,C2,C2h,planar,1.2147842113005485,/home/tianyajun/MARL_for_COFs/cof_symmetry_pipeline/output/pycofbuilder/xyz/mol_000334.xyz,pycofbuilder,3.324655327093192e-06,7.576517150331696e-06
Clc1ccc(-c2nc3cc4sc(-c5ccc(Cl)cc5)nc4cc3s2)cc1,pb_BBTZ_L2,Cl_ph,C2,C2h,planar,62.08660992574441,/home/tianyajun/MARL_for_COFs/cof_symmetry_pipeline/output/pycofbuilder/xyz/mol_000335.xyz,pycofbuilder,2.5229037064336523e-05,5.957390417132835e-05
COC(=O)c1nc2cc3sc(C(=O)OC)nc3cc2s1,pb_BBTZ_L2,COOMe_direct,C2,C2h,planar,70.86000556488233,/home/tianyajun/MARL_for_COFs/cof_symmetry_pipeline/output/pycofbuilder/xyz/mol_000336.xyz,pycofbuilder,0.3405119306801285,0.9009301067982789
NC(=O)c1nc2cc3sc(C(N)=O)nc3cc2s1,pb_BBTZ_L2,CONH2_direct,C2,C2h,planar,15.279198689003223,/home/tianyajun/MARL_for_COFs/cof_symmetry_pipeline/output/pycofbuilder/xyz/mol_000337.xyz,pycofbuilder,5.786573245047216e-07,1.5961382380247358e-06
COc1nc2cc3sc(OC)nc3cc2s1,pb_BBTZ_L2,OMe_direct,C2,C2h,planar,-3.5436166764097834,/home/tianyajun/MARL_for_COFs/cof_symmetry_pipeline/output/pycofbuilder/xyz/mol_000338.xyz,pycofbuilder,0.3685514868600584,0.9027656375765929
COc1ccc(-c2nc3cc4sc(-c5ccc(OC)cc5)nc4cc3s2)cc1,pb_BBTZ_L2,OMe_ph,C2,C2h,planar,71.62449927738005,/home/tianyajun/MARL_for_COFs/cof_symmetry_pipeline/output/pycofbuilder/xyz/mol_000339.xyz,pycofbuilder,0.27243115326959516,0.904499199019374
O=C(Cl)c1nc2cc3sc(C(=O)Cl)nc3cc2s1,pb_BBTZ_L2,COCl_direct,C2,C2h,planar,87.00689626917229,/home/tianyajun/MARL_for_COFs/cof_symmetry_pipeline/output/pycofbuilder/xyz/mol_000340.xyz,pycofbuilder,5.249513737661979e-06,1.1952308512030996e-05
CC(=O)c1nc2cc3sc(C(C)=O)nc3cc2s1,pb_BBTZ_L2,acetyl_direct,C2,C2h,planar,61.279210605425625,/home/tianyajun/MARL_for_COFs/cof_symmetry_pipeline/output/pycofbuilder/xyz/mol_000341.xyz,pycofbuilder,0.35191532686702054,0.8973865027284833
CC(=O)c1ccc(-c2nc3cc4sc(-c5ccc(C(C)=O)cc5)nc4cc3s2)cc1,pb_BBTZ_L2,acetyl_ph,C2,C2h,planar,102.75788357184636,/home/tianyajun/MARL_for_COFs/cof_symmetry_pipeline/output/pycofbuilder/xyz/mol_000342.xyz,pycofbuilder,0.26559418334558704,0.9007493531168111
NS(=O)(=O)c1nc2cc3sc(S(N)(=O)=O)nc3cc2s1,pb_BBTZ_L2,SO2NH2_direct,C2,C2,nonplanar,-25.15535770006592,/home/tianyajun/MARL_for_COFs/cof_symmetry_pipeline/output/pycofbuilder/xyz/mol_000343.xyz,pycofbuilder,0.5889214867762521,1.3310795559451387
O=CC#Cc1nc2cc3sc(C#CC=O)nc3cc2s1,pb_BBTZ_L2,CCCHO_direct,C2,C2h,planar,2.57782676671488,/home/tianyajun/MARL_for_COFs/cof_symmetry_pipeline/output/pycofbuilder/xyz/mol_000344.xyz,pycofbuilder,8.750031305039297e-05,0.0002751295339225718
NC#Cc1nc2cc3sc(C#CN)nc3cc2s1,pb_BBTZ_L2,CCNH2_direct,C2,C2h,planar,9.120259538780298,/home/tianyajun/MARL_for_COFs/cof_symmetry_pipeline/output/pycofbuilder/xyz/mol_000345.xyz,pycofbuilder,0.3358310399028343,0.8226165115527786
N#CC#Cc1nc2cc3sc(C#CC#N)nc3cc2s1,pb_BBTZ_L2,CCCN_direct,C2,C2h,planar,-1.3910898097446245,/home/tianyajun/MARL_for_COFs/cof_symmetry_pipeline/output/pycofbuilder/xyz/mol_000346.xyz,pycofbuilder,1.5672349920878137e-05,3.6005086170576295e-05
O=C(O)C#Cc1nc2cc3sc(C#CC(=O)O)nc3cc2s1,pb_BBTZ_L2,CCCOOH_direct,C2,C2,planar,-64.13032621836852,/home/tianyajun/MARL_for_COFs/cof_symmetry_pipeline/output/pycofbuilder/xyz/mol_000347.xyz,pycofbuilder,0.4806546020974638,1.04443861123567
O=[N+]([O-])C#Cc1nc2cc3sc(C#C[N+](=O)[O-])nc3cc2s1,pb_BBTZ_L2,CCNO2_direct,C2,C2h,planar,-9.53213037521714,/home/tianyajun/MARL_for_COFs/cof_symmetry_pipeline/output/pycofbuilder/xyz/mol_000348.xyz,pycofbuilder,0.45182318387326836,1.1073640871891735
OC#Cc1nc2cc3sc(C#CO)nc3cc2s1,pb_BBTZ_L2,CCOH_direct,C2,C2h,planar,6.9958525653462384,/home/tianyajun/MARL_for_COFs/cof_symmetry_pipeline/output/pycofbuilder/xyz/mol_000349.xyz,pycofbuilder,1.8404080095078838e-06,6.686387032939223e-06
FC(F)(F)C#Cc1nc2cc3sc(C#CC(F)(F)F)nc3cc2s1,pb_BBTZ_L2,CCCF3_direct,C2,C2,planar,3.307301643990449,/home/tianyajun/MARL_for_COFs/cof_symmetry_pipeline/output/pycofbuilder/xyz/mol_000350.xyz,pycofbuilder,0.4291186353579962,1.1923132537657621
O=C=NC#Cc1nc2cc3sc(C#CN=C=O)nc3cc2s1,pb_BBTZ_L2,CCNCO_direct,C2,C2h,planar,-1.6100103936787002,/home/tianyajun/MARL_for_COFs/cof_symmetry_pipeline/output/pycofbuilder/xyz/mol_000351.xyz,pycofbuilder,0.0222629065555571,0.08247356715816245
CC(=O)C#Cc1nc2cc3sc(C#CC(C)=O)nc3cc2s1,pb_BBTZ_L2,CCacetyl_direct,C2,C2h,planar,6.100076067198171,/home/tianyajun/MARL_for_COFs/cof_symmetry_pipeline/output/pycofbuilder/xyz/mol_000352.xyz,pycofbuilder,0.3270969241856647,0.8992147715452012
COC(=O)C#Cc1nc2cc3sc(C#CC(=O)OC)nc3cc2s1,pb_BBTZ_L2,CCCOOMe_direct,C2,C2,planar,-22.93241977700138,/home/tianyajun/MARL_for_COFs/cof_symmetry_pipeline/output/pycofbuilder/xyz/mol_000353.xyz,pycofbuilder,0.4814390304029148,1.0713076362124345
O=COc1nc2cc3sc(OC=O)nc3cc2s1,pb_BBTZ_L2,OCHO_direct,C2,C2,nonplanar,-10.737767098668732,/home/tianyajun/MARL_for_COFs/cof_symmetry_pipeline/output/pycofbuilder/xyz/mol_000354.xyz,pycofbuilder,0.7517010795697784,1.8901798635642093
N#COc1nc2cc3sc(OC#N)nc3cc2s1,pb_BBTZ_L2,OCN_direct,C2,C2h,planar,-20.85196407638538,/home/tianyajun/MARL_for_COFs/cof_symmetry_pipeline/output/pycofbuilder/xyz/mol_000355.xyz,pycofbuilder,2.320919027410688e-06,4.93927083866641e-06
CC(=O)Oc1nc2cc3sc(OC(C)=O)nc3cc2s1,pb_BBTZ_L2,Oacetyl_direct,C2,C2,nonplanar,-11.360700324415989,/home/tianyajun/MARL_for_COFs/cof_symmetry_pipeline/output/pycofbuilder/xyz/mol_000356.xyz,pycofbuilder,0.8003065253466193,1.7354448280226211
O=CNc1nc2cc3sc(NC=O)nc3cc2s1,pb_BBTZ_L2,NHCHO_direct,C2,C2h,planar,-78.82630662833391,/home/tianyajun/MARL_for_COFs/cof_symmetry_pipeline/output/pycofbuilder/xyz/mol_000357.xyz,pycofbuilder,7.637770558887319e-06,1.3584390674004077e-05
CC(=O)Nc1nc2cc3sc(NC(C)=O)nc3cc2s1,pb_BBTZ_L2,NHacetyl_direct,C2,C2,planar,-72.91088610588511,/home/tianyajun/MARL_for_COFs/cof_symmetry_pipeline/output/pycofbuilder/xyz/mol_000358.xyz,pycofbuilder,0.327280644520895,1.0356194285216598
N#CNc1nc2cc3sc(NC#N)nc3cc2s1,pb_BBTZ_L2,NHCN_direct,C2,C2,planar,-117.53222540471124,/home/tianyajun/MARL_for_COFs/cof_symmetry_pipeline/output/pycofbuilder/xyz/mol_000359.xyz,pycofbuilder,0.3499752525161199,0.9665641094865438
N#CSc1nc2cc3sc(SC#N)nc3cc2s1,pb_BBTZ_L2,SCN_direct,C2,C2,nonplanar,-21.08894379959476,/home/tianyajun/MARL_for_COFs/cof_symmetry_pipeline/output/pycofbuilder/xyz/mol_000361.xyz,pycofbuilder,0.5865746724888632,1.4921162397445613
[N-]=[N+]=Nc1ccc(-c2nc3cc4sc(-c5ccc(N=[N+]=[N-])cc5)nc4cc3s2)cc1,pb_BBTZ_L2,N3_ph,C2,C2,nonplanar,49.96949754903503,/home/tianyajun/MARL_for_COFs/cof_symmetry_pipeline/output/pycofbuilder/xyz/mol_000362.xyz,pycofbuilder,0.5238782136247705,2.0101521308532067
Brc1nc2cc3sc(Br)nc3cc2s1,pb_BBTZ_L2,Br_direct,C2,C2h,planar,2.931036792700532,/home/tianyajun/MARL_for_COFs/cof_symmetry_pipeline/output/pycofbuilder/xyz/mol_000363.xyz,pycofbuilder,1.1662124345485696e-06,2.7835318907598605e-06
Ic1nc2cc3sc(I)nc3cc2s1,pb_BBTZ_L2,I_direct,C2,C2h,planar,3.381112388784046,/home/tianyajun/MARL_for_COFs/cof_symmetry_pipeline/output/pycofbuilder/xyz/mol_000364.xyz,pycofbuilder,1.0256425302079753e-06,2.5914742338706276e-06
C[Si](C)(C)c1nc2cc3sc([Si](C)(C)C)nc3cc2s1,pb_BBTZ_L2,SiMe3_direct,C2,C2h,nonplanar,30.23473101424104,/home/tianyajun/MARL_for_COFs/cof_symmetry_pipeline/output/pycofbuilder/xyz/mol_000365.xyz,pycofbuilder,1.1865553647936773,2.439559426585323
O=S(=O)(Cl)c1nc2cc3sc(S(=O)(=O)Cl)nc3cc2s1,pb_BBTZ_L2,SO2Cl_direct,C2,C2,nonplanar,140.94803806498516,/home/tianyajun/MARL_for_COFs/cof_symmetry_pipeline/output/pycofbuilder/xyz/mol_000368.xyz,pycofbuilder,0.6145849773489124,1.7041776027987607
O=P(Cl)(Cl)c1nc2cc3sc(P(=O)(Cl)Cl)nc3cc2s1,pb_BBTZ_L2,POCl2_direct,C2,C2h,nonplanar,130.68117001349424,/home/tianyajun/MARL_for_COFs/cof_symmetry_pipeline/output/pycofbuilder/xyz/mol_000369.xyz,pycofbuilder,0.6755674923691736,1.5848815912753924
O=C(O)c1ccc(-c2ccc(-c3nc4cc5sc(-c6ccc(-c7ccc(C(=O)O)cc7)cc6)nc5cc4s3)cc2)cc1,pb_BBTZ_L2,COOH_phph,C2,C2,nonplanar,99.83575009398824,/home/tianyajun/MARL_for_COFs/cof_symmetry_pipeline/output/pycofbuilder/xyz/mol_000370.xyz,pycofbuilder,0.712452939985068,1.6691367152653962
N#Cc1ccc(-c2ccc(-c3nc4cc5sc(-c6ccc(-c7ccc(C#N)cc7)cc6)nc5cc4s3)cc2)cc1,pb_BBTZ_L2,CN_phph,C2,C2,nonplanar,136.45172500311074,/home/tianyajun/MARL_for_COFs/cof_symmetry_pipeline/output/pycofbuilder/xyz/mol_000371.xyz,pycofbuilder,0.7286465277652505,1.7192108287294576
O=[N+]([O-])c1ccc(-c2ccc(-c3nc4cc5sc(-c6ccc(-c7ccc([N+](=O)[O-])cc7)cc6)nc5cc4s3)cc2)cc1,pb_BBTZ_L2,NO2_phph,C2,C2,nonplanar,176.4365107994327,/home/tianyajun/MARL_for_COFs/cof_symmetry_pipeline/output/pycofbuilder/xyz/mol_000372.xyz,pycofbuilder,0.7168283529709272,1.6628133766418784
Oc1ccc(-c2ccc(-c3nc4cc5sc(-c6ccc(-c7ccc(O)cc7)cc6)nc5cc4s3)cc2)cc1,pb_BBTZ_L2,OH_phph,C2,C2,nonplanar,87.59684020996971,/home/tianyajun/MARL_for_COFs/cof_symmetry_pipeline/output/pycofbuilder/xyz/mol_000373.xyz,pycofbuilder,0.7155187747417724,1.6908947830432857
N#CCc1nc2cc3sc(CC#N)nc3cc2s1,pb_BBTZ_L2,PB_CHCN,C2,C2,nonplanar,21.96026854807605,/home/tianyajun/MARL_for_COFs/cof_symmetry_pipeline/output/pycofbuilder/xyz/mol_000374.xyz,pycofbuilder,0.7996045885160514,2.19045602986461
O=C(CCO)c1nc2cc3sc(C(=O)CCO)nc3cc2s1,pb_BBTZ_L2,PB_COCHCHOH,C2,C2,nonplanar,51.30101389721962,/home/tianyajun/MARL_for_COFs/cof_symmetry_pipeline/output/pycofbuilder/xyz/mol_000376.xyz,pycofbuilder,0.8612433889823714,1.7084310586235096
NNC(=O)c1nc2cc3sc(C(=O)NN)nc3cc2s1,pb_BBTZ_L2,PB_CONHNH2,C2,C2,planar,189.02651515880183,/home/tianyajun/MARL_for_COFs/cof_symmetry_pipeline/output/pycofbuilder/xyz/mol_000377.xyz,pycofbuilder,0.2922427715274096,0.8568023471008996
[O]C(=O)c1nc2cc3sc(C([O])=O)nc3cc2s1,pb_BBTZ_L2,PB_COOH,C2,C2h,planar,175.95961731977908,/home/tianyajun/MARL_for_COFs/cof_symmetry_pipeline/output/pycofbuilder/xyz/mol_000378.xyz,pycofbuilder,1.4191868733952874e-05,3.3318810075871896e-05
ONc1nc2cc3sc(NO)nc3cc2s1,pb_BBTZ_L2,PB_NHOH,C2,C2,planar,16.181093215113798,/home/tianyajun/MARL_for_COFs/cof_symmetry_pipeline/output/pycofbuilder/xyz/mol_000379.xyz,pycofbuilder,0.13093584739673544,0.31783420200784024
O=Cc1cc2cc3oc(C=O)cc3cc2o1,pb_BDFN_L2,CHO_direct,C2,C2h,planar,34.88690965146033,/home/tianyajun/MARL_for_COFs/cof_symmetry_pipeline/output/pycofbuilder/xyz/mol_000380.xyz,pycofbuilder,6.81461526271631e-07,1.6525026846903046e-06
O=Cc1ccc(-c2cc3cc4oc(-c5ccc(C=O)cc5)cc4cc3o2)cc1,pb_BDFN_L2,CHO_ph,C2,C2h,planar,78.57190193928075,/home/tianyajun/MARL_for_COFs/cof_symmetry_pipeline/output/pycofbuilder/xyz/mol_000381.xyz,pycofbuilder,1.5795651769515187e-05,3.535500870611996e-05
O=Cc1ccc(-c2ccc(-c3cc4cc5oc(-c6ccc(-c7ccc(C=O)cc7)cc6)cc5cc4o3)cc2)cc1,pb_BDFN_L2,CHO_phph,C2,D2,nonplanar,122.95407555270866,/home/tianyajun/MARL_for_COFs/cof_symmetry_pipeline/output/pycofbuilder/xyz/mol_000382.xyz,pycofbuilder,0.7397780922557402,1.7403683566491992
Nc1cc2cc3oc(N)cc3cc2o1,pb_BDFN_L2,NH2_direct,C2,C2,planar,-48.33881359423421,/home/tianyajun/MARL_for_COFs/cof_symmetry_pipeline/output/pycofbuilder/xyz/mol_000383.xyz,pycofbuilder,0.10973554188865922,0.26858662992913007
Nc1ccc(-c2cc3cc4oc(-c5ccc(N)cc5)cc4cc3o2)cc1,pb_BDFN_L2,NH2_ph,C2,C2,planar,27.762427581701537,/home/tianyajun/MARL_for_COFs/cof_symmetry_pipeline/output/pycofbuilder/xyz/mol_000384.xyz,pycofbuilder,0.0933098192703803,0.2894222000214245
Nc1ccc(-c2ccc(-c3cc4cc5oc(-c6ccc(-c7ccc(N)cc7)cc6)cc5cc4o3)cc2)cc1,pb_BDFN_L2,NH2_phph,C2,C2,nonplanar,73.16791321105725,/home/tianyajun/MARL_for_COFs/cof_symmetry_pipeline/output/pycofbuilder/xyz/mol_000385.xyz,pycofbuilder,0.7368140228549986,1.7794621252278953
OB(O)c1cc2cc3oc(B(O)O)cc3cc2o1,pb_BDFN_L2,BOH2_direct,C2,C2,planar,86.8654038505608,/home/tianyajun/MARL_for_COFs/cof_symmetry_pipeline/output/pycofbuilder/xyz/mol_000386.xyz,pycofbuilder,0.3430192902352454,0.8067634435641708
OB(O)c1ccc(-c2cc3cc4oc(-c5ccc(B(O)O)cc5)cc4cc3o2)cc1,pb_BDFN_L2,BOH2_ph,C2,C2,planar,116.0846030895223,/home/tianyajun/MARL_for_COFs/cof_symmetry_pipeline/output/pycofbuilder/xyz/mol_000387.xyz,pycofbuilder,0.35957159385369275,1.2553005953263874
C#Cc1ccc(-c2cc3cc4oc(-c5ccc(C#C)cc5)cc4cc3o2)cc1,pb_BDFN_L2,CCH_ph,C2,C2h,planar,47.24979983447756,/home/tianyajun/MARL_for_COFs/cof_symmetry_pipeline/output/pycofbuilder/xyz/mol_000388.xyz,pycofbuilder,3.558892223658561e-05,0.00012717482645285827
C#Cc1ccc(-c2ccc(-c3cc4cc5oc(-c6ccc(-c7ccc(C#C)cc7)cc6)cc5cc4o3)cc2)cc1,pb_BDFN_L2,CCH_phph,C2,D2,nonplanar,92.37417011899342,/home/tianyajun/MARL_for_COFs/cof_symmetry_pipeline/output/pycofbuilder/xyz/mol_000389.xyz,pycofbuilder,0.718033664075827,1.7527499065006027
N#Cc1cc2cc3oc(C#N)cc3cc2o1,pb_BDFN_L2,CN_direct,C2,C2h,planar,36.5876078573665,/home/tianyajun/MARL_for_COFs/cof_symmetry_pipeline/output/pycofbuilder/xyz/mol_000390.xyz,pycofbuilder,1.6711572372294608e-06,3.986838866820719e-06
N#Cc1ccc(-c2cc3cc4oc(-c5ccc(C#N)cc5)cc4cc3o2)cc1,pb_BDFN_L2,CN_ph,C2,C2h,planar,75.35392991863027,/home/tianyajun/MARL_for_COFs/cof_symmetry_pipeline/output/pycofbuilder/xyz/mol_000391.xyz,pycofbuilder,0.00012091054059713809,0.0002582688851899828
O=C(O)c1cc2cc3oc(C(=O)O)cc3cc2o1,pb_BDFN_L2,COOH_direct,C2,C2h,planar,-5.811363515279046,/home/tianyajun/MARL_for_COFs/cof_symmetry_pipeline/output/pycofbuilder/xyz/mol_000392.xyz,pycofbuilder,4.854321418712369e-07,1.4156558161282362e-06
O=C(O)c1ccc(-c2cc3cc4oc(-c5ccc(C(=O)O)cc5)cc4cc3o2)cc1,pb_BDFN_L2,COOH_ph,C2,C2h,planar,38.62443485932509,/home/tianyajun/MARL_for_COFs/cof_symmetry_pipeline/output/pycofbuilder/xyz/mol_000393.xyz,pycofbuilder,0.00013324967126872344,0.0002906097440777966
O=[N+]([O-])c1cc2cc3oc([N+](=O)[O-])cc3cc2o1,pb_BDFN_L2,NO2_direct,C2,C2h,planar,78.15359201659525,/home/tianyajun/MARL_for_COFs/cof_symmetry_pipeline/output/pycofbuilder/xyz/mol_000394.xyz,pycofbuilder,4.177305467923117e-05,9.449735940698922e-05
O=[N+]([O-])c1ccc(-c2cc3cc4oc(-c5ccc([N+](=O)[O-])cc5)cc4cc3o2)cc1,pb_BDFN_L2,NO2_ph,C2,C2h,planar,115.4243641730656,/home/tianyajun/MARL_for_COFs/cof_symmetry_pipeline/output/pycofbuilder/xyz/mol_000395.xyz,pycofbuilder,2.0613539910504943e-05,5.2540121664890194e-05
Oc1cc2cc3oc(O)cc3cc2o1,pb_BDFN_L2,OH_direct,C2,C2h,planar,-33.975163767820106,/home/tianyajun/MARL_for_COFs/cof_symmetry_pipeline/output/pycofbuilder/xyz/mol_000396.xyz,pycofbuilder,1.6267723827218887e-06,4.086163642558205e-06
Oc1ccc(-c2cc3cc4oc(-c5ccc(O)cc5)cc4cc3o2)cc1,pb_BDFN_L2,OH_ph,C2,C2h,planar,26.31905888667196,/home/tianyajun/MARL_for_COFs/cof_symmetry_pipeline/output/pycofbuilder/xyz/mol_000397.xyz,pycofbuilder,2.268273347293177e-05,5.00096610354106e-05
Sc1cc2cc3oc(S)cc3cc2o1,pb_BDFN_L2,SH_direct,C2,C2h,planar,-10.272529391598871,/home/tianyajun/MARL_for_COFs/cof_symmetry_pipeline/output/pycofbuilder/xyz/mol_000398.xyz,pycofbuilder,2.296011371722386e-06,7.278998044424334e-06
[N-]=[N+]=Nc1cc2cc3oc(N=[N+]=[N-])cc3cc2o1,pb_BDFN_L2,N3_direct,C2,C2h,planar,-25.54599099017072,/home/tianyajun/MARL_for_COFs/cof_symmetry_pipeline/output/pycofbuilder/xyz/mol_000399.xyz,pycofbuilder,1.6042402915470055e-05,4.5106923150184386e-05
C=Cc1cc2cc3oc(C=C)cc3cc2o1,pb_BDFN_L2,vinyl_direct,C2,C2h,planar,12.574002872704414,/home/tianyajun/MARL_for_COFs/cof_symmetry_pipeline/output/pycofbuilder/xyz/mol_000400.xyz,pycofbuilder,5.4140790303951425e-06,1.3153156798062504e-05
C#Cc1cc2cc3oc(C#C)cc3cc2o1,pb_BDFN_L2,ethynyl_direct,C2,C2h,planar,5.791108129123515,/home/tianyajun/MARL_for_COFs/cof_symmetry_pipeline/output/pycofbuilder/xyz/mol_000401.xyz,pycofbuilder,1.2899936076685243e-06,2.6768221972339745e-06
Cc1cc2cc3oc(C)cc3cc2o1,pb_BDFN_L2,methyl_direct,C2,C2h,planar,10.69452054383499,/home/tianyajun/MARL_for_COFs/cof_symmetry_pipeline/output/pycofbuilder/xyz/mol_000402.xyz,pycofbuilder,0.36245410792383176,0.8878357155019774
Cc1ccc(-c2cc3cc4oc(-c5ccc(C)cc5)cc4cc3o2)cc1,pb_BDFN_L2,methyl_ph,C2,C2,planar,53.09257684803544,/home/tianyajun/MARL_for_COFs/cof_symmetry_pipeline/output/pycofbuilder/xyz/mol_000403.xyz,pycofbuilder,0.269468756824727,1.0526234301432054
O=C=Nc1cc2cc3oc(N=C=O)cc3cc2o1,pb_BDFN_L2,NCO_direct,C2,C2h,planar,-25.55653342039632,/home/tianyajun/MARL_for_COFs/cof_symmetry_pipeline/output/pycofbuilder/xyz/mol_000404.xyz,pycofbuilder,6.009550875248667e-06,2.0928843350191684e-05
S=C=Nc1cc2cc3oc(N=C=S)cc3cc2o1,pb_BDFN_L2,NCS_direct,C2,C2h,planar,-19.45392509437588,/home/tianyajun/MARL_for_COFs/cof_symmetry_pipeline/output/pycofbuilder/xyz/mol_000405.xyz,pycofbuilder,9.963416988706229e-06,3.461369289947669e-05
O=S(=O)(O)c1cc2cc3oc(S(=O)(=O)O)cc3cc2o1,pb_BDFN_L2,SO3H_direct,C2,C2,nonplanar,-23.816897017184623,/home/tianyajun/MARL_for_COFs/cof_symmetry_pipeline/output/pycofbuilder/xyz/mol_000406.xyz,pycofbuilder,0.5154860633145243,1.3633610012498485
O=P(O)(O)c1cc2cc3oc(P(=O)(O)O)cc3cc2o1,pb_BDFN_L2,PO3H2_direct,C2,C2,nonplanar,-195.2071853304888,/home/tianyajun/MARL_for_COFs/cof_symmetry_pipeline/output/pycofbuilder/xyz/mol_000407.xyz,pycofbuilder,0.6284586348896527,1.4483734411955596
FC(F)(F)c1cc2cc3oc(C(F)(F)F)cc3cc2o1,pb_BDFN_L2,CF3_direct,C2,C2h,planar,71.33749361096136,/home/tianyajun/MARL_for_COFs/cof_symmetry_pipeline/output/pycofbuilder/xyz/mol_000408.xyz,pycofbuilder,0.4458018453861996,1.0920299653452112
FC(F)(F)c1ccc(-c2cc3cc4oc(-c5ccc(C(F)(F)F)cc5)cc4cc3o2)cc1,pb_BDFN_L2,CF3_ph,C2,C2,planar,102.8369993096837,/home/tianyajun/MARL_for_COFs/cof_symmetry_pipeline/output/pycofbuilder/xyz/mol_000409.xyz,pycofbuilder,0.3279545274376496,1.2772324710124994
Clc1cc2cc3oc(Cl)cc3cc2o1,pb_BDFN_L2,Cl_direct,C2,C2h,planar,-0.8805961000745417,/home/tianyajun/MARL_for_COFs/cof_symmetry_pipeline/output/pycofbuilder/xyz/mol_000410.xyz,pycofbuilder,7.852989947341253e-07,1.5991293597084066e-06
Clc1ccc(-c2cc3cc4oc(-c5ccc(Cl)cc5)cc4cc3o2)cc1,pb_BDFN_L2,Cl_ph,C2,C2h,planar,45.233234491592896,/home/tianyajun/MARL_for_COFs/cof_symmetry_pipeline/output/pycofbuilder/xyz/mol_000411.xyz,pycofbuilder,1.9702755373329786e-05,4.886781821684949e-05
COC(=O)c1cc2cc3oc(C(=O)OC)cc3cc2o1,pb_BDFN_L2,COOMe_direct,C2,C2h,planar,34.53977167446482,/home/tianyajun/MARL_for_COFs/cof_symmetry_pipeline/output/pycofbuilder/xyz/mol_000412.xyz,pycofbuilder,0.32904653541466,0.9011427328200843
NC(=O)c1cc2cc3oc(C(N)=O)cc3cc2o1,pb_BDFN_L2,CONH2_direct,C2,C2h,planar,-20.439039359742004,/home/tianyajun/MARL_for_COFs/cof_symmetry_pipeline/output/pycofbuilder/xyz/mol_000413.xyz,pycofbuilder,1.5562514719834105e-05,4.3884942254379666e-05
COc1cc2cc3oc(OC)cc3cc2o1,pb_BDFN_L2,OMe_direct,C2,C2h,planar,-4.8159530998976425,/home/tianyajun/MARL_for_COFs/cof_symmetry_pipeline/output/pycofbuilder/xyz/mol_000414.xyz,pycofbuilder,0.3534452490545248,0.9011141687890749
COc1ccc(-c2cc3cc4oc(-c5ccc(OC)cc5)cc4cc3o2)cc1,pb_BDFN_L2,OMe_ph,C2,C2h,planar,55.2634865222348,/home/tianyajun/MARL_for_COFs/cof_symmetry_pipeline/output/pycofbuilder/xyz/mol_000415.xyz,pycofbuilder,0.266446325728847,0.9035875341697868
O=C(Cl)c1cc2cc3oc(C(=O)Cl)cc3cc2o1,pb_BDFN_L2,COCl_direct,C2,C2h,planar,62.07701924213945,/home/tianyajun/MARL_for_COFs/cof_symmetry_pipeline/output/pycofbuilder/xyz/mol_000416.xyz,pycofbuilder,9.389212952685966e-06,2.322162379586601e-05
CC(=O)c1cc2cc3oc(C(C)=O)cc3cc2o1,pb_BDFN_L2,acetyl_direct,C2,C2h,planar,41.22492904472202,/home/tianyajun/MARL_for_COFs/cof_symmetry_pipeline/output/pycofbuilder/xyz/mol_000417.xyz,pycofbuilder,0.33905416860516885,0.897068373436769
CC(=O)c1ccc(-c2cc3cc4oc(-c5ccc(C(C)=O)cc5)cc4cc3o2)cc1,pb_BDFN_L2,acetyl_ph,C2,C2h,planar,85.89947420272337,/home/tianyajun/MARL_for_COFs/cof_symmetry_pipeline/output/pycofbuilder/xyz/mol_000418.xyz,pycofbuilder,0.26000777820374454,0.9007986174403171
NS(=O)(=O)c1cc2cc3oc(S(N)(=O)=O)cc3cc2o1,pb_BDFN_L2,SO2NH2_direct,C2,C2h,nonplanar,-96.69410908204212,/home/tianyajun/MARL_for_COFs/cof_symmetry_pipeline/output/pycofbuilder/xyz/mol_000419.xyz,pycofbuilder,0.5794438999570071,1.2725245053010494
O=CC#Cc1cc2cc3oc(C#CC=O)cc3cc2o1,pb_BDFN_L2,CCCHO_direct,C2,C2h,planar,2.135349640478409,/home/tianyajun/MARL_for_COFs/cof_symmetry_pipeline/output/pycofbuilder/xyz/mol_000420.xyz,pycofbuilder,2.5228253053452303e-06,8.23929051918526e-06
NC#Cc1cc2cc3oc(C#CN)cc3cc2o1,pb_BDFN_L2,CCNH2_direct,C2,C2h,planar,3.2619894181452573,/home/tianyajun/MARL_for_COFs/cof_symmetry_pipeline/output/pycofbuilder/xyz/mol_000421.xyz,pycofbuilder,0.3226873691085429,0.8227023001057174
N#CC#Cc1cc2cc3oc(C#CC#N)cc3cc2o1,pb_BDFN_L2,CCCN_direct,C2,C2h,planar,1.5497578106241336,/home/tianyajun/MARL_for_COFs/cof_symmetry_pipeline/output/pycofbuilder/xyz/mol_000422.xyz,pycofbuilder,2.6256085860955e-06,5.668015548021543e-06
O=C(O)C#Cc1cc2cc3oc(C#CC(=O)O)cc3cc2o1,pb_BDFN_L2,CCCOOH_direct,C2,C2h,planar,-62.49856338316752,/home/tianyajun/MARL_for_COFs/cof_symmetry_pipeline/output/pycofbuilder/xyz/mol_000423.xyz,pycofbuilder,0.013144118763772042,0.03939207372818054
O=[N+]([O-])C#Cc1cc2cc3oc(C#C[N+](=O)[O-])cc3cc2o1,pb_BDFN_L2,CCNO2_direct,C2,C2h,planar,-0.4028545157205143,/home/tianyajun/MARL_for_COFs/cof_symmetry_pipeline/output/pycofbuilder/xyz/mol_000424.xyz,pycofbuilder,3.340989820407045e-05,0.00011928996677856851
OC#Cc1cc2cc3oc(C#CO)cc3cc2o1,pb_BDFN_L2,CCOH_direct,C2,C2h,planar,3.7557372577433625,/home/tianyajun/MARL_for_COFs/cof_symmetry_pipeline/output/pycofbuilder/xyz/mol_000425.xyz,pycofbuilder,3.138660512029381e-06,1.3343697905079943e-05
FC(F)(F)C#Cc1cc2cc3oc(C#CC(F)(F)F)cc3cc2o1,pb_BDFN_L2,CCCF3_direct,C2,C2h,planar,3.954446327823813,/home/tianyajun/MARL_for_COFs/cof_symmetry_pipeline/output/pycofbuilder/xyz/mol_000426.xyz,pycofbuilder,0.4134526421526247,1.113237025841197
O=C=NC#Cc1cc2cc3oc(C#CN=C=O)cc3cc2o1,pb_BDFN_L2,CCNCO_direct,C2,C2h,planar,-2.567841193514048,/home/tianyajun/MARL_for_COFs/cof_symmetry_pipeline/output/pycofbuilder/xyz/mol_000427.xyz,pycofbuilder,0.014831796574515615,0.05779764272583465
CC(=O)C#Cc1cc2cc3oc(C#CC(C)=O)cc3cc2o1,pb_BDFN_L2,CCacetyl_direct,C2,C2h,planar,5.7008061679588335,/home/tianyajun/MARL_for_COFs/cof_symmetry_pipeline/output/pycofbuilder/xyz/mol_000428.xyz,pycofbuilder,0.31705987549680925,0.9351821636775912
COC(=O)C#Cc1cc2cc3oc(C#CC(=O)OC)cc3cc2o1,pb_BDFN_L2,CCCOOMe_direct,C2,C2,planar,-21.40247782977817,/home/tianyajun/MARL_for_COFs/cof_symmetry_pipeline/output/pycofbuilder/xyz/mol_000429.xyz,pycofbuilder,0.3422470565770047,1.0155932822791607
O=COc1cc2cc3oc(OC=O)cc3cc2o1,pb_BDFN_L2,OCHO_direct,C2,C2h,planar,1.8203199128295928,/home/tianyajun/MARL_for_COFs/cof_symmetry_pipeline/output/pycofbuilder/xyz/mol_000430.xyz,pycofbuilder,2.02954939382093e-06,5.886651749859029e-06
N#COc1cc2cc3oc(OC#N)cc3cc2o1,pb_BDFN_L2,OCN_direct,C2,C2h,planar,1.2524922740223143,/home/tianyajun/MARL_for_COFs/cof_symmetry_pipeline/output/pycofbuilder/xyz/mol_000431.xyz,pycofbuilder,5.817538492052406e-07,1.172450805775327e-06
CC(=O)Oc1cc2cc3oc(OC(C)=O)cc3cc2o1,pb_BDFN_L2,Oacetyl_direct,C2,C2h,planar,1.2741692086547545,/home/tianyajun/MARL_for_COFs/cof_symmetry_pipeline/output/pycofbuilder/xyz/mol_000432.xyz,pycofbuilder,0.3282406816269,0.8989316545970236
O=CNc1cc2cc3oc(NC=O)cc3cc2o1,pb_BDFN_L2,NHCHO_direct,C2,C2h,planar,-45.44609871479543,/home/tianyajun/MARL_for_COFs/cof_symmetry_pipeline/output/pycofbuilder/xyz/mol_000433.xyz,pycofbuilder,3.3227006182900735e-06,8.346018604332706e-06
CC(=O)Nc1cc2cc3oc(NC(C)=O)cc3cc2o1,pb_BDFN_L2,NHacetyl_direct,C2,C2,planar,-39.39560328141195,/home/tianyajun/MARL_for_COFs/cof_symmetry_pipeline/output/pycofbuilder/xyz/mol_000434.xyz,pycofbuilder,0.3168372299795214,1.037134109573015
N#CNc1cc2cc3oc(NC#N)cc3cc2o1,pb_BDFN_L2,NHCN_direct,C2,C2,planar,-82.58494646965126,/home/tianyajun/MARL_for_COFs/cof_symmetry_pipeline/output/pycofbuilder/xyz/mol_000435.xyz,pycofbuilder,0.4135671720706424,1.1990251575652329
N#CSc1cc2cc3oc(SC#N)cc3cc2o1,pb_BDFN_L2,SCN_direct,C2,C2h,planar,-5.7189941023089785,/home/tianyajun/MARL_for_COFs/cof_symmetry_pipeline/output/pycofbuilder/xyz/mol_000437.xyz,pycofbuilder,1.2998043178559381e-05,3.925211787075833e-05
[N-]=[N+]=Nc1ccc(-c2cc3cc4oc(-c5ccc(N=[N+]=[N-])cc5)cc4cc3o2)cc1,pb_BDFN_L2,N3_ph,C2,C2,nonplanar,33.168266892013364,/home/tianyajun/MARL_for_COFs/cof_symmetry_pipeline/output/pycofbuilder/xyz/mol_000438.xyz,pycofbuilder,0.5154827072699983,2.029717350320522
Brc1cc2cc3oc(Br)cc3cc2o1,pb_BDFN_L2,Br_direct,C2,C2h,planar,1.351616537343446,/home/tianyajun/MARL_for_COFs/cof_symmetry_pipeline/output/pycofbuilder/xyz/mol_000439.xyz,pycofbuilder,1.5661919017282365e-06,4.005794430342324e-06
Ic1cc2cc3oc(I)cc3cc2o1,pb_BDFN_L2,I_direct,C2,C2h,planar,2.4667908497186857,/home/tianyajun/MARL_for_COFs/cof_symmetry_pipeline/output/pycofbuilder/xyz/mol_000440.xyz,pycofbuilder,4.018808003113529e-06,1.043947933432321e-05
C[Si](C)(C)c1cc2cc3oc([Si](C)(C)C)cc3cc2o1,pb_BDFN_L2,SiMe3_direct,C2,C2h,nonplanar,25.134841430469656,/home/tianyajun/MARL_for_COFs/cof_symmetry_pipeline/output/pycofbuilder/xyz/mol_000441.xyz,pycofbuilder,1.1603468802079018,2.4482478368435725
[CH3][Sn]([CH3])([CH3])[c]1cc2cc3o[c]([Sn]([CH3])([CH3])[CH3])cc3cc2o1,pb_BDFN_L2,SnMe3_direct,C2,C2,nonplanar,83.01579554214636,/home/tianyajun/MARL_for_COFs/cof_symmetry_pipeline/output/pycofbuilder/xyz/mol_000442.xyz,pycofbuilder,1.2739002715860126,2.6855952883533494
O=S(=O)(Cl)c1cc2cc3oc(S(=O)(=O)Cl)cc3cc2o1,pb_BDFN_L2,SO2Cl_direct,C2,C2,nonplanar,86.81444729723358,/home/tianyajun/MARL_for_COFs/cof_symmetry_pipeline/output/pycofbuilder/xyz/mol_000444.xyz,pycofbuilder,0.5329486640769607,1.421348593498051
O=P(Cl)(Cl)c1cc2cc3oc(P(=O)(Cl)Cl)cc3cc2o1,pb_BDFN_L2,POCl2_direct,C2,D2h,nonplanar,88.28774093429361,/home/tianyajun/MARL_for_COFs/cof_symmetry_pipeline/output/pycofbuilder/xyz/mol_000445.xyz,pycofbuilder,0.6475618842867524,1.586230571176443
O=C(O)c1ccc(-c2ccc(-c3cc4cc5oc(-c6ccc(-c7ccc(C(=O)O)cc7)cc6)cc5cc4o3)cc2)cc1,pb_BDFN_L2,COOH_phph,C2,D2,nonplanar,83.44310609888615,/home/tianyajun/MARL_for_COFs/cof_symmetry_pipeline/output/pycofbuilder/xyz/mol_000446.xyz,pycofbuilder,0.7488810720211676,1.761904094473067
N#Cc1ccc(-c2ccc(-c3cc4cc5oc(-c6ccc(-c7ccc(C#N)cc7)cc6)cc5cc4o3)cc2)cc1,pb_BDFN_L2,CN_phph,C2,D2,nonplanar,119.98725151237522,/home/tianyajun/MARL_for_COFs/cof_symmetry_pipeline/output/pycofbuilder/xyz/mol_000447.xyz,pycofbuilder,0.7321404019536046,1.7542305053821758
O=[N+]([O-])c1ccc(-c2ccc(-c3cc4cc5oc(-c6ccc(-c7ccc([N+](=O)[O-])cc7)cc6)cc5cc4o3)cc2)cc1,pb_BDFN_L2,NO2_phph,C2,D2,nonplanar,159.94051596174168,/home/tianyajun/MARL_for_COFs/cof_symmetry_pipeline/output/pycofbuilder/xyz/mol_000448.xyz,pycofbuilder,0.7554193862801771,1.7689204838869959
Oc1ccc(-c2ccc(-c3cc4cc5oc(-c6ccc(-c7ccc(O)cc7)cc6)cc5cc4o3)cc2)cc1,pb_BDFN_L2,OH_phph,C2,C2,nonplanar,71.23336906671955,/home/tianyajun/MARL_for_COFs/cof_symmetry_pipeline/output/pycofbuilder/xyz/mol_000449.xyz,pycofbuilder,0.7358740856093112,1.7628356728934673
N#CCc1cc2cc3oc(CC#N)cc3cc2o1,pb_BDFN_L2,PB_CHCN,C2,C2,nonplanar,32.46468416940304,/home/tianyajun/MARL_for_COFs/cof_symmetry_pipeline/output/pycofbuilder/xyz/mol_000450.xyz,pycofbuilder,0.7031922093916618,1.9632849014550353
NNCc1cc2cc3oc(CNN)cc3cc2o1,pb_BDFN_L2,PB_NHNH2,C2,C2,nonplanar,131.1674801398232,/home/tianyajun/MARL_for_COFs/cof_symmetry_pipeline/output/pycofbuilder/xyz/mol_000451.xyz,pycofbuilder,0.9804502434037692,2.157674846897028
NNC(=O)c1cc2cc3oc(C(=O)NN)cc3cc2o1,pb_BDFN_L2,PB_CONHNH2,C2,C2,planar,132.49990712522933,/home/tianyajun/MARL_for_COFs/cof_symmetry_pipeline/output/pycofbuilder/xyz/mol_000453.xyz,pycofbuilder,0.28484500209944824,0.8577911096822455
[O]C(=O)c1cc2cc3oc(C([O])=O)cc3cc2o1,pb_BDFN_L2,PB_COOH,C2,C2h,planar,105.82296899415884,/home/tianyajun/MARL_for_COFs/cof_symmetry_pipeline/output/pycofbuilder/xyz/mol_000454.xyz,pycofbuilder,1.5792580084113984e-05,2.8803204823513173e-05
ONc1cc2cc3oc(NO)cc3cc2o1,pb_BDFN_L2,PB_NHOH,C2,C2,planar,16.511347131298567,/home/tianyajun/MARL_for_COFs/cof_symmetry_pipeline/output/pycofbuilder/xyz/mol_000455.xyz,pycofbuilder,0.189753525112178,0.4520991546254234
O=Cc1cc2cc3sc(C=O)cc3cc2s1,pb_BDTP_L2,CHO_direct,C2,C2h,planar,38.53176364659814,/home/tianyajun/MARL_for_COFs/cof_symmetry_pipeline/output/pycofbuilder/xyz/mol_000456.xyz,pycofbuilder,2.601144894652596e-06,5.471727735159408e-06
O=Cc1ccc(-c2cc3cc4sc(-c5ccc(C=O)cc5)cc4cc3s2)cc1,pb_BDTP_L2,CHO_ph,C2,C2h,planar,94.48046661435993,/home/tianyajun/MARL_for_COFs/cof_symmetry_pipeline/output/pycofbuilder/xyz/mol_000457.xyz,pycofbuilder,9.967339221343101e-05,0.00021584763839399557
O=Cc1ccc(-c2ccc(-c3cc4cc5sc(-c6ccc(-c7ccc(C=O)cc7)cc6)cc5cc4s3)cc2)cc1,pb_BDTP_L2,CHO_phph,C2,C2,nonplanar,136.74091926126874,/home/tianyajun/MARL_for_COFs/cof_symmetry_pipeline/output/pycofbuilder/xyz/mol_000458.xyz,pycofbuilder,0.6541448873584627,1.6053577243200472
Nc1cc2cc3sc(N)cc3cc2s1,pb_BDTP_L2,NH2_direct,C2,C2,planar,-6.746230738799115,/home/tianyajun/MARL_for_COFs/cof_symmetry_pipeline/output/pycofbuilder/xyz/mol_000459.xyz,pycofbuilder,0.10297975193234189,0.24287934764328056
Nc1ccc(-c2cc3cc4sc(-c5ccc(N)cc5)cc4cc3s2)cc1,pb_BDTP_L2,NH2_ph,C2,C2,nonplanar,41.30306881842076,/home/tianyajun/MARL_for_COFs/cof_symmetry_pipeline/output/pycofbuilder/xyz/mol_000460.xyz,pycofbuilder,0.8042632499673602,1.6101887506872894
Nc1ccc(-c2ccc(-c3cc4cc5sc(-c6ccc(-c7ccc(N)cc7)cc6)cc5cc4s3)cc2)cc1,pb_BDTP_L2,NH2_phph,C2,C2,nonplanar,86.89113406190717,/home/tianyajun/MARL_for_COFs/cof_symmetry_pipeline/output/pycofbuilder/xyz/mol_000461.xyz,pycofbuilder,0.639769647348458,1.5463810576380692
OB(O)c1cc2cc3sc(B(O)O)cc3cc2s1,pb_BDTP_L2,BOH2_direct,C2,C2,planar,81.12472166329755,/home/tianyajun/MARL_for_COFs/cof_symmetry_pipeline/output/pycofbuilder/xyz/mol_000462.xyz,pycofbuilder,0.3435186015500747,0.8070503665864229
OB(O)c1ccc(-c2cc3cc4sc(-c5ccc(B(O)O)cc5)cc4cc3s2)cc1,pb_BDTP_L2,BOH2_ph,C2,C2,planar,112.73350221645202,/home/tianyajun/MARL_for_COFs/cof_symmetry_pipeline/output/pycofbuilder/xyz/mol_000463.xyz,pycofbuilder,0.3322482911496438,1.1029195096876951
C#Cc1ccc(-c2cc3cc4sc(-c5ccc(C#C)cc5)cc4cc3s2)cc1,pb_BDTP_L2,CCH_ph,C2,C2h,planar,63.17406166721694,/home/tianyajun/MARL_for_COFs/cof_symmetry_pipeline/output/pycofbuilder/xyz/mol_000464.xyz,pycofbuilder,0.0005881261920908583,0.0013150008414322123
C#Cc1ccc(-c2ccc(-c3cc4cc5sc(-c6ccc(-c7ccc(C#C)cc7)cc6)cc5cc4s3)cc2)cc1,pb_BDTP_L2,CCH_phph,C2,C2,nonplanar,106.04363846731046,/home/tianyajun/MARL_for_COFs/cof_symmetry_pipeline/output/pycofbuilder/xyz/mol_000465.xyz,pycofbuilder,0.6541379414161856,1.6116497901818205
N#Cc1cc2cc3sc(C#N)cc3cc2s1,pb_BDTP_L2,CN_direct,C2,C2h,planar,31.875499426009547,/home/tianyajun/MARL_for_COFs/cof_symmetry_pipeline/output/pycofbuilder/xyz/mol_000466.xyz,pycofbuilder,8.299122401433695e-05,0.00018931646460895735
N#Cc1ccc(-c2cc3cc4sc(-c5ccc(C#N)cc5)cc4cc3s2)cc1,pb_BDTP_L2,CN_ph,C2,C2h,planar,91.40131086062344,/home/tianyajun/MARL_for_COFs/cof_symmetry_pipeline/output/pycofbuilder/xyz/mol_000467.xyz,pycofbuilder,0.0005939869698642771,0.0013714504095503344
O=C(O)c1cc2cc3sc(C(=O)O)cc3cc2s1,pb_BDTP_L2,COOH_direct,C2,C2h,planar,-20.85057497114745,/home/tianyajun/MARL_for_COFs/cof_symmetry_pipeline/output/pycofbuilder/xyz/mol_000468.xyz,pycofbuilder,4.622522035946298e-06,1.1885353081275696e-05
O=C(O)c1ccc(-c2cc3cc4sc(-c5ccc(C(=O)O)cc5)cc4cc3s2)cc1,pb_BDTP_L2,COOH_ph,C2,C2,nonplanar,52.2334552542499,/home/tianyajun/MARL_for_COFs/cof_symmetry_pipeline/output/pycofbuilder/xyz/mol_000469.xyz,pycofbuilder,0.8075267843038844,1.6020205630953361
O=[N+]([O-])c1cc2cc3sc([N+](=O)[O-])cc3cc2s1,pb_BDTP_L2,NO2_direct,C2,C2h,planar,57.35656189450733,/home/tianyajun/MARL_for_COFs/cof_symmetry_pipeline/output/pycofbuilder/xyz/mol_000470.xyz,pycofbuilder,2.093750470343664e-05,5.824682049659913e-05
O=[N+]([O-])c1ccc(-c2cc3cc4sc(-c5ccc([N+](=O)[O-])cc5)cc4cc3s2)cc1,pb_BDTP_L2,NO2_ph,C2,C2h,planar,131.53025595370067,/home/tianyajun/MARL_for_COFs/cof_symmetry_pipeline/output/pycofbuilder/xyz/mol_000471.xyz,pycofbuilder,0.00027053906230740146,0.0006124570277084018
Oc1cc2cc3sc(O)cc3cc2s1,pb_BDTP_L2,OH_direct,C2,C2h,planar,4.080180799120837,/home/tianyajun/MARL_for_COFs/cof_symmetry_pipeline/output/pycofbuilder/xyz/mol_000472.xyz,pycofbuilder,8.419785314468892e-07,2.4803028781938963e-06
Oc1ccc(-c2cc3cc4sc(-c5ccc(O)cc5)cc4cc3s2)cc1,pb_BDTP_L2,OH_ph,C2,C2,nonplanar,39.553657537289006,/home/tianyajun/MARL_for_COFs/cof_symmetry_pipeline/output/pycofbuilder/xyz/mol_000473.xyz,pycofbuilder,0.8017767519555027,1.5890516866120716
Sc1cc2cc3sc(S)cc3cc2s1,pb_BDTP_L2,SH_direct,C2,C2h,planar,8.639879556923065,/home/tianyajun/MARL_for_COFs/cof_symmetry_pipeline/output/pycofbuilder/xyz/mol_000474.xyz,pycofbuilder,3.1139407394783763e-06,6.569297379632744e-06
[N-]=[N+]=Nc1cc2cc3sc(N=[N+]=[N-])cc3cc2s1,pb_BDTP_L2,N3_direct,C2,C2,planar,8.985649494435766,/home/tianyajun/MARL_for_COFs/cof_symmetry_pipeline/output/pycofbuilder/xyz/mol_000475.xyz,pycofbuilder,0.3902709671147935,1.07962195409301
C=Cc1cc2cc3sc(C=C)cc3cc2s1,pb_BDTP_L2,vinyl_direct,C2,C2h,planar,32.91986333193941,/home/tianyajun/MARL_for_COFs/cof_symmetry_pipeline/output/pycofbuilder/xyz/mol_000476.xyz,pycofbuilder,8.25350209138981e-06,2.567265973763e-05
C#Cc1cc2cc3sc(C#C)cc3cc2s1,pb_BDTP_L2,ethynyl_direct,C2,C2h,planar,15.64777011394009,/home/tianyajun/MARL_for_COFs/cof_symmetry_pipeline/output/pycofbuilder/xyz/mol_000477.xyz,pycofbuilder,8.552751546242314e-07,1.9378805591330206e-06
Cc1cc2cc3sc(C)cc3cc2s1,pb_BDTP_L2,methyl_direct,C2,C2h,planar,22.16912386620793,/home/tianyajun/MARL_for_COFs/cof_symmetry_pipeline/output/pycofbuilder/xyz/mol_000478.xyz,pycofbuilder,0.36313027295643663,0.889493247094904
O=C=Nc1cc2cc3sc(N=C=O)cc3cc2s1,pb_BDTP_L2,NCO_direct,C2,C2,planar,9.465621531921894,/home/tianyajun/MARL_for_COFs/cof_symmetry_pipeline/output/pycofbuilder/xyz/mol_000480.xyz,pycofbuilder,0.39726507226392344,1.110492143531888
S=C=Nc1cc2cc3sc(N=C=S)cc3cc2s1,pb_BDTP_L2,NCS_direct,C2,D2,nonplanar,13.565819317874167,/home/tianyajun/MARL_for_COFs/cof_symmetry_pipeline/output/pycofbuilder/xyz/mol_000481.xyz,pycofbuilder,0.7594729280589811,2.2194038161248666
O=S(=O)(O)c1cc2cc3sc(S(=O)(=O)O)cc3cc2s1,pb_BDTP_L2,SO3H_direct,C2,C2,nonplanar,-53.57688999262013,/home/tianyajun/MARL_for_COFs/cof_symmetry_pipeline/output/pycofbuilder/xyz/mol_000482.xyz,pycofbuilder,0.7088134385085972,1.7586945122903375
O=P(O)(O)c1cc2cc3sc(P(=O)(O)O)cc3cc2s1,pb_BDTP_L2,PO3H2_direct,C2,C2,nonplanar,-223.9933110696396,/home/tianyajun/MARL_for_COFs/cof_symmetry_pipeline/output/pycofbuilder/xyz/mol_000483.xyz,pycofbuilder,0.6808590449340549,1.4213733006886637
FC(F)(F)c1cc2cc3sc(C(F)(F)F)cc3cc2s1,pb_BDTP_L2,CF3_direct,C2,C2h,planar,51.29021981339764,/home/tianyajun/MARL_for_COFs/cof_symmetry_pipeline/output/pycofbuilder/xyz/mol_000484.xyz,pycofbuilder,0.44584801323775414,1.0921066088439897
Clc1cc2cc3sc(Cl)cc3cc2s1,pb_BDTP_L2,Cl_direct,C2,C2h,planar,11.59116079646466,/home/tianyajun/MARL_for_COFs/cof_symmetry_pipeline/output/pycofbuilder/xyz/mol_000486.xyz,pycofbuilder,1.334038685871662e-06,3.0599965304897725e-06
Clc1ccc(-c2cc3cc4sc(-c5ccc(Cl)cc5)cc4cc3s2)cc1,pb_BDTP_L2,Cl_ph,C2,C2h,planar,61.213629629507125,/home/tianyajun/MARL_for_COFs/cof_symmetry_pipeline/output/pycofbuilder/xyz/mol_000487.xyz,pycofbuilder,0.00012467704342047833,0.00024685216779907204
COC(=O)c1cc2cc3sc(C(=O)OC)cc3cc2s1,pb_BDTP_L2,COOMe_direct,C2,C2h,planar,23.590581646264454,/home/tianyajun/MARL_for_COFs/cof_symmetry_pipeline/output/pycofbuilder/xyz/mol_000488.xyz,pycofbuilder,0.329007041989539,0.9010249920171831
NC(=O)c1cc2cc3sc(C(N)=O)cc3cc2s1,pb_BDTP_L2,CONH2_direct,C2,C2,planar,-34.807748096675404,/home/tianyajun/MARL_for_COFs/cof_symmetry_pipeline/output/pycofbuilder/xyz/mol_000489.xyz,pycofbuilder,0.1667662633549421,0.45267997510717994
COc1cc2cc3sc(OC)cc3cc2s1,pb_BDTP_L2,OMe_direct,C2,C2h,planar,20.92409627931783,/home/tianyajun/MARL_for_COFs/cof_symmetry_pipeline/output/pycofbuilder/xyz/mol_000490.xyz,pycofbuilder,0.3533778960972966,0.900956783293327
O=C(Cl)c1cc2cc3sc(C(=O)Cl)cc3cc2s1,pb_BDTP_L2,COCl_direct,C2,C2h,planar,52.113368937262734,/home/tianyajun/MARL_for_COFs/cof_symmetry_pipeline/output/pycofbuilder/xyz/mol_000492.xyz,pycofbuilder,6.184062251813146e-06,1.130931185311379e-05
CC(=O)c1cc2cc3sc(C(C)=O)cc3cc2s1,pb_BDTP_L2,acetyl_direct,C2,C2h,planar,46.29920104094828,/home/tianyajun/MARL_for_COFs/cof_symmetry_pipeline/output/pycofbuilder/xyz/mol_000493.xyz,pycofbuilder,0.33942756256791495,0.8980639305160056
NS(=O)(=O)c1cc2cc3sc(S(N)(=O)=O)cc3cc2s1,pb_BDTP_L2,SO2NH2_direct,C2,C2,nonplanar,-126.95912597265124,/home/tianyajun/MARL_for_COFs/cof_symmetry_pipeline/output/pycofbuilder/xyz/mol_000495.xyz,pycofbuilder,0.7425566115089959,1.865533124621844
O=CC#Cc1cc2cc3sc(C#CC=O)cc3cc2s1,pb_BDTP_L2,CCCHO_direct,C2,C2h,planar,14.991954633285085,/home/tianyajun/MARL_for_COFs/cof_symmetry_pipeline/output/pycofbuilder/xyz/mol_000496.xyz,pycofbuilder,0.014740553940321106,0.05078891911567185
NC#Cc1cc2cc3sc(C#CN)cc3cc2s1,pb_BDTP_L2,CCNH2_direct,C2,C2h,planar,12.518293450288544,/home/tianyajun/MARL_for_COFs/cof_symmetry_pipeline/output/pycofbuilder/xyz/mol_000497.xyz,pycofbuilder,0.3228548973092943,0.8231266082882485
N#CC#Cc1cc2cc3sc(C#CC#N)cc3cc2s1,pb_BDTP_L2,CCCN_direct,C2,C2h,planar,15.439091684521737,/home/tianyajun/MARL_for_COFs/cof_symmetry_pipeline/output/pycofbuilder/xyz/mol_000498.xyz,pycofbuilder,1.5049477374873595e-06,4.45372936974664e-06
O=C(O)C#Cc1cc2cc3sc(C#CC(=O)O)cc3cc2s1,pb_BDTP_L2,CCCOOH_direct,C2,C2h,planar,-49.16582217191325,/home/tianyajun/MARL_for_COFs/cof_symmetry_pipeline/output/pycofbuilder/xyz/mol_000499.xyz,pycofbuilder,0.007145539584957688,0.020102123057267995
O=[N+]([O-])C#Cc1cc2cc3sc(C#C[N+](=O)[O-])cc3cc2s1,pb_BDTP_L2,CCNO2_direct,C2,C2h,planar,15.996125092322462,/home/tianyajun/MARL_for_COFs/cof_symmetry_pipeline/output/pycofbuilder/xyz/mol_000500.xyz,pycofbuilder,0.0027034025687715665,0.008975726565598752
OC#Cc1cc2cc3sc(C#CO)cc3cc2s1,pb_BDTP_L2,CCOH_direct,C2,C2h,planar,14.424063098632104,/home/tianyajun/MARL_for_COFs/cof_symmetry_pipeline/output/pycofbuilder/xyz/mol_000501.xyz,pycofbuilder,3.0799755164489277e-06,9.047258144434522e-06
FC(F)(F)C#Cc1cc2cc3sc(C#CC(F)(F)F)cc3cc2s1,pb_BDTP_L2,CCCF3_direct,C2,C2,planar,17.557937502032104,/home/tianyajun/MARL_for_COFs/cof_symmetry_pipeline/output/pycofbuilder/xyz/mol_000502.xyz,pycofbuilder,0.41343267966761144,1.199218830416653
O=C=NC#Cc1cc2cc3sc(C#CN=C=O)cc3cc2s1,pb_BDTP_L2,CCNCO_direct,C2,C2h,planar,9.01345213448145,/home/tianyajun/MARL_for_COFs/cof_symmetry_pipeline/output/pycofbuilder/xyz/mol_000503.xyz,pycofbuilder,0.004026257865709094,0.015210434942542372
CC(=O)C#Cc1cc2cc3sc(C#CC(C)=O)cc3cc2s1,pb_BDTP_L2,CCacetyl_direct,C2,C2h,planar,18.511971046273583,/home/tianyajun/MARL_for_COFs/cof_symmetry_pipeline/output/pycofbuilder/xyz/mol_000504.xyz,pycofbuilder,0.31711738579357723,0.9371493570519451
O=COc1cc2cc3sc(OC=O)cc3cc2s1,pb_BDTP_L2,OCHO_direct,C2,C2h,planar,29.494215824584845,/home/tianyajun/MARL_for_COFs/cof_symmetry_pipeline/output/pycofbuilder/xyz/mol_000506.xyz,pycofbuilder,7.303381689732142e-05,0.00023177225047170402
N#COc1cc2cc3sc(OC#N)cc3cc2s1,pb_BDTP_L2,OCN_direct,C2,C2h,planar,27.24658496759628,/home/tianyajun/MARL_for_COFs/cof_symmetry_pipeline/output/pycofbuilder/xyz/mol_000507.xyz,pycofbuilder,0.0002166810933398523,0.0007306497919223887
CC(=O)Oc1cc2cc3sc(OC(C)=O)cc3cc2s1,pb_BDTP_L2,Oacetyl_direct,C2,C2h,planar,28.85965888481309,/home/tianyajun/MARL_for_COFs/cof_symmetry_pipeline/output/pycofbuilder/xyz/mol_000508.xyz,pycofbuilder,0.32823678459428773,0.898960105398761
O=CNc1cc2cc3sc(NC=O)cc3cc2s1,pb_BDTP_L2,NHCHO_direct,C2,C2h,planar,-8.058402316866779,/home/tianyajun/MARL_for_COFs/cof_symmetry_pipeline/output/pycofbuilder/xyz/mol_000509.xyz,pycofbuilder,1.281148286742139e-06,3.1978492762430033e-06
CC(=O)Nc1cc2cc3sc(NC(C)=O)cc3cc2s1,pb_BDTP_L2,NHacetyl_direct,C2,C2,planar,-1.855624635061794,/home/tianyajun/MARL_for_COFs/cof_symmetry_pipeline/output/pycofbuilder/xyz/mol_000510.xyz,pycofbuilder,0.31704611774999564,1.0202978224142658
N#CNc1cc2cc3sc(NC#N)cc3cc2s1,pb_BDTP_L2,NHCN_direct,C2,C2,planar,-40.67324919012427,/home/tianyajun/MARL_for_COFs/cof_symmetry_pipeline/output/pycofbuilder/xyz/mol_000511.xyz,pycofbuilder,0.3620287839359241,1.0497809880487208
CS(=O)(=O)Nc1cc2cc3sc(NS(C)(=O)=O)cc3cc2s1,pb_BDTP_L2,NHSO2_direct,C2,C2,nonplanar,-96.97654018507748,/home/tianyajun/MARL_for_COFs/cof_symmetry_pipeline/output/pycofbuilder/xyz/mol_000512.xyz,pycofbuilder,0.8231096277336485,1.9674217005272032
N#CSc1cc2cc3sc(SC#N)cc3cc2s1,pb_BDTP_L2,SCN_direct,C2,C2,nonplanar,16.46555168934021,/home/tianyajun/MARL_for_COFs/cof_symmetry_pipeline/output/pycofbuilder/xyz/mol_000513.xyz,pycofbuilder,0.7380965539731162,1.9747862316477112
[N-]=[N+]=Nc1ccc(-c2cc3cc4sc(-c5ccc(N=[N+]=[N-])cc5)cc4cc3s2)cc1,pb_BDTP_L2,N3_ph,C2,C2,nonplanar,46.80522820532354,/home/tianyajun/MARL_for_COFs/cof_symmetry_pipeline/output/pycofbuilder/xyz/mol_000514.xyz,pycofbuilder,0.8625811399796962,1.7000667969327559
Brc1cc2cc3sc(Br)cc3cc2s1,pb_BDTP_L2,Br_direct,C2,C2h,planar,13.084323002870509,/home/tianyajun/MARL_for_COFs/cof_symmetry_pipeline/output/pycofbuilder/xyz/mol_000515.xyz,pycofbuilder,1.4334721085836251e-06,3.4077220758543803e-06
Ic1cc2cc3sc(I)cc3cc2s1,pb_BDTP_L2,I_direct,C2,C2h,planar,13.929882748823992,/home/tianyajun/MARL_for_COFs/cof_symmetry_pipeline/output/pycofbuilder/xyz/mol_000516.xyz,pycofbuilder,8.076537037279433e-07,1.3965566540985463e-06
C[Si](C)(C)c1cc2cc3sc([Si](C)(C)C)cc3cc2s1,pb_BDTP_L2,SiMe3_direct,C2,C2h,nonplanar,29.23563260892245,/home/tianyajun/MARL_for_COFs/cof_symmetry_pipeline/output/pycofbuilder/xyz/mol_000517.xyz,pycofbuilder,1.162750191682652,2.436240609010488
O=S(=O)(Cl)c1cc2cc3sc(S(=O)(=O)Cl)cc3cc2s1,pb_BDTP_L2,SO2Cl_direct,C2,C2,nonplanar,59.51091313489008,/home/tianyajun/MARL_for_COFs/cof_symmetry_pipeline/output/pycofbuilder/xyz/mol_000520.xyz,pycofbuilder,0.5786479256126003,1.5554039489004867
O=P(Cl)(Cl)c1cc2cc3sc(P(=O)(Cl)Cl)cc3cc2s1,pb_BDTP_L2,POCl2_direct,C2,D2h,nonplanar,64.20575653971228,/home/tianyajun/MARL_for_COFs/cof_symmetry_pipeline/output/pycofbuilder/xyz/mol_000521.xyz,pycofbuilder,0.6481295874638965,1.5876190524682439
O=C(O)c1ccc(-c2ccc(-c3cc4cc5sc(-c6ccc(-c7ccc(C(=O)O)cc7)cc6)cc5cc4s3)cc2)cc1,pb_BDTP_L2,COOH_phph,C2,C2,nonplanar,97.11003974372996,/home/tianyajun/MARL_for_COFs/cof_symmetry_pipeline/output/pycofbuilder/xyz/mol_000522.xyz,pycofbuilder,0.6407152687689422,1.5799741664864393
N#Cc1ccc(-c2ccc(-c3cc4cc5sc(-c6ccc(-c7ccc(C#N)cc7)cc6)cc5cc4s3)cc2)cc1,pb_BDTP_L2,CN_phph,C2,C2,nonplanar,133.68867920011672,/home/tianyajun/MARL_for_COFs/cof_symmetry_pipeline/output/pycofbuilder/xyz/mol_000523.xyz,pycofbuilder,0.6631990606752579,1.6009741108983229
O=[N+]([O-])c1ccc(-c2ccc(-c3cc4cc5sc(-c6ccc(-c7ccc([N+](=O)[O-])cc7)cc6)cc5cc4s3)cc2)cc1,pb_BDTP_L2,NO2_phph,C2,C2,nonplanar,173.65484673758158,/home/tianyajun/MARL_for_COFs/cof_symmetry_pipeline/output/pycofbuilder/xyz/mol_000524.xyz,pycofbuilder,0.6428008841594793,1.5609540043178207
Oc1ccc(-c2ccc(-c3cc4cc5sc(-c6ccc(-c7ccc(O)cc7)cc6)cc5cc4s3)cc2)cc1,pb_BDTP_L2,OH_phph,C2,C2,nonplanar,84.97450383178439,/home/tianyajun/MARL_for_COFs/cof_symmetry_pipeline/output/pycofbuilder/xyz/mol_000525.xyz,pycofbuilder,0.6620435308164437,1.5874577841610915
N#CCc1cc2cc3sc(CC#N)cc3cc2s1,pb_BDTP_L2,PB_CHCN,C2,C2,nonplanar,44.6025146018155,/home/tianyajun/MARL_for_COFs/cof_symmetry_pipeline/output/pycofbuilder/xyz/mol_000526.xyz,pycofbuilder,0.7737407115048733,2.219453765736868
NNCc1cc2cc3sc(CNN)cc3cc2s1,pb_BDTP_L2,PB_NHNH2,C2,C2,nonplanar,127.58925796083952,/home/tianyajun/MARL_for_COFs/cof_symmetry_pipeline/output/pycofbuilder/xyz/mol_000527.xyz,pycofbuilder,0.9977369569261372,1.8925407676584882
O=C(CCO)c1cc2cc3sc(C(=O)CCO)cc3cc2s1,pb_BDTP_L2,PB_COCHCHOH,C2,C2,nonplanar,40.26495829842364,/home/tianyajun/MARL_for_COFs/cof_symmetry_pipeline/output/pycofbuilder/xyz/mol_000528.xyz,pycofbuilder,0.8565365250703851,1.767406915012424
NNC(=O)c1cc2cc3sc(C(=O)NN)cc3cc2s1,pb_BDTP_L2,PB_CONHNH2,C2,C2,planar,125.83163272526868,/home/tianyajun/MARL_for_COFs/cof_symmetry_pipeline/output/pycofbuilder/xyz/mol_000529.xyz,pycofbuilder,0.2849002454298557,0.8562618879028485
[O]C(=O)c1cc2cc3sc(C([O])=O)cc3cc2s1,pb_BDTP_L2,PB_COOH,C2,C2h,planar,76.66197899328375,/home/tianyajun/MARL_for_COFs/cof_symmetry_pipeline/output/pycofbuilder/xyz/mol_000530.xyz,pycofbuilder,4.534975736583909e-06,9.97874239114932e-06
ONc1cc2cc3sc(NO)cc3cc2s1,pb_BDTP_L2,PB_NHOH,C2,C2,planar,42.43783959223924,/home/tianyajun/MARL_for_COFs/cof_symmetry_pipeline/output/pycofbuilder/xyz/mol_000531.xyz,pycofbuilder,0.19053666087252746,0.47433266444768973
O=Cc1ccc(C=O)cc1,pb_BENZ_L2,CHO_direct,C2,C2v,planar,47.1838835515389,/home/tianyajun/MARL_for_COFs/cof_symmetry_pipeline/output/pycofbuilder/xyz/mol_000532.xyz,pycofbuilder,1.5672652150419555e-05,4.247695507469951e-05
O=Cc1ccc(-c2ccc(-c3ccc(C=O)cc3)cc2)cc1,pb_BENZ_L2,CHO_ph,C2,D2,nonplanar,90.9985594691424,/home/tianyajun/MARL_for_COFs/cof_symmetry_pipeline/output/pycofbuilder/xyz/mol_000533.xyz,pycofbuilder,0.9783766537526537,1.7462967304550554
O=Cc1ccc(-c2ccc(-c3ccc(-c4ccc(-c5ccc(C=O)cc5)cc4)cc3)cc2)cc1,pb_BENZ_L2,CHO_phph,C2,C2,nonplanar,136.06521910528886,/home/tianyajun/MARL_for_COFs/cof_symmetry_pipeline/output/pycofbuilder/xyz/mol_000534.xyz,pycofbuilder,0.7526254098489542,1.7447718236609684
Nc1ccc(N)cc1,pb_BENZ_L2,NH2_direct,C2,C2h,planar,-4.048131831751817,/home/tianyajun/MARL_for_COFs/cof_symmetry_pipeline/output/pycofbuilder/xyz/mol_000535.xyz,pycofbuilder,0.10575798804557274,0.20551511376008236
Nc1ccc(-c2ccc(-c3ccc(N)cc3)cc2)cc1,pb_BENZ_L2,NH2_ph,C2,D2,nonplanar,41.202339836826894,/home/tianyajun/MARL_for_COFs/cof_symmetry_pipeline/output/pycofbuilder/xyz/mol_000536.xyz,pycofbuilder,0.96433819028178,1.7715097977034153
Nc1ccc(-c2ccc(-c3ccc(-c4ccc(-c5ccc(N)cc5)cc4)cc3)cc2)cc1,pb_BENZ_L2,NH2_phph,C2,C2,nonplanar,86.32443504390997,/home/tianyajun/MARL_for_COFs/cof_symmetry_pipeline/output/pycofbuilder/xyz/mol_000537.xyz,pycofbuilder,0.7553050723111255,1.760808940115876
OB(O)c1ccc(B(O)O)cc1,pb_BENZ_L2,BOH2_direct,C2,C2v,planar,12.336227894597425,/home/tianyajun/MARL_for_COFs/cof_symmetry_pipeline/output/pycofbuilder/xyz/mol_000538.xyz,pycofbuilder,0.3804518425620484,0.7608862546805025
C#Cc1ccc(-c2ccc(-c3ccc(C#C)cc3)cc2)cc1,pb_BENZ_L2,CCH_ph,C2,D2,nonplanar,60.35667468249241,/home/tianyajun/MARL_for_COFs/cof_symmetry_pipeline/output/pycofbuilder/xyz/mol_000540.xyz,pycofbuilder,0.9401246642609008,1.7460570198377878
C#Cc1ccc(-c2ccc(-c3ccc(-c4ccc(-c5ccc(C#C)cc5)cc4)cc3)cc2)cc1,pb_BENZ_L2,CCH_phph,C2,C2,nonplanar,105.44829249299738,/home/tianyajun/MARL_for_COFs/cof_symmetry_pipeline/output/pycofbuilder/xyz/mol_000541.xyz,pycofbuilder,0.9550918010203163,2.0869855290969723
N#Cc1ccc(C#N)cc1,pb_BENZ_L2,CN_direct,C2,D2h,planar,44.43381970231451,/home/tianyajun/MARL_for_COFs/cof_symmetry_pipeline/output/pycofbuilder/xyz/mol_000542.xyz,pycofbuilder,5.194189539065705e-06,1.0378428035945353e-05
N#Cc1ccc(-c2ccc(-c3ccc(C#N)cc3)cc2)cc1,pb_BENZ_L2,CN_ph,C2,C2h,nonplanar,88.04095262136981,/home/tianyajun/MARL_for_COFs/cof_symmetry_pipeline/output/pycofbuilder/xyz/mol_000543.xyz,pycofbuilder,0.6186587743521632,1.3761653990594347
O=C(O)c1ccc(C(=O)O)cc1,pb_BENZ_L2,COOH_direct,C2,C2h,planar,6.866925303274414,/home/tianyajun/MARL_for_COFs/cof_symmetry_pipeline/output/pycofbuilder/xyz/mol_000544.xyz,pycofbuilder,2.058921856615663e-06,5.487522515279508e-06
O=C(O)c1ccc(-c2ccc(-c3ccc(C(=O)O)cc3)cc2)cc1,pb_BENZ_L2,COOH_ph,C2,D2,nonplanar,51.403683736289175,/home/tianyajun/MARL_for_COFs/cof_symmetry_pipeline/output/pycofbuilder/xyz/mol_000545.xyz,pycofbuilder,0.9750711450317541,1.7879404400656855
O=[N+]([O-])c1ccc([N+](=O)[O-])cc1,pb_BENZ_L2,NO2_direct,C2,D2h,planar,85.59492874787902,/home/tianyajun/MARL_for_COFs/cof_symmetry_pipeline/output/pycofbuilder/xyz/mol_000546.xyz,pycofbuilder,2.0319782098604944e-05,3.726295158595905e-05
O=[N+]([O-])c1ccc(-c2ccc(-c3ccc([N+](=O)[O-])cc3)cc2)cc1,pb_BENZ_L2,NO2_ph,C2,C2h,nonplanar,128.01573812945907,/home/tianyajun/MARL_for_COFs/cof_symmetry_pipeline/output/pycofbuilder/xyz/mol_000547.xyz,pycofbuilder,0.6071928754881702,1.413511468061018
Oc1ccc(O)cc1,pb_BENZ_L2,OH_direct,C2,C2h,planar,-6.270828981026975,/home/tianyajun/MARL_for_COFs/cof_symmetry_pipeline/output/pycofbuilder/xyz/mol_000548.xyz,pycofbuilder,1.5485539865616502e-06,4.498456360857439e-06
Oc1ccc(-c2ccc(-c3ccc(O)cc3)cc2)cc1,pb_BENZ_L2,OH_ph,C2,D2,nonplanar,39.2594725912085,/home/tianyajun/MARL_for_COFs/cof_symmetry_pipeline/output/pycofbuilder/xyz/mol_000549.xyz,pycofbuilder,0.9812477188974554,1.78731021498074
Sc1ccc(S)cc1,pb_BENZ_L2,SH_direct,C2,C2,planar,8.676404314728002,/home/tianyajun/MARL_for_COFs/cof_symmetry_pipeline/output/pycofbuilder/xyz/mol_000550.xyz,pycofbuilder,0.24499239182317403,0.4921298909748242
[N-]=[N+]=Nc1ccc(N=[N+]=[N-])cc1,pb_BENZ_L2,N3_direct,C2,C2v,nonplanar,1.0808765762206305,/home/tianyajun/MARL_for_COFs/cof_symmetry_pipeline/output/pycofbuilder/xyz/mol_000551.xyz,pycofbuilder,0.769402035425948,1.7760157087835409
C=Cc1ccc(C=C)cc1,pb_BENZ_L2,vinyl_direct,C2,C2h,planar,28.03871633624272,/home/tianyajun/MARL_for_COFs/cof_symmetry_pipeline/output/pycofbuilder/xyz/mol_000552.xyz,pycofbuilder,3.9488441403911556e-05,9.550996446694437e-05
C#Cc1ccc(C#C)cc1,pb_BENZ_L2,ethynyl_direct,C2,D2h,planar,15.196786057781178,/home/tianyajun/MARL_for_COFs/cof_symmetry_pipeline/output/pycofbuilder/xyz/mol_000553.xyz,pycofbuilder,6.742980959503944e-06,1.4664328252589343e-05
Cc1ccc(C)cc1,pb_BENZ_L2,methyl_direct,C2,C2h,planar,20.617412287483376,/home/tianyajun/MARL_for_COFs/cof_symmetry_pipeline/output/pycofbuilder/xyz/mol_000554.xyz,pycofbuilder,0.42111257923183154,1.0386574661823094
Cc1ccc(-c2ccc(-c3ccc(C)cc3)cc2)cc1,pb_BENZ_L2,methyl_ph,C2,D2,nonplanar,66.04512911966395,/home/tianyajun/MARL_for_COFs/cof_symmetry_pipeline/output/pycofbuilder/xyz/mol_000555.xyz,pycofbuilder,0.9582350062676934,1.7439283193205328
O=C=Nc1ccc(N=C=O)cc1,pb_BENZ_L2,NCO_direct,C2,C2v,nonplanar,3.0511802728344275,/home/tianyajun/MARL_for_COFs/cof_symmetry_pipeline/output/pycofbuilder/xyz/mol_000556.xyz,pycofbuilder,0.7481045004475213,1.7474979898421803
S=C=Nc1ccc(N=C=S)cc1,pb_BENZ_L2,NCS_direct,C2,D2h,nonplanar,6.485870721538866,/home/tianyajun/MARL_for_COFs/cof_symmetry_pipeline/output/pycofbuilder/xyz/mol_000557.xyz,pycofbuilder,0.6167184446251496,1.1101221129169494
O=S(=O)(O)c1ccc(S(=O)(=O)O)cc1,pb_BENZ_L2,SO3H_direct,C2,C2,nonplanar,-37.8543677298518,/home/tianyajun/MARL_for_COFs/cof_symmetry_pipeline/output/pycofbuilder/xyz/mol_000558.xyz,pycofbuilder,0.7145777962838015,1.75076876408366
O=P(O)(O)c1ccc(P(=O)(O)O)cc1,pb_BENZ_L2,PO3H2_direct,C2,C2v,nonplanar,-220.1407583521629,/home/tianyajun/MARL_for_COFs/cof_symmetry_pipeline/output/pycofbuilder/xyz/mol_000559.xyz,pycofbuilder,0.7984172270998706,1.41835308773808
FC(F)(F)c1ccc(C(F)(F)F)cc1,pb_BENZ_L2,CF3_direct,C2,C2v,nonplanar,69.87501878356372,/home/tianyajun/MARL_for_COFs/cof_symmetry_pipeline/output/pycofbuilder/xyz/mol_000560.xyz,pycofbuilder,0.5127192594992955,1.2705837880719986
FC(F)(F)c1ccc(-c2ccc(-c3ccc(C(F)(F)F)cc3)cc2)cc1,pb_BENZ_L2,CF3_ph,C2,D2,nonplanar,115.22040512293418,/home/tianyajun/MARL_for_COFs/cof_symmetry_pipeline/output/pycofbuilder/xyz/mol_000561.xyz,pycofbuilder,0.9819138757318567,1.7482000946729652
Clc1ccc(Cl)cc1,pb_BENZ_L2,Cl_direct,C2,D2h,planar,13.211687446692494,/home/tianyajun/MARL_for_COFs/cof_symmetry_pipeline/output/pycofbuilder/xyz/mol_000562.xyz,pycofbuilder,1.245451156416891e-05,2.1457245766298705e-05
Clc1ccc(-c2ccc(-c3ccc(Cl)cc3)cc2)cc1,pb_BENZ_L2,Cl_ph,C2,D2,nonplanar,58.29064316795852,/home/tianyajun/MARL_for_COFs/cof_symmetry_pipeline/output/pycofbuilder/xyz/mol_000563.xyz,pycofbuilder,0.9980453542876281,1.7482290358290413
COC(=O)c1ccc(C(=O)OC)cc1,pb_BENZ_L2,COOMe_direct,C2,C2v,planar,44.25548074316074,/home/tianyajun/MARL_for_COFs/cof_symmetry_pipeline/output/pycofbuilder/xyz/mol_000564.xyz,pycofbuilder,0.36781793717376304,0.900977637140564
NC(=O)c1ccc(C(N)=O)cc1,pb_BENZ_L2,CONH2_direct,C2,C2,planar,-6.755742419146422,/home/tianyajun/MARL_for_COFs/cof_symmetry_pipeline/output/pycofbuilder/xyz/mol_000565.xyz,pycofbuilder,0.3746713339798354,0.8117484950901324
COc1ccc(OC)cc1,pb_BENZ_L2,OMe_direct,C2,C2v,planar,23.62658666799556,/home/tianyajun/MARL_for_COFs/cof_symmetry_pipeline/output/pycofbuilder/xyz/mol_000566.xyz,pycofbuilder,0.4040695210307352,0.903533379741031
COc1ccc(-c2ccc(-c3ccc(OC)cc3)cc2)cc1,pb_BENZ_L2,OMe_ph,C2,D2,nonplanar,68.74820933373094,/home/tianyajun/MARL_for_COFs/cof_symmetry_pipeline/output/pycofbuilder/xyz/mol_000567.xyz,pycofbuilder,1.0060908661692627,1.9450716386105618
O=C(Cl)c1ccc(C(=O)Cl)cc1,pb_BENZ_L2,COCl_direct,C2,C2v,planar,68.90677361804845,/home/tianyajun/MARL_for_COFs/cof_symmetry_pipeline/output/pycofbuilder/xyz/mol_000568.xyz,pycofbuilder,1.7963653033504517e-05,4.049415593865291e-05
CC(=O)c1ccc(C(C)=O)cc1,pb_BENZ_L2,acetyl_direct,C2,C2v,planar,55.2946542946623,/home/tianyajun/MARL_for_COFs/cof_symmetry_pipeline/output/pycofbuilder/xyz/mol_000569.xyz,pycofbuilder,0.384067349569654,0.9007246911666427
CC(=O)c1ccc(-c2ccc(-c3ccc(C(C)=O)cc3)cc2)cc1,pb_BENZ_L2,acetyl_ph,C2,D2,nonplanar,99.10729684467022,/home/tianyajun/MARL_for_COFs/cof_symmetry_pipeline/output/pycofbuilder/xyz/mol_000570.xyz,pycofbuilder,1.017566809899836,2.045322553259435
NS(=O)(=O)c1ccc(S(N)(=O)=O)cc1,pb_BENZ_L2,SO2NH2_direct,C2,C2,nonplanar,-124.9078037972154,/home/tianyajun/MARL_for_COFs/cof_symmetry_pipeline/output/pycofbuilder/xyz/mol_000571.xyz,pycofbuilder,0.8748257800147812,1.5456596916951482
CC(=O)C#Cc1ccc(C#CC(C)=O)cc1,pb_BENZ_L2,CCacetyl_direct,C2,C2h,planar,22.768000984016734,/home/tianyajun/MARL_for_COFs/cof_symmetry_pipeline/output/xyz/mol_001050.xyz,pycofbuilder,0.37710654288730217,1.112296460045406
O=COc1ccc(OC=O)cc1,pb_BENZ_L2,OCHO_direct,C2,C2,nonplanar,33.75776203116703,/home/tianyajun/MARL_for_COFs/cof_symmetry_pipeline/output/pycofbuilder/xyz/mol_000582.xyz,pycofbuilder,0.6282157055635387,1.4704755904160214
N#COc1ccc(OC#N)cc1,pb_BENZ_L2,OCN_direct,C2,C2v,planar,29.87112736808337,/home/tianyajun/MARL_for_COFs/cof_symmetry_pipeline/output/pycofbuilder/xyz/mol_000583.xyz,pycofbuilder,0.0014745806253523926,0.003933821715112251
O=CNc1ccc(NC=O)cc1,pb_BENZ_L2,NHCHO_direct,C2,C2h,planar,-25.425178986101628,/home/tianyajun/MARL_for_COFs/cof_symmetry_pipeline/output/pycofbuilder/xyz/mol_000585.xyz,pycofbuilder,3.807767818896601e-06,7.319482812614964e-06
N#CNc1ccc(NC#N)cc1,pb_BENZ_L2,NHCN_direct,C2,C2,planar,-40.87949322369685,/home/tianyajun/MARL_for_COFs/cof_symmetry_pipeline/output/pycofbuilder/xyz/mol_000587.xyz,pycofbuilder,0.46562560983458046,1.1436049068856007
N#CSc1ccc(SC#N)cc1,pb_BENZ_L2,SCN_direct,C2,C2,nonplanar,18.6200879128126,/home/tianyajun/MARL_for_COFs/cof_symmetry_pipeline/output/pycofbuilder/xyz/mol_000589.xyz,pycofbuilder,1.0045558709867757,2.238723392015484
[N-]=[N+]=Nc1ccc(-c2ccc(-c3ccc(N=[N+]=[N-])cc3)cc2)cc1,pb_BENZ_L2,N3_ph,C2,D2,nonplanar,46.28555104337512,/home/tianyajun/MARL_for_COFs/cof_symmetry_pipeline/output/pycofbuilder/xyz/mol_000590.xyz,pycofbuilder,0.9925797000784584,1.8565866388231282
Brc1ccc(Br)cc1,pb_BENZ_L2,Br_direct,C2,D2h,planar,14.70338509211007,/home/tianyajun/MARL_for_COFs/cof_symmetry_pipeline/output/pycofbuilder/xyz/mol_000591.xyz,pycofbuilder,1.0385932179882064e-06,2.395180356384863e-06
Ic1ccc(I)cc1,pb_BENZ_L2,I_direct,C2,D2h,planar,16.293733840245554,/home/tianyajun/MARL_for_COFs/cof_symmetry_pipeline/output/pycofbuilder/xyz/mol_000592.xyz,pycofbuilder,7.44885121702616e-07,1.3276876760504042e-06
C[Si](C)(C)c1ccc([Si](C)(C)C)cc1,pb_BENZ_L2,SiMe3_direct,C2,C2h,nonplanar,30.650329420922883,/home/tianyajun/MARL_for_COFs/cof_symmetry_pipeline/output/pycofbuilder/xyz/mol_000593.xyz,pycofbuilder,1.2443974882050384,2.4407366869003004
O=S(=O)(Cl)c1ccc(S(=O)(=O)Cl)cc1,pb_BENZ_L2,SO2Cl_direct,C2,C2h,nonplanar,81.77693187683106,/home/tianyajun/MARL_for_COFs/cof_symmetry_pipeline/output/pycofbuilder/xyz/mol_000596.xyz,pycofbuilder,0.6892767529081195,1.7467445126243988
O=P(Cl)(Cl)c1ccc(P(=O)(Cl)Cl)cc1,pb_BENZ_L2,POCl2_direct,C2,C2h,nonplanar,84.78513627797781,/home/tianyajun/MARL_for_COFs/cof_symmetry_pipeline/output/pycofbuilder/xyz/mol_000597.xyz,pycofbuilder,0.7435341338215814,1.5773367640721503
O=C(O)c1ccc(-c2ccc(-c3ccc(-c4ccc(-c5ccc(C(=O)O)cc5)cc4)cc3)cc2)cc1,pb_BENZ_L2,COOH_phph,C2,C2,nonplanar,96.50021498898673,/home/tianyajun/MARL_for_COFs/cof_symmetry_pipeline/output/pycofbuilder/xyz/mol_000598.xyz,pycofbuilder,0.7396776226002248,1.7425151533555585
N#Cc1ccc(-c2ccc(-c3ccc(-c4ccc(-c5ccc(C#N)cc5)cc4)cc3)cc2)cc1,pb_BENZ_L2,CN_phph,C2,C2,nonplanar,133.00828222442237,/home/tianyajun/MARL_for_COFs/cof_symmetry_pipeline/output/pycofbuilder/xyz/mol_000599.xyz,pycofbuilder,0.9728925239122816,2.086156797994199
O=[N+]([O-])c1ccc(-c2ccc(-c3ccc(-c4ccc(-c5ccc([N+](=O)[O-])cc5)cc4)cc3)cc2)cc1,pb_BENZ_L2,NO2_phph,C2,C2,nonplanar,172.9403965822527,/home/tianyajun/MARL_for_COFs/cof_symmetry_pipeline/output/pycofbuilder/xyz/mol_000600.xyz,pycofbuilder,0.9727313839819124,2.096384918163457
Oc1ccc(-c2ccc(-c3ccc(-c4ccc(-c5ccc(O)cc5)cc4)cc3)cc2)cc1,pb_BENZ_L2,OH_phph,C2,C2,nonplanar,84.37384695102786,/home/tianyajun/MARL_for_COFs/cof_symmetry_pipeline/output/pycofbuilder/xyz/mol_000601.xyz,pycofbuilder,0.7665633143786446,1.7437400892366626
N#CCc1ccc(CC#N)cc1,pb_BENZ_L2,PB_CHCN,C2,C2h,nonplanar,50.11198983707608,/home/tianyajun/MARL_for_COFs/cof_symmetry_pipeline/output/pycofbuilder/xyz/mol_000602.xyz,pycofbuilder,0.7991931341030712,1.669933778344507
NNCc1ccc(CNN)cc1,pb_BENZ_L2,PB_NHNH2,C2,C2,nonplanar,125.7694628908162,/home/tianyajun/MARL_for_COFs/cof_symmetry_pipeline/output/pycofbuilder/xyz/mol_000603.xyz,pycofbuilder,1.155246540208448,2.2511792344036987
NNC(=O)c1ccc(C(=O)NN)cc1,pb_BENZ_L2,PB_CONHNH2,C2,C2,planar,133.34804458807224,/home/tianyajun/MARL_for_COFs/cof_symmetry_pipeline/output/pycofbuilder/xyz/mol_000605.xyz,pycofbuilder,0.43477269214371245,0.8739102245868561
[O]C(=O)c1ccc(C([O])=O)cc1,pb_BENZ_L2,PB_COOH,C2,D2h,planar,98.46921599565594,/home/tianyajun/MARL_for_COFs/cof_symmetry_pipeline/output/pycofbuilder/xyz/mol_000606.xyz,pycofbuilder,2.3121538402645103e-05,4.415242690906235e-05
ONc1ccc(NO)cc1,pb_BENZ_L2,PB_NHOH,C2,C2,planar,41.45501633592053,/home/tianyajun/MARL_for_COFs/cof_symmetry_pipeline/output/pycofbuilder/xyz/mol_000607.xyz,pycofbuilder,0.2877139230188988,0.6658949098117787
O=Cc1cc2cc3[nH]c(C=O)cc3cc2[nH]1,pb_DHPI_L2,CHO_direct,C2,C2h,planar,20.44370090888857,/home/tianyajun/MARL_for_COFs/cof_symmetry_pipeline/output/pycofbuilder/xyz/mol_000684.xyz,pycofbuilder,1.2958553240310614e-06,2.5019207275933653e-06
O=Cc1ccc(-c2cc3cc4[nH]c(-c5ccc(C=O)cc5)cc4cc3[nH]2)cc1,pb_DHPI_L2,CHO_ph,C2,C2h,planar,71.30154462243593,/home/tianyajun/MARL_for_COFs/cof_symmetry_pipeline/output/pycofbuilder/xyz/mol_000685.xyz,pycofbuilder,1.4146574868457351e-05,3.324085517008267e-05
O=Cc1ccc(-c2ccc(-c3cc4cc5[nH]c(-c6ccc(-c7ccc(C=O)cc7)cc6)cc5cc4[nH]3)cc2)cc1,pb_DHPI_L2,CHO_phph,C2,C2,nonplanar,115.47471604175516,/home/tianyajun/MARL_for_COFs/cof_symmetry_pipeline/output/pycofbuilder/xyz/mol_000686.xyz,pycofbuilder,0.5891275751280866,1.3087248919980294
Nc1ccc(-c2cc3cc4[nH]c(-c5ccc(N)cc5)cc4cc3[nH]2)cc1,pb_DHPI_L2,NH2_ph,C2,C2,nonplanar,20.21965414837868,/home/tianyajun/MARL_for_COFs/cof_symmetry_pipeline/output/pycofbuilder/xyz/mol_000688.xyz,pycofbuilder,0.636366405797096,1.3228394430846269
OB(O)c1cc2cc3[nH]c(B(O)O)cc3cc2[nH]1,pb_DHPI_L2,BOH2_direct,C2,C2,planar,86.77586917528242,/home/tianyajun/MARL_for_COFs/cof_symmetry_pipeline/output/pycofbuilder/xyz/mol_000690.xyz,pycofbuilder,0.33335565624069796,0.8165912607605845
C#Cc1ccc(-c2ccc(-c3cc4cc5[nH]c(-c6ccc(-c7ccc(C#C)cc7)cc6)cc5cc4[nH]3)cc2)cc1,pb_DHPI_L2,CCH_phph,C2,C2,nonplanar,84.78121374137018,/home/tianyajun/MARL_for_COFs/cof_symmetry_pipeline/output/pycofbuilder/xyz/mol_000693.xyz,pycofbuilder,0.5831796020200266,1.3133388674850508
N#Cc1cc2cc3[nH]c(C#N)cc3cc2[nH]1,pb_DHPI_L2,CN_direct,C2,C2h,planar,12.302956753576536,/home/tianyajun/MARL_for_COFs/cof_symmetry_pipeline/output/pycofbuilder/xyz/mol_000694.xyz,pycofbuilder,4.559597591815989e-06,1.1061548406909871e-05
O=[N+]([O-])c1cc2cc3[nH]c([N+](=O)[O-])cc3cc2[nH]1,pb_DHPI_L2,NO2_direct,C2,C2h,planar,19.65610836537475,/home/tianyajun/MARL_for_COFs/cof_symmetry_pipeline/output/pycofbuilder/xyz/mol_000698.xyz,pycofbuilder,2.025841010574716e-06,4.119922946077548e-06
O=[N+]([O-])c1ccc(-c2cc3cc4[nH]c(-c5ccc([N+](=O)[O-])cc5)cc4cc3[nH]2)cc1,pb_DHPI_L2,NO2_ph,C2,C2h,planar,108.71499639592804,/home/tianyajun/MARL_for_COFs/cof_symmetry_pipeline/output/pycofbuilder/xyz/mol_000699.xyz,pycofbuilder,0.00016936481690719377,0.00035154981258456175
Oc1cc2cc3[nH]c(O)cc3cc2[nH]1,pb_DHPI_L2,OH_direct,C2,C2h,planar,-2.378911497223561,/home/tianyajun/MARL_for_COFs/cof_symmetry_pipeline/output/pycofbuilder/xyz/mol_000700.xyz,pycofbuilder,1.6443362880838438e-06,4.764739976792498e-06
Sc1cc2cc3[nH]c(S)cc3cc2[nH]1,pb_DHPI_L2,SH_direct,C2,C2h,planar,1.1658798745933132,/home/tianyajun/MARL_for_COFs/cof_symmetry_pipeline/output/pycofbuilder/xyz/mol_000702.xyz,pycofbuilder,6.621843451498312e-07,1.72510586082808e-06
[N-]=[N+]=Nc1cc2cc3[nH]c(N=[N+]=[N-])cc3cc2[nH]1,pb_DHPI_L2,N3_direct,C2,C2h,planar,8.375394503452501,/home/tianyajun/MARL_for_COFs/cof_symmetry_pipeline/output/pycofbuilder/xyz/mol_000703.xyz,pycofbuilder,1.938964883610645e-06,4.469461591494195e-06
C#Cc1cc2cc3[nH]c(C#C)cc3cc2[nH]1,pb_DHPI_L2,ethynyl_direct,C2,C2h,planar,0.359174514434573,/home/tianyajun/MARL_for_COFs/cof_symmetry_pipeline/output/pycofbuilder/xyz/mol_000705.xyz,pycofbuilder,1.5256540114610369e-06,4.990693017514758e-06
Cc1cc2cc3[nH]c(C)cc3cc2[nH]1,pb_DHPI_L2,methyl_direct,C2,C2h,planar,15.877887669395616,/home/tianyajun/MARL_for_COFs/cof_symmetry_pipeline/output/pycofbuilder/xyz/mol_000706.xyz,pycofbuilder,0.3484413517006133,0.8883571312004399
Cc1ccc(-c2cc3cc4[nH]c(-c5ccc(C)cc5)cc4cc3[nH]2)cc1,pb_DHPI_L2,methyl_ph,C2,C2,nonplanar,45.58005036443346,/home/tianyajun/MARL_for_COFs/cof_symmetry_pipeline/output/pycofbuilder/xyz/mol_000707.xyz,pycofbuilder,0.6658095012529931,1.31186073423167
O=C=Nc1cc2cc3[nH]c(N=C=O)cc3cc2[nH]1,pb_DHPI_L2,NCO_direct,C2,C2h,planar,12.8897346101641,/home/tianyajun/MARL_for_COFs/cof_symmetry_pipeline/output/pycofbuilder/xyz/mol_000708.xyz,pycofbuilder,9.354550792430036e-07,3.5420608051062175e-06
S=C=Nc1cc2cc3[nH]c(N=C=S)cc3cc2[nH]1,pb_DHPI_L2,NCS_direct,C2,C2h,planar,9.94910372143909,/home/tianyajun/MARL_for_COFs/cof_symmetry_pipeline/output/pycofbuilder/xyz/mol_000709.xyz,pycofbuilder,3.1855239623739605e-06,1.0854299145046653e-05
FC(F)(F)c1cc2cc3[nH]c(C(F)(F)F)cc3cc2[nH]1,pb_DHPI_L2,CF3_direct,C2,C2h,planar,23.24357220257585,/home/tianyajun/MARL_for_COFs/cof_symmetry_pipeline/output/pycofbuilder/xyz/mol_000712.xyz,pycofbuilder,0.4279842013675676,1.0911692197495735
FC(F)(F)c1ccc(-c2cc3cc4[nH]c(-c5ccc(C(F)(F)F)cc5)cc4cc3[nH]2)cc1,pb_DHPI_L2,CF3_ph,C2,C2,nonplanar,95.1016384042192,/home/tianyajun/MARL_for_COFs/cof_symmetry_pipeline/output/pycofbuilder/xyz/mol_000713.xyz,pycofbuilder,0.6900830581921675,1.3087639689753314
Clc1cc2cc3[nH]c(Cl)cc3cc2[nH]1,pb_DHPI_L2,Cl_direct,C2,C2h,planar,1.4040905619238129,/home/tianyajun/MARL_for_COFs/cof_symmetry_pipeline/output/pycofbuilder/xyz/mol_000714.xyz,pycofbuilder,1.1944661546352874e-06,2.6267137325231005e-06
COC(=O)c1cc2cc3[nH]c(C(=O)OC)cc3cc2[nH]1,pb_DHPI_L2,COOMe_direct,C2,C2h,planar,-14.43305705335922,/home/tianyajun/MARL_for_COFs/cof_symmetry_pipeline/output/pycofbuilder/xyz/mol_000716.xyz,pycofbuilder,0.3185021612866885,0.9008649409252308
NC(=O)c1cc2cc3[nH]c(C(N)=O)cc3cc2[nH]1,pb_DHPI_L2,CONH2_direct,C2,C2h,planar,-87.7656018586506,/home/tianyajun/MARL_for_COFs/cof_symmetry_pipeline/output/pycofbuilder/xyz/mol_000717.xyz,pycofbuilder,0.0002248126878852624,0.0008385968206363059
COc1cc2cc3[nH]c(OC)cc3cc2[nH]1,pb_DHPI_L2,OMe_direct,C2,C2h,planar,9.677808285653024,/home/tianyajun/MARL_for_COFs/cof_symmetry_pipeline/output/pycofbuilder/xyz/mol_000718.xyz,pycofbuilder,0.34036384871454933,0.9005255142089301
NS(=O)(=O)c1cc2cc3[nH]c(S(N)(=O)=O)cc3cc2[nH]1,pb_DHPI_L2,SO2NH2_direct,C2,C2,nonplanar,-191.49020957164447,/home/tianyajun/MARL_for_COFs/cof_symmetry_pipeline/output/pycofbuilder/xyz/mol_000723.xyz,pycofbuilder,0.7704220260497824,1.9830783259011127
O=CC#Cc1cc2cc3[nH]c(C#CC=O)cc3cc2[nH]1,pb_DHPI_L2,CCCHO_direct,C2,C2h,planar,4.768949982317288,/home/tianyajun/MARL_for_COFs/cof_symmetry_pipeline/output/pycofbuilder/xyz/mol_000724.xyz,pycofbuilder,0.0049201377845621,0.016721371202354618
NC#Cc1cc2cc3[nH]c(C#CN)cc3cc2[nH]1,pb_DHPI_L2,CCNH2_direct,C2,C2h,planar,-1.5058043481875494,/home/tianyajun/MARL_for_COFs/cof_symmetry_pipeline/output/pycofbuilder/xyz/mol_000725.xyz,pycofbuilder,0.31099474494693247,0.82290402844772
N#CC#Cc1cc2cc3[nH]c(C#CC#N)cc3cc2[nH]1,pb_DHPI_L2,CCCN_direct,C2,C2h,planar,8.70403960276572,/home/tianyajun/MARL_for_COFs/cof_symmetry_pipeline/output/pycofbuilder/xyz/mol_000726.xyz,pycofbuilder,1.891862438230849e-06,6.152121208580219e-06
O=C(O)C#Cc1cc2cc3[nH]c(C#CC(=O)O)cc3cc2[nH]1,pb_DHPI_L2,CCCOOH_direct,C2,C2h,planar,-57.49508891449192,/home/tianyajun/MARL_for_COFs/cof_symmetry_pipeline/output/pycofbuilder/xyz/mol_000727.xyz,pycofbuilder,0.005956719160327938,0.020852154884996033
O=[N+]([O-])C#Cc1cc2cc3[nH]c(C#C[N+](=O)[O-])cc3cc2[nH]1,pb_DHPI_L2,CCNO2_direct,C2,C2h,planar,14.225663910982789,/home/tianyajun/MARL_for_COFs/cof_symmetry_pipeline/output/pycofbuilder/xyz/mol_000728.xyz,pycofbuilder,8.414072953029567e-06,3.0854784913270095e-05
OC#Cc1cc2cc3[nH]c(C#CO)cc3cc2[nH]1,pb_DHPI_L2,CCOH_direct,C2,C2h,planar,2.4807618175060595,/home/tianyajun/MARL_for_COFs/cof_symmetry_pipeline/output/pycofbuilder/xyz/mol_000729.xyz,pycofbuilder,1.3179481916390147e-06,4.870472431584005e-06
FC(F)(F)C#Cc1cc2cc3[nH]c(C#CC(F)(F)F)cc3cc2[nH]1,pb_DHPI_L2,CCCF3_direct,C2,C2h,planar,8.359813280116139,/home/tianyajun/MARL_for_COFs/cof_symmetry_pipeline/output/pycofbuilder/xyz/mol_000730.xyz,pycofbuilder,0.3994129839776041,1.1193656301716872
O=C=NC#Cc1cc2cc3[nH]c(C#CN=C=O)cc3cc2[nH]1,pb_DHPI_L2,CCNCO_direct,C2,C2h,planar,-0.7600317028261012,/home/tianyajun/MARL_for_COFs/cof_symmetry_pipeline/output/pycofbuilder/xyz/mol_000731.xyz,pycofbuilder,3.789009906168668e-05,0.00010679836604188253
CC(=O)C#Cc1cc2cc3[nH]c(C#CC(C)=O)cc3cc2[nH]1,pb_DHPI_L2,CCacetyl_direct,C2,C2,planar,8.360950893898515,/home/tianyajun/MARL_for_COFs/cof_symmetry_pipeline/output/pycofbuilder/xyz/mol_000732.xyz,pycofbuilder,0.3316158212911647,1.1748884757501799
O=COc1cc2cc3[nH]c(OC=O)cc3cc2[nH]1,pb_DHPI_L2,OCHO_direct,C2,C2h,planar,35.65607007296357,/home/tianyajun/MARL_for_COFs/cof_symmetry_pipeline/output/pycofbuilder/xyz/mol_000734.xyz,pycofbuilder,5.1643474815652e-06,1.0013632428917951e-05
N#COc1cc2cc3[nH]c(OC#N)cc3cc2[nH]1,pb_DHPI_L2,OCN_direct,C2,C2h,planar,25.835865127167665,/home/tianyajun/MARL_for_COFs/cof_symmetry_pipeline/output/pycofbuilder/xyz/mol_000735.xyz,pycofbuilder,4.9657093317469755e-05,0.00014938731909413389
O=CNc1cc2cc3[nH]c(NC=O)cc3cc2[nH]1,pb_DHPI_L2,NHCHO_direct,C2,C2h,planar,-17.210136460692862,/home/tianyajun/MARL_for_COFs/cof_symmetry_pipeline/output/pycofbuilder/xyz/mol_000737.xyz,pycofbuilder,2.181090520232662e-06,5.045193196107078e-06
CC(=O)Nc1cc2cc3[nH]c(NC(C)=O)cc3cc2[nH]1,pb_DHPI_L2,NHacetyl_direct,C2,C2,planar,-12.203261913889058,/home/tianyajun/MARL_for_COFs/cof_symmetry_pipeline/output/pycofbuilder/xyz/mol_000738.xyz,pycofbuilder,0.3069413773193024,0.9990131572341288
N#CNc1cc2cc3[nH]c(NC#N)cc3cc2[nH]1,pb_DHPI_L2,NHCN_direct,C2,C2,planar,-29.61098852786268,/home/tianyajun/MARL_for_COFs/cof_symmetry_pipeline/output/pycofbuilder/xyz/mol_000739.xyz,pycofbuilder,0.2313816721019464,0.6894237473178478
N#CSc1cc2cc3[nH]c(SC#N)cc3cc2[nH]1,pb_DHPI_L2,SCN_direct,C2,C2h,planar,19.550876229137582,/home/tianyajun/MARL_for_COFs/cof_symmetry_pipeline/output/pycofbuilder/xyz/mol_000741.xyz,pycofbuilder,0.050190038971642204,0.14288503397916985
Brc1cc2cc3[nH]c(Br)cc3cc2[nH]1,pb_DHPI_L2,Br_direct,C2,C2h,planar,3.090146239783416,/home/tianyajun/MARL_for_COFs/cof_symmetry_pipeline/output/pycofbuilder/xyz/mol_000743.xyz,pycofbuilder,1.6260315948230187e-06,3.4840479217201903e-06
Ic1cc2cc3[nH]c(I)cc3cc2[nH]1,pb_DHPI_L2,I_direct,C2,C2h,planar,4.464359827556088,/home/tianyajun/MARL_for_COFs/cof_symmetry_pipeline/output/pycofbuilder/xyz/mol_000744.xyz,pycofbuilder,1.7823489026363176e-06,5.185816845942881e-06
O=S(=O)(Cl)c1cc2cc3[nH]c(S(=O)(=O)Cl)cc3cc2[nH]1,pb_DHPI_L2,SO2Cl_direct,C2,D2,nonplanar,18.59493753117782,/home/tianyajun/MARL_for_COFs/cof_symmetry_pipeline/output/pycofbuilder/xyz/mol_000748.xyz,pycofbuilder,0.567318382205875,1.7081589166822595
O=C(O)c1ccc(-c2ccc(-c3cc4cc5[nH]c(-c6ccc(-c7ccc(C(=O)O)cc7)cc6)cc5cc4[nH]3)cc2)cc1,pb_DHPI_L2,COOH_phph,C2,C2,nonplanar,75.84920986561207,/home/tianyajun/MARL_for_COFs/cof_symmetry_pipeline/output/pycofbuilder/xyz/mol_000750.xyz,pycofbuilder,0.5849399677028452,1.3171384698460131
O=[N+]([O-])c1ccc(-c2ccc(-c3cc4cc5[nH]c(-c6ccc(-c7ccc([N+](=O)[O-])cc7)cc6)cc5cc4[nH]3)cc2)cc1,pb_DHPI_L2,NO2_phph,C2,C2,nonplanar,152.34027063705497,/home/tianyajun/MARL_for_COFs/cof_symmetry_pipeline/output/pycofbuilder/xyz/mol_000752.xyz,pycofbuilder,0.5895327396599569,1.3045335192275074
N#CCc1cc2cc3[nH]c(CC#N)cc3cc2[nH]1,pb_DHPI_L2,PB_CHCN,C2,C2,nonplanar,50.88899918478422,/home/tianyajun/MARL_for_COFs/cof_symmetry_pipeline/output/pycofbuilder/xyz/mol_000754.xyz,pycofbuilder,0.6185464493020713,1.7376177985331716
NNCc1cc2cc3[nH]c(CNN)cc3cc2[nH]1,pb_DHPI_L2,PB_NHNH2,C2,C2,nonplanar,95.47050368984816,/home/tianyajun/MARL_for_COFs/cof_symmetry_pipeline/output/pycofbuilder/xyz/mol_000755.xyz,pycofbuilder,1.061554753244683,2.3225901505397593
NNC(=O)c1cc2cc3[nH]c(C(=O)NN)cc3cc2[nH]1,pb_DHPI_L2,PB_CONHNH2,C2,C2,planar,96.09489051310264,/home/tianyajun/MARL_for_COFs/cof_symmetry_pipeline/output/pycofbuilder/xyz/mol_000757.xyz,pycofbuilder,0.3579189102937169,0.8110835490716874
[O]C(=O)c1cc2cc3[nH]c(C([O])=O)cc3cc2[nH]1,pb_DHPI_L2,PB_COOH,C2,C2h,planar,16.344663149704452,/home/tianyajun/MARL_for_COFs/cof_symmetry_pipeline/output/pycofbuilder/xyz/mol_000758.xyz,pycofbuilder,3.3445849079260904e-07,7.912883032146212e-07
O=CC1=Cc2cc3c(cc2C1)CC(C=O)=C3,pb_DHSI_L2,CHO_direct,C2,C2v,planar,41.10380927575629,/home/tianyajun/MARL_for_COFs/cof_symmetry_pipeline/output/pycofbuilder/xyz/mol_000760.xyz,pycofbuilder,0.3534789624988225,0.9012198039212715
O=Cc1ccc(C2=Cc3cc4c(cc3C2)CC(c2ccc(C=O)cc2)=C4)cc1,pb_DHSI_L2,CHO_ph,C2,C2v,planar,110.49318026966324,/home/tianyajun/MARL_for_COFs/cof_symmetry_pipeline/output/pycofbuilder/xyz/mol_000761.xyz,pycofbuilder,0.26617367177942813,0.9082783788144966
Nc1ccc(C2=Cc3cc4c(cc3C2)CC(c2ccc(N)cc2)=C4)cc1,pb_DHSI_L2,NH2_ph,C2,C2,planar,60.63219746246416,/home/tianyajun/MARL_for_COFs/cof_symmetry_pipeline/output/pycofbuilder/xyz/mol_000764.xyz,pycofbuilder,0.34248928456049493,0.9106766472160348
Nc1ccc(-c2ccc(C3=Cc4cc5c(cc4C3)CC(c3ccc(-c4ccc(N)cc4)cc3)=C5)cc2)cc1,pb_DHSI_L2,NH2_phph,C2,C2,nonplanar,105.92934801830214,/home/tianyajun/MARL_for_COFs/cof_symmetry_pipeline/output/pycofbuilder/xyz/mol_000765.xyz,pycofbuilder,0.6681289736317765,1.5376354895201527
C#Cc1ccc(C2=Cc3cc4c(cc3C2)CC(c2ccc(C#C)cc2)=C4)cc1,pb_DHSI_L2,CCH_ph,C2,C2v,planar,79.96527008951549,/home/tianyajun/MARL_for_COFs/cof_symmetry_pipeline/output/pycofbuilder/xyz/mol_000768.xyz,pycofbuilder,0.2662516766189108,0.911949543698959
N#CC1=Cc2cc3c(cc2C1)CC(C#N)=C3,pb_DHSI_L2,CN_direct,C2,C2v,planar,31.900277035640062,/home/tianyajun/MARL_for_COFs/cof_symmetry_pipeline/output/pycofbuilder/xyz/mol_000770.xyz,pycofbuilder,0.36784646167498797,0.9010424580374912
N#Cc1ccc(C2=Cc3cc4c(cc3C2)CC(c2ccc(C#N)cc2)=C4)cc1,pb_DHSI_L2,CN_ph,C2,C2v,planar,107.68503289264076,/home/tianyajun/MARL_for_COFs/cof_symmetry_pipeline/output/pycofbuilder/xyz/mol_000771.xyz,pycofbuilder,0.2721369842696068,0.9088809650951053
O=C(O)C1=Cc2cc3c(cc2C1)CC(C(=O)O)=C3,pb_DHSI_L2,COOH_direct,C2,C2v,planar,-32.303756727867444,/home/tianyajun/MARL_for_COFs/cof_symmetry_pipeline/output/pycofbuilder/xyz/mol_000772.xyz,pycofbuilder,0.3406950832008373,0.9013952461603788
O=C(O)c1ccc(C2=Cc3cc4c(cc3C2)CC(c2ccc(C(=O)O)cc2)=C4)cc1,pb_DHSI_L2,COOH_ph,C2,C2v,planar,71.04864827316015,/home/tianyajun/MARL_for_COFs/cof_symmetry_pipeline/output/pycofbuilder/xyz/mol_000773.xyz,pycofbuilder,0.2605547780585807,0.9083898225842666
O=[N+]([O-])C1=Cc2cc3c(cc2C1)CC([N+](=O)[O-])=C3,pb_DHSI_L2,NO2_direct,C2,C2v,planar,44.46103200290468,/home/tianyajun/MARL_for_COFs/cof_symmetry_pipeline/output/pycofbuilder/xyz/mol_000774.xyz,pycofbuilder,0.35427539977978934,0.9032373213532215
O=[N+]([O-])c1ccc(C2=Cc3cc4c(cc3C2)CC(c2ccc([N+](=O)[O-])cc2)=C4)cc1,pb_DHSI_L2,NO2_ph,C2,C2v,planar,147.60371131637646,/home/tianyajun/MARL_for_COFs/cof_symmetry_pipeline/output/pycofbuilder/xyz/mol_000775.xyz,pycofbuilder,0.26611756417042426,0.9039547970954538
OC1=Cc2cc3c(cc2C1)CC(O)=C3,pb_DHSI_L2,OH_direct,C2,C2v,planar,52.96917345880432,/home/tianyajun/MARL_for_COFs/cof_symmetry_pipeline/output/pycofbuilder/xyz/mol_000776.xyz,pycofbuilder,0.36813572141117,0.9017485373915994
Oc1ccc(C2=Cc3cc4c(cc3C2)CC(c2ccc(O)cc2)=C4)cc1,pb_DHSI_L2,OH_ph,C2,C2v,planar,58.72562040278689,/home/tianyajun/MARL_for_COFs/cof_symmetry_pipeline/output/pycofbuilder/xyz/mol_000777.xyz,pycofbuilder,0.27546224018324267,0.9128331211191929
[N-]=[N+]=NC1=Cc2cc3c(cc2C1)CC(N=[N+]=[N-])=C3,pb_DHSI_L2,N3_direct,C2,C2v,planar,52.6002074314119,/home/tianyajun/MARL_for_COFs/cof_symmetry_pipeline/output/pycofbuilder/xyz/mol_000779.xyz,pycofbuilder,0.3540419847593167,0.9026397718643085
C=CC1=Cc2cc3c(cc2C1)CC(C=C)=C3,pb_DHSI_L2,vinyl_direct,C2,C2v,planar,51.45687187814743,/home/tianyajun/MARL_for_COFs/cof_symmetry_pipeline/output/pycofbuilder/xyz/mol_000780.xyz,pycofbuilder,0.32929414333043644,0.9018438990197581
C#CC1=Cc2cc3c(cc2C1)CC(C#C)=C3,pb_DHSI_L2,ethynyl_direct,C2,C2v,planar,38.353956859421416,/home/tianyajun/MARL_for_COFs/cof_symmetry_pipeline/output/pycofbuilder/xyz/mol_000781.xyz,pycofbuilder,0.3534495964884042,0.9011279049770932
CC1=Cc2cc3c(cc2C1)CC(C)=C3,pb_DHSI_L2,methyl_direct,C2,C2v,planar,38.07903324816941,/home/tianyajun/MARL_for_COFs/cof_symmetry_pipeline/output/pycofbuilder/xyz/mol_000782.xyz,pycofbuilder,0.47833431637140883,0.9013893238988947
Cc1ccc(C2=Cc3cc4c(cc3C2)CC(c2ccc(C)cc2)=C4)cc1,pb_DHSI_L2,methyl_ph,C2,C2,planar,85.88144054071523,/home/tianyajun/MARL_for_COFs/cof_symmetry_pipeline/output/pycofbuilder/xyz/mol_000783.xyz,pycofbuilder,0.3794393181788209,1.045810591184045
O=C=NC1=Cc2cc3c(cc2C1)CC(N=C=O)=C3,pb_DHSI_L2,NCO_direct,C2,C2v,planar,53.98991125622814,/home/tianyajun/MARL_for_COFs/cof_symmetry_pipeline/output/pycofbuilder/xyz/mol_000784.xyz,pycofbuilder,0.3541633259619719,0.9029442215636528
FC(F)(F)C1=Cc2cc3c(cc2C1)CC(C(F)(F)F)=C3,pb_DHSI_L2,CF3_direct,C2,C2v,nonplanar,18.239281136523378,/home/tianyajun/MARL_for_COFs/cof_symmetry_pipeline/output/pycofbuilder/xyz/mol_000788.xyz,pycofbuilder,0.5342939729520304,1.0891948233821418
FC(F)(F)c1ccc(C2=Cc3cc4c(cc3C2)CC(c2ccc(C(F)(F)F)cc2)=C4)cc1,pb_DHSI_L2,CF3_ph,C2,C2,planar,135.19122868390957,/home/tianyajun/MARL_for_COFs/cof_symmetry_pipeline/output/pycofbuilder/xyz/mol_000789.xyz,pycofbuilder,0.4178891724983673,1.269946783609174
ClC1=Cc2cc3c(cc2C1)CC(Cl)=C3,pb_DHSI_L2,Cl_direct,C2,C2v,planar,40.89219064501857,/home/tianyajun/MARL_for_COFs/cof_symmetry_pipeline/output/pycofbuilder/xyz/mol_000790.xyz,pycofbuilder,0.38446293338814386,0.9016568366980632
Clc1ccc(C2=Cc3cc4c(cc3C2)CC(c2ccc(Cl)cc2)=C4)cc1,pb_DHSI_L2,Cl_ph,C2,C2v,planar,77.80634380932915,/home/tianyajun/MARL_for_COFs/cof_symmetry_pipeline/output/pycofbuilder/xyz/mol_000791.xyz,pycofbuilder,0.2785298090142055,0.9072799299769037
NC(=O)C1=Cc2cc3c(cc2C1)CC(C(N)=O)=C3,pb_DHSI_L2,CONH2_direct,C2,C2,planar,-45.16432349514183,/home/tianyajun/MARL_for_COFs/cof_symmetry_pipeline/output/pycofbuilder/xyz/mol_000793.xyz,pycofbuilder,0.3694234673854279,0.9791409435709029
COc1ccc(C2=Cc3cc4c(cc3C2)CC(c2ccc(OC)cc2)=C4)cc1,pb_DHSI_L2,OMe_ph,C2,C2v,planar,88.19397313886083,/home/tianyajun/MARL_for_COFs/cof_symmetry_pipeline/output/pycofbuilder/xyz/mol_000795.xyz,pycofbuilder,0.3612314409889241,0.9107648598586541
CC(=O)c1ccc(C2=Cc3cc4c(cc3C2)CC(c2ccc(C(C)=O)cc2)=C4)cc1,pb_DHSI_L2,acetyl_ph,C2,C2v,planar,118.94734631218736,/home/tianyajun/MARL_for_COFs/cof_symmetry_pipeline/output/pycofbuilder/xyz/mol_000798.xyz,pycofbuilder,0.3549452057516509,0.9384490761253959
NS(=O)(=O)C1=Cc2cc3c(cc2C1)CC(S(N)(=O)=O)=C3,pb_DHSI_L2,SO2NH2_direct,C2,C2,nonplanar,-172.7711411140018,/home/tianyajun/MARL_for_COFs/cof_symmetry_pipeline/output/pycofbuilder/xyz/mol_000799.xyz,pycofbuilder,0.784404983065098,1.7168287340053365
NC#CC1=Cc2cc3c(cc2C1)CC(C#CN)=C3,pb_DHSI_L2,CCNH2_direct,C2,C2v,planar,28.35497231004844,/home/tianyajun/MARL_for_COFs/cof_symmetry_pipeline/output/pycofbuilder/xyz/mol_000801.xyz,pycofbuilder,0.44571212207323047,0.9012404226399476
N#CC#CC1=Cc2cc3c(cc2C1)CC(C#CC#N)=C3,pb_DHSI_L2,CCCN_direct,C2,C2v,planar,46.45049481051284,/home/tianyajun/MARL_for_COFs/cof_symmetry_pipeline/output/pycofbuilder/xyz/mol_000802.xyz,pycofbuilder,0.3406080454497392,0.901177424222582
O=C(O)C#CC1=Cc2cc3c(cc2C1)CC(C#CC(=O)O)=C3,pb_DHSI_L2,CCCOOH_direct,C2,C2v,planar,-17.43374165788747,/home/tianyajun/MARL_for_COFs/cof_symmetry_pipeline/output/pycofbuilder/xyz/mol_000803.xyz,pycofbuilder,0.3186004968485077,0.9011433954128942
O=[N+]([O-])C#CC1=Cc2cc3c(cc2C1)CC(C#C[N+](=O)[O-])=C3,pb_DHSI_L2,CCNO2_direct,C2,C2v,planar,53.7914482340702,/home/tianyajun/MARL_for_COFs/cof_symmetry_pipeline/output/pycofbuilder/xyz/mol_000804.xyz,pycofbuilder,0.32906836936714745,0.9011935495276333
OC#CC1=Cc2cc3c(cc2C1)CC(C#CO)=C3,pb_DHSI_L2,CCOH_direct,C2,C2v,planar,34.72110292285087,/home/tianyajun/MARL_for_COFs/cof_symmetry_pipeline/output/pycofbuilder/xyz/mol_000805.xyz,pycofbuilder,0.34062221552508587,0.9023430830375803
FC(F)(F)C#CC1=Cc2cc3c(cc2C1)CC(C#CC(F)(F)F)=C3,pb_DHSI_L2,CCCF3_direct,C2,C2v,nonplanar,52.054630016627726,/home/tianyajun/MARL_for_COFs/cof_symmetry_pipeline/output/pycofbuilder/xyz/mol_000806.xyz,pycofbuilder,0.5009825922608913,1.1295559999306906
O=C=NC#CC1=Cc2cc3c(cc2C1)CC(C#CN=C=O)=C3,pb_DHSI_L2,CCNCO_direct,C2,C2v,planar,31.7219827034784,/home/tianyajun/MARL_for_COFs/cof_symmetry_pipeline/output/pycofbuilder/xyz/mol_000807.xyz,pycofbuilder,0.32905123369248496,0.901146939668705
CC(=O)C#CC1=Cc2cc3c(cc2C1)CC(C#CC(C)=O)=C3,pb_DHSI_L2,CCacetyl_direct,C2,C2,planar,48.409532436738594,/home/tianyajun/MARL_for_COFs/cof_symmetry_pipeline/output/pycofbuilder/xyz/mol_000808.xyz,pycofbuilder,0.47408848841592566,1.2810741600539013
COC(=O)C#CC1=Cc2cc3c(cc2C1)CC(C#CC(=O)OC)=C3,pb_DHSI_L2,CCCOOMe_direct,C2,C2,planar,24.03421060475216,/home/tianyajun/MARL_for_COFs/cof_symmetry_pipeline/output/pycofbuilder/xyz/mol_000809.xyz,pycofbuilder,0.42770425135962015,0.9491225169704987
O=CNC1=Cc2cc3c(cc2C1)CC(NC=O)=C3,pb_DHSI_L2,NHCHO_direct,C2,C2v,planar,26.49376426675484,/home/tianyajun/MARL_for_COFs/cof_symmetry_pipeline/output/pycofbuilder/xyz/mol_000813.xyz,pycofbuilder,0.33010585694983974,0.9040377099083247
N#CNC1=Cc2cc3c(cc2C1)CC(NC#N)=C3,pb_DHSI_L2,NHCN_direct,C2,C2v,planar,31.01791824189492,/home/tianyajun/MARL_for_COFs/cof_symmetry_pipeline/output/pycofbuilder/xyz/mol_000815.xyz,pycofbuilder,0.3470638952540709,0.9454466822240829
N#CSC1=Cc2cc3c(cc2C1)CC(SC#N)=C3,pb_DHSI_L2,SCN_direct,C2,C2v,planar,47.92403288049411,/home/tianyajun/MARL_for_COFs/cof_symmetry_pipeline/output/pycofbuilder/xyz/mol_000817.xyz,pycofbuilder,0.3542534515002856,0.9034373855618503
[N-]=[N+]=Nc1ccc(C2=Cc3cc4c(cc3C2)CC(c2ccc(N=[N+]=[N-])cc2)=C4)cc1,pb_DHSI_L2,N3_ph,C2,C2,nonplanar,65.78128736186599,/home/tianyajun/MARL_for_COFs/cof_symmetry_pipeline/output/pycofbuilder/xyz/mol_000818.xyz,pycofbuilder,0.5270908459402438,1.7484841933140711
BrC1=Cc2cc3c(cc2C1)CC(Br)=C3,pb_DHSI_L2,Br_direct,C2,C2v,planar,40.34815414966889,/home/tianyajun/MARL_for_COFs/cof_symmetry_pipeline/output/pycofbuilder/xyz/mol_000819.xyz,pycofbuilder,0.38446575633834135,0.9016552892675337
IC1=Cc2cc3c(cc2C1)CC(I)=C3,pb_DHSI_L2,I_direct,C2,C2v,planar,40.08579648381744,/home/tianyajun/MARL_for_COFs/cof_symmetry_pipeline/output/pycofbuilder/xyz/mol_000820.xyz,pycofbuilder,0.3843595094937469,0.9014044886576171
C[Si](C)(C)C1=Cc2cc3c(cc2C1)CC([Si](C)(C)C)=C3,pb_DHSI_L2,SiMe3_direct,C2,C2,nonplanar,38.180300731804365,/home/tianyajun/MARL_for_COFs/cof_symmetry_pipeline/output/pycofbuilder/xyz/mol_000821.xyz,pycofbuilder,1.129409519977701,2.4724964858484126
O=S(=O)(Cl)C1=Cc2cc3c(cc2C1)CC(S(=O)(=O)Cl)=C3,pb_DHSI_L2,SO2Cl_direct,C2,D2,nonplanar,18.521682200360985,/home/tianyajun/MARL_for_COFs/cof_symmetry_pipeline/output/pycofbuilder/xyz/mol_000824.xyz,pycofbuilder,0.6473504754322632,1.7820050773615503
Oc1ccc(-c2ccc(C3=Cc4cc5c(cc4C3)CC(c3ccc(-c4ccc(O)cc4)cc3)=C5)cc2)cc1,pb_DHSI_L2,OH_phph,C2,C2,nonplanar,103.9677923576971,/home/tianyajun/MARL_for_COFs/cof_symmetry_pipeline/output/pycofbuilder/xyz/mol_000829.xyz,pycofbuilder,0.6969415769776589,1.6423211524198025
N#CCC1=Cc2cc3c(cc2C1)CC(CC#N)=C3,pb_DHSI_L2,PB_CHCN,C2,C2v,planar,60.79232420829244,/home/tianyajun/MARL_for_COFs/cof_symmetry_pipeline/output/pycofbuilder/xyz/mol_000830.xyz,pycofbuilder,0.46034084274432774,0.9011661986976531
O=C(CCO)C1=Cc2cc3c(cc2C1)CC(C(=O)CCO)=C3,pb_DHSI_L2,PB_COCHCHOH,C2,C2,nonplanar,34.06344549511311,/home/tianyajun/MARL_for_COFs/cof_symmetry_pipeline/output/pycofbuilder/xyz/mol_000832.xyz,pycofbuilder,0.8655294037288035,2.0830842947983133
[O]C(=O)C1=Cc2cc3c(cc2C1)CC(C([O])=O)=C3,pb_DHSI_L2,PB_COOH,C2,C2v,planar,39.59663621361662,/home/tianyajun/MARL_for_COFs/cof_symmetry_pipeline/output/pycofbuilder/xyz/mol_000834.xyz,pycofbuilder,0.35355990016218614,0.9014072654892569
O=Cc1ccc2c(c1)C=c1sc3c4c(sc3c1-2)=Cc1cc(C=O)ccc1-4,pb_IITT_L2,CHO_direct,C2,C2h,planar,124.56928392435633,/home/tianyajun/MARL_for_COFs/cof_symmetry_pipeline/output/pycofbuilder/xyz/mol_000836.xyz,pycofbuilder,4.125412821956038e-06,9.0314879810649e-06
Nc1ccc2c(c1)C=c1sc3c4c(sc3c1-2)=Cc1cc(N)ccc1-4,pb_IITT_L2,NH2_direct,C2,C2,planar,83.1022273863124,/home/tianyajun/MARL_for_COFs/cof_symmetry_pipeline/output/pycofbuilder/xyz/mol_000839.xyz,pycofbuilder,0.08977945737696572,0.2473177864452358
Nc1ccc(-c2ccc3c(c2)C=c2sc4c5c(sc4c2-3)=Cc2cc(-c3ccc(N)cc3)ccc2-5)cc1,pb_IITT_L2,NH2_ph,C2,C2,nonplanar,124.48490081811688,/home/tianyajun/MARL_for_COFs/cof_symmetry_pipeline/output/pycofbuilder/xyz/mol_000840.xyz,pycofbuilder,0.7877686578373093,1.7958721063609002
OB(O)c1ccc2c(c1)C=c1sc3c4c(sc3c1-2)=Cc1cc(B(O)O)ccc1-4,pb_IITT_L2,BOH2_direct,C2,C2,planar,192.93666574355453,/home/tianyajun/MARL_for_COFs/cof_symmetry_pipeline/output/pycofbuilder/xyz/mol_000842.xyz,pycofbuilder,0.2890680017765435,0.9820272145984352
C#Cc1ccc(-c2ccc3c(c2)C=c2sc4c5c(sc4c2-3)=Cc2cc(-c3ccc(C#C)cc3)ccc2-5)cc1,pb_IITT_L2,CCH_ph,C2,C2,nonplanar,143.7230920578491,/home/tianyajun/MARL_for_COFs/cof_symmetry_pipeline/output/pycofbuilder/xyz/mol_000844.xyz,pycofbuilder,0.76827732417353,1.7794912832326961
N#Cc1ccc2c(c1)C=c1sc3c4c(sc3c1-2)=Cc1cc(C#N)ccc1-4,pb_IITT_L2,CN_direct,C2,C2h,planar,122.36972599405564,/home/tianyajun/MARL_for_COFs/cof_symmetry_pipeline/output/pycofbuilder/xyz/mol_000846.xyz,pycofbuilder,1.8668910398327934e-05,3.964135588785389e-05
O=C(O)c1ccc2c(c1)C=c1sc3c4c(sc3c1-2)=Cc1cc(C(=O)O)ccc1-4,pb_IITT_L2,COOH_direct,C2,C2h,planar,83.43581804626075,/home/tianyajun/MARL_for_COFs/cof_symmetry_pipeline/output/pycofbuilder/xyz/mol_000848.xyz,pycofbuilder,1.5314031108009333e-05,3.302506439295527e-05
O=[N+]([O-])c1ccc2c(c1)C=c1sc3c4c(sc3c1-2)=Cc1cc([N+](=O)[O-])ccc1-4,pb_IITT_L2,NO2_direct,C2,C2h,planar,157.782344755336,/home/tianyajun/MARL_for_COFs/cof_symmetry_pipeline/output/pycofbuilder/xyz/mol_000850.xyz,pycofbuilder,1.8201569773510389e-06,7.141308091485055e-06
O=[N+]([O-])c1ccc(-c2ccc3c(c2)C=c2sc4c5c(sc4c2-3)=Cc2cc(-c3ccc([N+](=O)[O-])cc3)ccc2-5)cc1,pb_IITT_L2,NO2_ph,C2,C2,nonplanar,211.59715455671585,/home/tianyajun/MARL_for_COFs/cof_symmetry_pipeline/output/pycofbuilder/xyz/mol_000851.xyz,pycofbuilder,0.8076778935974458,1.7879401313666565
Oc1ccc2c(c1)C=c1sc3c4c(sc3c1-2)=Cc1cc(O)ccc1-4,pb_IITT_L2,OH_direct,C2,C2h,planar,78.89018088632449,/home/tianyajun/MARL_for_COFs/cof_symmetry_pipeline/output/pycofbuilder/xyz/mol_000852.xyz,pycofbuilder,1.2180001016047901e-05,2.6453964367734173e-05
Oc1ccc(-c2ccc3c(c2)C=c2sc4c5c(sc4c2-3)=Cc2cc(-c3ccc(O)cc3)ccc2-5)cc1,pb_IITT_L2,OH_ph,C2,C2,nonplanar,122.58238089408954,/home/tianyajun/MARL_for_COFs/cof_symmetry_pipeline/output/pycofbuilder/xyz/mol_000853.xyz,pycofbuilder,0.794017038714654,1.8048452404992208
Sc1ccc2c(c1)C=c1sc3c4c(sc3c1-2)=Cc1cc(S)ccc1-4,pb_IITT_L2,SH_direct,C2,C2,planar,91.6433332221586,/home/tianyajun/MARL_for_COFs/cof_symmetry_pipeline/output/pycofbuilder/xyz/mol_000854.xyz,pycofbuilder,0.194262894040605,0.776864076501319
C=Cc1ccc2c(c1)C=c1sc3c4c(sc3c1-2)=Cc1cc(C=C)ccc1-4,pb_IITT_L2,vinyl_direct,C2,C2h,planar,112.0734405217302,/home/tianyajun/MARL_for_COFs/cof_symmetry_pipeline/output/pycofbuilder/xyz/mol_000856.xyz,pycofbuilder,4.168242082895824e-05,0.00014363296278707693
C#Cc1ccc2c(c1)C=c1sc3c4c(sc3c1-2)=Cc1cc(C#C)ccc1-4,pb_IITT_L2,ethynyl_direct,C2,C2h,planar,97.2029902162481,/home/tianyajun/MARL_for_COFs/cof_symmetry_pipeline/output/pycofbuilder/xyz/mol_000857.xyz,pycofbuilder,1.252514467968656e-05,3.0152972071872952e-05
Cc1ccc2c(c1)C=c1sc3c4c(sc3c1-2)=Cc1cc(C)ccc1-4,pb_IITT_L2,methyl_direct,C2,C2,planar,107.0750363120724,/home/tianyajun/MARL_for_COFs/cof_symmetry_pipeline/output/pycofbuilder/xyz/mol_000858.xyz,pycofbuilder,0.29010838936520783,1.0571406392868652
S=C=Nc1ccc2c(c1)C=c1sc3c4c(sc3c1-2)=Cc1cc(N=C=S)ccc1-4,pb_IITT_L2,NCS_direct,C2,C2,nonplanar,89.30884726460962,/home/tianyajun/MARL_for_COFs/cof_symmetry_pipeline/output/pycofbuilder/xyz/mol_000861.xyz,pycofbuilder,0.6534716762343179,2.499917142266205
O=P(O)(O)c1ccc2c(c1)C=c1sc3c4c(sc3c1-2)=Cc1cc(P(=O)(O)O)ccc1-4,pb_IITT_L2,PO3H2_direct,C2,C2,nonplanar,-94.97942988825858,/home/tianyajun/MARL_for_COFs/cof_symmetry_pipeline/output/pycofbuilder/xyz/mol_000863.xyz,pycofbuilder,0.6215220771870489,1.5060722867861627
FC(F)(F)c1ccc(-c2ccc3c(c2)C=c2sc4c5c(sc4c2-3)=Cc2cc(-c3ccc(C(F)(F)F)cc3)ccc2-5)cc1,pb_IITT_L2,CF3_ph,C2,C2,nonplanar,198.6847500496856,/home/tianyajun/MARL_for_COFs/cof_symmetry_pipeline/output/pycofbuilder/xyz/mol_000865.xyz,pycofbuilder,0.8085721926317565,1.7863397836127834
Clc1ccc2c(c1)C=c1sc3c4c(sc3c1-2)=Cc1cc(Cl)ccc1-4,pb_IITT_L2,Cl_direct,C2,C2h,planar,93.53603896471029,/home/tianyajun/MARL_for_COFs/cof_symmetry_pipeline/output/pycofbuilder/xyz/mol_000866.xyz,pycofbuilder,2.519914858926921e-06,4.98963164929922e-06
Clc1ccc(-c2ccc3c(c2)C=c2sc4c5c(sc4c2-3)=Cc2cc(-c3ccc(Cl)cc3)ccc2-5)cc1,pb_IITT_L2,Cl_ph,C2,C2,nonplanar,141.78817818552298,/home/tianyajun/MARL_for_COFs/cof_symmetry_pipeline/output/pycofbuilder/xyz/mol_000867.xyz,pycofbuilder,0.7978204128197859,1.7818954334345523
COc1ccc2c(c1)C=c1sc3c4c(sc3c1-2)=Cc1cc(OC)ccc1-4,pb_IITT_L2,OMe_direct,C2,C2h,planar,107.3553303368494,/home/tianyajun/MARL_for_COFs/cof_symmetry_pipeline/output/pycofbuilder/xyz/mol_000870.xyz,pycofbuilder,0.2857852940970646,0.9037388417507324
COc1ccc(-c2ccc3c(c2)C=c2sc4c5c(sc4c2-3)=Cc2cc(-c3ccc(OC)cc3)ccc2-5)cc1,pb_IITT_L2,OMe_ph,C2,C2,nonplanar,152.06087430261468,/home/tianyajun/MARL_for_COFs/cof_symmetry_pipeline/output/pycofbuilder/xyz/mol_000871.xyz,pycofbuilder,0.8428455845807951,1.9128098346475952
CC(=O)c1ccc2c(c1)C=c1sc3c4c(sc3c1-2)=Cc1cc(C(C)=O)ccc1-4,pb_IITT_L2,acetyl_direct,C2,C2h,planar,132.81727857201403,/home/tianyajun/MARL_for_COFs/cof_symmetry_pipeline/output/pycofbuilder/xyz/mol_000873.xyz,pycofbuilder,0.27801279045549665,0.9019092291149935
O=CC#Cc1ccc2c(c1)C=c1sc3c4c(sc3c1-2)=Cc1cc(C#CC=O)ccc1-4,pb_IITT_L2,CCCHO_direct,C2,C2h,planar,101.5441506144806,/home/tianyajun/MARL_for_COFs/cof_symmetry_pipeline/output/pycofbuilder/xyz/mol_000876.xyz,pycofbuilder,0.018929275526545143,0.0709908574010325
NC#Cc1ccc2c(c1)C=c1sc3c4c(sc3c1-2)=Cc1cc(C#CN)ccc1-4,pb_IITT_L2,CCNH2_direct,C2,C2,planar,88.4890028020377,/home/tianyajun/MARL_for_COFs/cof_symmetry_pipeline/output/pycofbuilder/xyz/mol_000877.xyz,pycofbuilder,0.25453534867544053,0.9358907499946268
N#CC#Cc1ccc2c(c1)C=c1sc3c4c(sc3c1-2)=Cc1cc(C#CC#N)ccc1-4,pb_IITT_L2,CCCN_direct,C2,C2h,planar,102.01082456119693,/home/tianyajun/MARL_for_COFs/cof_symmetry_pipeline/output/pycofbuilder/xyz/mol_000878.xyz,pycofbuilder,4.0525204976391576e-05,0.00011439708181493202
O=[N+]([O-])C#Cc1ccc2c(c1)C=c1sc3c4c(sc3c1-2)=Cc1cc(C#C[N+](=O)[O-])ccc1-4,pb_IITT_L2,CCNO2_direct,C2,C2h,planar,106.800523679544,/home/tianyajun/MARL_for_COFs/cof_symmetry_pipeline/output/pycofbuilder/xyz/mol_000880.xyz,pycofbuilder,0.0030041684667831124,0.013858181843636519
OC#Cc1ccc2c(c1)C=c1sc3c4c(sc3c1-2)=Cc1cc(C#CO)ccc1-4,pb_IITT_L2,CCOH_direct,C2,C2,planar,93.54369215253315,/home/tianyajun/MARL_for_COFs/cof_symmetry_pipeline/output/pycofbuilder/xyz/mol_000881.xyz,pycofbuilder,0.19865899603324136,0.842802072780318
FC(F)(F)C#Cc1ccc2c(c1)C=c1sc3c4c(sc3c1-2)=Cc1cc(C#CC(F)(F)F)ccc1-4,pb_IITT_L2,CCCF3_direct,C2,C2,planar,107.26627860258183,/home/tianyajun/MARL_for_COFs/cof_symmetry_pipeline/output/pycofbuilder/xyz/mol_000882.xyz,pycofbuilder,0.3375099256540327,1.251185048696928
CC(=O)C#Cc1ccc2c(c1)C=c1sc3c4c(sc3c1-2)=Cc1cc(C#CC(C)=O)ccc1-4,pb_IITT_L2,CCacetyl_direct,C2,C2,planar,104.94968565875531,/home/tianyajun/MARL_for_COFs/cof_symmetry_pipeline/output/pycofbuilder/xyz/mol_000884.xyz,pycofbuilder,0.26852064017224525,1.0470610509639768
O=COc1ccc2c(c1)C=c1sc3c4c(sc3c1-2)=Cc1cc(OC=O)ccc1-4,pb_IITT_L2,OCHO_direct,C2,C2,nonplanar,116.36298939226702,/home/tianyajun/MARL_for_COFs/cof_symmetry_pipeline/output/pycofbuilder/xyz/mol_000886.xyz,pycofbuilder,0.5488345713985225,1.909521109092802
CC(=O)Oc1ccc2c(c1)C=c1sc3c4c(sc3c1-2)=Cc1cc(OC(C)=O)ccc1-4,pb_IITT_L2,Oacetyl_direct,C2,C2,nonplanar,115.2481474548196,/home/tianyajun/MARL_for_COFs/cof_symmetry_pipeline/output/pycofbuilder/xyz/mol_000888.xyz,pycofbuilder,0.6038005297834781,1.7961407450570377
CC(=O)Nc1ccc2c(c1)C=c1sc3c4c(sc3c1-2)=Cc1cc(NC(C)=O)ccc1-4,pb_IITT_L2,NHacetyl_direct,C2,C2,planar,65.42545786709434,/home/tianyajun/MARL_for_COFs/cof_symmetry_pipeline/output/pycofbuilder/xyz/mol_000890.xyz,pycofbuilder,0.26436445607058334,1.029477831410247
N#CNc1ccc2c(c1)C=c1sc3c4c(sc3c1-2)=Cc1cc(NC#N)ccc1-4,pb_IITT_L2,NHCN_direct,C2,C2,planar,44.00411069804389,/home/tianyajun/MARL_for_COFs/cof_symmetry_pipeline/output/pycofbuilder/xyz/mol_000891.xyz,pycofbuilder,0.40178545405581567,1.486812752416834
Brc1ccc2c(c1)C=c1sc3c4c(sc3c1-2)=Cc1cc(Br)ccc1-4,pb_IITT_L2,Br_direct,C2,C2h,planar,96.08922988112414,/home/tianyajun/MARL_for_COFs/cof_symmetry_pipeline/output/pycofbuilder/xyz/mol_000895.xyz,pycofbuilder,6.901301688717188e-06,1.6277281527712906e-05
Ic1ccc2c(c1)C=c1sc3c4c(sc3c1-2)=Cc1cc(I)ccc1-4,pb_IITT_L2,I_direct,C2,C2h,planar,98.166889056443,/home/tianyajun/MARL_for_COFs/cof_symmetry_pipeline/output/pycofbuilder/xyz/mol_000896.xyz,pycofbuilder,3.0693053118035068e-06,6.96628883911643e-06
C[Si](C)(C)c1ccc2c(c1)C=c1sc3c4c(sc3c1-2)=Cc1cc([Si](C)(C)C)ccc1-4,pb_IITT_L2,SiMe3_direct,C2,C2,nonplanar,117.4801372395678,/home/tianyajun/MARL_for_COFs/cof_symmetry_pipeline/output/pycofbuilder/xyz/mol_000897.xyz,pycofbuilder,0.9986074984761059,2.479247822871982
O=S(=O)(Cl)c1ccc2c(c1)C=c1sc3c4c(sc3c1-2)=Cc1cc(S(=O)(=O)Cl)ccc1-4,pb_IITT_L2,SO2Cl_direct,C2,C2,planar,154.9793548238252,/home/tianyajun/MARL_for_COFs/cof_symmetry_pipeline/output/pycofbuilder/xyz/mol_000900.xyz,pycofbuilder,0.4829016410957136,1.9278704539537075
O=P(Cl)(Cl)c1ccc2c(c1)C=c1sc3c4c(sc3c1-2)=Cc1cc(P(=O)(Cl)Cl)ccc1-4,pb_IITT_L2,POCl2_direct,C2,C2h,nonplanar,163.43604415669978,/home/tianyajun/MARL_for_COFs/cof_symmetry_pipeline/output/pycofbuilder/xyz/mol_000901.xyz,pycofbuilder,0.5117083436918807,1.577262409803751
N#CCc1ccc2c(c1)C=c1sc3c4c(sc3c1-2)=Cc1cc(CC#N)ccc1-4,pb_IITT_L2,PB_CHCN,C2,C2,nonplanar,136.72542703983052,/home/tianyajun/MARL_for_COFs/cof_symmetry_pipeline/output/pycofbuilder/xyz/mol_000906.xyz,pycofbuilder,0.634527388695626,2.303677245048746
NNCc1ccc2c(c1)C=c1sc3c4c(sc3c1-2)=Cc1cc(CNN)ccc1-4,pb_IITT_L2,PB_NHNH2,C2,C2,nonplanar,210.5725483621669,/home/tianyajun/MARL_for_COFs/cof_symmetry_pipeline/output/pycofbuilder/xyz/mol_000907.xyz,pycofbuilder,0.9647486963320849,2.59638304388346
NNC(=O)c1ccc2c(c1)C=c1sc3c4c(sc3c1-2)=Cc1cc(C(=O)NN)ccc1-4,pb_IITT_L2,PB_CONHNH2,C2,C2,planar,211.0784066171456,/home/tianyajun/MARL_for_COFs/cof_symmetry_pipeline/output/pycofbuilder/xyz/mol_000909.xyz,pycofbuilder,0.35948915153939426,1.0448067844914428
[O]C(=O)c1ccc2c(c1)C=c1sc3c4c(sc3c1-2)=Cc1cc(C([O])=O)ccc1-4,pb_IITT_L2,PB_COOH,C2,C2h,planar,153.48251688023674,/home/tianyajun/MARL_for_COFs/cof_symmetry_pipeline/output/pycofbuilder/xyz/mol_000910.xyz,pycofbuilder,1.1031478687333038e-05,2.107470351209173e-05
ONc1ccc2c(c1)C=c1sc3c4c(sc3c1-2)=Cc1cc(NO)ccc1-4,pb_IITT_L2,PB_NHOH,C2,C2,planar,126.21243557285412,/home/tianyajun/MARL_for_COFs/cof_symmetry_pipeline/output/pycofbuilder/xyz/mol_000911.xyz,pycofbuilder,0.20022311786603425,0.7079553784829417
O=Cc1ccc2c(c1)C=C1C2=Cc2cc(C=O)ccc21,pb_INDE_L2,CHO_direct,C2,C2h,planar,105.6025370931646,/home/tianyajun/MARL_for_COFs/cof_symmetry_pipeline/output/pycofbuilder/xyz/mol_000912.xyz,pycofbuilder,2.929377023502225e-06,5.66964257635999e-06
O=Cc1ccc(-c2ccc3c(c2)C=C2C3=Cc3cc(-c4ccc(C=O)cc4)ccc32)cc1,pb_INDE_L2,CHO_ph,C2,C2,nonplanar,155.82574787204942,/home/tianyajun/MARL_for_COFs/cof_symmetry_pipeline/output/pycofbuilder/xyz/mol_000913.xyz,pycofbuilder,0.8489691435907813,1.7851274004084896
Nc1ccc(-c2ccc3c(c2)C=C2C3=Cc3cc(-c4ccc(N)cc4)ccc32)cc1,pb_INDE_L2,NH2_ph,C2,C2,nonplanar,105.93612550079152,/home/tianyajun/MARL_for_COFs/cof_symmetry_pipeline/output/pycofbuilder/xyz/mol_000916.xyz,pycofbuilder,0.8361493973614,1.8044321734439954
OB(O)c1ccc2c(c1)C=C1C2=Cc2cc(B(O)O)ccc21,pb_INDE_L2,BOH2_direct,C2,C2,planar,110.74219696151243,/home/tianyajun/MARL_for_COFs/cof_symmetry_pipeline/output/pycofbuilder/xyz/mol_000918.xyz,pycofbuilder,0.40003891842634826,1.076853081663062
OB(O)c1ccc(-c2ccc3c(c2)C=C2C3=Cc3cc(-c4ccc(B(O)O)cc4)ccc32)cc1,pb_INDE_L2,BOH2_ph,C2,C2,nonplanar,145.6711631692516,/home/tianyajun/MARL_for_COFs/cof_symmetry_pipeline/output/pycofbuilder/xyz/mol_000919.xyz,pycofbuilder,0.7407995394933384,1.8683943742794944
C#Cc1ccc(-c2ccc3c(c2)C=C2C3=Cc3cc(-c4ccc(C#C)cc4)ccc32)cc1,pb_INDE_L2,CCH_ph,C2,C2,nonplanar,125.13882365988331,/home/tianyajun/MARL_for_COFs/cof_symmetry_pipeline/output/pycofbuilder/xyz/mol_000920.xyz,pycofbuilder,0.8150409099521528,1.7840747343361785
N#Cc1ccc2c(c1)C=C1C2=Cc2cc(C#N)ccc21,pb_INDE_L2,CN_direct,C2,C2h,planar,102.95468562958266,/home/tianyajun/MARL_for_COFs/cof_symmetry_pipeline/output/pycofbuilder/xyz/mol_000922.xyz,pycofbuilder,3.4726367443677575e-05,9.194748739194125e-05
N#Cc1ccc(-c2ccc3c(c2)C=C2C3=Cc3cc(-c4ccc(C#N)cc4)ccc32)cc1,pb_INDE_L2,CN_ph,C2,C2,nonplanar,152.8380366382345,/home/tianyajun/MARL_for_COFs/cof_symmetry_pipeline/output/pycofbuilder/xyz/mol_000923.xyz,pycofbuilder,0.8333318732057571,1.7854509349572243
O=C(O)c1ccc2c(c1)C=C1C2=Cc2cc(C(=O)O)ccc21,pb_INDE_L2,COOH_direct,C2,C2h,planar,64.25419317681985,/home/tianyajun/MARL_for_COFs/cof_symmetry_pipeline/output/pycofbuilder/xyz/mol_000924.xyz,pycofbuilder,6.216867189041412e-06,1.6887735659332215e-05
O=[N+]([O-])c1ccc2c(c1)C=C1C2=Cc2cc([N+](=O)[O-])ccc21,pb_INDE_L2,NO2_direct,C2,C2h,planar,138.06384435418374,/home/tianyajun/MARL_for_COFs/cof_symmetry_pipeline/output/pycofbuilder/xyz/mol_000926.xyz,pycofbuilder,2.540047023005177e-06,7.194260130252705e-06
O=[N+]([O-])c1ccc(-c2ccc3c(c2)C=C2C3=Cc3cc(-c4ccc([N+](=O)[O-])cc4)ccc32)cc1,pb_INDE_L2,NO2_ph,C2,C2,nonplanar,192.8266683776806,/home/tianyajun/MARL_for_COFs/cof_symmetry_pipeline/output/pycofbuilder/xyz/mol_000927.xyz,pycofbuilder,0.8567428477788082,1.7899331380501509
[N-]=[N+]=Nc1ccc2c(c1)C=C1C2=Cc2cc(N=[N+]=[N-])ccc21,pb_INDE_L2,N3_direct,C2,C2,nonplanar,64.94413358812672,/home/tianyajun/MARL_for_COFs/cof_symmetry_pipeline/output/pycofbuilder/xyz/mol_000931.xyz,pycofbuilder,0.596860492174685,1.9643266276940181
C=Cc1ccc2c(c1)C=C1C2=Cc2cc(C=C)ccc21,pb_INDE_L2,vinyl_direct,C2,C2h,planar,93.34442651833018,/home/tianyajun/MARL_for_COFs/cof_symmetry_pipeline/output/pycofbuilder/xyz/mol_000932.xyz,pycofbuilder,0.00018515925006461968,0.0006480569989425478
C#Cc1ccc2c(c1)C=C1C2=Cc2cc(C#C)ccc21,pb_INDE_L2,ethynyl_direct,C2,C2h,planar,78.46049060438864,/home/tianyajun/MARL_for_COFs/cof_symmetry_pipeline/output/pycofbuilder/xyz/mol_000933.xyz,pycofbuilder,8.834997559599502e-06,2.264561959153255e-05
Cc1ccc2c(c1)C=C1C2=Cc2cc(C)ccc21,pb_INDE_L2,methyl_direct,C2,C2,planar,88.83300358377849,/home/tianyajun/MARL_for_COFs/cof_symmetry_pipeline/output/pycofbuilder/xyz/mol_000934.xyz,pycofbuilder,0.3161061733840943,1.0555268068515369
Cc1ccc(-c2ccc3c(c2)C=C2C3=Cc3cc(-c4ccc(C)cc4)ccc32)cc1,pb_INDE_L2,methyl_ph,C2,C2,nonplanar,130.75322064346838,/home/tianyajun/MARL_for_COFs/cof_symmetry_pipeline/output/pycofbuilder/xyz/mol_000935.xyz,pycofbuilder,0.8354512047837885,1.7813865878173762
O=C=Nc1ccc2c(c1)C=C1C2=Cc2cc(N=C=O)ccc21,pb_INDE_L2,NCO_direct,C2,C2,nonplanar,66.71032470560539,/home/tianyajun/MARL_for_COFs/cof_symmetry_pipeline/output/pycofbuilder/xyz/mol_000936.xyz,pycofbuilder,0.5786794366150045,1.9259642620189532
O=S(=O)(O)c1ccc2c(c1)C=C1C2=Cc2cc(S(=O)(=O)O)ccc21,pb_INDE_L2,SO3H_direct,C2,C2,nonplanar,16.49467646046962,/home/tianyajun/MARL_for_COFs/cof_symmetry_pipeline/output/pycofbuilder/xyz/mol_000938.xyz,pycofbuilder,0.5939097299426306,1.6177580664455549
O=P(O)(O)c1ccc2c(c1)C=C1C2=Cc2cc(P(=O)(O)O)ccc21,pb_INDE_L2,PO3H2_direct,C2,C2h,nonplanar,-160.03242686350242,/home/tianyajun/MARL_for_COFs/cof_symmetry_pipeline/output/pycofbuilder/xyz/mol_000939.xyz,pycofbuilder,0.624425595870471,1.4193592761412912
FC(F)(F)c1ccc2c(c1)C=C1C2=Cc2cc(C(F)(F)F)ccc21,pb_INDE_L2,CF3_direct,C2,C2,planar,131.4555965203055,/home/tianyajun/MARL_for_COFs/cof_symmetry_pipeline/output/pycofbuilder/xyz/mol_000940.xyz,pycofbuilder,0.38460677107162866,1.2784826678667807
Clc1ccc2c(c1)C=C1C2=Cc2cc(Cl)ccc21,pb_INDE_L2,Cl_direct,C2,C2h,planar,74.35547942792672,/home/tianyajun/MARL_for_COFs/cof_symmetry_pipeline/output/pycofbuilder/xyz/mol_000942.xyz,pycofbuilder,5.7518971927183355e-06,1.3704827775962158e-05
Clc1ccc(-c2ccc3c(c2)C=C2C3=Cc3cc(-c4ccc(Cl)cc4)ccc32)cc1,pb_INDE_L2,Cl_ph,C2,C2,nonplanar,123.12136731066587,/home/tianyajun/MARL_for_COFs/cof_symmetry_pipeline/output/pycofbuilder/xyz/mol_000943.xyz,pycofbuilder,0.8503302651569254,1.7858140105465543
COC(=O)c1ccc2c(c1)C=C1C2=Cc2cc(C(=O)OC)ccc21,pb_INDE_L2,COOMe_direct,C2,C2h,planar,101.56327240668917,/home/tianyajun/MARL_for_COFs/cof_symmetry_pipeline/output/pycofbuilder/xyz/mol_000944.xyz,pycofbuilder,0.29231029233569217,0.900983659677184
NC(=O)c1ccc2c(c1)C=C1C2=Cc2cc(C(N)=O)ccc21,pb_INDE_L2,CONH2_direct,C2,C2,planar,51.006362413425634,/home/tianyajun/MARL_for_COFs/cof_symmetry_pipeline/output/pycofbuilder/xyz/mol_000945.xyz,pycofbuilder,0.31325156883560545,0.9596091305307901
COc1ccc2c(c1)C=C1C2=Cc2cc(OC)ccc21,pb_INDE_L2,OMe_direct,C2,C2h,planar,88.5859888705501,/home/tianyajun/MARL_for_COFs/cof_symmetry_pipeline/output/pycofbuilder/xyz/mol_000946.xyz,pycofbuilder,0.30993792764605294,0.9041097162763733
O=C(Cl)c1ccc2c(c1)C=C1C2=Cc2cc(C(=O)Cl)ccc21,pb_INDE_L2,COCl_direct,C2,C2h,planar,125.28009405782176,/home/tianyajun/MARL_for_COFs/cof_symmetry_pipeline/output/pycofbuilder/xyz/mol_000948.xyz,pycofbuilder,7.267524323185144e-06,3.182159490000558e-05
CC(=O)c1ccc2c(c1)C=C1C2=Cc2cc(C(C)=O)ccc21,pb_INDE_L2,acetyl_direct,C2,C2h,planar,113.76750085880028,/home/tianyajun/MARL_for_COFs/cof_symmetry_pipeline/output/pycofbuilder/xyz/mol_000949.xyz,pycofbuilder,0.3002946143657887,0.900920815701264
NC#Cc1ccc2c(c1)C=C1C2=Cc2cc(C#CN)ccc21,pb_INDE_L2,CCNH2_direct,C2,C2h,planar,69.74742377061882,/home/tianyajun/MARL_for_COFs/cof_symmetry_pipeline/output/pycofbuilder/xyz/mol_000953.xyz,pycofbuilder,0.2825578373625948,0.8250200639241713
N#CC#Cc1ccc2c(c1)C=C1C2=Cc2cc(C#CC#N)ccc21,pb_INDE_L2,CCCN_direct,C2,C2h,planar,82.97204567487269,/home/tianyajun/MARL_for_COFs/cof_symmetry_pipeline/output/pycofbuilder/xyz/mol_000954.xyz,pycofbuilder,1.1100393744946097e-05,2.5822071279347006e-05
O=C(O)C#Cc1ccc2c(c1)C=C1C2=Cc2cc(C#CC(=O)O)ccc21,pb_INDE_L2,CCCOOH_direct,C2,C2h,planar,18.76351329197744,/home/tianyajun/MARL_for_COFs/cof_symmetry_pipeline/output/pycofbuilder/xyz/mol_000955.xyz,pycofbuilder,0.0031004422875968393,0.012806639288591937
O=[N+]([O-])C#Cc1ccc2c(c1)C=C1C2=Cc2cc(C#C[N+](=O)[O-])ccc21,pb_INDE_L2,CCNO2_direct,C2,C2h,planar,87.67876704559639,/home/tianyajun/MARL_for_COFs/cof_symmetry_pipeline/output/pycofbuilder/xyz/mol_000956.xyz,pycofbuilder,2.473278443563785e-05,0.00010178987990938637
OC#Cc1ccc2c(c1)C=C1C2=Cc2cc(C#CO)ccc21,pb_INDE_L2,CCOH_direct,C2,C2,planar,74.72946051810764,/home/tianyajun/MARL_for_COFs/cof_symmetry_pipeline/output/pycofbuilder/xyz/mol_000957.xyz,pycofbuilder,0.2225666430086421,0.8619371505211048
O=COc1ccc2c(c1)C=C1C2=Cc2cc(OC=O)ccc21,pb_INDE_L2,OCHO_direct,C2,C2,nonplanar,97.80286624574596,/home/tianyajun/MARL_for_COFs/cof_symmetry_pipeline/output/pycofbuilder/xyz/mol_000962.xyz,pycofbuilder,0.6013970146641584,1.9058043070233972
N#COc1ccc2c(c1)C=C1C2=Cc2cc(OC#N)ccc21,pb_INDE_L2,OCN_direct,C2,C2h,planar,93.11990131617176,/home/tianyajun/MARL_for_COFs/cof_symmetry_pipeline/output/pycofbuilder/xyz/mol_000963.xyz,pycofbuilder,0.0005955836047227451,0.0021664874885505975
CC(=O)Oc1ccc2c(c1)C=C1C2=Cc2cc(OC(C)=O)ccc21,pb_INDE_L2,Oacetyl_direct,C2,C2,nonplanar,96.7524794101916,/home/tianyajun/MARL_for_COFs/cof_symmetry_pipeline/output/pycofbuilder/xyz/mol_000964.xyz,pycofbuilder,0.6287434975310733,1.7412275145115774
O=CNc1ccc2c(c1)C=C1C2=Cc2cc(NC=O)ccc21,pb_INDE_L2,NHCHO_direct,C2,C2h,planar,41.370954580262286,/home/tianyajun/MARL_for_COFs/cof_symmetry_pipeline/output/pycofbuilder/xyz/mol_000965.xyz,pycofbuilder,7.563150246001967e-06,1.8727518254491038e-05
N#CSc1ccc2c(c1)C=C1C2=Cc2cc(SC#N)ccc21,pb_INDE_L2,SCN_direct,C2,D2,nonplanar,81.32450868108778,/home/tianyajun/MARL_for_COFs/cof_symmetry_pipeline/output/pycofbuilder/xyz/mol_000969.xyz,pycofbuilder,0.7890215964933749,2.5134093805454545
[N-]=[N+]=Nc1ccc(-c2ccc3c(c2)C=C2C3=Cc3cc(-c4ccc(N=[N+]=[N-])cc4)ccc32)cc1,pb_INDE_L2,N3_ph,C2,C2,nonplanar,111.112493353779,/home/tianyajun/MARL_for_COFs/cof_symmetry_pipeline/output/pycofbuilder/xyz/mol_000970.xyz,pycofbuilder,0.8561179310297627,1.8609503503987093
Brc1ccc2c(c1)C=C1C2=Cc2cc(Br)ccc21,pb_INDE_L2,Br_direct,C2,C2h,planar,77.08238337462558,/home/tianyajun/MARL_for_COFs/cof_symmetry_pipeline/output/pycofbuilder/xyz/mol_000971.xyz,pycofbuilder,2.9429818412506495e-06,8.1520174255445e-06
Ic1ccc2c(c1)C=C1C2=Cc2cc(I)ccc21,pb_INDE_L2,I_direct,C2,C2h,planar,79.24660033763084,/home/tianyajun/MARL_for_COFs/cof_symmetry_pipeline/output/pycofbuilder/xyz/mol_000972.xyz,pycofbuilder,1.365489632045676e-06,3.3741583842505918e-06
O=S(=O)(Cl)c1ccc2c(c1)C=C1C2=Cc2cc(S(=O)(=O)Cl)ccc21,pb_INDE_L2,SO2Cl_direct,C2,C2,nonplanar,135.46996320478186,/home/tianyajun/MARL_for_COFs/cof_symmetry_pipeline/output/pycofbuilder/xyz/mol_000976.xyz,pycofbuilder,0.5258994531088989,1.921257498757476
O=[N+]([O-])c1ccc(-c2ccc(-c3ccc4c(c3)C=C3C4=Cc4cc(-c5ccc(-c6ccc([N+](=O)[O-])cc6)cc5)ccc43)cc2)cc1,pb_INDE_L2,NO2_phph,C2,D2,nonplanar,237.694690625544,/home/tianyajun/MARL_for_COFs/cof_symmetry_pipeline/output/pycofbuilder/xyz/mol_000980.xyz,pycofbuilder,1.076342704810146,2.1076875111219215
Oc1ccc(-c2ccc(-c3ccc4c(c3)C=C3C4=Cc4cc(-c5ccc(-c6ccc(O)cc6)cc5)ccc43)cc2)cc1,pb_INDE_L2,OH_phph,C2,C2,nonplanar,149.14195378478578,/home/tianyajun/MARL_for_COFs/cof_symmetry_pipeline/output/pycofbuilder/xyz/mol_000981.xyz,pycofbuilder,0.6973484688280277,1.780487048661692
N#CCc1ccc2c(c1)C=C1C2=Cc2cc(CC#N)ccc21,pb_INDE_L2,PB_CHCN,C2,C2,nonplanar,118.0247182309079,/home/tianyajun/MARL_for_COFs/cof_symmetry_pipeline/output/pycofbuilder/xyz/mol_000982.xyz,pycofbuilder,0.6846865825719607,2.2764420104418646
NNC(=O)c1ccc2c(c1)C=C1C2=Cc2cc(C(=O)NN)ccc21,pb_INDE_L2,PB_CONHNH2,C2,C2,planar,191.47347698902647,/home/tianyajun/MARL_for_COFs/cof_symmetry_pipeline/output/pycofbuilder/xyz/mol_000985.xyz,pycofbuilder,0.38254773816033544,1.018589808104875
[O]C(=O)c1ccc2c(c1)C=C1C2=Cc2cc(C([O])=O)ccc21,pb_INDE_L2,PB_COOH,C2,C2h,planar,142.18537484591806,/home/tianyajun/MARL_for_COFs/cof_symmetry_pipeline/output/pycofbuilder/xyz/mol_000986.xyz,pycofbuilder,1.903464569032653e-06,5.3887091405746546e-06
O=Cc1ccc2c(c1)C=c1cc3c(cc1-2)=Cc1cc(C=O)ccc1-3,pb_INFL_L2,CHO_direct,C2,C2h,planar,111.37186668349236,/home/tianyajun/MARL_for_COFs/cof_symmetry_pipeline/output/pycofbuilder/xyz/mol_000988.xyz,pycofbuilder,1.9793656361500014e-06,4.2948778046225655e-06
Nc1ccc2c(c1)C=c1cc3c(cc1-2)=Cc1cc(N)ccc1-3,pb_INFL_L2,NH2_direct,C2,C2,planar,70.38065476768955,/home/tianyajun/MARL_for_COFs/cof_symmetry_pipeline/output/pycofbuilder/xyz/mol_000991.xyz,pycofbuilder,0.09142515405532409,0.2508351204164019
Nc1ccc(-c2ccc3c(c2)C=c2cc4c(cc2-3)=Cc2cc(-c3ccc(N)cc3)ccc2-4)cc1,pb_INFL_L2,NH2_ph,C2,C2,nonplanar,111.64523216591742,/home/tianyajun/MARL_for_COFs/cof_symmetry_pipeline/output/pycofbuilder/xyz/mol_000992.xyz,pycofbuilder,0.7892328248806763,1.8043637539778925
Nc1ccc(-c2ccc(-c3ccc4c(c3)C=c3cc5c(cc3-4)=Cc3cc(-c4ccc(-c6ccc(N)cc6)cc4)ccc3-5)cc2)cc1,pb_INFL_L2,NH2_phph,C2,D2,nonplanar,156.72349493565684,/home/tianyajun/MARL_for_COFs/cof_symmetry_pipeline/output/pycofbuilder/xyz/mol_000993.xyz,pycofbuilder,1.017406976080058,2.139057151082197
OB(O)c1ccc2c(c1)C=c1cc3c(cc1-2)=Cc1cc(B(O)O)ccc1-3,pb_INFL_L2,BOH2_direct,C2,C2,planar,102.56884385003826,/home/tianyajun/MARL_for_COFs/cof_symmetry_pipeline/output/pycofbuilder/xyz/mol_000994.xyz,pycofbuilder,0.30346944699694317,0.9156094431905504
C#Cc1ccc(-c2ccc3c(c2)C=c2cc4c(cc2-3)=Cc2cc(-c3ccc(C#C)cc3)ccc2-4)cc1,pb_INFL_L2,CCH_ph,C2,C2,nonplanar,130.84814690842722,/home/tianyajun/MARL_for_COFs/cof_symmetry_pipeline/output/pycofbuilder/xyz/mol_000996.xyz,pycofbuilder,0.7692051414742695,1.781788893821471
N#Cc1ccc2c(c1)C=c1cc3c(cc1-2)=Cc1cc(C#N)ccc1-3,pb_INFL_L2,CN_direct,C2,C2h,planar,108.70761384390816,/home/tianyajun/MARL_for_COFs/cof_symmetry_pipeline/output/pycofbuilder/xyz/mol_000998.xyz,pycofbuilder,0.0004630759005007269,0.0011643608667655236
N#Cc1ccc(-c2ccc3c(c2)C=c2cc4c(cc2-3)=Cc2cc(-c3ccc(C#N)cc3)ccc2-4)cc1,pb_INFL_L2,CN_ph,C2,C2,nonplanar,158.55447458869884,/home/tianyajun/MARL_for_COFs/cof_symmetry_pipeline/output/pycofbuilder/xyz/mol_000999.xyz,pycofbuilder,0.7847981837869832,1.7835800772076928
O=C(O)c1ccc2c(c1)C=c1cc3c(cc1-2)=Cc1cc(C(=O)O)ccc1-3,pb_INFL_L2,COOH_direct,C2,C2h,planar,70.0771063862934,/home/tianyajun/MARL_for_COFs/cof_symmetry_pipeline/output/pycofbuilder/xyz/mol_001000.xyz,pycofbuilder,1.0809763123291812e-05,3.7001455744700706e-05
O=C(O)c1ccc(-c2ccc3c(c2)C=c2cc4c(cc2-3)=Cc2cc(-c3ccc(C(=O)O)cc3)ccc2-4)cc1,pb_INFL_L2,COOH_ph,C2,C2,nonplanar,121.9488889593738,/home/tianyajun/MARL_for_COFs/cof_symmetry_pipeline/output/pycofbuilder/xyz/mol_001001.xyz,pycofbuilder,0.8051059128718514,1.8072838179427406
O=[N+]([O-])c1ccc2c(c1)C=c1cc3c(cc1-2)=Cc1cc([N+](=O)[O-])ccc1-3,pb_INFL_L2,NO2_direct,C2,C2h,planar,143.81476846857507,/home/tianyajun/MARL_for_COFs/cof_symmetry_pipeline/output/pycofbuilder/xyz/mol_001002.xyz,pycofbuilder,1.7175443576211436e-06,3.7339986700413164e-06
O=[N+]([O-])c1ccc(-c2ccc3c(c2)C=c2cc4c(cc2-3)=Cc2cc(-c3ccc([N+](=O)[O-])cc3)ccc2-4)cc1,pb_INFL_L2,NO2_ph,C2,C2,nonplanar,198.5433096552241,/home/tianyajun/MARL_for_COFs/cof_symmetry_pipeline/output/pycofbuilder/xyz/mol_001003.xyz,pycofbuilder,0.808410728826354,1.7872894088594928
Sc1ccc2c(c1)C=c1cc3c(cc1-2)=Cc1cc(S)ccc1-3,pb_INFL_L2,SH_direct,C2,C2,planar,78.41899725446766,/home/tianyajun/MARL_for_COFs/cof_symmetry_pipeline/output/pycofbuilder/xyz/mol_001006.xyz,pycofbuilder,0.18871792543893187,0.7547743380670768
C=Cc1ccc2c(c1)C=c1cc3c(cc1-2)=Cc1cc(C=C)ccc1-3,pb_INFL_L2,vinyl_direct,C2,C2h,planar,99.04609264209074,/home/tianyajun/MARL_for_COFs/cof_symmetry_pipeline/output/pycofbuilder/xyz/mol_001008.xyz,pycofbuilder,1.4181063754867004e-05,5.07238131473714e-05
C#Cc1ccc2c(c1)C=c1cc3c(cc1-2)=Cc1cc(C#C)ccc1-3,pb_INFL_L2,ethynyl_direct,C2,C2h,planar,84.21824715398714,/home/tianyajun/MARL_for_COFs/cof_symmetry_pipeline/output/pycofbuilder/xyz/mol_001009.xyz,pycofbuilder,4.086415249302313e-05,0.00014467186467370663
Cc1ccc2c(c1)C=c1cc3c(cc1-2)=Cc1cc(C)ccc1-3,pb_INFL_L2,methyl_direct,C2,C2,planar,94.52189716997196,/home/tianyajun/MARL_for_COFs/cof_symmetry_pipeline/output/pycofbuilder/xyz/mol_001010.xyz,pycofbuilder,0.29009573433320507,1.0568960811839194
O=C=Nc1ccc2c(c1)C=c1cc3c(cc1-2)=Cc1cc(N=C=O)ccc1-3,pb_INFL_L2,NCO_direct,C2,C2,nonplanar,72.47450613891822,/home/tianyajun/MARL_for_COFs/cof_symmetry_pipeline/output/pycofbuilder/xyz/mol_001012.xyz,pycofbuilder,0.5340543612519604,1.961030660463257
S=C=Nc1ccc2c(c1)C=c1cc3c(cc1-2)=Cc1cc(N=C=S)ccc1-3,pb_INFL_L2,NCS_direct,C2,D2,nonplanar,75.91016919970434,/home/tianyajun/MARL_for_COFs/cof_symmetry_pipeline/output/pycofbuilder/xyz/mol_001013.xyz,pycofbuilder,0.6544784348653261,2.503228036317917
O=S(=O)(O)c1ccc2c(c1)C=c1cc3c(cc1-2)=Cc1cc(S(=O)(=O)O)ccc1-3,pb_INFL_L2,SO3H_direct,C2,C2,nonplanar,22.290129449009264,/home/tianyajun/MARL_for_COFs/cof_symmetry_pipeline/output/pycofbuilder/xyz/mol_001014.xyz,pycofbuilder,0.5509423289515292,1.6463543728348353
FC(F)(F)c1ccc2c(c1)C=c1cc3c(cc1-2)=Cc1cc(C(F)(F)F)ccc1-3,pb_INFL_L2,CF3_direct,C2,C2,planar,137.21607232721743,/home/tianyajun/MARL_for_COFs/cof_symmetry_pipeline/output/pycofbuilder/xyz/mol_001016.xyz,pycofbuilder,0.35294429869211785,1.2795091108629908
Clc1ccc2c(c1)C=c1cc3c(cc1-2)=Cc1cc(Cl)ccc1-3,pb_INFL_L2,Cl_direct,C2,C2h,planar,80.1415779692206,/home/tianyajun/MARL_for_COFs/cof_symmetry_pipeline/output/pycofbuilder/xyz/mol_001018.xyz,pycofbuilder,2.3241092686713876e-06,4.5774619230887215e-06
Clc1ccc(-c2ccc3c(c2)C=c2cc4c(cc2-3)=Cc2cc(-c3ccc(Cl)cc3)ccc2-4)cc1,pb_INFL_L2,Cl_ph,C2,C2,nonplanar,128.83781787703296,/home/tianyajun/MARL_for_COFs/cof_symmetry_pipeline/output/pycofbuilder/xyz/mol_001019.xyz,pycofbuilder,0.7989006764206384,1.7837952909688028
COC(=O)c1ccc2c(c1)C=c1cc3c(cc1-2)=Cc1cc(C(=O)OC)ccc1-3,pb_INFL_L2,COOMe_direct,C2,C2h,planar,107.3737951185286,/home/tianyajun/MARL_for_COFs/cof_symmetry_pipeline/output/pycofbuilder/xyz/mol_001020.xyz,pycofbuilder,0.2716494918284256,0.9009709536451271
NC(=O)c1ccc2c(c1)C=c1cc3c(cc1-2)=Cc1cc(C(N)=O)ccc1-3,pb_INFL_L2,CONH2_direct,C2,C2,planar,56.814422945905534,/home/tianyajun/MARL_for_COFs/cof_symmetry_pipeline/output/pycofbuilder/xyz/mol_001021.xyz,pycofbuilder,0.2922850388226268,0.9776124591149111
COc1ccc2c(c1)C=c1cc3c(cc1-2)=Cc1cc(OC)ccc1-3,pb_INFL_L2,OMe_direct,C2,C2h,planar,94.63366843676675,/home/tianyajun/MARL_for_COFs/cof_symmetry_pipeline/output/pycofbuilder/xyz/mol_001022.xyz,pycofbuilder,0.2857772270639884,0.9037920349090367
CC(=O)c1ccc(-c2ccc3c(c2)C=c2cc4c(cc2-3)=Cc2cc(-c3ccc(C(C)=O)cc3)ccc2-4)cc1,pb_INFL_L2,acetyl_ph,C2,C2,nonplanar,169.67693505285027,/home/tianyajun/MARL_for_COFs/cof_symmetry_pipeline/output/pycofbuilder/xyz/mol_001026.xyz,pycofbuilder,0.8715896072231091,1.90371484935159
O=CC#Cc1ccc2c(c1)C=c1cc3c(cc1-2)=Cc1cc(C#CC=O)ccc1-3,pb_INFL_L2,CCCHO_direct,C2,C2,planar,88.34035769345492,/home/tianyajun/MARL_for_COFs/cof_symmetry_pipeline/output/pycofbuilder/xyz/mol_001028.xyz,pycofbuilder,0.047941021840805946,0.16855824130213914
NC#Cc1ccc2c(c1)C=c1cc3c(cc1-2)=Cc1cc(C#CN)ccc1-3,pb_INFL_L2,CCNH2_direct,C2,C2h,planar,75.50439577848041,/home/tianyajun/MARL_for_COFs/cof_symmetry_pipeline/output/pycofbuilder/xyz/mol_001029.xyz,pycofbuilder,0.2605074062307679,0.8246688185184623
N#CC#Cc1ccc2c(c1)C=c1cc3c(cc1-2)=Cc1cc(C#CC#N)ccc1-3,pb_INFL_L2,CCCN_direct,C2,C2h,planar,88.73268381984194,/home/tianyajun/MARL_for_COFs/cof_symmetry_pipeline/output/pycofbuilder/xyz/mol_001030.xyz,pycofbuilder,1.1872711730581505e-05,3.2926682147937925e-05
O=C(O)C#Cc1ccc2c(c1)C=c1cc3c(cc1-2)=Cc1cc(C#CC(=O)O)ccc1-3,pb_INFL_L2,CCCOOH_direct,C2,C2h,planar,24.529392481905724,/home/tianyajun/MARL_for_COFs/cof_symmetry_pipeline/output/pycofbuilder/xyz/mol_001031.xyz,pycofbuilder,0.014616654196366386,0.05560215801770085
O=[N+]([O-])C#Cc1ccc2c(c1)C=c1cc3c(cc1-2)=Cc1cc(C#C[N+](=O)[O-])ccc1-3,pb_INFL_L2,CCNO2_direct,C2,C2h,planar,93.4342865889021,/home/tianyajun/MARL_for_COFs/cof_symmetry_pipeline/output/pycofbuilder/xyz/mol_001032.xyz,pycofbuilder,2.8265145783658465e-05,0.0001039229905379635
OC#Cc1ccc2c(c1)C=c1cc3c(cc1-2)=Cc1cc(C#CO)ccc1-3,pb_INFL_L2,CCOH_direct,C2,C2,planar,80.48949991791503,/home/tianyajun/MARL_for_COFs/cof_symmetry_pipeline/output/pycofbuilder/xyz/mol_001033.xyz,pycofbuilder,0.20535161651986478,0.8711671608355234
O=C=NC#Cc1ccc2c(c1)C=c1cc3c(cc1-2)=Cc1cc(C#CN=C=O)ccc1-3,pb_INFL_L2,CCNCO_direct,C2,C2h,planar,76.5731324464935,/home/tianyajun/MARL_for_COFs/cof_symmetry_pipeline/output/pycofbuilder/xyz/mol_001035.xyz,pycofbuilder,0.051866530753847236,0.21323039175714742
O=COc1ccc2c(c1)C=c1cc3c(cc1-2)=Cc1cc(OC=O)ccc1-3,pb_INFL_L2,OCHO_direct,C2,C2,nonplanar,103.58315584928326,/home/tianyajun/MARL_for_COFs/cof_symmetry_pipeline/output/pycofbuilder/xyz/mol_001038.xyz,pycofbuilder,0.5586326800590097,1.941468904479381
N#COc1ccc2c(c1)C=c1cc3c(cc1-2)=Cc1cc(OC#N)ccc1-3,pb_INFL_L2,OCN_direct,C2,C2h,planar,98.89009856104524,/home/tianyajun/MARL_for_COFs/cof_symmetry_pipeline/output/pycofbuilder/xyz/mol_001039.xyz,pycofbuilder,0.003496929656155917,0.012586458805114997
CC(=O)Oc1ccc2c(c1)C=c1cc3c(cc1-2)=Cc1cc(OC(C)=O)ccc1-3,pb_INFL_L2,Oacetyl_direct,C2,C2,nonplanar,102.52499460824284,/home/tianyajun/MARL_for_COFs/cof_symmetry_pipeline/output/pycofbuilder/xyz/mol_001040.xyz,pycofbuilder,0.5972011426162993,1.7910853808482956
CC(=O)Nc1ccc2c(c1)C=c1cc3c(cc1-2)=Cc1cc(NC(C)=O)ccc1-3,pb_INFL_L2,NHacetyl_direct,C2,C2,planar,52.76410522893961,/home/tianyajun/MARL_for_COFs/cof_symmetry_pipeline/output/pycofbuilder/xyz/mol_001042.xyz,pycofbuilder,0.26435153914033055,1.0274598460494093
CS(=O)(=O)Nc1ccc2c(c1)C=c1cc3c(cc1-2)=Cc1cc(NS(C)(=O)=O)ccc1-3,pb_INFL_L2,NHSO2_direct,C2,C2,nonplanar,-21.714142664648463,/home/tianyajun/MARL_for_COFs/cof_symmetry_pipeline/output/pycofbuilder/xyz/mol_001044.xyz,pycofbuilder,1.1179699814408703,2.9349669273240746
[N-]=[N+]=Nc1ccc(-c2ccc3c(c2)C=c2cc4c(cc2-3)=Cc2cc(-c3ccc(N=[N+]=[N-])cc3)ccc2-4)cc1,pb_INFL_L2,N3_ph,C2,C2,nonplanar,116.8308761664165,/home/tianyajun/MARL_for_COFs/cof_symmetry_pipeline/output/pycofbuilder/xyz/mol_001046.xyz,pycofbuilder,0.808097310752197,1.8531691112712487
Brc1ccc2c(c1)C=c1cc3c(cc1-2)=Cc1cc(Br)ccc1-3,pb_INFL_L2,Br_direct,C2,C2h,planar,82.86404058704585,/home/tianyajun/MARL_for_COFs/cof_symmetry_pipeline/output/pycofbuilder/xyz/mol_001047.xyz,pycofbuilder,2.105204061222629e-06,5.11968426941678e-06
Ic1ccc2c(c1)C=c1cc3c(cc1-2)=Cc1cc(I)ccc1-3,pb_INFL_L2,I_direct,C2,C2h,planar,85.02112732730086,/home/tianyajun/MARL_for_COFs/cof_symmetry_pipeline/output/pycofbuilder/xyz/mol_001048.xyz,pycofbuilder,2.342596309074653e-06,4.6493127791036315e-06
O=P(Cl)(Cl)c1ccc2c(c1)C=c1cc3c(cc1-2)=Cc1cc(P(=O)(Cl)Cl)ccc1-3,pb_INFL_L2,POCl2_direct,C2,C2h,nonplanar,149.9685313372999,/home/tianyajun/MARL_for_COFs/cof_symmetry_pipeline/output/pycofbuilder/xyz/mol_001053.xyz,pycofbuilder,0.5114543390370573,1.5764493491029639
NNC(=O)c1ccc2c(c1)C=c1cc3c(cc1-2)=Cc1cc(C(=O)NN)ccc1-3,pb_INFL_L2,PB_CONHNH2,C2,C2,planar,197.2827184600937,/home/tianyajun/MARL_for_COFs/cof_symmetry_pipeline/output/pycofbuilder/xyz/mol_001061.xyz,pycofbuilder,0.3581522760941119,1.0380276243223556
[O]C(=O)c1ccc2c(c1)C=c1cc3c(cc1-2)=Cc1cc(C([O])=O)ccc1-3,pb_INFL_L2,PB_COOH,C2,C2h,planar,143.8655742188442,/home/tianyajun/MARL_for_COFs/cof_symmetry_pipeline/output/pycofbuilder/xyz/mol_001062.xyz,pycofbuilder,1.8405730250647308e-06,4.649932574540827e-06
ONc1ccc2c(c1)C=c1cc3c(cc1-2)=Cc1cc(NO)ccc1-3,pb_INFL_L2,PB_NHOH,C2,C2,planar,113.2279223970666,/home/tianyajun/MARL_for_COFs/cof_symmetry_pipeline/output/pycofbuilder/xyz/mol_001063.xyz,pycofbuilder,0.20165236085296837,0.7112194334598343
C#Cc1ccc(-c2ccc(C3CCCC4C(c5ccc(-c6ccc(C#C)cc6)cc5)CCCC34)cc2)cc1,pb_NAP2_L2,CCH_phph,C2,C2,nonplanar,128.4415106079788,/home/tianyajun/MARL_for_COFs/cof_symmetry_pipeline/output/pycofbuilder/xyz/mol_001073.xyz,pycofbuilder,1.3121435997969617,2.7773302378175395
O=[N+]([O-])C1CCCC2C1CCCC2[N+](=O)[O-],pb_NAP2_L2,NO2_direct,C2,C2,nonplanar,54.01609855547101,/home/tianyajun/MARL_for_COFs/cof_symmetry_pipeline/output/pycofbuilder/xyz/mol_001078.xyz,pycofbuilder,1.1908061112410362,2.0915497930287903
O=[N+]([O-])c1ccc(C2CCCC3C(c4ccc([N+](=O)[O-])cc4)CCCC23)cc1,pb_NAP2_L2,NO2_ph,C2,C2,nonplanar,150.81878876345849,/home/tianyajun/MARL_for_COFs/cof_symmetry_pipeline/output/pycofbuilder/xyz/mol_001079.xyz,pycofbuilder,1.5107193371897791,3.4082914845438386
CC1CCCC2C(C)CCCC12,pb_NAP2_L2,methyl_direct,C2,C2,nonplanar,27.78551745391082,/home/tianyajun/MARL_for_COFs/cof_symmetry_pipeline/output/pycofbuilder/xyz/mol_001086.xyz,pycofbuilder,0.887258254220434,1.699295320382587
O=P(O)(O)C1CCCC2C1CCCC2P(=O)(O)O,pb_NAP2_L2,PO3H2_direct,C2,C2,nonplanar,-233.18817559906915,/home/tianyajun/MARL_for_COFs/cof_symmetry_pipeline/output/pycofbuilder/xyz/mol_001091.xyz,pycofbuilder,1.3765235231757644,2.609108628253918
FC(F)(F)C1CCCC2C1CCCC2C(F)(F)F,pb_NAP2_L2,CF3_direct,C2,C2,nonplanar,42.401610103290125,/home/tianyajun/MARL_for_COFs/cof_symmetry_pipeline/output/pycofbuilder/xyz/mol_001092.xyz,pycofbuilder,0.9497727715036921,1.8712703400120736
N#CC#CC1CCCC2C(C#CC#N)CCCC12,pb_NAP2_L2,CCCN_direct,C2,C2,nonplanar,42.11336080402014,/home/tianyajun/MARL_for_COFs/cof_symmetry_pipeline/output/pycofbuilder/xyz/mol_001106.xyz,pycofbuilder,0.8185887192768332,1.6730154006042395
CC(=O)NC1CCCC2C(NC(C)=O)CCCC12,pb_NAP2_L2,NHacetyl_direct,C2,C2,nonplanar,-19.48997125924761,/home/tianyajun/MARL_for_COFs/cof_symmetry_pipeline/output/pycofbuilder/xyz/mol_001118.xyz,pycofbuilder,1.496881813392324,3.0325678644330916
BrC1CCCC2C(Br)CCCC12,pb_NAP2_L2,Br_direct,C2,C2,nonplanar,32.83523592506969,/home/tianyajun/MARL_for_COFs/cof_symmetry_pipeline/output/pycofbuilder/xyz/mol_001123.xyz,pycofbuilder,0.96312243414919,2.312656929307437
O=S(=O)(Cl)C1CCCC2C1CCCC2S(=O)(=O)Cl,pb_NAP2_L2,SO2Cl_direct,C2,C2,nonplanar,37.41888120699929,/home/tianyajun/MARL_for_COFs/cof_symmetry_pipeline/output/pycofbuilder/xyz/mol_001128.xyz,pycofbuilder,1.1437669722678325,1.943035919086942
N#CCC1CCCC2C(CC#N)CCCC12,pb_NAP2_L2,PB_CHCN,C2,C2,nonplanar,44.80985005306405,/home/tianyajun/MARL_for_COFs/cof_symmetry_pipeline/output/pycofbuilder/xyz/mol_001134.xyz,pycofbuilder,1.1446393848547518,1.9734912804321711
[O]C(=O)C1CCCC2C(C([O])=O)CCCC12,pb_NAP2_L2,PB_COOH,C2,C2,nonplanar,74.18547772146573,/home/tianyajun/MARL_for_COFs/cof_symmetry_pipeline/output/pycofbuilder/xyz/mol_001138.xyz,pycofbuilder,1.0047454374232705,1.7228683665417424
O=Cc1ccc2cc(C=O)ccc2c1,pb_NAPT_L2,CHO_direct,C2,C2h,planar,53.56153521524875,/home/tianyajun/MARL_for_COFs/cof_symmetry_pipeline/output/pycofbuilder/xyz/mol_001140.xyz,pycofbuilder,4.9979216680375425e-06,1.1356958715728893e-05
Nc1ccc2cc(N)ccc2c1,pb_NAPT_L2,NH2_direct,C2,C2,planar,11.3390417996651,/home/tianyajun/MARL_for_COFs/cof_symmetry_pipeline/output/pycofbuilder/xyz/mol_001143.xyz,pycofbuilder,0.1233362257245881,0.2610812702147287
Nc1ccc(-c2ccc3cc(-c4ccc(N)cc4)ccc3c2)cc1,pb_NAPT_L2,NH2_ph,C2,C2,nonplanar,52.89035483206962,/home/tianyajun/MARL_for_COFs/cof_symmetry_pipeline/output/pycofbuilder/xyz/mol_001144.xyz,pycofbuilder,0.9068639013001413,1.7942282590000296
OB(O)c1ccc2cc(B(O)O)ccc2c1,pb_NAPT_L2,BOH2_direct,C2,C2,planar,23.474925695121872,/home/tianyajun/MARL_for_COFs/cof_symmetry_pipeline/output/pycofbuilder/xyz/mol_001146.xyz,pycofbuilder,0.3431105133145696,0.8051173299355344
C#Cc1ccc(-c2ccc3cc(-c4ccc(C#C)cc4)ccc3c2)cc1,pb_NAPT_L2,CCH_ph,C2,C2,nonplanar,72.0600804713105,/home/tianyajun/MARL_for_COFs/cof_symmetry_pipeline/output/pycofbuilder/xyz/mol_001148.xyz,pycofbuilder,0.8833041007710497,1.7717761475838798
C#Cc1ccc(-c2ccc(-c3ccc4cc(-c5ccc(-c6ccc(C#C)cc6)cc5)ccc4c3)cc2)cc1,pb_NAPT_L2,CCH_phph,C2,C2,nonplanar,117.18003940037168,/home/tianyajun/MARL_for_COFs/cof_symmetry_pipeline/output/pycofbuilder/xyz/mol_001149.xyz,pycofbuilder,0.724417082797325,1.7692033890985885
N#Cc1ccc2cc(C#N)ccc2c1,pb_NAPT_L2,CN_direct,C2,C2h,planar,50.74707157536977,/home/tianyajun/MARL_for_COFs/cof_symmetry_pipeline/output/pycofbuilder/xyz/mol_001150.xyz,pycofbuilder,3.6155022448866356e-06,9.685646278789761e-06
N#Cc1ccc(-c2ccc3cc(-c4ccc(C#N)cc4)ccc3c2)cc1,pb_NAPT_L2,CN_ph,C2,C2,nonplanar,99.7105676288464,/home/tianyajun/MARL_for_COFs/cof_symmetry_pipeline/output/pycofbuilder/xyz/mol_001151.xyz,pycofbuilder,0.9069517177058272,1.7736073245560415
O=C(O)c1ccc2cc(C(=O)O)ccc2c1,pb_NAPT_L2,COOH_direct,C2,C2h,planar,12.261389216852155,/home/tianyajun/MARL_for_COFs/cof_symmetry_pipeline/output/pycofbuilder/xyz/mol_001152.xyz,pycofbuilder,2.512973212163617e-06,6.090009088688397e-06
O=[N+]([O-])c1ccc2cc([N+](=O)[O-])ccc2c1,pb_NAPT_L2,NO2_direct,C2,C2h,planar,87.06326653908697,/home/tianyajun/MARL_for_COFs/cof_symmetry_pipeline/output/pycofbuilder/xyz/mol_001154.xyz,pycofbuilder,6.3880498504802235e-06,1.6754722706346925e-05
O=[N+]([O-])c1ccc(-c2ccc3cc(-c4ccc([N+](=O)[O-])cc4)ccc3c2)cc1,pb_NAPT_L2,NO2_ph,C2,D2,nonplanar,139.6858069084901,/home/tianyajun/MARL_for_COFs/cof_symmetry_pipeline/output/pycofbuilder/xyz/mol_001155.xyz,pycofbuilder,0.9286725732064096,1.77839321924509
Oc1ccc2cc(O)ccc2c1,pb_NAPT_L2,OH_direct,C2,C2h,planar,7.25541826166908,/home/tianyajun/MARL_for_COFs/cof_symmetry_pipeline/output/pycofbuilder/xyz/mol_001156.xyz,pycofbuilder,6.126606103257785e-07,1.3946793635533083e-06
Oc1ccc(-c2ccc3cc(-c4ccc(O)cc4)ccc3c2)cc1,pb_NAPT_L2,OH_ph,C2,C2,nonplanar,50.963016007712966,/home/tianyajun/MARL_for_COFs/cof_symmetry_pipeline/output/pycofbuilder/xyz/mol_001157.xyz,pycofbuilder,0.919288472404106,1.808866298268705
[N-]=[N+]=Nc1ccc2cc(N=[N+]=[N-])ccc2c1,pb_NAPT_L2,N3_direct,C2,C2,nonplanar,12.23259580553167,/home/tianyajun/MARL_for_COFs/cof_symmetry_pipeline/output/pycofbuilder/xyz/mol_001159.xyz,pycofbuilder,0.6830119773057267,1.89238217916173
C=Cc1ccc2cc(C=C)ccc2c1,pb_NAPT_L2,vinyl_direct,C2,C2h,planar,40.3948925313539,/home/tianyajun/MARL_for_COFs/cof_symmetry_pipeline/output/pycofbuilder/xyz/mol_001160.xyz,pycofbuilder,4.1004376667302975e-05,0.00011583279181159867
C#Cc1ccc2cc(C#C)ccc2c1,pb_NAPT_L2,ethynyl_direct,C2,C2h,planar,25.78802399423291,/home/tianyajun/MARL_for_COFs/cof_symmetry_pipeline/output/pycofbuilder/xyz/mol_001161.xyz,pycofbuilder,3.467400218149577e-06,8.8351051781288e-06
Cc1ccc2cc(C)ccc2c1,pb_NAPT_L2,methyl_direct,C2,C2,planar,35.30352015602404,/home/tianyajun/MARL_for_COFs/cof_symmetry_pipeline/output/pycofbuilder/xyz/mol_001162.xyz,pycofbuilder,0.3647866050809325,1.0476157420028067
O=C=Nc1ccc2cc(N=C=O)ccc2c1,pb_NAPT_L2,NCO_direct,C2,C2,nonplanar,14.012925541265044,/home/tianyajun/MARL_for_COFs/cof_symmetry_pipeline/output/pycofbuilder/xyz/mol_001164.xyz,pycofbuilder,0.6635851417481936,1.8595999271534427
S=C=Nc1ccc2cc(N=C=S)ccc2c1,pb_NAPT_L2,NCS_direct,C2,C2,nonplanar,17.475737563612185,/home/tianyajun/MARL_for_COFs/cof_symmetry_pipeline/output/pycofbuilder/xyz/mol_001165.xyz,pycofbuilder,0.8140998112376461,2.3814539620738517
FC(F)(F)c1ccc2cc(C(F)(F)F)ccc2c1,pb_NAPT_L2,CF3_direct,C2,C2,planar,78.48095924274604,/home/tianyajun/MARL_for_COFs/cof_symmetry_pipeline/output/pycofbuilder/xyz/mol_001168.xyz,pycofbuilder,0.4440017650355452,1.2728619392526372
Clc1ccc2cc(Cl)ccc2c1,pb_NAPT_L2,Cl_direct,C2,C2h,planar,22.121489694352952,/home/tianyajun/MARL_for_COFs/cof_symmetry_pipeline/output/pycofbuilder/xyz/mol_001170.xyz,pycofbuilder,4.1019749724128355e-06,7.770612554969247e-06
Clc1ccc(-c2ccc3cc(-c4ccc(Cl)cc4)ccc3c2)cc1,pb_NAPT_L2,Cl_ph,C2,C2,nonplanar,70.00448442323595,/home/tianyajun/MARL_for_COFs/cof_symmetry_pipeline/output/pycofbuilder/xyz/mol_001171.xyz,pycofbuilder,0.9294171311383466,1.7736219015485797
COc1ccc(-c2ccc3cc(-c4ccc(OC)cc4)ccc3c2)cc1,pb_NAPT_L2,OMe_ph,C2,C2,nonplanar,80.4487072995214,/home/tianyajun/MARL_for_COFs/cof_symmetry_pipeline/output/pycofbuilder/xyz/mol_001175.xyz,pycofbuilder,0.955229396043446,1.9487430389689302
O=C(Cl)c1ccc2cc(C(=O)Cl)ccc2c1,pb_NAPT_L2,COCl_direct,C2,C2h,planar,73.55317310363084,/home/tianyajun/MARL_for_COFs/cof_symmetry_pipeline/output/pycofbuilder/xyz/mol_001176.xyz,pycofbuilder,5.06466524504053e-06,1.0651899846558788e-05
CC(=O)c1ccc2cc(C(C)=O)ccc2c1,pb_NAPT_L2,acetyl_direct,C2,C2h,planar,61.16882998497751,/home/tianyajun/MARL_for_COFs/cof_symmetry_pipeline/output/pycofbuilder/xyz/mol_001177.xyz,pycofbuilder,0.3404468994693289,0.9007738346383367
NS(=O)(=O)c1ccc2cc(S(N)(=O)=O)ccc2c1,pb_NAPT_L2,SO2NH2_direct,C2,C2,nonplanar,-121.57400542851124,/home/tianyajun/MARL_for_COFs/cof_symmetry_pipeline/output/pycofbuilder/xyz/mol_001179.xyz,pycofbuilder,0.8610215386320971,1.8642714661411208
O=COc1ccc2cc(OC=O)ccc2c1,pb_NAPT_L2,OCHO_direct,C2,C2,nonplanar,45.203751334045066,/home/tianyajun/MARL_for_COFs/cof_symmetry_pipeline/output/pycofbuilder/xyz/mol_001190.xyz,pycofbuilder,0.598750817649122,1.640854537501658
N#COc1ccc2cc(OC#N)ccc2c1,pb_NAPT_L2,OCN_direct,C2,C2h,planar,40.3556290190241,/home/tianyajun/MARL_for_COFs/cof_symmetry_pipeline/output/pycofbuilder/xyz/mol_001191.xyz,pycofbuilder,0.004521296419872495,0.014758873468803557
CC(=O)Oc1ccc2cc(OC(C)=O)ccc2c1,pb_NAPT_L2,Oacetyl_direct,C2,C2,nonplanar,44.21862302059409,/home/tianyajun/MARL_for_COFs/cof_symmetry_pipeline/output/pycofbuilder/xyz/mol_001192.xyz,pycofbuilder,0.6221023753319918,1.5210639340939571
CC(=O)Nc1ccc2cc(NC(C)=O)ccc2c1,pb_NAPT_L2,NHacetyl_direct,C2,C2,planar,-6.021048071683866,/home/tianyajun/MARL_for_COFs/cof_symmetry_pipeline/output/pycofbuilder/xyz/mol_001194.xyz,pycofbuilder,0.3169303224891024,1.0273668717647229
N#CNc1ccc2cc(NC#N)ccc2c1,pb_NAPT_L2,NHCN_direct,C2,C2,planar,-28.0775527564101,/home/tianyajun/MARL_for_COFs/cof_symmetry_pipeline/output/pycofbuilder/xyz/mol_001195.xyz,pycofbuilder,0.443352386532699,1.280192386429408
N#CSc1ccc2cc(SC#N)ccc2c1,pb_NAPT_L2,SCN_direct,C2,C2,nonplanar,28.628038735379484,/home/tianyajun/MARL_for_COFs/cof_symmetry_pipeline/output/pycofbuilder/xyz/mol_001197.xyz,pycofbuilder,0.8982939366488465,2.407589654707883
[N-]=[N+]=Nc1ccc(-c2ccc3cc(-c4ccc(N=[N+]=[N-])cc4)ccc3c2)cc1,pb_NAPT_L2,N3_ph,C2,C2,nonplanar,57.99754670067093,/home/tianyajun/MARL_for_COFs/cof_symmetry_pipeline/output/pycofbuilder/xyz/mol_001198.xyz,pycofbuilder,0.9294890962090787,1.8649683724614632
Brc1ccc2cc(Br)ccc2c1,pb_NAPT_L2,Br_direct,C2,C2h,planar,24.554053697230923,/home/tianyajun/MARL_for_COFs/cof_symmetry_pipeline/output/pycofbuilder/xyz/mol_001199.xyz,pycofbuilder,5.774691264216222e-06,1.1731660614078265e-05
Ic1ccc2cc(I)ccc2c1,pb_NAPT_L2,I_direct,C2,C2h,planar,26.609331371683503,/home/tianyajun/MARL_for_COFs/cof_symmetry_pipeline/output/pycofbuilder/xyz/mol_001200.xyz,pycofbuilder,2.6175737121580806e-06,6.263477207002488e-06
O=C(O)c1ccc(-c2ccc(-c3ccc4cc(-c5ccc(-c6ccc(C(=O)O)cc6)cc5)ccc4c3)cc2)cc1,pb_NAPT_L2,COOH_phph,C2,D2,nonplanar,108.14299933526932,/home/tianyajun/MARL_for_COFs/cof_symmetry_pipeline/output/pycofbuilder/xyz/mol_001206.xyz,pycofbuilder,1.0637680849655815,2.781513968031766
Oc1ccc(-c2ccc(-c3ccc4cc(-c5ccc(-c6ccc(O)cc6)cc5)ccc4c3)cc2)cc1,pb_NAPT_L2,OH_phph,C2,D2,nonplanar,96.0088719458442,/home/tianyajun/MARL_for_COFs/cof_symmetry_pipeline/output/pycofbuilder/xyz/mol_001209.xyz,pycofbuilder,1.097573895989378,2.772160633781359
N#CCc1ccc2cc(CC#N)ccc2c1,pb_NAPT_L2,PB_CHCN,C2,C2,nonplanar,64.40696521508532,/home/tianyajun/MARL_for_COFs/cof_symmetry_pipeline/output/pycofbuilder/xyz/mol_001210.xyz,pycofbuilder,0.7741326256310704,2.2190510390032347
NNC(=O)c1ccc2cc(C(=O)NN)ccc2c1,pb_NAPT_L2,PB_CONHNH2,C2,C2,planar,139.7042742529968,/home/tianyajun/MARL_for_COFs/cof_symmetry_pipeline/output/pycofbuilder/xyz/mol_001213.xyz,pycofbuilder,0.4263789927953039,0.9929973686274536
[O]C(=O)c1ccc2cc(C([O])=O)ccc2c1,pb_NAPT_L2,PB_COOH,C2,C2h,planar,99.23888825858285,/home/tianyajun/MARL_for_COFs/cof_symmetry_pipeline/output/pycofbuilder/xyz/mol_001214.xyz,pycofbuilder,7.414483787150237e-06,1.769968728560986e-05
O=Cc1cc2ccc3c(ccc4cc(C=O)sc43)c2s1,pb_NDTP_L2,CHO_direct,C2,C2h,planar,67.27756885685963,/home/tianyajun/MARL_for_COFs/cof_symmetry_pipeline/output/pycofbuilder/xyz/mol_001216.xyz,pycofbuilder,6.685871081588926e-06,2.206599276943777e-05
O=Cc1ccc(-c2cc3ccc4c(ccc5cc(-c6ccc(C=O)cc6)sc54)c3s2)cc1,pb_NDTP_L2,CHO_ph,C2,C2h,planar,122.78489984392816,/home/tianyajun/MARL_for_COFs/cof_symmetry_pipeline/output/pycofbuilder/xyz/mol_001217.xyz,pycofbuilder,0.00010182623084394771,0.00021489438433752728
Nc1cc2ccc3c(ccc4cc(N)sc43)c2s1,pb_NDTP_L2,NH2_direct,C2,C2,planar,21.133530410925147,/home/tianyajun/MARL_for_COFs/cof_symmetry_pipeline/output/pycofbuilder/xyz/mol_001219.xyz,pycofbuilder,0.09531619906235095,0.2576089400124224
Nc1ccc(-c2ccc(-c3cc4ccc5c(ccc6cc(-c7ccc(-c8ccc(N)cc8)cc7)sc65)c4s3)cc2)cc1,pb_NDTP_L2,NH2_phph,C2,C2,nonplanar,115.60569967205218,/home/tianyajun/MARL_for_COFs/cof_symmetry_pipeline/output/pycofbuilder/xyz/mol_001221.xyz,pycofbuilder,0.6264093109916177,1.5899059050265745
OB(O)c1cc2ccc3c(ccc4cc(B(O)O)sc43)c2s1,pb_NDTP_L2,BOH2_direct,C2,C2,planar,93.48956090453662,/home/tianyajun/MARL_for_COFs/cof_symmetry_pipeline/output/pycofbuilder/xyz/mol_001222.xyz,pycofbuilder,0.3149193607761153,0.8346924358727874
C#Cc1ccc(-c2cc3ccc4c(ccc5cc(-c6ccc(C#C)cc6)sc54)c3s2)cc1,pb_NDTP_L2,CCH_ph,C2,C2h,planar,91.96879009436492,/home/tianyajun/MARL_for_COFs/cof_symmetry_pipeline/output/pycofbuilder/xyz/mol_001224.xyz,pycofbuilder,0.0010504804892258034,0.002528590403998443
C#Cc1ccc(-c2ccc(-c3cc4ccc5c(ccc6cc(-c7ccc(-c8ccc(C#C)cc8)cc7)sc65)c4s3)cc2)cc1,pb_NDTP_L2,CCH_phph,C2,C2,nonplanar,134.78107795294943,/home/tianyajun/MARL_for_COFs/cof_symmetry_pipeline/output/pycofbuilder/xyz/mol_001225.xyz,pycofbuilder,0.6229448484134423,1.5863481119986145
N#Cc1cc2ccc3c(ccc4cc(C#N)sc43)c2s1,pb_NDTP_L2,CN_direct,C2,C2h,planar,59.84585056166485,/home/tianyajun/MARL_for_COFs/cof_symmetry_pipeline/output/pycofbuilder/xyz/mol_001226.xyz,pycofbuilder,4.561910557366335e-06,1.0760435296908177e-05
N#Cc1ccc(-c2cc3ccc4c(ccc5cc(-c6ccc(C#N)cc6)sc54)c3s2)cc1,pb_NDTP_L2,CN_ph,C2,C2h,planar,120.1590137933766,/home/tianyajun/MARL_for_COFs/cof_symmetry_pipeline/output/pycofbuilder/xyz/mol_001227.xyz,pycofbuilder,7.932553092108771e-05,0.00022693381464211626
O=[N+]([O-])c1cc2ccc3c(ccc4cc([N+](=O)[O-])sc43)c2s1,pb_NDTP_L2,NO2_direct,C2,C2h,planar,84.70755060875926,/home/tianyajun/MARL_for_COFs/cof_symmetry_pipeline/output/pycofbuilder/xyz/mol_001230.xyz,pycofbuilder,6.549452492370988e-06,1.5530678573294487e-05
O=[N+]([O-])c1ccc(-c2cc3ccc4c(ccc5cc(-c6ccc([N+](=O)[O-])cc6)sc54)c3s2)cc1,pb_NDTP_L2,NO2_ph,C2,C2h,planar,160.26874709998603,/home/tianyajun/MARL_for_COFs/cof_symmetry_pipeline/output/pycofbuilder/xyz/mol_001231.xyz,pycofbuilder,6.225611354742969e-05,0.00012001150897270052
Oc1ccc(-c2cc3ccc4c(ccc5cc(-c6ccc(O)cc6)sc54)c3s2)cc1,pb_NDTP_L2,OH_ph,C2,C2,nonplanar,68.5374027031203,/home/tianyajun/MARL_for_COFs/cof_symmetry_pipeline/output/pycofbuilder/xyz/mol_001233.xyz,pycofbuilder,0.7745109682746669,1.6378963559982735
[N-]=[N+]=Nc1cc2ccc3c(ccc4cc(N=[N+]=[N-])sc43)c2s1,pb_NDTP_L2,N3_direct,C2,C2,planar,36.4678774232615,/home/tianyajun/MARL_for_COFs/cof_symmetry_pipeline/output/pycofbuilder/xyz/mol_001235.xyz,pycofbuilder,0.363545892146889,1.148439674633257
C=Cc1cc2ccc3c(ccc4cc(C=C)sc43)c2s1,pb_NDTP_L2,vinyl_direct,C2,C2h,planar,61.66655227917653,/home/tianyajun/MARL_for_COFs/cof_symmetry_pipeline/output/pycofbuilder/xyz/mol_001236.xyz,pycofbuilder,2.7914414139344635e-06,6.267598540388164e-06
C#Cc1cc2ccc3c(ccc4cc(C#C)sc43)c2s1,pb_NDTP_L2,ethynyl_direct,C2,C2h,planar,43.87310503477157,/home/tianyajun/MARL_for_COFs/cof_symmetry_pipeline/output/pycofbuilder/xyz/mol_001237.xyz,pycofbuilder,2.167383717873702e-05,5.91138830867699e-05
Cc1cc2ccc3c(ccc4cc(C)sc43)c2s1,pb_NDTP_L2,methyl_direct,C2,C2h,planar,51.76367456262962,/home/tianyajun/MARL_for_COFs/cof_symmetry_pipeline/output/pycofbuilder/xyz/mol_001238.xyz,pycofbuilder,0.32478918668001455,0.889524608992821
O=C=Nc1cc2ccc3c(ccc4cc(N=C=O)sc43)c2s1,pb_NDTP_L2,NCO_direct,C2,C2,planar,36.93648325384945,/home/tianyajun/MARL_for_COFs/cof_symmetry_pipeline/output/pycofbuilder/xyz/mol_001240.xyz,pycofbuilder,0.3642326215384179,1.162348443249523
S=C=Nc1cc2ccc3c(ccc4cc(N=C=S)sc43)c2s1,pb_NDTP_L2,NCS_direct,C2,C2,nonplanar,41.04272992804187,/home/tianyajun/MARL_for_COFs/cof_symmetry_pipeline/output/pycofbuilder/xyz/mol_001241.xyz,pycofbuilder,0.6880776765990654,2.2934244833949586
O=S(=O)(O)c1cc2ccc3c(ccc4cc(S(=O)(=O)O)sc43)c2s1,pb_NDTP_L2,SO3H_direct,C2,C2,nonplanar,-25.04925999234221,/home/tianyajun/MARL_for_COFs/cof_symmetry_pipeline/output/pycofbuilder/xyz/mol_001242.xyz,pycofbuilder,0.6469979689067994,1.8136091483751737
FC(F)(F)c1cc2ccc3c(ccc4cc(C(F)(F)F)sc43)c2s1,pb_NDTP_L2,CF3_direct,C2,C2h,planar,80.74211267817074,/home/tianyajun/MARL_for_COFs/cof_symmetry_pipeline/output/pycofbuilder/xyz/mol_001244.xyz,pycofbuilder,0.39874696445445473,1.0920304526200737
Clc1cc2ccc3c(ccc4cc(Cl)sc43)c2s1,pb_NDTP_L2,Cl_direct,C2,C2h,planar,38.94765709020845,/home/tianyajun/MARL_for_COFs/cof_symmetry_pipeline/output/pycofbuilder/xyz/mol_001246.xyz,pycofbuilder,2.377387858553334e-06,4.518636602224291e-06
Clc1ccc(-c2cc3ccc4c(ccc5cc(-c6ccc(Cl)cc6)sc54)c3s2)cc1,pb_NDTP_L2,Cl_ph,C2,C2h,planar,89.99112850396223,/home/tianyajun/MARL_for_COFs/cof_symmetry_pipeline/output/pycofbuilder/xyz/mol_001247.xyz,pycofbuilder,2.1628630070784084e-05,4.494076977357153e-05
COC(=O)c1cc2ccc3c(ccc4cc(C(=O)OC)sc43)c2s1,pb_NDTP_L2,COOMe_direct,C2,C2h,planar,52.448577145884215,/home/tianyajun/MARL_for_COFs/cof_symmetry_pipeline/output/pycofbuilder/xyz/mol_001248.xyz,pycofbuilder,0.3003432975464946,0.9010328208607237
NC(=O)c1cc2ccc3c(ccc4cc(C(N)=O)sc43)c2s1,pb_NDTP_L2,CONH2_direct,C2,C2h,planar,-10.71355755492479,/home/tianyajun/MARL_for_COFs/cof_symmetry_pipeline/output/pycofbuilder/xyz/mol_001249.xyz,pycofbuilder,1.3707305044070588e-06,3.828666500949041e-06
CC(=O)c1cc2ccc3c(ccc4cc(C(C)=O)sc43)c2s1,pb_NDTP_L2,acetyl_direct,C2,C2h,planar,75.08473840392236,/home/tianyajun/MARL_for_COFs/cof_symmetry_pipeline/output/pycofbuilder/xyz/mol_001253.xyz,pycofbuilder,0.30802985299866,0.8980870794251479
O=CC#Cc1cc2ccc3c(ccc4cc(C#CC=O)sc43)c2s1,pb_NDTP_L2,CCCHO_direct,C2,C2h,planar,43.19398728707108,/home/tianyajun/MARL_for_COFs/cof_symmetry_pipeline/output/pycofbuilder/xyz/mol_001256.xyz,pycofbuilder,1.3716942160501892e-05,5.238751428550403e-05
NC#Cc1cc2ccc3c(ccc4cc(C#CN)sc43)c2s1,pb_NDTP_L2,CCNH2_direct,C2,C2h,planar,40.74219729788573,/home/tianyajun/MARL_for_COFs/cof_symmetry_pipeline/output/pycofbuilder/xyz/mol_001257.xyz,pycofbuilder,0.29102926507085636,0.8231669087572304
N#CC#Cc1cc2ccc3c(ccc4cc(C#CC#N)sc43)c2s1,pb_NDTP_L2,CCCN_direct,C2,C2h,planar,43.55867834821339,/home/tianyajun/MARL_for_COFs/cof_symmetry_pipeline/output/pycofbuilder/xyz/mol_001258.xyz,pycofbuilder,7.279950659509799e-06,1.7895830000114188e-05
O=C(O)C#Cc1cc2ccc3c(ccc4cc(C#CC(=O)O)sc43)c2s1,pb_NDTP_L2,CCCOOH_direct,C2,C2h,planar,-20.97838561410318,/home/tianyajun/MARL_for_COFs/cof_symmetry_pipeline/output/pycofbuilder/xyz/mol_001259.xyz,pycofbuilder,9.673381981009265e-05,0.0003172796384629528
O=[N+]([O-])C#Cc1cc2ccc3c(ccc4cc(C#C[N+](=O)[O-])sc43)c2s1,pb_NDTP_L2,CCNO2_direct,C2,C2h,planar,44.06794943716673,/home/tianyajun/MARL_for_COFs/cof_symmetry_pipeline/output/pycofbuilder/xyz/mol_001260.xyz,pycofbuilder,1.0186739330946982e-05,3.60401927057552e-05
OC#Cc1cc2ccc3c(ccc4cc(C#CO)sc43)c2s1,pb_NDTP_L2,CCOH_direct,C2,C2h,planar,42.64584723881657,/home/tianyajun/MARL_for_COFs/cof_symmetry_pipeline/output/pycofbuilder/xyz/mol_001261.xyz,pycofbuilder,0.0005627675349103266,0.002366566284142113
FC(F)(F)C#Cc1cc2ccc3c(ccc4cc(C#CC(F)(F)F)sc43)c2s1,pb_NDTP_L2,CCCF3_direct,C2,C2,planar,45.727511804980445,/home/tianyajun/MARL_for_COFs/cof_symmetry_pipeline/output/pycofbuilder/xyz/mol_001262.xyz,pycofbuilder,0.3751729182381995,1.1679658349540847
CC(=O)C#Cc1cc2ccc3c(ccc4cc(C#CC(C)=O)sc43)c2s1,pb_NDTP_L2,CCacetyl_direct,C2,C2,planar,46.736902023303344,/home/tianyajun/MARL_for_COFs/cof_symmetry_pipeline/output/pycofbuilder/xyz/mol_001264.xyz,pycofbuilder,0.3286518791918333,1.2559821439534566
O=COc1cc2ccc3c(ccc4cc(OC=O)sc43)c2s1,pb_NDTP_L2,OCHO_direct,C2,C2h,planar,57.485637331321584,/home/tianyajun/MARL_for_COFs/cof_symmetry_pipeline/output/pycofbuilder/xyz/mol_001266.xyz,pycofbuilder,0.00033925425639653626,0.0010936748278109754
N#COc1cc2ccc3c(ccc4cc(OC#N)sc43)c2s1,pb_NDTP_L2,OCN_direct,C2,C2h,planar,54.98640010749871,/home/tianyajun/MARL_for_COFs/cof_symmetry_pipeline/output/pycofbuilder/xyz/mol_001267.xyz,pycofbuilder,0.00043129028873689293,0.0013282941662766667
CC(=O)Oc1cc2ccc3c(ccc4cc(OC(C)=O)sc43)c2s1,pb_NDTP_L2,Oacetyl_direct,C2,C2h,planar,56.85202101571079,/home/tianyajun/MARL_for_COFs/cof_symmetry_pipeline/output/pycofbuilder/xyz/mol_001268.xyz,pycofbuilder,0.29967097853428054,0.9050348266760826
O=CNc1cc2ccc3c(ccc4cc(NC=O)sc43)c2s1,pb_NDTP_L2,NHCHO_direct,C2,C2h,planar,19.70764341295601,/home/tianyajun/MARL_for_COFs/cof_symmetry_pipeline/output/pycofbuilder/xyz/mol_001269.xyz,pycofbuilder,5.197726463594852e-06,2.115288189052933e-05
CC(=O)Nc1cc2ccc3c(ccc4cc(NC(C)=O)sc43)c2s1,pb_NDTP_L2,NHacetyl_direct,C2,C2,planar,25.91357703480559,/home/tianyajun/MARL_for_COFs/cof_symmetry_pipeline/output/pycofbuilder/xyz/mol_001270.xyz,pycofbuilder,0.290928238404248,1.020478761131796
N#CNc1cc2ccc3c(ccc4cc(NC#N)sc43)c2s1,pb_NDTP_L2,NHCN_direct,C2,C2,planar,-17.28637320914781,/home/tianyajun/MARL_for_COFs/cof_symmetry_pipeline/output/pycofbuilder/xyz/mol_001271.xyz,pycofbuilder,0.3971381761456604,1.2982571726357262
N#CSc1cc2ccc3c(ccc4cc(SC#N)sc43)c2s1,pb_NDTP_L2,SCN_direct,C2,C2,nonplanar,44.33159388885595,/home/tianyajun/MARL_for_COFs/cof_symmetry_pipeline/output/pycofbuilder/xyz/mol_001273.xyz,pycofbuilder,0.6701754040558231,2.0513717678336727
[N-]=[N+]=Nc1ccc(-c2cc3ccc4c(ccc5cc(-c6ccc(N=[N+]=[N-])cc6)sc54)c3s2)cc1,pb_NDTP_L2,N3_ph,C2,C2,nonplanar,75.63965870062724,/home/tianyajun/MARL_for_COFs/cof_symmetry_pipeline/output/pycofbuilder/xyz/mol_001274.xyz,pycofbuilder,0.8021350248512055,1.6840098466063973
Brc1cc2ccc3c(ccc4cc(Br)sc43)c2s1,pb_NDTP_L2,Br_direct,C2,C2h,planar,40.93351041045721,/home/tianyajun/MARL_for_COFs/cof_symmetry_pipeline/output/pycofbuilder/xyz/mol_001275.xyz,pycofbuilder,5.239788302695157e-06,1.0796761876416539e-05
Ic1cc2ccc3c(ccc4cc(I)sc43)c2s1,pb_NDTP_L2,I_direct,C2,C2h,planar,41.98450188544314,/home/tianyajun/MARL_for_COFs/cof_symmetry_pipeline/output/pycofbuilder/xyz/mol_001276.xyz,pycofbuilder,2.8465018205912057e-06,5.284001098893043e-06
C[Si](C)(C)c1cc2ccc3c(ccc4cc([Si](C)(C)C)sc43)c2s1,pb_NDTP_L2,SiMe3_direct,C2,C2h,nonplanar,59.43546344307359,/home/tianyajun/MARL_for_COFs/cof_symmetry_pipeline/output/pycofbuilder/xyz/mol_001277.xyz,pycofbuilder,1.0875919542563124,2.436273814476654
O=S(=O)(Cl)c1cc2ccc3c(ccc4cc(S(=O)(=O)Cl)sc43)c2s1,pb_NDTP_L2,SO2Cl_direct,C2,C2,nonplanar,87.99031802230995,/home/tianyajun/MARL_for_COFs/cof_symmetry_pipeline/output/pycofbuilder/xyz/mol_001280.xyz,pycofbuilder,0.5194530187030502,1.585693697880612
O=P(Cl)(Cl)c1cc2ccc3c(ccc4cc(P(=O)(Cl)Cl)sc43)c2s1,pb_NDTP_L2,POCl2_direct,C2,C2h,nonplanar,93.58001866220542,/home/tianyajun/MARL_for_COFs/cof_symmetry_pipeline/output/pycofbuilder/xyz/mol_001281.xyz,pycofbuilder,0.5795403997736478,1.5871602250042394
O=C(O)c1ccc(-c2ccc(-c3cc4ccc5c(ccc6cc(-c7ccc(-c8ccc(C(=O)O)cc8)cc7)sc65)c4s3)cc2)cc1,pb_NDTP_L2,COOH_phph,C2,C2,nonplanar,125.86311885460064,/home/tianyajun/MARL_for_COFs/cof_symmetry_pipeline/output/pycofbuilder/xyz/mol_001282.xyz,pycofbuilder,0.6059812391783486,1.545901768655065
N#Cc1ccc(-c2ccc(-c3cc4ccc5c(ccc6cc(-c7ccc(-c8ccc(C#N)cc8)cc7)sc65)c4s3)cc2)cc1,pb_NDTP_L2,CN_phph,C2,C2,nonplanar,162.42176088997573,/home/tianyajun/MARL_for_COFs/cof_symmetry_pipeline/output/pycofbuilder/xyz/mol_001283.xyz,pycofbuilder,0.6300692397797457,1.5758446687294732
N#CCc1cc2ccc3c(ccc4cc(CC#N)sc43)c2s1,pb_NDTP_L2,PB_CHCN,C2,C2,nonplanar,74.12635174263318,/home/tianyajun/MARL_for_COFs/cof_symmetry_pipeline/output/pycofbuilder/xyz/mol_001286.xyz,pycofbuilder,0.70070339298398,2.2524515249479515
NNCc1cc2ccc3c(ccc4cc(CNN)sc43)c2s1,pb_NDTP_L2,PB_NHNH2,C2,C2,nonplanar,157.1317864900498,/home/tianyajun/MARL_for_COFs/cof_symmetry_pipeline/output/pycofbuilder/xyz/mol_001287.xyz,pycofbuilder,0.9380004586378635,1.9834006855769528
[O]C(=O)c1cc2ccc3c(ccc4cc(C([O])=O)sc43)c2s1,pb_NDTP_L2,PB_COOH,C2,C2h,planar,103.47209652624272,/home/tianyajun/MARL_for_COFs/cof_symmetry_pipeline/output/pycofbuilder/xyz/mol_001290.xyz,pycofbuilder,5.063144957111283e-06,9.031216418264876e-06
ONc1cc2ccc3c(ccc4cc(NO)sc43)c2s1,pb_NDTP_L2,PB_NHOH,C2,C2,planar,70.34019135985683,/home/tianyajun/MARL_for_COFs/cof_symmetry_pipeline/output/pycofbuilder/xyz/mol_001291.xyz,pycofbuilder,0.17061348503273013,0.47407602048659275
O=Cc1ccc(N2[C]N(c3ccc(C=O)cc3)C=C2)cc1,pb_PHEN_L2,CHO_direct,C2,C2v,planar,136.74114183133398,/home/tianyajun/MARL_for_COFs/cof_symmetry_pipeline/output/pycofbuilder/xyz/mol_001292.xyz,pycofbuilder,0.002797353667002891,0.005997911592005245
Nc1ccc(N2[C]N(c3ccc(N)cc3)C=C2)cc1,pb_PHEN_L2,NH2_direct,C2,C2,planar,86.49215201662076,/home/tianyajun/MARL_for_COFs/cof_symmetry_pipeline/output/pycofbuilder/xyz/mol_001295.xyz,pycofbuilder,0.10083993960223503,0.23673905488022862
N#Cc1ccc(N2[C]N(c3ccc(C#N)cc3)C=C2)cc1,pb_PHEN_L2,CN_direct,C2,C2v,planar,134.03646846245502,/home/tianyajun/MARL_for_COFs/cof_symmetry_pipeline/output/pycofbuilder/xyz/mol_001302.xyz,pycofbuilder,0.0012853213418480352,0.0025701083372466904
O=C(O)c1ccc(N2[C]N(c3ccc(C(=O)O)cc3)C=C2)cc1,pb_PHEN_L2,COOH_direct,C2,C2v,planar,97.17110816631244,/home/tianyajun/MARL_for_COFs/cof_symmetry_pipeline/output/pycofbuilder/xyz/mol_001304.xyz,pycofbuilder,0.009324086258930737,0.019164371742431685
O=[N+]([O-])c1ccc(N2[C]N(c3ccc([N+](=O)[O-])cc3)C=C2)cc1,pb_PHEN_L2,NO2_direct,C2,C2v,planar,173.93167330727164,/home/tianyajun/MARL_for_COFs/cof_symmetry_pipeline/output/pycofbuilder/xyz/mol_001306.xyz,pycofbuilder,0.011374762895177951,0.027557265234326778
Oc1ccc(N2[C]N(c3ccc(O)cc3)C=C2)cc1,pb_PHEN_L2,OH_direct,C2,C2v,planar,84.66978511485583,/home/tianyajun/MARL_for_COFs/cof_symmetry_pipeline/output/pycofbuilder/xyz/mol_001308.xyz,pycofbuilder,0.0002663792428461317,0.0004977975858223155
C#Cc1ccc(N2[C]N(c3ccc(C#C)cc3)C=C2)cc1,pb_PHEN_L2,ethynyl_direct,C2,C2v,planar,106.02153924114111,/home/tianyajun/MARL_for_COFs/cof_symmetry_pipeline/output/pycofbuilder/xyz/mol_001313.xyz,pycofbuilder,0.0011681962415617203,0.0025845213787629717
Cc1ccc(N2[C]N(c3ccc(C)cc3)C=C2)cc1,pb_PHEN_L2,methyl_direct,C2,C2,planar,112.54670261378776,/home/tianyajun/MARL_for_COFs/cof_symmetry_pipeline/output/pycofbuilder/xyz/mol_001314.xyz,pycofbuilder,0.3061653739132001,1.1017931732225876
O=C=Nc1ccc(N2[C]N(c3ccc(N=C=O)cc3)C=C2)cc1,pb_PHEN_L2,NCO_direct,C2,C2,nonplanar,93.35661192613348,/home/tianyajun/MARL_for_COFs/cof_symmetry_pipeline/output/pycofbuilder/xyz/mol_001316.xyz,pycofbuilder,0.5018952616767576,1.6941153839581973
S=C=Nc1ccc(N2[C]N(c3ccc(N=C=S)cc3)C=C2)cc1,pb_PHEN_L2,NCS_direct,C2,C2,nonplanar,96.9184789159411,/home/tianyajun/MARL_for_COFs/cof_symmetry_pipeline/output/pycofbuilder/xyz/mol_001317.xyz,pycofbuilder,0.6037185314210469,2.0596449147241573
Clc1ccc(N2[C]N(c3ccc(Cl)cc3)C=C2)cc1,pb_PHEN_L2,Cl_direct,C2,C2v,planar,103.65178818181784,/home/tianyajun/MARL_for_COFs/cof_symmetry_pipeline/output/pycofbuilder/xyz/mol_001322.xyz,pycofbuilder,9.582820062026902e-05,0.000205583255334707
O=C(Cl)c1ccc(N2[C]N(c3ccc(C(=O)Cl)cc3)C=C2)cc1,pb_PHEN_L2,COCl_direct,C2,C2v,planar,158.22397439293422,/home/tianyajun/MARL_for_COFs/cof_symmetry_pipeline/output/pycofbuilder/xyz/mol_001328.xyz,pycofbuilder,0.003234424194983069,0.011917863254243377
NC#Cc1ccc(N2[C]N(c3ccc(C#CN)cc3)C=C2)cc1,pb_PHEN_L2,CCNH2_direct,C2,C2v,planar,97.2595079427048,/home/tianyajun/MARL_for_COFs/cof_symmetry_pipeline/output/pycofbuilder/xyz/mol_001333.xyz,pycofbuilder,0.2675112980737171,0.8940801827127084
N#CC#Cc1ccc(N2[C]N(c3ccc(C#CC#N)cc3)C=C2)cc1,pb_PHEN_L2,CCCN_direct,C2,C2v,planar,110.2462894927278,/home/tianyajun/MARL_for_COFs/cof_symmetry_pipeline/output/pycofbuilder/xyz/mol_001334.xyz,pycofbuilder,0.037816093772214766,0.08190811921839625
O=CNc1ccc(N2[C]N(c3ccc(NC=O)cc3)C=C2)cc1,pb_PHEN_L2,NHCHO_direct,C2,C2v,planar,66.51087470295714,/home/tianyajun/MARL_for_COFs/cof_symmetry_pipeline/output/pycofbuilder/xyz/mol_001345.xyz,pycofbuilder,0.0032099668888031733,0.005914435817205653
N#CNc1ccc(N2[C]N(c3ccc(NC#N)cc3)C=C2)cc1,pb_PHEN_L2,NHCN_direct,C2,C2,planar,50.066489969522856,/home/tianyajun/MARL_for_COFs/cof_symmetry_pipeline/output/pycofbuilder/xyz/mol_001347.xyz,pycofbuilder,0.3537741955781311,1.1805400091191944
Brc1ccc(N2[C]N(c3ccc(Br)cc3)C=C2)cc1,pb_PHEN_L2,Br_direct,C2,C2v,planar,105.30845181378572,/home/tianyajun/MARL_for_COFs/cof_symmetry_pipeline/output/pycofbuilder/xyz/mol_001351.xyz,pycofbuilder,0.0009179104787479409,0.001814189138846789
Ic1ccc(N2[C]N(c3ccc(I)cc3)C=C2)cc1,pb_PHEN_L2,I_direct,C2,C2v,planar,106.99089106364946,/home/tianyajun/MARL_for_COFs/cof_symmetry_pipeline/output/pycofbuilder/xyz/mol_001352.xyz,pycofbuilder,2.2526697328083163e-05,6.514152547865137e-05
O=P(Cl)(Cl)c1ccc(N2[C]N(c3ccc(P(=O)(Cl)Cl)cc3)C=C2)cc1,pb_PHEN_L2,POCl2_direct,C2,C2v,nonplanar,176.31436470471783,/home/tianyajun/MARL_for_COFs/cof_symmetry_pipeline/output/pycofbuilder/xyz/mol_001357.xyz,pycofbuilder,0.5330627130738946,1.5914622079775975
[O]C(=O)c1ccc(N2[C]N(c3ccc(C([O])=O)cc3)C=C2)cc1,pb_PHEN_L2,PB_COOH,C2,C2v,planar,170.21748651714563,/home/tianyajun/MARL_for_COFs/cof_symmetry_pipeline/output/pycofbuilder/xyz/mol_001366.xyz,pycofbuilder,0.0003805651732727183,0.0007906534451596059
ONc1ccc(N2[C]N(c3ccc(NO)cc3)C=C2)cc1,pb_PHEN_L2,PB_NHOH,C2,C2,planar,132.1007581725626,/home/tianyajun/MARL_for_COFs/cof_symmetry_pipeline/output/pycofbuilder/xyz/mol_001367.xyz,pycofbuilder,0.20864822070353983,0.6889060740224489
O=CNc1ccc(N2[C]N(c3ccc(NC=O)cn3)C=C2)nc1,pb_PYEN_L2,NHCHO_direct,C2,C2v,planar,83.69924354382435,/home/tianyajun/MARL_for_COFs/cof_symmetry_pipeline/output/pycofbuilder/xyz/mol_001421.xyz,pycofbuilder,2.0561808480827535e-05,4.7143545103434104e-05
[O]C(=O)c1ccc(N2[C]N(c3ccc(C([O])=O)cn3)C=C2)nc1,pb_PYEN_L2,PB_COOH,C2,C2v,planar,122.72184981874088,/home/tianyajun/MARL_for_COFs/cof_symmetry_pipeline/output/pycofbuilder/xyz/mol_001442.xyz,pycofbuilder,0.00012109626275947494,0.00028521194540648276
O=Cc1cc2ccc3cc(C=O)cc4ccc(c1)c2c34,pb_PYRN_L2,CHO_direct,C2,C2h,planar,74.79814700046623,/home/tianyajun/MARL_for_COFs/cof_symmetry_pipeline/output/pycofbuilder/xyz/mol_001444.xyz,pycofbuilder,1.4244301820837954e-06,3.5718772379844665e-06
O=Cc1ccc(-c2cc3ccc4cc(-c5ccc(C=O)cc5)cc5ccc(c2)c3c45)cc1,pb_PYRN_L2,CHO_ph,C2,C2,nonplanar,128.5381044995929,/home/tianyajun/MARL_for_COFs/cof_symmetry_pipeline/output/pycofbuilder/xyz/mol_001445.xyz,pycofbuilder,0.8568166414986906,1.8005889825384074
Nc1cc2ccc3cc(N)cc4ccc(c1)c2c34,pb_PYRN_L2,NH2_direct,C2,C2h,planar,40.61364530798769,/home/tianyajun/MARL_for_COFs/cof_symmetry_pipeline/output/pycofbuilder/xyz/mol_001447.xyz,pycofbuilder,0.091110519944434,0.18606137682825108
Nc1ccc(-c2cc3ccc4cc(-c5ccc(N)cc5)cc5ccc(c2)c3c45)cc1,pb_PYRN_L2,NH2_ph,C2,C2,nonplanar,78.66770180065858,/home/tianyajun/MARL_for_COFs/cof_symmetry_pipeline/output/pycofbuilder/xyz/mol_001448.xyz,pycofbuilder,0.8413682515620097,1.8287838583465794
Nc1ccc(-c2ccc(-c3cc4ccc5cc(-c6ccc(-c7ccc(N)cc7)cc6)cc6ccc(c3)c4c56)cc2)cc1,pb_PYRN_L2,NH2_phph,C2,D2,nonplanar,123.77623933100884,/home/tianyajun/MARL_for_COFs/cof_symmetry_pipeline/output/pycofbuilder/xyz/mol_001449.xyz,pycofbuilder,1.062154379368798,2.069437890323253
OB(O)c1cc2ccc3cc(B(O)O)cc4ccc(c1)c2c34,pb_PYRN_L2,BOH2_direct,C2,C2v,planar,43.2941428162833,/home/tianyajun/MARL_for_COFs/cof_symmetry_pipeline/output/pycofbuilder/xyz/mol_001450.xyz,pycofbuilder,0.30635556635423844,0.8405532217694098
C#Cc1ccc(-c2cc3ccc4cc(-c5ccc(C#C)cc5)cc5ccc(c2)c3c45)cc1,pb_PYRN_L2,CCH_ph,C2,D2,nonplanar,97.86083499147436,/home/tianyajun/MARL_for_COFs/cof_symmetry_pipeline/output/pycofbuilder/xyz/mol_001452.xyz,pycofbuilder,0.820294389650287,1.7947106168547744
C#Cc1ccc(-c2ccc(-c3cc4ccc5cc(-c6ccc(-c7ccc(C#C)cc7)cc6)cc6ccc(c3)c4c56)cc2)cc1,pb_PYRN_L2,CCH_phph,C2,C2,nonplanar,142.93084521774605,/home/tianyajun/MARL_for_COFs/cof_symmetry_pipeline/output/pycofbuilder/xyz/mol_001453.xyz,pycofbuilder,0.8806676048877049,1.9673394828248019
N#Cc1cc2ccc3cc(C#N)cc4ccc(c1)c2c34,pb_PYRN_L2,CN_direct,C2,D2h,planar,72.12551673996185,/home/tianyajun/MARL_for_COFs/cof_symmetry_pipeline/output/pycofbuilder/xyz/mol_001454.xyz,pycofbuilder,8.461601089459228e-05,0.00023201137087980328
N#Cc1ccc(-c2cc3ccc4cc(-c5ccc(C#N)cc5)cc5ccc(c2)c3c45)cc1,pb_PYRN_L2,CN_ph,C2,D2,nonplanar,125.56254230868905,/home/tianyajun/MARL_for_COFs/cof_symmetry_pipeline/output/pycofbuilder/xyz/mol_001455.xyz,pycofbuilder,0.8388160082898799,1.79658889217305
O=C(O)c1cc2ccc3cc(C(=O)O)cc4ccc(c1)c2c34,pb_PYRN_L2,COOH_direct,C2,C2h,planar,32.38436576938613,/home/tianyajun/MARL_for_COFs/cof_symmetry_pipeline/output/pycofbuilder/xyz/mol_001456.xyz,pycofbuilder,2.396933699669915e-05,6.338100959782378e-05
O=C(O)c1ccc(-c2cc3ccc4cc(-c5ccc(C(=O)O)cc5)cc5ccc(c2)c3c45)cc1,pb_PYRN_L2,COOH_ph,C2,C2,nonplanar,88.95732415794932,/home/tianyajun/MARL_for_COFs/cof_symmetry_pipeline/output/pycofbuilder/xyz/mol_001457.xyz,pycofbuilder,0.8564143698517716,1.8231984364133786
O=[N+]([O-])c1cc2ccc3cc([N+](=O)[O-])cc4ccc(c1)c2c34,pb_PYRN_L2,NO2_direct,C2,D2h,planar,104.26607640012458,/home/tianyajun/MARL_for_COFs/cof_symmetry_pipeline/output/pycofbuilder/xyz/mol_001458.xyz,pycofbuilder,1.444439197990432e-05,6.310775997575568e-05
O=[N+]([O-])c1ccc(-c2cc3ccc4cc(-c5ccc([N+](=O)[O-])cc5)cc5ccc(c2)c3c45)cc1,pb_PYRN_L2,NO2_ph,C2,D2,nonplanar,165.55593705445062,/home/tianyajun/MARL_for_COFs/cof_symmetry_pipeline/output/pycofbuilder/xyz/mol_001459.xyz,pycofbuilder,0.8616586154343099,1.79927632256532
Oc1cc2ccc3cc(O)cc4ccc(c1)c2c34,pb_PYRN_L2,OH_direct,C2,C2h,planar,34.85155781868107,/home/tianyajun/MARL_for_COFs/cof_symmetry_pipeline/output/pycofbuilder/xyz/mol_001460.xyz,pycofbuilder,4.878692309298757e-06,1.4970669719449603e-05
Oc1ccc(-c2cc3ccc4cc(-c5ccc(O)cc5)cc5ccc(c2)c3c45)cc1,pb_PYRN_L2,OH_ph,C2,C2,nonplanar,76.75041274217769,/home/tianyajun/MARL_for_COFs/cof_symmetry_pipeline/output/pycofbuilder/xyz/mol_001461.xyz,pycofbuilder,0.8505672645576919,1.8267262084500606
[N-]=[N+]=Nc1cc2ccc3cc(N=[N+]=[N-])cc4ccc(c1)c2c34,pb_PYRN_L2,N3_direct,C2,C2h,planar,37.25645425756589,/home/tianyajun/MARL_for_COFs/cof_symmetry_pipeline/output/pycofbuilder/xyz/mol_001463.xyz,pycofbuilder,0.4909308491843937,1.4063546387857577
C=Cc1cc2ccc3cc(C=C)cc4ccc(c1)c2c34,pb_PYRN_L2,vinyl_direct,C2,C2v,planar,66.86439120295809,/home/tianyajun/MARL_for_COFs/cof_symmetry_pipeline/output/pycofbuilder/xyz/mol_001464.xyz,pycofbuilder,2.645472739966567e-05,9.351828200787615e-05
C#Cc1cc2ccc3cc(C#C)cc4ccc(c1)c2c34,pb_PYRN_L2,ethynyl_direct,C2,D2h,planar,50.48201897932879,/home/tianyajun/MARL_for_COFs/cof_symmetry_pipeline/output/pycofbuilder/xyz/mol_001465.xyz,pycofbuilder,7.226610772553403e-05,0.00019687798712775262
Cc1cc2ccc3cc(C)cc4ccc(c1)c2c34,pb_PYRN_L2,methyl_direct,C2,C2v,planar,63.59694280778974,/home/tianyajun/MARL_for_COFs/cof_symmetry_pipeline/output/pycofbuilder/xyz/mol_001466.xyz,pycofbuilder,0.31594761374753405,1.050318903778697
Cc1ccc(-c2cc3ccc4cc(-c5ccc(C)cc5)cc5ccc(c2)c3c45)cc1,pb_PYRN_L2,methyl_ph,C2,C2,nonplanar,103.48065800900729,/home/tianyajun/MARL_for_COFs/cof_symmetry_pipeline/output/pycofbuilder/xyz/mol_001467.xyz,pycofbuilder,0.8404560158446989,1.7936962226291429
O=C=Nc1cc2ccc3cc(N=C=O)cc4ccc(c1)c2c34,pb_PYRN_L2,NCO_direct,C2,C2v,nonplanar,39.012474477728496,/home/tianyajun/MARL_for_COFs/cof_symmetry_pipeline/output/pycofbuilder/xyz/mol_001468.xyz,pycofbuilder,0.5830647521586282,1.93833961788761
S=C=Nc1cc2ccc3cc(N=C=S)cc4ccc(c1)c2c34,pb_PYRN_L2,NCS_direct,C2,C2h,nonplanar,42.372288602878825,/home/tianyajun/MARL_for_COFs/cof_symmetry_pipeline/output/pycofbuilder/xyz/mol_001469.xyz,pycofbuilder,0.5843284009981842,1.7590142241596607
O=S(=O)(O)c1cc2ccc3cc(S(=O)(=O)O)cc4ccc(c1)c2c34,pb_PYRN_L2,SO3H_direct,C2,C2,nonplanar,-17.727915042340214,/home/tianyajun/MARL_for_COFs/cof_symmetry_pipeline/output/pycofbuilder/xyz/mol_001470.xyz,pycofbuilder,0.5703884389740531,1.6333363791835378
O=P(O)(O)c1cc2ccc3cc(P(=O)(O)O)cc4ccc(c1)c2c34,pb_PYRN_L2,PO3H2_direct,C2,C2,nonplanar,-178.7961209434049,/home/tianyajun/MARL_for_COFs/cof_symmetry_pipeline/output/pycofbuilder/xyz/mol_001471.xyz,pycofbuilder,0.6582555475354408,2.028905757766009
FC(F)(F)c1cc2ccc3cc(C(F)(F)F)cc4ccc(c1)c2c34,pb_PYRN_L2,CF3_direct,C2,C2h,planar,100.88535612922496,/home/tianyajun/MARL_for_COFs/cof_symmetry_pipeline/output/pycofbuilder/xyz/mol_001472.xyz,pycofbuilder,0.38446599983232344,1.2676031570168744
FC(F)(F)c1ccc(-c2cc3ccc4cc(-c5ccc(C(F)(F)F)cc5)cc5ccc(c2)c3c45)cc1,pb_PYRN_L2,CF3_ph,C2,C2,nonplanar,152.75292223143143,/home/tianyajun/MARL_for_COFs/cof_symmetry_pipeline/output/pycofbuilder/xyz/mol_001473.xyz,pycofbuilder,0.8600789225255392,1.7972687115539814
Clc1cc2ccc3cc(Cl)cc4ccc(c1)c2c34,pb_PYRN_L2,Cl_direct,C2,D2h,planar,45.02728020036666,/home/tianyajun/MARL_for_COFs/cof_symmetry_pipeline/output/pycofbuilder/xyz/mol_001474.xyz,pycofbuilder,3.263821757463818e-06,5.881316600203634e-06
Clc1ccc(-c2cc3ccc4cc(-c5ccc(Cl)cc5)cc5ccc(c2)c3c45)cc1,pb_PYRN_L2,Cl_ph,C2,D2,nonplanar,95.84121064023024,/home/tianyajun/MARL_for_COFs/cof_symmetry_pipeline/output/pycofbuilder/xyz/mol_001475.xyz,pycofbuilder,0.8558861675654728,1.7965354943151535
COC(=O)c1cc2ccc3cc(C(=O)OC)cc4ccc(c1)c2c34,pb_PYRN_L2,COOMe_direct,C2,C2h,planar,69.70429472758019,/home/tianyajun/MARL_for_COFs/cof_symmetry_pipeline/output/pycofbuilder/xyz/mol_001476.xyz,pycofbuilder,0.29231127978290417,0.9009914171284518
NC(=O)c1cc2ccc3cc(C(N)=O)cc4ccc(c1)c2c34,pb_PYRN_L2,CONH2_direct,C2,C2,planar,19.75485272352583,/home/tianyajun/MARL_for_COFs/cof_symmetry_pipeline/output/pycofbuilder/xyz/mol_001477.xyz,pycofbuilder,0.3047716434454761,0.8717800865548015
COc1cc2ccc3cc(OC)cc4ccc(c1)c2c34,pb_PYRN_L2,OMe_direct,C2,C2v,planar,62.25102542834905,/home/tianyajun/MARL_for_COFs/cof_symmetry_pipeline/output/pycofbuilder/xyz/mol_001478.xyz,pycofbuilder,0.3099449457233906,0.9036976356074381
O=C(Cl)c1cc2ccc3cc(C(=O)Cl)cc4ccc(c1)c2c34,pb_PYRN_L2,COCl_direct,C2,C2h,planar,93.198757037712,/home/tianyajun/MARL_for_COFs/cof_symmetry_pipeline/output/pycofbuilder/xyz/mol_001480.xyz,pycofbuilder,1.0614228606429573e-05,2.3146150394670606e-05
CC(=O)c1cc2ccc3cc(C(C)=O)cc4ccc(c1)c2c34,pb_PYRN_L2,acetyl_direct,C2,C2v,planar,83.25799153689667,/home/tianyajun/MARL_for_COFs/cof_symmetry_pipeline/output/pycofbuilder/xyz/mol_001481.xyz,pycofbuilder,0.3002850689186762,0.9009013073324013
NS(=O)(=O)c1cc2ccc3cc(S(N)(=O)=O)cc4ccc(c1)c2c34,pb_PYRN_L2,SO2NH2_direct,C2,C2,nonplanar,-104.22982218405112,/home/tianyajun/MARL_for_COFs/cof_symmetry_pipeline/output/pycofbuilder/xyz/mol_001483.xyz,pycofbuilder,0.7753091533991668,1.9539145763615224
O=CC#Cc1cc2ccc3cc(C#CC=O)cc4ccc(c1)c2c34,pb_PYRN_L2,CCCHO_direct,C2,C2v,planar,54.61481416733275,/home/tianyajun/MARL_for_COFs/cof_symmetry_pipeline/output/pycofbuilder/xyz/mol_001484.xyz,pycofbuilder,3.812303979465642e-05,0.00012502997263830196
NC#Cc1cc2ccc3cc(C#CN)cc4ccc(c1)c2c34,pb_PYRN_L2,CCNH2_direct,C2,C2v,planar,41.78081636576216,/home/tianyajun/MARL_for_COFs/cof_symmetry_pipeline/output/pycofbuilder/xyz/mol_001485.xyz,pycofbuilder,0.2825942159847397,0.8240614468873251
N#CC#Cc1cc2ccc3cc(C#CC#N)cc4ccc(c1)c2c34,pb_PYRN_L2,CCCN_direct,C2,D2h,planar,55.0088786563506,/home/tianyajun/MARL_for_COFs/cof_symmetry_pipeline/output/pycofbuilder/xyz/mol_001486.xyz,pycofbuilder,1.483849779517463e-05,4.03552806282903e-05
O=[N+]([O-])C#Cc1cc2ccc3cc(C#C[N+](=O)[O-])cc4ccc(c1)c2c34,pb_PYRN_L2,CCNO2_direct,C2,D2h,planar,59.70440159339648,/home/tianyajun/MARL_for_COFs/cof_symmetry_pipeline/output/pycofbuilder/xyz/mol_001488.xyz,pycofbuilder,1.4471782817586514e-05,5.5461977852999667e-05
OC#Cc1cc2ccc3cc(C#CO)cc4ccc(c1)c2c34,pb_PYRN_L2,CCOH_direct,C2,C2v,planar,46.74392850374157,/home/tianyajun/MARL_for_COFs/cof_symmetry_pipeline/output/pycofbuilder/xyz/mol_001489.xyz,pycofbuilder,0.2240456054961212,0.8675704718828952
FC(F)(F)C#Cc1cc2ccc3cc(C#CC(F)(F)F)cc4ccc(c1)c2c34,pb_PYRN_L2,CCCF3_direct,C2,C2v,planar,60.3598167305253,/home/tianyajun/MARL_for_COFs/cof_symmetry_pipeline/output/pycofbuilder/xyz/mol_001490.xyz,pycofbuilder,0.364534474043715,1.260752261149371
O=C=NC#Cc1cc2ccc3cc(C#CN=C=O)cc4ccc(c1)c2c34,pb_PYRN_L2,CCNCO_direct,C2,C2v,planar,42.81485594111849,/home/tianyajun/MARL_for_COFs/cof_symmetry_pipeline/output/pycofbuilder/xyz/mol_001491.xyz,pycofbuilder,0.00824815304869067,0.035362327774279834
COC(=O)C#Cc1cc2ccc3cc(C#CC(=O)OC)cc4ccc(c1)c2c34,pb_PYRN_L2,CCCOOMe_direct,C2,C2,planar,32.47683367952673,/home/tianyajun/MARL_for_COFs/cof_symmetry_pipeline/output/pycofbuilder/xyz/mol_001493.xyz,pycofbuilder,0.2867947404883777,0.9772703023385936
O=COc1cc2ccc3cc(OC=O)cc4ccc(c1)c2c34,pb_PYRN_L2,OCHO_direct,C2,C2,planar,70.71303519249378,/home/tianyajun/MARL_for_COFs/cof_symmetry_pipeline/output/pycofbuilder/xyz/mol_001494.xyz,pycofbuilder,0.46879418163947173,1.4428949941743037
N#COc1cc2ccc3cc(OC#N)cc4ccc(c1)c2c34,pb_PYRN_L2,OCN_direct,C2,C2v,planar,65.48513396641442,/home/tianyajun/MARL_for_COFs/cof_symmetry_pipeline/output/pycofbuilder/xyz/mol_001495.xyz,pycofbuilder,0.0033043683453819655,0.01053102317817034
CC(=O)Oc1cc2ccc3cc(OC(C)=O)cc4ccc(c1)c2c34,pb_PYRN_L2,Oacetyl_direct,C2,C2,nonplanar,69.69696250358444,/home/tianyajun/MARL_for_COFs/cof_symmetry_pipeline/output/pycofbuilder/xyz/mol_001496.xyz,pycofbuilder,0.5838656981907038,1.6279148933208538
O=CNc1cc2ccc3cc(NC=O)cc4ccc(c1)c2c34,pb_PYRN_L2,NHCHO_direct,C2,C2h,planar,14.854159414582416,/home/tianyajun/MARL_for_COFs/cof_symmetry_pipeline/output/pycofbuilder/xyz/mol_001497.xyz,pycofbuilder,8.807125108067384e-07,1.7731633226159005e-06
N#CNc1cc2ccc3cc(NC#N)cc4ccc(c1)c2c34,pb_PYRN_L2,NHCN_direct,C2,C2,planar,-1.973613162371162,/home/tianyajun/MARL_for_COFs/cof_symmetry_pipeline/output/pycofbuilder/xyz/mol_001499.xyz,pycofbuilder,0.40629507472084725,1.372743533723566
CS(=O)(=O)Nc1cc2ccc3cc(NS(C)(=O)=O)cc4ccc(c1)c2c34,pb_PYRN_L2,NHSO2_direct,C2,C2,nonplanar,-54.33359730681758,/home/tianyajun/MARL_for_COFs/cof_symmetry_pipeline/output/pycofbuilder/xyz/mol_001500.xyz,pycofbuilder,1.175525327440012,2.86349170895973
N#CSc1cc2ccc3cc(SC#N)cc4ccc(c1)c2c34,pb_PYRN_L2,SCN_direct,C2,C2h,nonplanar,53.12936925275589,/home/tianyajun/MARL_for_COFs/cof_symmetry_pipeline/output/pycofbuilder/xyz/mol_001501.xyz,pycofbuilder,0.6498908640178203,1.799879412007025
Brc1cc2ccc3cc(Br)cc4ccc(c1)c2c34,pb_PYRN_L2,Br_direct,C2,D2h,planar,48.584711734633046,/home/tianyajun/MARL_for_COFs/cof_symmetry_pipeline/output/pycofbuilder/xyz/mol_001503.xyz,pycofbuilder,1.825882776067493e-06,4.266799988661418e-06
Ic1cc2ccc3cc(I)cc4ccc(c1)c2c34,pb_PYRN_L2,I_direct,C2,D2h,planar,51.13138650533239,/home/tianyajun/MARL_for_COFs/cof_symmetry_pipeline/output/pycofbuilder/xyz/mol_001504.xyz,pycofbuilder,3.7991214319586165e-06,9.13618782472092e-06
C[Si](C)(C)c1cc2ccc3cc([Si](C)(C)C)cc4ccc(c1)c2c34,pb_PYRN_L2,SiMe3_direct,C2,C2v,nonplanar,74.12970521643116,/home/tianyajun/MARL_for_COFs/cof_symmetry_pipeline/output/pycofbuilder/xyz/mol_001505.xyz,pycofbuilder,1.056010552489189,2.4406272348818745
O=S(=O)(Cl)c1cc2ccc3cc(S(=O)(=O)Cl)cc4ccc(c1)c2c34,pb_PYRN_L2,SO2Cl_direct,C2,C2h,nonplanar,101.30251600289662,/home/tianyajun/MARL_for_COFs/cof_symmetry_pipeline/output/pycofbuilder/xyz/mol_001508.xyz,pycofbuilder,0.5205914032190653,1.8190149708127585
O=P(Cl)(Cl)c1cc2ccc3cc(P(=O)(Cl)Cl)cc4ccc(c1)c2c34,pb_PYRN_L2,POCl2_direct,C2,C2h,nonplanar,112.23135149956906,/home/tianyajun/MARL_for_COFs/cof_symmetry_pipeline/output/pycofbuilder/xyz/mol_001509.xyz,pycofbuilder,0.5572890001654732,1.5762533779430148
O=C(O)c1ccc(-c2ccc(-c3cc4ccc5cc(-c6ccc(-c7ccc(C(=O)O)cc7)cc6)cc6ccc(c3)c4c56)cc2)cc1,pb_PYRN_L2,COOH_phph,C2,C2,nonplanar,134.0025870069783,/home/tianyajun/MARL_for_COFs/cof_symmetry_pipeline/output/pycofbuilder/xyz/mol_001510.xyz,pycofbuilder,0.6831268828005334,1.8057257395450996
N#Cc1ccc(-c2ccc(-c3cc4ccc5cc(-c6ccc(-c7ccc(C#N)cc7)cc6)cc6ccc(c3)c4c56)cc2)cc1,pb_PYRN_L2,CN_phph,C2,C2,nonplanar,170.50545184616954,/home/tianyajun/MARL_for_COFs/cof_symmetry_pipeline/output/pycofbuilder/xyz/mol_001511.xyz,pycofbuilder,0.8942136268670894,1.9675708646044967
O=[N+]([O-])c1ccc(-c2ccc(-c3cc4ccc5cc(-c6ccc(-c7ccc([N+](=O)[O-])cc7)cc6)cc6ccc(c3)c4c56)cc2)cc1,pb_PYRN_L2,NO2_phph,C2,D2,nonplanar,210.40952169478567,/home/tianyajun/MARL_for_COFs/cof_symmetry_pipeline/output/pycofbuilder/xyz/mol_001512.xyz,pycofbuilder,1.0777051550234051,2.0797956684819345
N#CCc1cc2ccc3cc(CC#N)cc4ccc(c1)c2c34,pb_PYRN_L2,PB_CHCN,C2,C2h,nonplanar,91.64950373109724,/home/tianyajun/MARL_for_COFs/cof_symmetry_pipeline/output/pycofbuilder/xyz/mol_001514.xyz,pycofbuilder,0.6434736406374707,1.9348921953319504
NNCc1cc2ccc3cc(CNN)cc4ccc(c1)c2c34,pb_PYRN_L2,PB_NHNH2,C2,C2,nonplanar,165.02374934303356,/home/tianyajun/MARL_for_COFs/cof_symmetry_pipeline/output/pycofbuilder/xyz/mol_001515.xyz,pycofbuilder,0.8806306927430408,1.8394215210842457
NNC(=O)c1cc2ccc3cc(C(=O)NN)cc4ccc(c1)c2c34,pb_PYRN_L2,PB_CONHNH2,C2,C2,planar,160.28399247684428,/home/tianyajun/MARL_for_COFs/cof_symmetry_pipeline/output/pycofbuilder/xyz/mol_001517.xyz,pycofbuilder,0.36277074907746465,0.9308261132480968
[O]C(=O)c1cc2ccc3cc(C([O])=O)cc4ccc(c1)c2c34,pb_PYRN_L2,PB_COOH,C2,D2h,planar,116.3377152434758,/home/tianyajun/MARL_for_COFs/cof_symmetry_pipeline/output/pycofbuilder/xyz/mol_001518.xyz,pycofbuilder,3.1055950135353235e-06,8.910078268586918e-06
ONc1cc2ccc3cc(NO)cc4ccc(c1)c2c34,pb_PYRN_L2,PB_NHOH,C2,C2,planar,81.33802870701743,/home/tianyajun/MARL_for_COFs/cof_symmetry_pipeline/output/pycofbuilder/xyz/mol_001519.xyz,pycofbuilder,0.22032616965887547,0.7033713580493642
CN1C(=O)/C(=C2/C(=O)N(C)c3cc(C=O)sc32)c2sc(C=O)cc21,pb_TIDA_L2,CHO_direct,C2,C2,planar,60.48697065463364,/home/tianyajun/MARL_for_COFs/cof_symmetry_pipeline/output/pycofbuilder/xyz/mol_001520.xyz,pycofbuilder,0.3651342948539347,1.0965825280443633
CN1C(=O)/C(=C2/C(=O)N(C)c3cc(-c4ccc(-c5ccc(C=O)cc5)cc4)sc32)c2sc(-c3ccc(-c4ccc(C=O)cc4)cc3)cc21,pb_TIDA_L2,CHO_phph,C2,C2,nonplanar,156.73198202734636,/home/tianyajun/MARL_for_COFs/cof_symmetry_pipeline/output/pycofbuilder/xyz/mol_001522.xyz,pycofbuilder,0.6225876391802204,1.4299000855011372
CN1C(=O)/C(=C2/C(=O)N(C)c3cc(N)sc32)c2sc(N)cc21,pb_TIDA_L2,NH2_direct,C2,C2,planar,13.914545681407134,/home/tianyajun/MARL_for_COFs/cof_symmetry_pipeline/output/pycofbuilder/xyz/mol_001523.xyz,pycofbuilder,0.3418633482137351,1.0478576159023891
CN1C(=O)/C(=C2/C(=O)N(C)c3cc(-c4ccc(N)cc4)sc32)c2sc(-c3ccc(N)cc3)cc21,pb_TIDA_L2,NH2_ph,C2,C2,nonplanar,61.16698175934332,/home/tianyajun/MARL_for_COFs/cof_symmetry_pipeline/output/pycofbuilder/xyz/mol_001524.xyz,pycofbuilder,0.7409946304986617,1.634252185949028
CN1C(=O)/C(=C2/C(=O)N(C)c3cc(-c4ccc(-c5ccc(N)cc5)cc4)sc32)c2sc(-c3ccc(-c4ccc(N)cc4)cc3)cc21,pb_TIDA_L2,NH2_phph,C2,C2,nonplanar,106.78781290835916,/home/tianyajun/MARL_for_COFs/cof_symmetry_pipeline/output/pycofbuilder/xyz/mol_001525.xyz,pycofbuilder,0.6370760284862433,1.417847610109517
CN1C(=O)/C(=C2/C(=O)N(C)c3cc(B(O)O)sc32)c2sc(B(O)O)cc21,pb_TIDA_L2,BOH2_direct,C2,C2,planar,174.0999011723581,/home/tianyajun/MARL_for_COFs/cof_symmetry_pipeline/output/pycofbuilder/xyz/mol_001526.xyz,pycofbuilder,0.4526354657993614,1.4595653457143243
C#Cc1ccc(-c2cc3c(s2)/C(=C2\C(=O)N(C)c4cc(-c5ccc(C#C)cc5)sc42)C(=O)N3C)cc1,pb_TIDA_L2,CCH_ph,C2,C2,nonplanar,80.8225359449147,/home/tianyajun/MARL_for_COFs/cof_symmetry_pipeline/output/pycofbuilder/xyz/mol_001528.xyz,pycofbuilder,0.7310678208443085,1.6923441422231056
C#Cc1ccc(-c2ccc(-c3cc4c(s3)/C(=C3\C(=O)N(C)c5cc(-c6ccc(-c7ccc(C#C)cc7)cc6)sc53)C(=O)N4C)cc2)cc1,pb_TIDA_L2,CCH_phph,C2,C2,nonplanar,125.99953787957163,/home/tianyajun/MARL_for_COFs/cof_symmetry_pipeline/output/pycofbuilder/xyz/mol_001529.xyz,pycofbuilder,0.632260549797629,1.3926064835274943
CN1C(=O)/C(=C2/C(=O)N(C)c3cc(C#N)sc32)c2sc(C#N)cc21,pb_TIDA_L2,CN_direct,C2,C2h,planar,52.22908556416874,/home/tianyajun/MARL_for_COFs/cof_symmetry_pipeline/output/pycofbuilder/xyz/mol_001530.xyz,pycofbuilder,0.32523822483196224,0.9715466212656951
CN1C(=O)/C(=C2/C(=O)N(C)c3cc(C(=O)O)sc32)c2sc(C(=O)O)cc21,pb_TIDA_L2,COOH_direct,C2,C2,planar,2.198615772661072,/home/tianyajun/MARL_for_COFs/cof_symmetry_pipeline/output/pycofbuilder/xyz/mol_001532.xyz,pycofbuilder,0.3385614626088831,1.0626128572641838
CN1C(=O)/C(=C2/C(=O)N(C)c3cc(-c4ccc(C(=O)O)cc4)sc32)c2sc(-c3ccc(C(=O)O)cc3)cc21,pb_TIDA_L2,COOH_ph,C2,C2,nonplanar,72.0392052460065,/home/tianyajun/MARL_for_COFs/cof_symmetry_pipeline/output/pycofbuilder/xyz/mol_001533.xyz,pycofbuilder,0.7393768697833167,1.7077048499840726
CN1C(=O)/C(=C2/C(=O)N(C)c3cc([N+](=O)[O-])sc32)c2sc([N+](=O)[O-])cc21,pb_TIDA_L2,NO2_direct,C2,C2,planar,78.08950435207241,/home/tianyajun/MARL_for_COFs/cof_symmetry_pipeline/output/pycofbuilder/xyz/mol_001534.xyz,pycofbuilder,0.3422836978060101,1.0534106397744523
CN1C(=O)/C(=C2/C(=O)N(C)c3cc(O)sc32)c2sc(O)cc21,pb_TIDA_L2,OH_direct,C2,C2h,planar,17.02057021300284,/home/tianyajun/MARL_for_COFs/cof_symmetry_pipeline/output/pycofbuilder/xyz/mol_001536.xyz,pycofbuilder,0.3160472111933,0.89393974451465
CN1C(=O)/C(=C2/C(=O)N(C)c3cc(-c4ccc(O)cc4)sc32)c2sc(-c3ccc(O)cc3)cc21,pb_TIDA_L2,OH_ph,C2,C2,nonplanar,59.22650741964023,/home/tianyajun/MARL_for_COFs/cof_symmetry_pipeline/output/pycofbuilder/xyz/mol_001537.xyz,pycofbuilder,0.7105972294831981,1.704168795454409
CN1C(=O)/C(=C2/C(=O)N(C)c3cc(S)sc32)c2sc(S)cc21,pb_TIDA_L2,SH_direct,C2,C2h,planar,28.596084879968267,/home/tianyajun/MARL_for_COFs/cof_symmetry_pipeline/output/pycofbuilder/xyz/mol_001538.xyz,pycofbuilder,0.3160396081669002,0.8940481755646732
CN1C(=O)/C(=C2/C(=O)N(C)c3cc(N=[N+]=[N-])sc32)c2sc(N=[N+]=[N-])cc21,pb_TIDA_L2,N3_direct,C2,C2,nonplanar,30.13138400143618,/home/tianyajun/MARL_for_COFs/cof_symmetry_pipeline/output/pycofbuilder/xyz/mol_001539.xyz,pycofbuilder,0.5630066185479701,1.6170238904139054
C#Cc1cc2c(s1)/C(=C1\C(=O)N(C)c3cc(C#C)sc31)C(=O)N2C,pb_TIDA_L2,ethynyl_direct,C2,C2,planar,36.24493926567119,/home/tianyajun/MARL_for_COFs/cof_symmetry_pipeline/output/pycofbuilder/xyz/mol_001541.xyz,pycofbuilder,0.32835090208323536,1.010941818367218
Cc1cc2c(s1)/C(=C1\C(=O)N(C)c3cc(C)sc31)C(=O)N2C,pb_TIDA_L2,methyl_direct,C2,C2,planar,42.02503487606373,/home/tianyajun/MARL_for_COFs/cof_symmetry_pipeline/output/pycofbuilder/xyz/mol_001542.xyz,pycofbuilder,0.433562416189039,1.0649184049230698
CN1C(=O)/C(=C2/C(=O)N(C)c3cc(N=C=S)sc32)c2sc(N=C=S)cc21,pb_TIDA_L2,NCS_direct,C2,C2,nonplanar,34.352615882953344,/home/tianyajun/MARL_for_COFs/cof_symmetry_pipeline/output/pycofbuilder/xyz/mol_001545.xyz,pycofbuilder,0.649566004726836,2.088827499253324
CN1C(=O)/C(=C2/C(=O)N(C)c3cc(C(F)(F)F)sc32)c2sc(C(F)(F)F)cc21,pb_TIDA_L2,CF3_direct,C2,C2h,planar,70.93123500151256,/home/tianyajun/MARL_for_COFs/cof_symmetry_pipeline/output/pycofbuilder/xyz/mol_001548.xyz,pycofbuilder,0.47713406388062546,1.2244098943573858
CN1C(=O)/C(=C2/C(=O)N(C)c3cc(-c4ccc(C(F)(F)F)cc4)sc32)c2sc(-c3ccc(C(F)(F)F)cc3)cc21,pb_TIDA_L2,CF3_ph,C2,C2,nonplanar,136.40098493817206,/home/tianyajun/MARL_for_COFs/cof_symmetry_pipeline/output/pycofbuilder/xyz/mol_001549.xyz,pycofbuilder,0.7747181775836555,1.7239327582696893
CN1C(=O)/C(=C2/C(=O)N(C)c3cc(Cl)sc32)c2sc(Cl)cc21,pb_TIDA_L2,Cl_direct,C2,C2h,planar,32.672632630404465,/home/tianyajun/MARL_for_COFs/cof_symmetry_pipeline/output/pycofbuilder/xyz/mol_001550.xyz,pycofbuilder,0.33695892835496316,0.9746766146789598
CN1C(=O)/C(=C2/C(=O)N(C)c3cc(-c4ccc(Cl)cc4)sc32)c2sc(-c3ccc(Cl)cc3)cc21,pb_TIDA_L2,Cl_ph,C2,C2,nonplanar,78.77241493379337,/home/tianyajun/MARL_for_COFs/cof_symmetry_pipeline/output/pycofbuilder/xyz/mol_001551.xyz,pycofbuilder,0.7305711837216908,1.7192591411664813
COC(=O)c1cc2c(s1)/C(=C1\C(=O)N(C)c3cc(C(=O)OC)sc31)C(=O)N2C,pb_TIDA_L2,COOMe_direct,C2,C2,planar,42.853425935727365,/home/tianyajun/MARL_for_COFs/cof_symmetry_pipeline/output/pycofbuilder/xyz/mol_001552.xyz,pycofbuilder,0.44095177894755,1.1977336634098865
COc1cc2c(s1)/C(=C1\C(=O)N(C)c3cc(OC)sc31)C(=O)N2C,pb_TIDA_L2,OMe_direct,C2,C2h,planar,43.52449607539156,/home/tianyajun/MARL_for_COFs/cof_symmetry_pipeline/output/pycofbuilder/xyz/mol_001554.xyz,pycofbuilder,0.41234059556153446,0.9038034418485563
CN1C(=O)/C(=C2/C(=O)N(C)c3cc(C(=O)Cl)sc32)c2sc(C(=O)Cl)cc21,pb_TIDA_L2,COCl_direct,C2,C2,planar,73.02964813875151,/home/tianyajun/MARL_for_COFs/cof_symmetry_pipeline/output/pycofbuilder/xyz/mol_001556.xyz,pycofbuilder,0.3550168274844181,1.0789715214438695
CC(=O)c1cc2c(s1)/C(=C1\C(=O)N(C)c3cc(C(C)=O)sc31)C(=O)N2C,pb_TIDA_L2,acetyl_direct,C2,C2,planar,68.2342229600234,/home/tianyajun/MARL_for_COFs/cof_symmetry_pipeline/output/pycofbuilder/xyz/mol_001557.xyz,pycofbuilder,0.45311531370932456,1.1433981650674925
CN1C(=O)/C(=C2/C(=O)N(C)c3cc(C#CC=O)sc32)c2sc(C#CC=O)cc21,pb_TIDA_L2,CCCHO_direct,C2,C2,planar,34.94589553770924,/home/tianyajun/MARL_for_COFs/cof_symmetry_pipeline/output/pycofbuilder/xyz/mol_001560.xyz,pycofbuilder,0.3159185403251502,1.0279149911508414
CN1C(=O)/C(=C2/C(=O)N(C)c3cc(C#CN)sc32)c2sc(C#CN)cc21,pb_TIDA_L2,CCNH2_direct,C2,C2,planar,32.81115755655582,/home/tianyajun/MARL_for_COFs/cof_symmetry_pipeline/output/pycofbuilder/xyz/mol_001561.xyz,pycofbuilder,0.42349165407400435,1.0899780993066548
CN1C(=O)/C(=C2/C(=O)N(C)c3cc(C#CC#N)sc32)c2sc(C#CC#N)cc21,pb_TIDA_L2,CCCN_direct,C2,C2,planar,35.889916509553025,/home/tianyajun/MARL_for_COFs/cof_symmetry_pipeline/output/pycofbuilder/xyz/mol_001562.xyz,pycofbuilder,0.31492899633638366,0.996925976984663
CN1C(=O)/C(=C2/C(=O)N(C)c3cc(C#CC(=O)O)sc32)c2sc(C#CC(=O)O)cc21,pb_TIDA_L2,CCCOOH_direct,C2,C2,planar,-28.62500512972913,/home/tianyajun/MARL_for_COFs/cof_symmetry_pipeline/output/pycofbuilder/xyz/mol_001563.xyz,pycofbuilder,0.3581824984238536,1.119245561080344
CN1C(=O)/C(=C2/C(=O)N(C)c3cc(C#C[N+](=O)[O-])sc32)c2sc(C#C[N+](=O)[O-])cc21,pb_TIDA_L2,CCNO2_direct,C2,C2,planar,36.50515182630836,/home/tianyajun/MARL_for_COFs/cof_symmetry_pipeline/output/pycofbuilder/xyz/mol_001564.xyz,pycofbuilder,0.36143342206460854,1.0527477825512541
CN1C(=O)/C(=C2/C(=O)N(C)c3cc(C#CO)sc32)c2sc(C#CO)cc21,pb_TIDA_L2,CCOH_direct,C2,C2h,planar,34.60933717874324,/home/tianyajun/MARL_for_COFs/cof_symmetry_pipeline/output/pycofbuilder/xyz/mol_001565.xyz,pycofbuilder,0.31447250242503627,0.9974758835919846
CN1C(=O)/C(=C2/C(=O)N(C)c3cc(C#CC(F)(F)F)sc32)c2sc(C#CC(F)(F)F)cc21,pb_TIDA_L2,CCCF3_direct,C2,C2,planar,38.07701446582355,/home/tianyajun/MARL_for_COFs/cof_symmetry_pipeline/output/pycofbuilder/xyz/mol_001566.xyz,pycofbuilder,0.46636020178139564,1.4295502114917693
CN1C(=O)/C(=C2/C(=O)N(C)c3cc(C#CN=C=O)sc32)c2sc(C#CN=C=O)cc21,pb_TIDA_L2,CCNCO_direct,C2,C2,nonplanar,29.582010122240483,/home/tianyajun/MARL_for_COFs/cof_symmetry_pipeline/output/pycofbuilder/xyz/mol_001567.xyz,pycofbuilder,0.5437222252043818,1.5979643292214165
CC(=O)C#Cc1cc2c(s1)/C(=C1\C(=O)N(C)c3cc(C#CC(C)=O)sc31)C(=O)N2C,pb_TIDA_L2,CCacetyl_direct,C2,C2,planar,38.434830602843945,/home/tianyajun/MARL_for_COFs/cof_symmetry_pipeline/output/pycofbuilder/xyz/mol_001568.xyz,pycofbuilder,0.39308576088458097,1.0057896316140913
CN1C(=O)/C(=C2/C(=O)N(C)c3cc(OC=O)sc32)c2sc(OC=O)cc21,pb_TIDA_L2,OCHO_direct,C2,C2h,planar,49.1788397663108,/home/tianyajun/MARL_for_COFs/cof_symmetry_pipeline/output/pycofbuilder/xyz/mol_001570.xyz,pycofbuilder,0.3017552572811561,0.9467447992843759
CN1C(=O)/C(=C2/C(=O)N(C)c3cc(OC#N)sc32)c2sc(OC#N)cc21,pb_TIDA_L2,OCN_direct,C2,C2,planar,48.64092889440643,/home/tianyajun/MARL_for_COFs/cof_symmetry_pipeline/output/pycofbuilder/xyz/mol_001571.xyz,pycofbuilder,0.36747267330167777,1.0854502124386465
CC(=O)Oc1cc2c(s1)/C(=C1\C(=O)N(C)c3cc(OC(C)=O)sc31)C(=O)N2C,pb_TIDA_L2,Oacetyl_direct,C2,C2h,planar,48.49409667624301,/home/tianyajun/MARL_for_COFs/cof_symmetry_pipeline/output/pycofbuilder/xyz/mol_001572.xyz,pycofbuilder,0.3969049444572665,1.0062708237379137
CN1C(=O)/C(=C2/C(=O)N(C)c3cc(NC=O)sc32)c2sc(NC=O)cc21,pb_TIDA_L2,NHCHO_direct,C2,C2,planar,16.527437363956793,/home/tianyajun/MARL_for_COFs/cof_symmetry_pipeline/output/pycofbuilder/xyz/mol_001573.xyz,pycofbuilder,0.4592492805674027,1.2629546243129186
CC(=O)Nc1cc2c(s1)/C(=C1\C(=O)N(C)c3cc(NC(C)=O)sc31)C(=O)N2C,pb_TIDA_L2,NHacetyl_direct,C2,C2,nonplanar,22.768848111288527,/home/tianyajun/MARL_for_COFs/cof_symmetry_pipeline/output/pycofbuilder/xyz/mol_001574.xyz,pycofbuilder,0.5760278052788537,1.5835210443881262
CN1C(=O)/C(=C2/C(=O)N(C)c3cc(NC#N)sc32)c2sc(NC#N)cc21,pb_TIDA_L2,NHCN_direct,C2,C2,nonplanar,-18.30425255899668,/home/tianyajun/MARL_for_COFs/cof_symmetry_pipeline/output/pycofbuilder/xyz/mol_001575.xyz,pycofbuilder,0.57103515556005,1.6217513615730272
CN1C(=O)/C(=C2/C(=O)N(C)c3cc(SC#N)sc32)c2sc(SC#N)cc21,pb_TIDA_L2,SCN_direct,C2,C2,nonplanar,36.72883217240904,/home/tianyajun/MARL_for_COFs/cof_symmetry_pipeline/output/pycofbuilder/xyz/mol_001577.xyz,pycofbuilder,0.6219198919795887,1.848523235715886
CN1C(=O)/C(=C2/C(=O)N(C)c3cc(Br)sc32)c2sc(Br)cc21,pb_TIDA_L2,Br_direct,C2,C2,planar,33.870828895185355,/home/tianyajun/MARL_for_COFs/cof_symmetry_pipeline/output/pycofbuilder/xyz/mol_001579.xyz,pycofbuilder,0.3367836774563142,0.9734726615669398
CN1C(=O)/C(=C2/C(=O)N(C)c3cc(I)sc32)c2sc(I)cc21,pb_TIDA_L2,I_direct,C2,C2,planar,34.56022496122554,/home/tianyajun/MARL_for_COFs/cof_symmetry_pipeline/output/pycofbuilder/xyz/mol_001580.xyz,pycofbuilder,0.3372207480438897,0.9744905247834135
CN1C(=O)/C(=C2/C(=O)N(C)c3cc([Si](C)(C)C)sc32)c2sc([Si](C)(C)C)cc21,pb_TIDA_L2,SiMe3_direct,C2,C2,nonplanar,48.11117113390559,/home/tianyajun/MARL_for_COFs/cof_symmetry_pipeline/output/pycofbuilder/xyz/mol_001581.xyz,pycofbuilder,1.0650783239719148,2.569143335680858
CN1C(=O)/C(=C2/C(=O)N(C)c3cc(S(=O)(=O)Cl)sc32)c2sc(S(=O)(=O)Cl)cc21,pb_TIDA_L2,SO2Cl_direct,C2,C2,nonplanar,78.36016427596577,/home/tianyajun/MARL_for_COFs/cof_symmetry_pipeline/output/pycofbuilder/xyz/mol_001584.xyz,pycofbuilder,0.575450535152155,1.6648334694203206
CN1C(=O)/C(=C2/C(=O)N(C)c3cc(P(=O)(Cl)Cl)sc32)c2sc(P(=O)(Cl)Cl)cc21,pb_TIDA_L2,POCl2_direct,C2,C2h,nonplanar,83.03433123229252,/home/tianyajun/MARL_for_COFs/cof_symmetry_pipeline/output/pycofbuilder/xyz/mol_001585.xyz,pycofbuilder,0.6080043134679052,1.5900563079621448
CN1C(=O)/C(=C2/C(=O)N(C)c3cc(-c4ccc(-c5ccc(C#N)cc5)cc4)sc32)c2sc(-c3ccc(-c4ccc(C#N)cc4)cc3)cc21,pb_TIDA_L2,CN_phph,C2,C2,nonplanar,153.53993260311307,/home/tianyajun/MARL_for_COFs/cof_symmetry_pipeline/output/pycofbuilder/xyz/mol_001587.xyz,pycofbuilder,0.6410708012536841,1.4319767272868564
CN1C(=O)/C(=C2/C(=O)N(C)c3cc(-c4ccc(-c5ccc(O)cc5)cc4)sc32)c2sc(-c3ccc(-c4ccc(O)cc4)cc3)cc21,pb_TIDA_L2,OH_phph,C2,C2,nonplanar,104.97128054519344,/home/tianyajun/MARL_for_COFs/cof_symmetry_pipeline/output/pycofbuilder/xyz/mol_001589.xyz,pycofbuilder,0.6351916043618973,1.4438748404605506
CN1C(=O)/C(=C2/C(=O)N(C)c3cc(CC#N)sc32)c2sc(CC#N)cc21,pb_TIDA_L2,PB_CHCN,C2,C2,nonplanar,63.833636275121954,/home/tianyajun/MARL_for_COFs/cof_symmetry_pipeline/output/pycofbuilder/xyz/mol_001590.xyz,pycofbuilder,0.7801862067632257,2.5121856187485347
CN1C(=O)/C(=C2/C(=O)N(C)c3cc(CNN)sc32)c2sc(CNN)cc21,pb_TIDA_L2,PB_NHNH2,C2,C2,nonplanar,146.19855495939154,/home/tianyajun/MARL_for_COFs/cof_symmetry_pipeline/output/pycofbuilder/xyz/mol_001591.xyz,pycofbuilder,0.7944892690439082,1.5904116852616859
CN1C(=O)/C(=C2/C(=O)N(C)c3cc(C(=O)CCO)sc32)c2sc(C(=O)CCO)cc21,pb_TIDA_L2,PB_COCHCHOH,C2,C2,nonplanar,57.28999368096467,/home/tianyajun/MARL_for_COFs/cof_symmetry_pipeline/output/pycofbuilder/xyz/mol_001592.xyz,pycofbuilder,0.8832206315223847,2.3109934067460327
CN1C(=O)/C(=C2/C(=O)N(C)c3cc(C(=O)NN)sc32)c2sc(C(=O)NN)cc21,pb_TIDA_L2,PB_CONHNH2,C2,C2,planar,143.6230849993886,/home/tianyajun/MARL_for_COFs/cof_symmetry_pipeline/output/pycofbuilder/xyz/mol_001593.xyz,pycofbuilder,0.36269827026510615,0.9337786883940683
CN1C(=O)/C(=C2/C(=O)N(C)c3cc(C([O])=O)sc32)c2sc(C([O])=O)cc21,pb_TIDA_L2,PB_COOH,C2,C2,planar,94.5815993578352,/home/tianyajun/MARL_for_COFs/cof_symmetry_pipeline/output/pycofbuilder/xyz/mol_001594.xyz,pycofbuilder,0.37628748904553305,1.1001222163421855
CN1C(=O)/C(=C2/C(=O)N(C)c3cc(NO)sc32)c2sc(NO)cc21,pb_TIDA_L2,PB_NHOH,C2,C2,planar,65.70403381012129,/home/tianyajun/MARL_for_COFs/cof_symmetry_pipeline/output/pycofbuilder/xyz/mol_001595.xyz,pycofbuilder,0.3623134667320452,1.0654331744156103
CCN1[C]N(CC)c2c(-c3ccc([N+](=O)[O-])cc3)ccc(-c3ccc([N+](=O)[O-])cc3)c21,pb_TIEN_L2,NO2_direct,C2,C2,nonplanar,195.36771399877728,/home/tianyajun/MARL_for_COFs/cof_symmetry_pipeline/output/pycofbuilder/xyz/mol_001610.xyz,pycofbuilder,1.4781070394970381,3.2201185635216305
CCN1[C]N(CC)c2c(-c3ccc(C#CC=O)cc3)ccc(-c3ccc(C#CC=O)cc3)c21,pb_TIEN_L2,CCCHO_direct,C2,C2,nonplanar,128.28788153820614,/home/tianyajun/MARL_for_COFs/cof_symmetry_pipeline/output/pycofbuilder/xyz/mol_001636.xyz,pycofbuilder,1.1139325559394126,2.20015048225415
CCN1[C]N(CC)c2c(-c3ccc(SC#N)cc3)ccc(-c3ccc(SC#N)cc3)c21,pb_TIEN_L2,SCN_direct,C2,C2,nonplanar,126.62906151830047,/home/tianyajun/MARL_for_COFs/cof_symmetry_pipeline/output/pycofbuilder/xyz/mol_001653.xyz,pycofbuilder,1.1174031704484741,2.369652202895753
O=Cc1ccc(-c2ccc(-c3ccc(-c4ccc(-c5ccc(-c6ccc(-c7ccc(C=O)cc7)cc6)cc5)cc4)cc3)cc2)cc1,pb_TPNY_L2,CHO_phph,C2,D2,nonplanar,181.1428464504637,/home/tianyajun/MARL_for_COFs/cof_symmetry_pipeline/output/pycofbuilder/xyz/mol_001748.xyz,pycofbuilder,1.06395998205159,2.1361565035170247
Nc1ccc(-c2ccc(-c3ccc(-c4ccc(-c5ccc(-c6ccc(-c7ccc(N)cc7)cc6)cc5)cc4)cc3)cc2)cc1,pb_TPNY_L2,NH2_phph,C2,D2,nonplanar,131.42619330972929,/home/tianyajun/MARL_for_COFs/cof_symmetry_pipeline/output/pycofbuilder/xyz/mol_001749.xyz,pycofbuilder,1.065601304317793,2.179601196851978
C=Cc1ccc(-c2ccc(-c3ccc(C=C)cc3)cc2)cc1,pb_TPNY_L2,vinyl_direct,C2,D2,nonplanar,72.54722350482945,/home/tianyajun/MARL_for_COFs/cof_symmetry_pipeline/output/pycofbuilder/xyz/mol_001753.xyz,pycofbuilder,0.9118717454493671,1.8192666268700233
O=C=Nc1ccc(-c2ccc(-c3ccc(N=C=O)cc3)cc2)cc1,pb_TPNY_L2,NCO_direct,C2,D2,nonplanar,47.98147306544996,/home/tianyajun/MARL_for_COFs/cof_symmetry_pipeline/output/pycofbuilder/xyz/mol_001755.xyz,pycofbuilder,0.9913445093889945,1.8556155459595276
S=C=Nc1ccc(-c2ccc(-c3ccc(N=C=S)cc3)cc2)cc1,pb_TPNY_L2,NCS_direct,C2,D2,nonplanar,51.58228025848864,/home/tianyajun/MARL_for_COFs/cof_symmetry_pipeline/output/pycofbuilder/xyz/mol_001756.xyz,pycofbuilder,1.0157321375136357,1.8743583301898914
O=P(O)(O)c1ccc(-c2ccc(-c3ccc(P(=O)(O)O)cc3)cc2)cc1,pb_TPNY_L2,PO3H2_direct,C2,D2,nonplanar,-174.36874541579635,/home/tianyajun/MARL_for_COFs/cof_symmetry_pipeline/output/pycofbuilder/xyz/mol_001758.xyz,pycofbuilder,0.9755495233546008,1.7289229105209025
Clc1ccc(-c2ccc(-c3ccc(-c4ccc(-c5ccc(Cl)cc5)cc4)cc3)cc2)cc1,pb_TPNY_L2,Cl_ph,C2,D2,nonplanar,103.32804878820671,/home/tianyajun/MARL_for_COFs/cof_symmetry_pipeline/output/pycofbuilder/xyz/mol_001760.xyz,pycofbuilder,0.9400380944238065,2.1550196297083035
COC(=O)c1ccc(-c2ccc(-c3ccc(C(=O)OC)cc3)cc2)cc1,pb_TPNY_L2,COOMe_direct,C2,D2,nonplanar,88.59679672061526,/home/tianyajun/MARL_for_COFs/cof_symmetry_pipeline/output/pycofbuilder/xyz/mol_001761.xyz,pycofbuilder,0.9804877650865383,2.027880205043364
O=C(Cl)c1ccc(-c2ccc(-c3ccc(C(=O)Cl)cc3)cc2)cc1,pb_TPNY_L2,COCl_direct,C2,D2,nonplanar,112.14505235015965,/home/tianyajun/MARL_for_COFs/cof_symmetry_pipeline/output/pycofbuilder/xyz/mol_001764.xyz,pycofbuilder,1.002496998157573,1.7702481948678366
NS(=O)(=O)c1ccc(-c2ccc(-c3ccc(S(N)(=O)=O)cc3)cc2)cc1,pb_TPNY_L2,SO2NH2_direct,C2,D2,nonplanar,-80.91111610538128,/home/tianyajun/MARL_for_COFs/cof_symmetry_pipeline/output/pycofbuilder/xyz/mol_001766.xyz,pycofbuilder,1.0415167752514052,1.899698337479687
O=CC#Cc1ccc(-c2ccc(-c3ccc(C#CC=O)cc3)cc2)cc1,pb_TPNY_L2,CCCHO_direct,C2,D2,nonplanar,64.28752982469582,/home/tianyajun/MARL_for_COFs/cof_symmetry_pipeline/output/pycofbuilder/xyz/mol_001767.xyz,pycofbuilder,0.9340303178459048,1.7551804346083126
NC#Cc1ccc(-c2ccc(-c3ccc(C#CN)cc3)cc2)cc1,pb_TPNY_L2,CCNH2_direct,C2,D2,nonplanar,51.62476340494269,/home/tianyajun/MARL_for_COFs/cof_symmetry_pipeline/output/pycofbuilder/xyz/mol_001768.xyz,pycofbuilder,0.9122352043181228,1.7764495428264997
N#CC#Cc1ccc(-c2ccc(-c3ccc(C#CC#N)cc3)cc2)cc1,pb_TPNY_L2,CCCN_direct,C2,C2h,nonplanar,64.51470427535445,/home/tianyajun/MARL_for_COFs/cof_symmetry_pipeline/output/pycofbuilder/xyz/mol_001769.xyz,pycofbuilder,0.5843743767760777,1.373677754973185
O=C(O)C#Cc1ccc(-c2ccc(-c3ccc(C#CC(=O)O)cc3)cc2)cc1,pb_TPNY_L2,CCCOOH_direct,C2,D2,nonplanar,0.5511982503799935,/home/tianyajun/MARL_for_COFs/cof_symmetry_pipeline/output/pycofbuilder/xyz/mol_001770.xyz,pycofbuilder,0.9311712458401268,1.8439752140108905
O=[N+]([O-])C#Cc1ccc(-c2ccc(-c3ccc(C#C[N+](=O)[O-])cc3)cc2)cc1,pb_TPNY_L2,CCNO2_direct,C2,C2h,nonplanar,69.10600831299593,/home/tianyajun/MARL_for_COFs/cof_symmetry_pipeline/output/pycofbuilder/xyz/mol_001771.xyz,pycofbuilder,0.5739184845862063,1.4062661480681566
OC#Cc1ccc(-c2ccc(-c3ccc(C#CO)cc3)cc2)cc1,pb_TPNY_L2,CCOH_direct,C2,D2,nonplanar,56.51490592108501,/home/tianyajun/MARL_for_COFs/cof_symmetry_pipeline/output/pycofbuilder/xyz/mol_001772.xyz,pycofbuilder,0.9221099836311096,1.7759826690277798
FC(F)(F)C#Cc1ccc(-c2ccc(-c3ccc(C#CC(F)(F)F)cc3)cc2)cc1,pb_TPNY_L2,CCCF3_direct,C2,D2,nonplanar,70.03263017375369,/home/tianyajun/MARL_for_COFs/cof_symmetry_pipeline/output/pycofbuilder/xyz/mol_001773.xyz,pycofbuilder,0.9339582880345216,1.7468639297311666
O=C=NC#Cc1ccc(-c2ccc(-c3ccc(C#CN=C=O)cc3)cc2)cc1,pb_TPNY_L2,CCNCO_direct,C2,D2,nonplanar,52.41759033169946,/home/tianyajun/MARL_for_COFs/cof_symmetry_pipeline/output/pycofbuilder/xyz/mol_001774.xyz,pycofbuilder,0.9782644295086325,1.870562827522398
O=COc1ccc(-c2ccc(-c3ccc(OC=O)cc3)cc2)cc1,pb_TPNY_L2,OCHO_direct,C2,C2,nonplanar,78.72896585909308,/home/tianyajun/MARL_for_COFs/cof_symmetry_pipeline/output/pycofbuilder/xyz/mol_001777.xyz,pycofbuilder,0.9322814718749606,1.8180701634324485
N#COc1ccc(-c2ccc(-c3ccc(OC#N)cc3)cc2)cc1,pb_TPNY_L2,OCN_direct,C2,D2,nonplanar,74.25284447313709,/home/tianyajun/MARL_for_COFs/cof_symmetry_pipeline/output/pycofbuilder/xyz/mol_001778.xyz,pycofbuilder,0.9953976514723176,1.9967326953431692
CC(=O)Oc1ccc(-c2ccc(-c3ccc(OC(C)=O)cc3)cc2)cc1,pb_TPNY_L2,Oacetyl_direct,C2,C2,nonplanar,77.69705834476369,/home/tianyajun/MARL_for_COFs/cof_symmetry_pipeline/output/pycofbuilder/xyz/mol_001779.xyz,pycofbuilder,0.913466475980634,1.8852223504076204
N#CNc1ccc(-c2ccc(-c3ccc(NC#N)cc3)cc2)cc1,pb_TPNY_L2,NHCN_direct,C2,C2,nonplanar,4.659651405377222,/home/tianyajun/MARL_for_COFs/cof_symmetry_pipeline/output/pycofbuilder/xyz/mol_001782.xyz,pycofbuilder,0.9393662119016287,1.7652520320886567
N#CSc1ccc(-c2ccc(-c3ccc(SC#N)cc3)cc2)cc1,pb_TPNY_L2,SCN_direct,C2,C2,nonplanar,62.81491934832701,/home/tianyajun/MARL_for_COFs/cof_symmetry_pipeline/output/pycofbuilder/xyz/mol_001784.xyz,pycofbuilder,1.0190731554038233,1.88612376050258
Brc1ccc(-c2ccc(-c3ccc(Br)cc3)cc2)cc1,pb_TPNY_L2,Br_direct,C2,D2,nonplanar,59.69895922825907,/home/tianyajun/MARL_for_COFs/cof_symmetry_pipeline/output/pycofbuilder/xyz/mol_001786.xyz,pycofbuilder,0.9987706514154678,1.7480809804309383
Ic1ccc(-c2ccc(-c3ccc(I)cc3)cc2)cc1,pb_TPNY_L2,I_direct,C2,C2h,nonplanar,61.29979220058364,/home/tianyajun/MARL_for_COFs/cof_symmetry_pipeline/output/pycofbuilder/xyz/mol_001787.xyz,pycofbuilder,0.6375469736096253,1.3758628516380658
C[Si](C)(C)c1ccc(-c2ccc(-c3ccc([Si](C)(C)C)cc3)cc2)cc1,pb_TPNY_L2,SiMe3_direct,C2,D2,nonplanar,76.5655320654152,/home/tianyajun/MARL_for_COFs/cof_symmetry_pipeline/output/pycofbuilder/xyz/mol_001788.xyz,pycofbuilder,1.2485145298392,2.4707382596690897
O=S(=O)(Cl)c1ccc(-c2ccc(-c3ccc(S(=O)(=O)Cl)cc3)cc2)cc1,pb_TPNY_L2,SO2Cl_direct,C2,D2,nonplanar,124.87976212122172,/home/tianyajun/MARL_for_COFs/cof_symmetry_pipeline/output/pycofbuilder/xyz/mol_001791.xyz,pycofbuilder,1.0181489505601,1.8108776489132157
O=P(Cl)(Cl)c1ccc(-c2ccc(-c3ccc(P(=O)(Cl)Cl)cc3)cc2)cc1,pb_TPNY_L2,POCl2_direct,C2,D2,nonplanar,129.35094667293453,/home/tianyajun/MARL_for_COFs/cof_symmetry_pipeline/output/pycofbuilder/xyz/mol_001792.xyz,pycofbuilder,1.0330010105992076,1.7955105897624972
O=C(O)c1ccc(-c2ccc(-c3ccc(-c4ccc(-c5ccc(-c6ccc(-c7ccc(C(=O)O)cc7)cc6)cc5)cc4)cc3)cc2)cc1,pb_TPNY_L2,COOH_phph,C2,D2,nonplanar,141.56690649125636,/home/tianyajun/MARL_for_COFs/cof_symmetry_pipeline/output/pycofbuilder/xyz/mol_001793.xyz,pycofbuilder,0.9360317258834547,1.8581137190635166
N#Cc1ccc(-c2ccc(-c3ccc(-c4ccc(-c5ccc(-c6ccc(-c7ccc(C#N)cc7)cc6)cc5)cc4)cc3)cc2)cc1,pb_TPNY_L2,CN_phph,C2,D2,nonplanar,178.07393518380547,/home/tianyajun/MARL_for_COFs/cof_symmetry_pipeline/output/pycofbuilder/xyz/mol_001794.xyz,pycofbuilder,1.0631049690075873,2.1216668669082193
O=[N+]([O-])c1ccc(-c2ccc(-c3ccc(-c4ccc(-c5ccc(-c6ccc(-c7ccc([N+](=O)[O-])cc7)cc6)cc5)cc4)cc3)cc2)cc1,pb_TPNY_L2,NO2_phph,C2,C2,nonplanar,218.0406962908397,/home/tianyajun/MARL_for_COFs/cof_symmetry_pipeline/output/pycofbuilder/xyz/mol_001795.xyz,pycofbuilder,0.9098552697150393,2.1225168279989224
N#CCc1ccc(-c2ccc(-c3ccc(CC#N)cc3)cc2)cc1,pb_TPNY_L2,PB_CHCN,C2,D2,nonplanar,95.88873458739216,/home/tianyajun/MARL_for_COFs/cof_symmetry_pipeline/output/pycofbuilder/xyz/mol_001797.xyz,pycofbuilder,0.9939589072035475,1.8343132970703966
NNCc1ccc(-c2ccc(-c3ccc(CNN)cc3)cc2)cc1,pb_TPNY_L2,PB_NHNH2,C2,D2,nonplanar,171.19321603818767,/home/tianyajun/MARL_for_COFs/cof_symmetry_pipeline/output/pycofbuilder/xyz/mol_001798.xyz,pycofbuilder,1.1362362017436605,2.2452910060751425
NNC(=O)c1ccc(-c2ccc(-c3ccc(C(=O)NN)cc3)cc2)cc1,pb_TPNY_L2,PB_CONHNH2,C2,D2,nonplanar,177.71666153144832,/home/tianyajun/MARL_for_COFs/cof_symmetry_pipeline/output/pycofbuilder/xyz/mol_001800.xyz,pycofbuilder,0.9178190249237718,1.8171749044530756
[O]C(=O)c1ccc(-c2ccc(-c3ccc(C([O])=O)cc3)cc2)cc1,pb_TPNY_L2,PB_COOH,C2,C2h,nonplanar,121.96947097294192,/home/tianyajun/MARL_for_COFs/cof_symmetry_pipeline/output/pycofbuilder/xyz/mol_001801.xyz,pycofbuilder,0.5920370320705525,1.3717808363179587
O=Cc1cc2sc(C=O)cc2s1,pb_TTPH_L2,CHO_direct,C2,C2h,planar,30.134484809199584,/home/tianyajun/MARL_for_COFs/cof_symmetry_pipeline/output/pycofbuilder/xyz/mol_001803.xyz,pycofbuilder,2.430093174846004e-06,4.47617232435249e-06
OB(O)c1cc2sc(B(O)O)cc2s1,pb_TTPH_L2,BOH2_direct,C2,C2,planar,79.39076741909201,/home/tianyajun/MARL_for_COFs/cof_symmetry_pipeline/output/pycofbuilder/xyz/mol_001809.xyz,pycofbuilder,0.381035769127234,0.7634045660690338
OB(O)c1ccc(-c2cc3sc(-c4ccc(B(O)O)cc4)cc3s2)cc1,pb_TTPH_L2,BOH2_ph,C2,C2,planar,110.80921703887292,/home/tianyajun/MARL_for_COFs/cof_symmetry_pipeline/output/pycofbuilder/xyz/mol_001810.xyz,pycofbuilder,0.4664030825627214,1.3383136233359862
N#Cc1cc2sc(C#N)cc2s1,pb_TTPH_L2,CN_direct,C2,C2h,planar,21.943990130953203,/home/tianyajun/MARL_for_COFs/cof_symmetry_pipeline/output/pycofbuilder/xyz/mol_001813.xyz,pycofbuilder,2.3661376515896226e-05,4.992922410229639e-05
O=[N+]([O-])c1cc2sc([N+](=O)[O-])cc2s1,pb_TTPH_L2,NO2_direct,C2,C2h,planar,47.72010564359263,/home/tianyajun/MARL_for_COFs/cof_symmetry_pipeline/output/pycofbuilder/xyz/mol_001817.xyz,pycofbuilder,6.417037124051661e-06,1.7144902257126837e-05
O=[N+]([O-])c1ccc(-c2cc3sc(-c4ccc([N+](=O)[O-])cc4)cc3s2)cc1,pb_TTPH_L2,NO2_ph,C2,C2h,planar,120.79290132090551,/home/tianyajun/MARL_for_COFs/cof_symmetry_pipeline/output/pycofbuilder/xyz/mol_001818.xyz,pycofbuilder,8.378788197166851e-05,0.00023824124023441584
Oc1ccc(-c2cc3sc(-c4ccc(O)cc4)cc3s2)cc1,pb_TTPH_L2,OH_ph,C2,C2,nonplanar,28.377044639066305,/home/tianyajun/MARL_for_COFs/cof_symmetry_pipeline/output/pycofbuilder/xyz/mol_001820.xyz,pycofbuilder,0.8997567690425001,1.643911137891258
[N-]=[N+]=Nc1cc2sc(N=[N+]=[N-])cc2s1,pb_TTPH_L2,N3_direct,C2,C2,nonplanar,-5.019935406564668,/home/tianyajun/MARL_for_COFs/cof_symmetry_pipeline/output/pycofbuilder/xyz/mol_001822.xyz,pycofbuilder,0.5375463388716911,1.2380372206607004
C#Cc1cc2sc(C#C)cc2s1,pb_TTPH_L2,ethynyl_direct,C2,C2h,planar,2.925830392207727,/home/tianyajun/MARL_for_COFs/cof_symmetry_pipeline/output/pycofbuilder/xyz/mol_001824.xyz,pycofbuilder,5.805674557453926e-06,1.1740175450136725e-05
Cc1cc2sc(C)cc2s1,pb_TTPH_L2,methyl_direct,C2,C2h,planar,13.99981728001966,/home/tianyajun/MARL_for_COFs/cof_symmetry_pipeline/output/pycofbuilder/xyz/mol_001825.xyz,pycofbuilder,0.4194521634586244,0.8897945880998945
O=C=Nc1cc2sc(N=C=O)cc2s1,pb_TTPH_L2,NCO_direct,C2,C2,nonplanar,-4.076802654950949,/home/tianyajun/MARL_for_COFs/cof_symmetry_pipeline/output/pycofbuilder/xyz/mol_001827.xyz,pycofbuilder,0.6349462012211351,1.4790338477227774
S=C=Nc1cc2sc(N=C=S)cc2s1,pb_TTPH_L2,NCS_direct,C2,C2,nonplanar,-0.5719092972318549,/home/tianyajun/MARL_for_COFs/cof_symmetry_pipeline/output/pycofbuilder/xyz/mol_001828.xyz,pycofbuilder,0.8833435741716059,2.1547112739824823
O=S(=O)(O)c1cc2sc(S(=O)(=O)O)cc2s1,pb_TTPH_L2,SO3H_direct,C2,C2,nonplanar,-60.86095199021875,/home/tianyajun/MARL_for_COFs/cof_symmetry_pipeline/output/pycofbuilder/xyz/mol_001829.xyz,pycofbuilder,0.7932309819893273,1.6755675286886849
FC(F)(F)c1cc2sc(C(F)(F)F)cc2s1,pb_TTPH_L2,CF3_direct,C2,C2h,nonplanar,46.46050707118873,/home/tianyajun/MARL_for_COFs/cof_symmetry_pipeline/output/pycofbuilder/xyz/mol_001831.xyz,pycofbuilder,0.5149779122716898,1.092436842454653
Clc1cc2sc(Cl)cc2s1,pb_TTPH_L2,Cl_direct,C2,C2h,planar,-3.269809841352874,/home/tianyajun/MARL_for_COFs/cof_symmetry_pipeline/output/pycofbuilder/xyz/mol_001833.xyz,pycofbuilder,3.0190303618629306e-07,6.948902374626087e-07
Clc1ccc(-c2cc3sc(-c4ccc(Cl)cc4)cc3s2)cc1,pb_TTPH_L2,Cl_ph,C2,C2h,planar,50.41734290148334,/home/tianyajun/MARL_for_COFs/cof_symmetry_pipeline/output/pycofbuilder/xyz/mol_001834.xyz,pycofbuilder,1.4467045338176238e-05,3.0009205740921807e-05
COC(=O)c1cc2sc(C(=O)OC)cc2s1,pb_TTPH_L2,COOMe_direct,C2,C2h,planar,13.885976022112946,/home/tianyajun/MARL_for_COFs/cof_symmetry_pipeline/output/pycofbuilder/xyz/mol_001835.xyz,pycofbuilder,0.367895674626819,0.9011581932584516
NC(=O)c1cc2sc(C(N)=O)cc2s1,pb_TTPH_L2,CONH2_direct,C2,C2,planar,-44.30745767691485,/home/tianyajun/MARL_for_COFs/cof_symmetry_pipeline/output/pycofbuilder/xyz/mol_001836.xyz,pycofbuilder,0.16520700274510064,0.38341530123258893
O=C(Cl)c1cc2sc(C(=O)Cl)cc2s1,pb_TTPH_L2,COCl_direct,C2,C2h,planar,45.1391208377604,/home/tianyajun/MARL_for_COFs/cof_symmetry_pipeline/output/pycofbuilder/xyz/mol_001839.xyz,pycofbuilder,1.059212865861561e-06,2.841309360901434e-06
CC(=O)c1cc2sc(C(C)=O)cc2s1,pb_TTPH_L2,acetyl_direct,C2,C2h,planar,38.016482317408,/home/tianyajun/MARL_for_COFs/cof_symmetry_pipeline/output/pycofbuilder/xyz/mol_001840.xyz,pycofbuilder,0.3829642734866544,0.8982008066314163
O=CC#Cc1cc2sc(C#CC=O)cc2s1,pb_TTPH_L2,CCCHO_direct,C2,C2h,planar,2.4935114861613537,/home/tianyajun/MARL_for_COFs/cof_symmetry_pipeline/output/pycofbuilder/xyz/mol_001843.xyz,pycofbuilder,1.6691519174114747e-05,4.139707030104134e-05
NC#Cc1cc2sc(C#CN)cc2s1,pb_TTPH_L2,CCNH2_direct,C2,C2h,planar,0.2776740715658059,/home/tianyajun/MARL_for_COFs/cof_symmetry_pipeline/output/pycofbuilder/xyz/mol_001844.xyz,pycofbuilder,0.3681027243438216,0.8231097849884719
N#CC#Cc1cc2sc(C#CC#N)cc2s1,pb_TTPH_L2,CCCN_direct,C2,C2h,planar,3.2296844573415697,/home/tianyajun/MARL_for_COFs/cof_symmetry_pipeline/output/pycofbuilder/xyz/mol_001845.xyz,pycofbuilder,4.928686436078956e-07,7.374817629773878e-07
O=C(O)C#Cc1cc2sc(C#CC(=O)O)cc2s1,pb_TTPH_L2,CCCOOH_direct,C2,C2h,planar,-61.67706165729292,/home/tianyajun/MARL_for_COFs/cof_symmetry_pipeline/output/pycofbuilder/xyz/mol_001846.xyz,pycofbuilder,0.00011446006197326922,0.0003121003177564141
O=[N+]([O-])C#Cc1cc2sc(C#C[N+](=O)[O-])cc2s1,pb_TTPH_L2,CCNO2_direct,C2,C2h,planar,3.997714485678106,/home/tianyajun/MARL_for_COFs/cof_symmetry_pipeline/output/pycofbuilder/xyz/mol_001847.xyz,pycofbuilder,1.0384170076793629e-05,2.675182102196416e-05
OC#Cc1cc2sc(C#CO)cc2s1,pb_TTPH_L2,CCOH_direct,C2,C2h,planar,2.149080978039982,/home/tianyajun/MARL_for_COFs/cof_symmetry_pipeline/output/pycofbuilder/xyz/mol_001848.xyz,pycofbuilder,1.7770214539875876e-06,5.256693421440417e-06
FC(F)(F)C#Cc1cc2sc(C#CC(F)(F)F)cc2s1,pb_TTPH_L2,CCCF3_direct,C2,C2h,planar,4.874885754615089,/home/tianyajun/MARL_for_COFs/cof_symmetry_pipeline/output/pycofbuilder/xyz/mol_001849.xyz,pycofbuilder,0.466412172590052,1.093849886117102
O=C=NC#Cc1cc2sc(C#CN=C=O)cc2s1,pb_TTPH_L2,CCNCO_direct,C2,C2h,planar,-3.05696547834248,/home/tianyajun/MARL_for_COFs/cof_symmetry_pipeline/output/pycofbuilder/xyz/mol_001850.xyz,pycofbuilder,0.02943004078042096,0.094061983551121
CC(=O)C#Cc1cc2sc(C#CC(C)=O)cc2s1,pb_TTPH_L2,CCacetyl_direct,C2,C2h,planar,6.006917678831121,/home/tianyajun/MARL_for_COFs/cof_symmetry_pipeline/output/pycofbuilder/xyz/mol_001851.xyz,pycofbuilder,0.3513502329632214,0.8957896119439477
COC(=O)C#Cc1cc2sc(C#CC(=O)OC)cc2s1,pb_TTPH_L2,CCCOOMe_direct,C2,C2h,planar,-20.530233853765207,/home/tianyajun/MARL_for_COFs/cof_symmetry_pipeline/output/pycofbuilder/xyz/mol_001852.xyz,pycofbuilder,0.343914735804244,0.9327614620861508
O=COc1cc2sc(OC=O)cc2s1,pb_TTPH_L2,OCHO_direct,C2,C2h,planar,17.538889504796288,/home/tianyajun/MARL_for_COFs/cof_symmetry_pipeline/output/pycofbuilder/xyz/mol_001853.xyz,pycofbuilder,6.387503315881499e-06,1.610350819112455e-05
N#COc1cc2sc(OC#N)cc2s1,pb_TTPH_L2,OCN_direct,C2,C2h,planar,16.26462084287182,/home/tianyajun/MARL_for_COFs/cof_symmetry_pipeline/output/pycofbuilder/xyz/mol_001854.xyz,pycofbuilder,3.1608843520864597e-06,6.603499189128392e-06
CC(=O)Oc1cc2sc(OC(C)=O)cc2s1,pb_TTPH_L2,Oacetyl_direct,C2,C2h,planar,16.88372536051434,/home/tianyajun/MARL_for_COFs/cof_symmetry_pipeline/output/pycofbuilder/xyz/mol_001855.xyz,pycofbuilder,0.366978931962434,0.8990111225058375
O=CNc1cc2sc(NC=O)cc2s1,pb_TTPH_L2,NHCHO_direct,C2,C2h,planar,-21.417791033092577,/home/tianyajun/MARL_for_COFs/cof_symmetry_pipeline/output/pycofbuilder/xyz/mol_001856.xyz,pycofbuilder,3.663779814023439e-06,9.692258063243031e-06
N#CNc1cc2sc(NC#N)cc2s1,pb_TTPH_L2,NHCN_direct,C2,C2,nonplanar,-60.17120517858582,/home/tianyajun/MARL_for_COFs/cof_symmetry_pipeline/output/pycofbuilder/xyz/mol_001858.xyz,pycofbuilder,0.5068904553327208,1.2440609131228904
Brc1cc2sc(Br)cc2s1,pb_TTPH_L2,Br_direct,C2,C2h,planar,-0.4912989937800462,/home/tianyajun/MARL_for_COFs/cof_symmetry_pipeline/output/pycofbuilder/xyz/mol_001862.xyz,pycofbuilder,5.71815209408388e-06,1.324317689510579e-05
Ic1cc2sc(I)cc2s1,pb_TTPH_L2,I_direct,C2,C2h,planar,0.8797202369683532,/home/tianyajun/MARL_for_COFs/cof_symmetry_pipeline/output/pycofbuilder/xyz/mol_001863.xyz,pycofbuilder,2.6188078449483443e-06,4.11009023537634e-06
C[Si](C)(C)c1cc2sc([Si](C)(C)C)cc2s1,pb_TTPH_L2,SiMe3_direct,C2,C2h,nonplanar,23.6501559403222,/home/tianyajun/MARL_for_COFs/cof_symmetry_pipeline/output/pycofbuilder/xyz/mol_001864.xyz,pycofbuilder,1.2568345699078636,2.4362617173799967
[CH3][Sn]([CH3])([CH3])[c]1cc2s[c]([Sn]([CH3])([CH3])[CH3])cc2s1,pb_TTPH_L2,SnMe3_direct,C2,C2,nonplanar,75.24999030623576,/home/tianyajun/MARL_for_COFs/cof_symmetry_pipeline/output/pycofbuilder/xyz/mol_001865.xyz,pycofbuilder,1.3757923926161513,2.6029251982690353
O=C(O)c1ccc(-c2ccc(-c3cc4sc(-c5ccc(-c6ccc(C(=O)O)cc6)cc5)cc4s3)cc2)cc1,pb_TTPH_L2,COOH_phph,C2,C2,nonplanar,85.92777933888323,/home/tianyajun/MARL_for_COFs/cof_symmetry_pipeline/output/pycofbuilder/xyz/mol_001869.xyz,pycofbuilder,0.6879064924614819,1.6579884820068287
N#Cc1ccc(-c2ccc(-c3cc4sc(-c5ccc(-c6ccc(C#N)cc6)cc5)cc4s3)cc2)cc1,pb_TTPH_L2,CN_phph,C2,C2,nonplanar,122.49802823282698,/home/tianyajun/MARL_for_COFs/cof_symmetry_pipeline/output/pycofbuilder/xyz/mol_001870.xyz,pycofbuilder,0.7185046597512554,1.6652303354857494
N#CCc1cc2sc(CC#N)cc2s1,pb_TTPH_L2,PB_CHCN,C2,C2,nonplanar,38.32183798128336,/home/tianyajun/MARL_for_COFs/cof_symmetry_pipeline/output/pycofbuilder/xyz/mol_001873.xyz,pycofbuilder,0.8755520048522104,2.166225893917061
NNCc1cc2sc(CNN)cc2s1,pb_TTPH_L2,PB_NHNH2,C2,C2,nonplanar,119.56596245655554,/home/tianyajun/MARL_for_COFs/cof_symmetry_pipeline/output/pycofbuilder/xyz/mol_001874.xyz,pycofbuilder,1.0493752428188725,1.9703304307021314
[O]C(=O)c1cc2sc(C([O])=O)cc2s1,pb_TTPH_L2,PB_COOH,C2,C2h,planar,76.65791825736764,/home/tianyajun/MARL_for_COFs/cof_symmetry_pipeline/output/pycofbuilder/xyz/mol_001877.xyz,pycofbuilder,3.50851539550749e-07,7.987739878423383e-07
O=Cc1cc(C=O)cc(C=O)c1,pb_BENZ_T3,CHO_direct,C3,C3h,planar,37.51768273159719,/home/tianyajun/MARL_for_COFs/cof_symmetry_pipeline/output/pycofbuilder/xyz/mol_001879.xyz,pycofbuilder,1.058601396368696e-06,2.3807141812937083e-06
N#Cc1cc(C#N)cc(C#N)c1,pb_BENZ_T3,CN_direct,C3,D3h,planar,38.6032200095558,/home/tianyajun/MARL_for_COFs/cof_symmetry_pipeline/output/pycofbuilder/xyz/mol_001889.xyz,pycofbuilder,2.292762727137964e-06,4.763387248751805e-06
O=[N+]([O-])c1cc([N+](=O)[O-])cc([N+](=O)[O-])c1,pb_BENZ_T3,NO2_direct,C3,D3h,planar,77.0875573981966,/home/tianyajun/MARL_for_COFs/cof_symmetry_pipeline/output/pycofbuilder/xyz/mol_001893.xyz,pycofbuilder,8.855286921335977e-06,1.8839774433399015e-05
O=[N+]([O-])c1ccc(-c2cc(-c3ccc([N+](=O)[O-])cc3)cc(-c3ccc([N+](=O)[O-])cc3)c2)cc1,pb_BENZ_T3,NO2_ph,C3,D3,nonplanar,179.83577836487876,/home/tianyajun/MARL_for_COFs/cof_symmetry_pipeline/output/xyz/mol_000748_s0251.xyz,pycofbuilder,1.0577700888206416,1.7653643638200969
C#Cc1cc(C#C)cc(C#C)c1,pb_BENZ_T3,ethynyl_direct,C3,D3h,planar,5.24519798440416,/home/tianyajun/MARL_for_COFs/cof_symmetry_pipeline/output/pycofbuilder/xyz/mol_001900.xyz,pycofbuilder,6.512275308684987e-06,1.2123649602013842e-05
O=C=Nc1cc(N=C=O)cc(N=C=O)c1,pb_BENZ_T3,NCO_direct,C3,C3v,nonplanar,-9.11015093306115,/home/tianyajun/MARL_for_COFs/cof_symmetry_pipeline/output/pycofbuilder/xyz/mol_001903.xyz,pycofbuilder,0.8053748183505283,1.5868785676750359
S=C=Nc1cc(N=C=S)cc(N=C=S)c1,pb_BENZ_T3,NCS_direct,C3,C3v,nonplanar,-4.652848151041976,/home/tianyajun/MARL_for_COFs/cof_symmetry_pipeline/output/pycofbuilder/xyz/mol_001904.xyz,pycofbuilder,1.00025572105017,2.0651946061638324
Clc1cc(Cl)cc(Cl)c1,pb_BENZ_T3,Cl_direct,C3,D3h,planar,-7.758436345597896,/home/tianyajun/MARL_for_COFs/cof_symmetry_pipeline/output/pycofbuilder/xyz/mol_001909.xyz,pycofbuilder,3.052521292160322e-06,6.831930327466651e-06
NC#Cc1cc(C#CN)cc(C#CN)c1,pb_BENZ_T3,CCNH2_direct,C3,C3h,planar,-7.817425760486884,/home/tianyajun/MARL_for_COFs/cof_symmetry_pipeline/output/xyz/mol_000837_s0383.xyz,pycofbuilder,0.41171340433542697,0.8234779158159287
CC(=O)Oc1cc(OC(C)=O)cc(OC(C)=O)c1,pb_BENZ_T3,Oacetyl_direct,C3,C3,nonplanar,35.18874301981323,/home/tianyajun/MARL_for_COFs/cof_symmetry_pipeline/output/xyz/mol_002400.xyz,pycofbuilder,0.6419825314485569,1.2112637023914725
O=CNc1cc(NC=O)cc(NC=O)c1,pb_BENZ_T3,NHCHO_direct,C3,C3h,planar,-48.16658875849441,/home/tianyajun/MARL_for_COFs/cof_symmetry_pipeline/output/pycofbuilder/xyz/mol_001932.xyz,pycofbuilder,3.9248143145089695e-06,8.481227903978095e-06
CS(=O)(=O)Nc1cc(NS(C)(=O)=O)cc(NS(C)(=O)=O)c1,pb_BENZ_T3,NHSO2_direct,C3,C3,nonplanar,-147.12518656300438,/home/tianyajun/MARL_for_COFs/cof_symmetry_pipeline/output/pycofbuilder/xyz/mol_001935.xyz,pycofbuilder,1.2228148655295925,2.082404707494869
Brc1cc(Br)cc(Br)c1,pb_BENZ_T3,Br_direct,C3,D3h,planar,1.4296021613928656,/home/tianyajun/MARL_for_COFs/cof_symmetry_pipeline/output/pycofbuilder/xyz/mol_001938.xyz,pycofbuilder,1.7679085310575002e-06,3.826543258422799e-06
Ic1cc(I)cc(I)c1,pb_BENZ_T3,I_direct,C3,D3h,planar,6.373787708278571,/home/tianyajun/MARL_for_COFs/cof_symmetry_pipeline/output/pycofbuilder/xyz/mol_001939.xyz,pycofbuilder,6.346128744000046e-06,1.3721526444798737e-05
O=P(Cl)(Cl)c1cc(P(=O)(Cl)Cl)cc(P(=O)(Cl)Cl)c1,pb_BENZ_T3,POCl2_direct,C3,C3h,nonplanar,122.14115417226584,/home/tianyajun/MARL_for_COFs/cof_symmetry_pipeline/output/pycofbuilder/xyz/mol_001944.xyz,pycofbuilder,0.8449738170375823,1.5808405632811722
[O]C(=O)c1cc(C([O])=O)cc(C([O])=O)c1,pb_BENZ_T3,PB_COOH,C3,D3h,planar,226.654264739334,/home/tianyajun/MARL_for_COFs/cof_symmetry_pipeline/output/pycofbuilder/xyz/mol_001953.xyz,pycofbuilder,1.606984377908526e-05,3.776487238538184e-05
N#CN1BN(C#N)BN(C#N)B1,pb_BRZN_T3,CN_direct,C3,D3h,planar,1.47996468949444,/home/tianyajun/MARL_for_COFs/cof_symmetry_pipeline/output/pycofbuilder/xyz/mol_001963.xyz,pycofbuilder,2.368404641832062e-06,5.26353700125437e-06
O=C(O)N1BN(C(=O)O)BN(C(=O)O)B1,pb_BRZN_T3,COOH_direct,C3,C3h,planar,13.29979666449363,/home/tianyajun/MARL_for_COFs/cof_symmetry_pipeline/output/pycofbuilder/xyz/mol_001965.xyz,pycofbuilder,1.4020591026373814e-05,3.141170578202512e-05
C#CN1BN(C#C)BN(C#C)B1,pb_BRZN_T3,ethynyl_direct,C3,D3h,planar,0.98920985171975,/home/tianyajun/MARL_for_COFs/cof_symmetry_pipeline/output/pycofbuilder/xyz/mol_001970.xyz,pycofbuilder,2.494560042628822e-05,5.2637083476525515e-05
CN1BN(C)BN(C)B1,pb_BRZN_T3,methyl_direct,C3,C3v,nonplanar,20.389654692077897,/home/tianyajun/MARL_for_COFs/cof_symmetry_pipeline/output/pycofbuilder/xyz/mol_001971.xyz,pycofbuilder,0.9286049634457099,1.3017153053549708
O=C=NN1BN(N=C=O)BN(N=C=O)B1,pb_BRZN_T3,NCO_direct,C3,C3h,planar,14.292821896985068,/home/tianyajun/MARL_for_COFs/cof_symmetry_pipeline/output/pycofbuilder/xyz/mol_001973.xyz,pycofbuilder,3.802757535576683e-05,0.00010473183728168522
CC(=O)N1BN(C(C)=O)BN(C(C)=O)B1,pb_BRZN_T3,acetyl_direct,C3,C3h,planar,21.484428827718386,/home/tianyajun/MARL_for_COFs/cof_symmetry_pipeline/output/pycofbuilder/xyz/mol_001983.xyz,pycofbuilder,0.42890079333890735,0.9337036333326194
N#CC#CN1BN(C#CC#N)BN(C#CC#N)B1,pb_BRZN_T3,CCCN_direct,C3,D3h,planar,0.1180124174456202,/home/tianyajun/MARL_for_COFs/cof_symmetry_pipeline/output/pycofbuilder/xyz/mol_001987.xyz,pycofbuilder,2.502324575569175e-06,6.860675811792838e-06
O=Cc1cc2c(s1)c1cc(C=O)sc1c1cc(C=O)sc21,pb_BTTP_T3,CHO_direct,C3,C3h,planar,90.7031128532388,/home/tianyajun/MARL_for_COFs/cof_symmetry_pipeline/output/pycofbuilder/xyz/mol_002016.xyz,pycofbuilder,7.070474852266374e-06,1.3643513540273489e-05
Nc1ccc(-c2ccc(-c3cc4c(s3)c3cc(-c5ccc(-c6ccc(N)cc6)cc5)sc3c3cc(-c5ccc(-c6ccc(N)cc6)cc5)sc43)cc2)cc1,pb_BTTP_T3,NH2_phph,C3,C3,nonplanar,162.68754787725527,/home/tianyajun/MARL_for_COFs/cof_symmetry_pipeline/output/pycofbuilder/xyz/mol_002021.xyz,pycofbuilder,0.6316602949010368,1.3614745886121202
OB(O)c1ccc(-c2cc3c(s2)c2cc(-c4ccc(B(O)O)cc4)sc2c2cc(-c4ccc(B(O)O)cc4)sc32)cc1,pb_BTTP_T3,BOH2_ph,C3,C3,planar,165.9804799178169,/home/tianyajun/MARL_for_COFs/cof_symmetry_pipeline/output/pycofbuilder/xyz/mol_002023.xyz,pycofbuilder,0.36037888036422694,1.249215546253968
C#Cc1ccc(-c2cc3c(s2)c2cc(-c4ccc(C#C)cc4)sc2c2cc(-c4ccc(C#C)cc4)sc32)cc1,pb_BTTP_T3,CCH_ph,C3,C3h,planar,127.02148885466733,/home/tianyajun/MARL_for_COFs/cof_symmetry_pipeline/output/pycofbuilder/xyz/mol_002024.xyz,pycofbuilder,0.0007171221050636738,0.0017713613539838136
N#Cc1cc2c(s1)c1cc(C#N)sc1c1cc(C#N)sc21,pb_BTTP_T3,CN_direct,C3,C3h,planar,80.75789932679962,/home/tianyajun/MARL_for_COFs/cof_symmetry_pipeline/output/pycofbuilder/xyz/mol_002026.xyz,pycofbuilder,1.0819979637640335e-05,2.557208560616253e-05
O=[N+]([O-])c1cc2c(s1)c1cc([N+](=O)[O-])sc1c1cc([N+](=O)[O-])sc21,pb_BTTP_T3,NO2_direct,C3,C3h,planar,118.69439021033426,/home/tianyajun/MARL_for_COFs/cof_symmetry_pipeline/output/pycofbuilder/xyz/mol_002030.xyz,pycofbuilder,6.80430414428067e-06,1.667386624915057e-05
O=[N+]([O-])c1ccc(-c2cc3c(s2)c2cc(-c4ccc([N+](=O)[O-])cc4)sc2c2cc(-c4ccc([N+](=O)[O-])cc4)sc32)cc1,pb_BTTP_T3,NO2_ph,C3,C3h,planar,229.8682409895676,/home/tianyajun/MARL_for_COFs/cof_symmetry_pipeline/output/pycofbuilder/xyz/mol_002031.xyz,pycofbuilder,0.00012432881647438094,0.0003438085206326491
Oc1cc2c(s1)c1cc(O)sc1c1cc(O)sc21,pb_BTTP_T3,OH_direct,C3,C3h,planar,35.88705400732165,/home/tianyajun/MARL_for_COFs/cof_symmetry_pipeline/output/pycofbuilder/xyz/mol_002032.xyz,pycofbuilder,5.074053978070696e-06,1.223042406861552e-05
[N-]=[N+]=Nc1cc2c(s1)c1cc(N=[N+]=[N-])sc1c1cc(N=[N+]=[N-])sc21,pb_BTTP_T3,N3_direct,C3,C3,planar,42.70988217882047,/home/tianyajun/MARL_for_COFs/cof_symmetry_pipeline/output/pycofbuilder/xyz/mol_002035.xyz,pycofbuilder,0.30388839462612044,0.7518196754593649
C#Cc1cc2c(s1)c1cc(C#C)sc1c1cc(C#C)sc21,pb_BTTP_T3,ethynyl_direct,C3,C3h,planar,54.84255855626101,/home/tianyajun/MARL_for_COFs/cof_symmetry_pipeline/output/pycofbuilder/xyz/mol_002037.xyz,pycofbuilder,0.00012970755825590874,0.0002774998775665338
Cc1cc2c(s1)c1cc(C)sc1c1cc(C)sc21,pb_BTTP_T3,methyl_direct,C3,C3h,planar,68.2883651029658,/home/tianyajun/MARL_for_COFs/cof_symmetry_pipeline/output/pycofbuilder/xyz/mol_002038.xyz,pycofbuilder,0.3978412292859886,0.8896135269060305
S=C=Nc1cc2c(s1)c1cc(N=C=S)sc1c1cc(N=C=S)sc21,pb_BTTP_T3,NCS_direct,C3,C3,nonplanar,49.65598386838472,/home/tianyajun/MARL_for_COFs/cof_symmetry_pipeline/output/pycofbuilder/xyz/mol_002041.xyz,pycofbuilder,0.777534645183078,2.0328145208261215
FC(F)(F)c1cc2c(s1)c1cc(C(F)(F)F)sc1c1cc(C(F)(F)F)sc21,pb_BTTP_T3,CF3_direct,C3,C3h,planar,112.86742433228537,/home/tianyajun/MARL_for_COFs/cof_symmetry_pipeline/output/pycofbuilder/xyz/mol_002044.xyz,pycofbuilder,0.48839748125462895,1.092165704635715
Clc1cc2c(s1)c1cc(Cl)sc1c1cc(Cl)sc21,pb_BTTP_T3,Cl_direct,C3,C3h,planar,47.428987699127966,/home/tianyajun/MARL_for_COFs/cof_symmetry_pipeline/output/pycofbuilder/xyz/mol_002046.xyz,pycofbuilder,9.916156939578127e-06,2.4210485448927788e-05
Clc1ccc(-c2cc3c(s2)c2cc(-c4ccc(Cl)cc4)sc2c2cc(-c4ccc(Cl)cc4)sc32)cc1,pb_BTTP_T3,Cl_ph,C3,C3h,planar,124.16473661993884,/home/tianyajun/MARL_for_COFs/cof_symmetry_pipeline/output/pycofbuilder/xyz/mol_002047.xyz,pycofbuilder,0.00011525167271066572,0.0002783723693224882
O=C(Cl)c1cc2c(s1)c1cc(C(=O)Cl)sc1c1cc(C(=O)Cl)sc21,pb_BTTP_T3,COCl_direct,C3,C3h,planar,111.94489580763428,/home/tianyajun/MARL_for_COFs/cof_symmetry_pipeline/output/pycofbuilder/xyz/mol_002052.xyz,pycofbuilder,4.164385874535144e-06,1.1760658474413432e-05
CC(=O)c1cc2c(s1)c1cc(C(C)=O)sc1c1cc(C(C)=O)sc21,pb_BTTP_T3,acetyl_direct,C3,C3h,planar,101.90761489537496,/home/tianyajun/MARL_for_COFs/cof_symmetry_pipeline/output/pycofbuilder/xyz/mol_002053.xyz,pycofbuilder,0.36660091440566805,0.8981155926854754
NC#Cc1cc2c(s1)c1cc(C#CN)sc1c1cc(C#CN)sc21,pb_BTTP_T3,CCNH2_direct,C3,C3h,planar,50.30674940279,/home/tianyajun/MARL_for_COFs/cof_symmetry_pipeline/output/pycofbuilder/xyz/mol_002057.xyz,pycofbuilder,0.3510238135405048,0.8240378609095033
N#CC#Cc1cc2c(s1)c1cc(C#CC#N)sc1c1cc(C#CC#N)sc21,pb_BTTP_T3,CCCN_direct,C3,C3h,planar,55.019234488640855,/home/tianyajun/MARL_for_COFs/cof_symmetry_pipeline/output/pycofbuilder/xyz/mol_002058.xyz,pycofbuilder,1.4189386927707598e-06,3.359373132116872e-06
OC#Cc1cc2c(s1)c1cc(C#CO)sc1c1cc(C#CO)sc21,pb_BTTP_T3,CCOH_direct,C3,C3h,planar,53.20957719958741,/home/tianyajun/MARL_for_COFs/cof_symmetry_pipeline/output/pycofbuilder/xyz/mol_002061.xyz,pycofbuilder,0.00017829140546312956,0.0007024274200064795
FC(F)(F)C#Cc1cc2c(s1)c1cc(C#CC(F)(F)F)sc1c1cc(C#CC(F)(F)F)sc21,pb_BTTP_T3,CCCF3_direct,C3,C3,planar,57.90068205856935,/home/tianyajun/MARL_for_COFs/cof_symmetry_pipeline/output/pycofbuilder/xyz/mol_002062.xyz,pycofbuilder,0.4465329637311632,1.2098012636599194
O=COc1cc2c(s1)c1cc(OC=O)sc1c1cc(OC=O)sc21,pb_BTTP_T3,OCHO_direct,C3,C3h,planar,75.35602859316683,/home/tianyajun/MARL_for_COFs/cof_symmetry_pipeline/output/pycofbuilder/xyz/mol_002066.xyz,pycofbuilder,0.00029262596970163385,0.0011178799089283098
N#COc1cc2c(s1)c1cc(OC#N)sc1c1cc(OC#N)sc21,pb_BTTP_T3,OCN_direct,C3,C3h,planar,63.54792104344553,/home/tianyajun/MARL_for_COFs/cof_symmetry_pipeline/output/pycofbuilder/xyz/mol_002067.xyz,pycofbuilder,0.00024908130616081844,0.0009173015526191541
CC(=O)Oc1cc2c(s1)c1cc(OC(C)=O)sc1c1cc(OC(C)=O)sc21,pb_BTTP_T3,Oacetyl_direct,C3,C3h,planar,74.3701021233724,/home/tianyajun/MARL_for_COFs/cof_symmetry_pipeline/output/pycofbuilder/xyz/mol_002068.xyz,pycofbuilder,0.3528365941137014,0.9256838640267278
CS(=O)(=O)Nc1cc2c(s1)c1cc(NS(C)(=O)=O)sc1c1cc(NS(C)(=O)=O)sc21,pb_BTTP_T3,NHSO2_direct,C3,C3,nonplanar,-123.23787959544468,/home/tianyajun/MARL_for_COFs/cof_symmetry_pipeline/output/pycofbuilder/xyz/mol_002072.xyz,pycofbuilder,0.7962014616832387,1.7915924498795328
Brc1cc2c(s1)c1cc(Br)sc1c1cc(Br)sc21,pb_BTTP_T3,Br_direct,C3,C3h,planar,50.572139640815074,/home/tianyajun/MARL_for_COFs/cof_symmetry_pipeline/output/pycofbuilder/xyz/mol_002075.xyz,pycofbuilder,6.478649344230654e-06,1.0534144717189164e-05
Ic1cc2c(s1)c1cc(I)sc1c1cc(I)sc21,pb_BTTP_T3,I_direct,C3,C3h,planar,52.163959446138605,/home/tianyajun/MARL_for_COFs/cof_symmetry_pipeline/output/pycofbuilder/xyz/mol_002076.xyz,pycofbuilder,1.314553185840914e-05,2.3531248418195982e-05
C[Si](C)(C)c1cc2c(s1)c1cc([Si](C)(C)C)sc1c1cc([Si](C)(C)C)sc21,pb_BTTP_T3,SiMe3_direct,C3,C3h,nonplanar,79.95059659350974,/home/tianyajun/MARL_for_COFs/cof_symmetry_pipeline/output/pycofbuilder/xyz/mol_002077.xyz,pycofbuilder,1.2226973858760857,2.4370211029369697
N#Cc1ccc(-c2ccc(-c3cc4c(s3)c3cc(-c5ccc(-c6ccc(C#N)cc6)cc5)sc3c3cc(-c5ccc(-c6ccc(C#N)cc6)cc5)sc43)cc2)cc1,pb_BTTP_T3,CN_phph,C3,C3,nonplanar,232.8059135269337,/home/tianyajun/MARL_for_COFs/cof_symmetry_pipeline/output/pycofbuilder/xyz/mol_002083.xyz,pycofbuilder,0.6793618860177311,1.5806140776314117
[O]C(=O)c1cc2c(s1)c1cc(C([O])=O)sc1c1cc(C([O])=O)sc21,pb_BTTP_T3,PB_COOH,C3,C3h,planar,207.4934848330372,/home/tianyajun/MARL_for_COFs/cof_symmetry_pipeline/output/pycofbuilder/xyz/mol_002090.xyz,pycofbuilder,5.9363083644939164e-06,1.3616214428469053e-05
O=Cc1ccc2c(c1)C#Cc1ccc(C=O)cc1C#Cc1ccc(C=O)cc1C#C2,pb_DBA1_T3,CHO_direct,C3,C3h,planar,93.60254610109972,/home/tianyajun/MARL_for_COFs/cof_symmetry_pipeline/output/pycofbuilder/xyz/mol_002092.xyz,pycofbuilder,1.8169588843705528e-05,3.2824613302562256e-05
Nc1ccc2c(c1)C#Cc1ccc(N)cc1C#Cc1ccc(N)cc1C#C2,pb_DBA1_T3,NH2_direct,C3,C3,planar,33.03709936075592,/home/tianyajun/MARL_for_COFs/cof_symmetry_pipeline/output/pycofbuilder/xyz/mol_002095.xyz,pycofbuilder,0.10617590475394888,0.25701488131882927
N#Cc1ccc2c(c1)C#Cc1ccc(C#N)cc1C#Cc1ccc(C#N)cc1C#C2,pb_DBA1_T3,CN_direct,C3,C3h,planar,90.02244830838714,/home/tianyajun/MARL_for_COFs/cof_symmetry_pipeline/output/pycofbuilder/xyz/mol_002102.xyz,pycofbuilder,3.4198082622154005e-05,8.907826152196666e-05
N#Cc1ccc(-c2ccc3c(c2)C#Cc2ccc(-c4ccc(C#N)cc4)cc2C#Cc2ccc(-c4ccc(C#N)cc4)cc2C#C3)cc1,pb_DBA1_T3,CN_ph,C3,C3,nonplanar,165.9772700043651,/home/tianyajun/MARL_for_COFs/cof_symmetry_pipeline/output/pycofbuilder/xyz/mol_002103.xyz,pycofbuilder,0.8401442725795408,1.7625860617351434
O=C(O)c1ccc2c(c1)C#Cc1ccc(C(=O)O)cc1C#Cc1ccc(C(=O)O)cc1C#C2,pb_DBA1_T3,COOH_direct,C3,C3h,planar,30.72594093831755,/home/tianyajun/MARL_for_COFs/cof_symmetry_pipeline/output/pycofbuilder/xyz/mol_002104.xyz,pycofbuilder,3.7559984835565926e-05,8.863471705811143e-05
O=[N+]([O-])c1ccc2c(c1)C#Cc1ccc([N+](=O)[O-])cc1C#Cc1ccc([N+](=O)[O-])cc1C#C2,pb_DBA1_T3,NO2_direct,C3,C3h,planar,141.26163031221563,/home/tianyajun/MARL_for_COFs/cof_symmetry_pipeline/output/pycofbuilder/xyz/mol_002106.xyz,pycofbuilder,0.00011961449291090625,0.0004452946993867002
O=[N+]([O-])c1ccc(-c2ccc3c(c2)C#Cc2ccc(-c4ccc([N+](=O)[O-])cc4)cc2C#Cc2ccc(-c4ccc([N+](=O)[O-])cc4)cc2C#C3)cc1,pb_DBA1_T3,NO2_ph,C3,C3,nonplanar,226.1100669826346,/home/tianyajun/MARL_for_COFs/cof_symmetry_pipeline/output/pycofbuilder/xyz/mol_002107.xyz,pycofbuilder,0.8775127229150035,1.869120644780268
Oc1ccc2c(c1)C#Cc1ccc(O)cc1C#Cc1ccc(O)cc1C#C2,pb_DBA1_T3,OH_direct,C3,C3h,planar,26.885881359468456,/home/tianyajun/MARL_for_COFs/cof_symmetry_pipeline/output/pycofbuilder/xyz/mol_002108.xyz,pycofbuilder,5.904175622750842e-06,1.4523617859918403e-05
Oc1ccc(-c2ccc3c(c2)C#Cc2ccc(-c4ccc(O)cc4)cc2C#Cc2ccc(-c4ccc(O)cc4)cc2C#C3)cc1,pb_DBA1_T3,OH_ph,C3,C3,nonplanar,92.5059412962715,/home/tianyajun/MARL_for_COFs/cof_symmetry_pipeline/output/pycofbuilder/xyz/mol_002109.xyz,pycofbuilder,0.8542393973946887,1.8071934290956835
C#Cc1ccc2c(c1)C#Cc1ccc(C#C)cc1C#Cc1ccc(C#C)cc1C#C2,pb_DBA1_T3,ethynyl_direct,C3,C3h,planar,53.13436393778648,/home/tianyajun/MARL_for_COFs/cof_symmetry_pipeline/output/pycofbuilder/xyz/mol_002113.xyz,pycofbuilder,3.616234362848651e-06,1.2722211450433285e-05
Clc1ccc2c(c1)C#Cc1ccc(Cl)cc1C#Cc1ccc(Cl)cc1C#C2,pb_DBA1_T3,Cl_direct,C3,C3h,planar,45.559214798332064,/home/tianyajun/MARL_for_COFs/cof_symmetry_pipeline/output/pycofbuilder/xyz/mol_002122.xyz,pycofbuilder,2.579902186648787e-05,7.530584784720684e-05
COC(=O)c1ccc2c(c1)C#Cc1ccc(C(=O)OC)cc1C#Cc1ccc(C(=O)OC)cc1C#C2,pb_DBA1_T3,COOMe_direct,C3,C3h,planar,86.73021371267262,/home/tianyajun/MARL_for_COFs/cof_symmetry_pipeline/output/pycofbuilder/xyz/mol_002124.xyz,pycofbuilder,0.3003175151614835,0.9018931518249247
O=C(Cl)c1ccc2c(c1)C#Cc1ccc(C(=O)Cl)cc1C#Cc1ccc(C(=O)Cl)cc1C#C2,pb_DBA1_T3,COCl_direct,C3,C3h,planar,122.93428306199232,/home/tianyajun/MARL_for_COFs/cof_symmetry_pipeline/output/pycofbuilder/xyz/mol_002128.xyz,pycofbuilder,6.632200931702519e-05,0.00021527765354867334
NC#Cc1ccc2c(c1)C#Cc1ccc(C#CN)cc1C#Cc1ccc(C#CN)cc1C#C2,pb_DBA1_T3,CCNH2_direct,C3,C3h,planar,40.15804435290737,/home/tianyajun/MARL_for_COFs/cof_symmetry_pipeline/output/pycofbuilder/xyz/mol_002133.xyz,pycofbuilder,0.29126060367745127,0.8301020245113653
N#CC#Cc1ccc2c(c1)C#Cc1ccc(C#CC#N)cc1C#Cc1ccc(C#CC#N)cc1C#C2,pb_DBA1_T3,CCCN_direct,C3,C3h,planar,60.47393606641304,/home/tianyajun/MARL_for_COFs/cof_symmetry_pipeline/output/pycofbuilder/xyz/mol_002134.xyz,pycofbuilder,0.0004456948062632978,0.0012173272662160395
CC(=O)Oc1ccc2c(c1)C#Cc1ccc(OC(C)=O)cc1C#Cc1ccc(OC(C)=O)cc1C#C2,pb_DBA1_T3,Oacetyl_direct,C3,C3,nonplanar,80.91137717893135,/home/tianyajun/MARL_for_COFs/cof_symmetry_pipeline/output/pycofbuilder/xyz/mol_002144.xyz,pycofbuilder,0.630545112408366,1.6944646102176097
Brc1ccc2c(c1)C#Cc1ccc(Br)cc1C#Cc1ccc(Br)cc1C#C2,pb_DBA1_T3,Br_direct,C3,C3h,planar,50.79179196613483,/home/tianyajun/MARL_for_COFs/cof_symmetry_pipeline/output/pycofbuilder/xyz/mol_002151.xyz,pycofbuilder,9.358587352382535e-06,2.4399141498876453e-05
Ic1ccc2c(c1)C#Cc1ccc(I)cc1C#Cc1ccc(I)cc1C#C2,pb_DBA1_T3,I_direct,C3,C3h,planar,54.54796636694088,/home/tianyajun/MARL_for_COFs/cof_symmetry_pipeline/output/pycofbuilder/xyz/mol_002152.xyz,pycofbuilder,1.1734760618184639e-05,3.38442330738431e-05
N#CCc1ccc2c(c1)C#Cc1ccc(CC#N)cc1C#Cc1ccc(CC#N)cc1C#C2,pb_DBA1_T3,PB_CHCN,C3,C3,nonplanar,116.99865926012772,/home/tianyajun/MARL_for_COFs/cof_symmetry_pipeline/output/pycofbuilder/xyz/mol_002162.xyz,pycofbuilder,0.7027016515021031,2.2589588057681285
[O]C(=O)c1ccc2c(c1)C#Cc1ccc(C([O])=O)cc1C#Cc1ccc(C([O])=O)cc1C#C2,pb_DBA1_T3,PB_COOH,C3,C3h,planar,188.7600379119688,/home/tianyajun/MARL_for_COFs/cof_symmetry_pipeline/output/pycofbuilder/xyz/mol_002166.xyz,pycofbuilder,0.0001358390870426029,0.00046257116948078547
N#Cc1ccc2c#cc#cc3cc(C#N)ccc3c#cc#cc3cc(C#N)ccc3c#cc#cc2c1,pb_DBA2_T3,CN_direct,C3,C3h,planar,88.89257806505373,/home/tianyajun/MARL_for_COFs/cof_symmetry_pipeline/output/pycofbuilder/xyz/mol_002178.xyz,pycofbuilder,2.2198981423936077e-05,6.262975568049889e-05
N#Cc1ccc(-c2ccc3c#cc#cc4cc(-c5ccc(C#N)cc5)ccc4c#cc#cc4cc(-c5ccc(C#N)cc5)ccc4c#cc#cc3c2)cc1,pb_DBA2_T3,CN_ph,C3,C3,nonplanar,164.46893580530354,/home/tianyajun/MARL_for_COFs/cof_symmetry_pipeline/output/pycofbuilder/xyz/mol_002179.xyz,pycofbuilder,0.806812094308093,1.8142340736272047
O=[N+]([O-])c1ccc2c#cc#cc3cc([N+](=O)[O-])ccc3c#cc#cc3cc([N+](=O)[O-])ccc3c#cc#cc2c1,pb_DBA2_T3,NO2_direct,C3,C3h,planar,140.3734247473181,/home/tianyajun/MARL_for_COFs/cof_symmetry_pipeline/output/pycofbuilder/xyz/mol_002182.xyz,pycofbuilder,0.012141123220712416,0.03652602832868812
C#Cc1ccc2c#cc#cc3cc(C#C)ccc3c#cc#cc3cc(C#C)ccc3c#cc#cc2c1,pb_DBA2_T3,ethynyl_direct,C3,C3h,planar,51.61855930216105,/home/tianyajun/MARL_for_COFs/cof_symmetry_pipeline/output/pycofbuilder/xyz/mol_002189.xyz,pycofbuilder,7.89992965039548e-05,0.00022291606934743413
Clc1ccc2c#cc#cc3cc(Cl)ccc3c#cc#cc3cc(Cl)ccc3c#cc#cc2c1,pb_DBA2_T3,Cl_direct,C3,C3h,planar,44.353518391962666,/home/tianyajun/MARL_for_COFs/cof_symmetry_pipeline/output/pycofbuilder/xyz/mol_002198.xyz,pycofbuilder,2.8416831580916188e-05,7.268141300742492e-05
NC(=O)c1ccc2c#cc#cc3cc(C(N)=O)ccc3c#cc#cc3cc(C(N)=O)ccc3c#cc#cc2c1,pb_DBA2_T3,CONH2_direct,C3,C3,planar,9.59042382506446,/home/tianyajun/MARL_for_COFs/cof_symmetry_pipeline/output/pycofbuilder/xyz/mol_002201.xyz,pycofbuilder,0.2960813114772175,0.9370996343539173
CC(=O)c1ccc2c#cc#cc3cc(C(C)=O)ccc3c#cc#cc3cc(C(C)=O)ccc3c#cc#cc2c1,pb_DBA2_T3,acetyl_direct,C3,C3h,planar,104.45238344117698,/home/tianyajun/MARL_for_COFs/cof_symmetry_pipeline/output/pycofbuilder/xyz/mol_002205.xyz,pycofbuilder,0.29224379114778876,0.9023723198146667
NC#Cc1ccc2c#cc#cc3cc(C#CN)ccc3c#cc#cc3cc(C#CN)ccc3c#cc#cc2c1,pb_DBA2_T3,CCNH2_direct,C3,C3h,planar,38.72581085256078,/home/tianyajun/MARL_for_COFs/cof_symmetry_pipeline/output/pycofbuilder/xyz/mol_002209.xyz,pycofbuilder,0.27460975881384214,0.8328268667009671
N#CC#Cc1ccc2c#cc#cc3cc(C#CC#N)ccc3c#cc#cc3cc(C#CC#N)ccc3c#cc#cc2c1,pb_DBA2_T3,CCCN_direct,C3,C3h,planar,59.105579834958206,/home/tianyajun/MARL_for_COFs/cof_symmetry_pipeline/output/pycofbuilder/xyz/mol_002210.xyz,pycofbuilder,2.459553456824484e-05,7.540605890365981e-05
O=CNc1ccc2c#cc#cc3cc(NC=O)ccc3c#cc#cc3cc(NC=O)ccc3c#cc#cc2c1,pb_DBA2_T3,NHCHO_direct,C3,C3h,planar,-4.573270457098673,/home/tianyajun/MARL_for_COFs/cof_symmetry_pipeline/output/pycofbuilder/xyz/mol_002221.xyz,pycofbuilder,0.0038864888736389394,0.009965720287065771
Brc1ccc2c#cc#cc3cc(Br)ccc3c#cc#cc3cc(Br)ccc3c#cc#cc2c1,pb_DBA2_T3,Br_direct,C3,C3h,planar,49.48473309429761,/home/tianyajun/MARL_for_COFs/cof_symmetry_pipeline/output/pycofbuilder/xyz/mol_002227.xyz,pycofbuilder,3.499364200358849e-05,7.730114636794738e-05
Ic1ccc2c#cc#cc3cc(I)ccc3c#cc#cc3cc(I)ccc3c#cc#cc2c1,pb_DBA2_T3,I_direct,C3,C3h,planar,53.20554984665672,/home/tianyajun/MARL_for_COFs/cof_symmetry_pipeline/output/pycofbuilder/xyz/mol_002228.xyz,pycofbuilder,1.7501116296669195e-05,4.6334680342763335e-05
[O]C(=O)c1ccc2c#cc#cc3cc(C([O])=O)ccc3c#cc#cc3cc(C([O])=O)ccc3c#cc#cc2c1,pb_DBA2_T3,PB_COOH,C3,C3h,planar,172.51477143563446,/home/tianyajun/MARL_for_COFs/cof_symmetry_pipeline/output/pycofbuilder/xyz/mol_002242.xyz,pycofbuilder,0.0003349390251425832,0.0007415700833368621
N#Cc1ccc2c(c1)[nH]c1c2c2[nH]c3cc(C#N)ccc3c2c2[nH]c3cc(C#N)ccc3c12,pb_DICZ_T3,CN_direct,C3,C3h,planar,145.3157516157687,/home/tianyajun/MARL_for_COFs/cof_symmetry_pipeline/output/pycofbuilder/xyz/mol_002254.xyz,pycofbuilder,0.0002043682814031448,0.0005219334305659462
O=C(O)c1ccc2c(c1)[nH]c1c2c2[nH]c3cc(C(=O)O)ccc3c2c2[nH]c3cc(C(=O)O)ccc3c12,pb_DICZ_T3,COOH_direct,C3,C3h,planar,89.87897788559107,/home/tianyajun/MARL_for_COFs/cof_symmetry_pipeline/output/pycofbuilder/xyz/mol_002256.xyz,pycofbuilder,6.100357986352707e-05,0.0001791252165717072
O=[N+]([O-])c1ccc2c(c1)[nH]c1c2c2[nH]c3cc([N+](=O)[O-])ccc3c2c2[nH]c3cc([N+](=O)[O-])ccc3c12,pb_DICZ_T3,NO2_direct,C3,C3h,planar,204.82538595271,/home/tianyajun/MARL_for_COFs/cof_symmetry_pipeline/output/pycofbuilder/xyz/mol_002258.xyz,pycofbuilder,2.765010713331473e-06,1.2213518526316136e-05
C=Cc1ccc2c(c1)[nH]c1c2c2[nH]c3cc(C=C)ccc3c2c2[nH]c3cc(C=C)ccc3c12,pb_DICZ_T3,vinyl_direct,C3,C3h,planar,123.7760333944884,/home/tianyajun/MARL_for_COFs/cof_symmetry_pipeline/output/pycofbuilder/xyz/mol_002264.xyz,pycofbuilder,6.591173711270194e-05,0.0002934542467687429
C#Cc1ccc2c(c1)[nH]c1c2c2[nH]c3cc(C#C)ccc3c2c2[nH]c3cc(C#C)ccc3c12,pb_DICZ_T3,ethynyl_direct,C3,C3h,planar,104.00170166391332,/home/tianyajun/MARL_for_COFs/cof_symmetry_pipeline/output/pycofbuilder/xyz/mol_002265.xyz,pycofbuilder,0.0003188791932908532,0.000922822623740327
S=C=Nc1ccc2c(c1)[nH]c1c2c2[nH]c3cc(N=C=S)ccc3c2c2[nH]c3cc(N=C=S)ccc3c12,pb_DICZ_T3,NCS_direct,C3,C3,nonplanar,91.73853118347353,/home/tianyajun/MARL_for_COFs/cof_symmetry_pipeline/output/pycofbuilder/xyz/mol_002269.xyz,pycofbuilder,0.6952987232448014,2.494385078734224
Clc1ccc2c(c1)[nH]c1c2c2[nH]c3cc(Cl)ccc3c2c2[nH]c3cc(Cl)ccc3c12,pb_DICZ_T3,Cl_direct,C3,C3h,planar,101.25190176136287,/home/tianyajun/MARL_for_COFs/cof_symmetry_pipeline/output/pycofbuilder/xyz/mol_002274.xyz,pycofbuilder,1.965933943581228e-06,5.54255922313859e-06
COC(=O)c1ccc2c(c1)[nH]c1c2c2[nH]c3cc(C(=O)OC)ccc3c2c2[nH]c3cc(C(=O)OC)ccc3c12,pb_DICZ_T3,COOMe_direct,C3,C3h,planar,145.70390684030963,/home/tianyajun/MARL_for_COFs/cof_symmetry_pipeline/output/pycofbuilder/xyz/mol_002276.xyz,pycofbuilder,0.28491483680406315,0.9030833036319188
COc1ccc2c(c1)[nH]c1c2c2[nH]c3cc(OC)ccc3c2c2[nH]c3cc(OC)ccc3c12,pb_DICZ_T3,OMe_direct,C3,C3h,planar,117.06841348229212,/home/tianyajun/MARL_for_COFs/cof_symmetry_pipeline/output/pycofbuilder/xyz/mol_002278.xyz,pycofbuilder,0.30121895746482497,0.9059371713506312
CC(=O)c1ccc2c(c1)[nH]c1c2c2[nH]c3cc(C(C)=O)ccc3c2c2[nH]c3cc(C(C)=O)ccc3c12,pb_DICZ_T3,acetyl_direct,C3,C3h,planar,161.974216377014,/home/tianyajun/MARL_for_COFs/cof_symmetry_pipeline/output/pycofbuilder/xyz/mol_002281.xyz,pycofbuilder,0.292272837767801,0.9017908873710674
O=CC#Cc1ccc2c(c1)[nH]c1c2c2[nH]c3cc(C#CC=O)ccc3c2c2[nH]c3cc(C#CC=O)ccc3c12,pb_DICZ_T3,CCCHO_direct,C3,C3h,planar,109.61208536311452,/home/tianyajun/MARL_for_COFs/cof_symmetry_pipeline/output/pycofbuilder/xyz/mol_002284.xyz,pycofbuilder,0.004288013288235769,0.015724372987655055
N#CC#Cc1ccc2c(c1)[nH]c1c2c2[nH]c3cc(C#CC#N)ccc3c2c2[nH]c3cc(C#CC#N)ccc3c12,pb_DICZ_T3,CCCN_direct,C3,C3h,planar,110.31072774790796,/home/tianyajun/MARL_for_COFs/cof_symmetry_pipeline/output/pycofbuilder/xyz/mol_002286.xyz,pycofbuilder,9.054503554108697e-05,0.00028178010123180997
O=[N+]([O-])C#Cc1ccc2c(c1)[nH]c1c2c2[nH]c3cc(C#C[N+](=O)[O-])ccc3c2c2[nH]c3cc(C#C[N+](=O)[O-])ccc3c12,pb_DICZ_T3,CCNO2_direct,C3,C3h,planar,117.09753889255506,/home/tianyajun/MARL_for_COFs/cof_symmetry_pipeline/output/pycofbuilder/xyz/mol_002288.xyz,pycofbuilder,0.0040675777136163094,0.017507591701226177
Brc1ccc2c(c1)[nH]c1c2c2[nH]c3cc(Br)ccc3c2c2[nH]c3cc(Br)ccc3c12,pb_DICZ_T3,Br_direct,C3,C3h,planar,102.94066612109116,/home/tianyajun/MARL_for_COFs/cof_symmetry_pipeline/output/pycofbuilder/xyz/mol_002303.xyz,pycofbuilder,2.552592465741586e-06,6.650909342098554e-06
Ic1ccc2c(c1)[nH]c1c2c2[nH]c3cc(I)ccc3c2c2[nH]c3cc(I)ccc3c12,pb_DICZ_T3,I_direct,C3,C3h,planar,105.11617462560396,/home/tianyajun/MARL_for_COFs/cof_symmetry_pipeline/output/pycofbuilder/xyz/mol_002304.xyz,pycofbuilder,5.002471586265058e-06,1.1392467519744098e-05
N#Cc1ccc(-c2ccc(-c3ccc4c(c3)[nH]c3c4c4[nH]c5cc(-c6ccc(-c7ccc(C#N)cc7)cc6)ccc5c4c4[nH]c5cc(-c6ccc(-c7ccc(C#N)cc7)cc6)ccc5c34)cc2)cc1,pb_DICZ_T3,CN_phph,C3,C3,nonplanar,280.5435256402645,/home/tianyajun/MARL_for_COFs/cof_symmetry_pipeline/output/pycofbuilder/xyz/mol_002311.xyz,pycofbuilder,1.046207871166801,2.1147162830766586
NNC(=O)c1ccc2c(c1)[nH]c1c2c2[nH]c3cc(C(=O)NN)ccc3c2c2[nH]c3cc(C(=O)NN)ccc3c12,pb_DICZ_T3,PB_CONHNH2,C3,C3,planar,279.9898607753378,/home/tianyajun/MARL_for_COFs/cof_symmetry_pipeline/output/pycofbuilder/xyz/mol_002317.xyz,pycofbuilder,0.384838535850975,1.058114552266971
[O]C(=O)c1ccc2c(c1)[nH]c1c2c2[nH]c3cc(C([O])=O)ccc3c2c2[nH]c3cc(C([O])=O)ccc3c12,pb_DICZ_T3,PB_COOH,C3,C3h,planar,236.61900176814896,/home/tianyajun/MARL_for_COFs/cof_symmetry_pipeline/output/pycofbuilder/xyz/mol_002318.xyz,pycofbuilder,1.968555828392796e-06,4.1891268211941e-06
N#Cc1ccc(N(c2ccc(C#N)cc2)c2ccc(C#N)cc2)cc1,pb_TPAM_T3,CN_direct,C3,D3,nonplanar,106.60977552284425,/home/tianyajun/MARL_for_COFs/cof_symmetry_pipeline/output/pycofbuilder/xyz/mol_002551.xyz,pycofbuilder,0.9249921722320354,1.4261409370408251
O=[N+]([O-])c1ccc(N(c2ccc([N+](=O)[O-])cc2)c2ccc([N+](=O)[O-])cc2)cc1,pb_TPAM_T3,NO2_direct,C3,D3,nonplanar,166.92329841222949,/home/tianyajun/MARL_for_COFs/cof_symmetry_pipeline/output/pycofbuilder/xyz/mol_002555.xyz,pycofbuilder,0.9360182109301988,1.4308952750228405
Oc1ccc(N(c2ccc(O)cc2)c2ccc(O)cc2)cc1,pb_TPAM_T3,OH_direct,C3,C3,nonplanar,31.88310908396824,/home/tianyajun/MARL_for_COFs/cof_symmetry_pipeline/output/pycofbuilder/xyz/mol_002557.xyz,pycofbuilder,0.92906446532736,1.4603240974989031
Sc1ccc(N(c2ccc(S)cc2)c2ccc(S)cc2)cc1,pb_TPAM_T3,SH_direct,C3,C3,nonplanar,53.85848353373623,/home/tianyajun/MARL_for_COFs/cof_symmetry_pipeline/output/pycofbuilder/xyz/mol_002559.xyz,pycofbuilder,0.9806939478926573,1.5172516691018785
C#Cc1ccc(N(c2ccc(C#C)cc2)c2ccc(C#C)cc2)cc1,pb_TPAM_T3,ethynyl_direct,C3,D3,nonplanar,63.7972333654016,/home/tianyajun/MARL_for_COFs/cof_symmetry_pipeline/output/pycofbuilder/xyz/mol_002562.xyz,pycofbuilder,0.8834426353859829,1.4167502360076996
Cc1ccc(N(c2ccc(C)cc2)c2ccc(C)cc2)cc1,pb_TPAM_T3,methyl_direct,C3,C3,nonplanar,73.70554753974774,/home/tianyajun/MARL_for_COFs/cof_symmetry_pipeline/output/pycofbuilder/xyz/mol_002563.xyz,pycofbuilder,0.9116704546300338,1.4137564009110586
O=C=Nc1ccc(N(c2ccc(N=C=O)cc2)c2ccc(N=C=O)cc2)cc1,pb_TPAM_T3,NCO_direct,C3,C3,nonplanar,45.02704664577661,/home/tianyajun/MARL_for_COFs/cof_symmetry_pipeline/output/pycofbuilder/xyz/mol_002565.xyz,pycofbuilder,0.9981887024095375,1.6055516306367956
Clc1ccc(N(c2ccc(Cl)cc2)c2ccc(Cl)cc2)cc1,pb_TPAM_T3,Cl_direct,C3,D3,nonplanar,60.45001415246819,/home/tianyajun/MARL_for_COFs/cof_symmetry_pipeline/output/pycofbuilder/xyz/mol_002571.xyz,pycofbuilder,0.9616531284238512,1.4224552484328106
COC(=O)c1ccc(N(c2ccc(C(=O)OC)cc2)c2ccc(C(=O)OC)cc2)cc1,pb_TPAM_T3,COOMe_direct,C3,C3,nonplanar,106.7333284050842,/home/tianyajun/MARL_for_COFs/cof_symmetry_pipeline/output/pycofbuilder/xyz/mol_002573.xyz,pycofbuilder,0.9324956150395569,1.6053803803148319
O=C(Cl)c1ccc(N(c2ccc(C(=O)Cl)cc2)c2ccc(C(=O)Cl)cc2)cc1,pb_TPAM_T3,COCl_direct,C3,C3,nonplanar,142.78063533712825,/home/tianyajun/MARL_for_COFs/cof_symmetry_pipeline/output/pycofbuilder/xyz/mol_002577.xyz,pycofbuilder,0.9451725942851684,1.4366062921407012
N#CC#Cc1ccc(N(c2ccc(C#CC#N)cc2)c2ccc(C#CC#N)cc2)cc1,pb_TPAM_T3,CCCN_direct,C3,D3,nonplanar,70.46995847348246,/home/tianyajun/MARL_for_COFs/cof_symmetry_pipeline/output/pycofbuilder/xyz/mol_002583.xyz,pycofbuilder,0.8549051356065164,1.4207832415002608
N#COc1ccc(N(c2ccc(OC#N)cc2)c2ccc(OC#N)cc2)cc1,pb_TPAM_T3,OCN_direct,C3,C3,nonplanar,85.24134509681306,/home/tianyajun/MARL_for_COFs/cof_symmetry_pipeline/output/pycofbuilder/xyz/mol_002592.xyz,pycofbuilder,0.9111942189576541,1.4991691658040343
CC(=O)Oc1ccc(N(c2ccc(OC(C)=O)cc2)c2ccc(OC(C)=O)cc2)cc1,pb_TPAM_T3,Oacetyl_direct,C3,C3,nonplanar,89.37616215087374,/home/tianyajun/MARL_for_COFs/cof_symmetry_pipeline/output/pycofbuilder/xyz/mol_002593.xyz,pycofbuilder,0.9029086696985478,1.6676522314597961
Brc1ccc(N(c2ccc(Br)cc2)c2ccc(Br)cc2)cc1,pb_TPAM_T3,Br_direct,C3,D3,nonplanar,62.78529919124146,/home/tianyajun/MARL_for_COFs/cof_symmetry_pipeline/output/pycofbuilder/xyz/mol_002600.xyz,pycofbuilder,0.9610600865164914,1.420655984556522
Ic1ccc(N(c2ccc(I)cc2)c2ccc(I)cc2)cc1,pb_TPAM_T3,I_direct,C3,D3,nonplanar,65.2170866242516,/home/tianyajun/MARL_for_COFs/cof_symmetry_pipeline/output/pycofbuilder/xyz/mol_002601.xyz,pycofbuilder,0.9609489368924254,1.419234970075187
N#CCc1ccc(N(c2ccc(CC#N)cc2)c2ccc(CC#N)cc2)cc1,pb_TPAM_T3,PB_CHCN,C3,C3,nonplanar,118.64954562522078,/home/tianyajun/MARL_for_COFs/cof_symmetry_pipeline/output/pycofbuilder/xyz/mol_002611.xyz,pycofbuilder,0.9962637256255186,1.5833063097906463
[O]C(=O)c1ccc(N(c2ccc(C([O])=O)cc2)c2ccc(C([O])=O)cc2)cc1,pb_TPAM_T3,PB_COOH,C3,D3,nonplanar,212.1762866801019,/home/tianyajun/MARL_for_COFs/cof_symmetry_pipeline/output/pycofbuilder/xyz/mol_002615.xyz,pycofbuilder,0.9050213750382083,1.3762716846356715
O=Cc1ccc2c(c1)c1ccc(C=O)cc1c1ccc(C=O)cc21,pb_TPNY_T3,CHO_direct,C3,C3h,planar,115.88471719425208,/home/tianyajun/MARL_for_COFs/cof_symmetry_pipeline/output/pycofbuilder/xyz/mol_002617.xyz,pycofbuilder,2.7682390289126773e-06,7.991199152845851e-06
N#Cc1ccc2c(c1)c1ccc(C#N)cc1c1ccc(C#N)cc21,pb_TPNY_T3,CN_direct,C3,C3h,planar,113.9086744664929,/home/tianyajun/MARL_for_COFs/cof_symmetry_pipeline/output/pycofbuilder/xyz/mol_002627.xyz,pycofbuilder,0.00010809168932321669,0.00030287151092733833
O=C(O)c1ccc2c(c1)c1ccc(C(=O)O)cc1c1ccc(C(=O)O)cc21,pb_TPNY_T3,COOH_direct,C3,C3h,planar,55.06023824641382,/home/tianyajun/MARL_for_COFs/cof_symmetry_pipeline/output/pycofbuilder/xyz/mol_002629.xyz,pycofbuilder,3.9470149748166226e-05,0.00010460764398612099
O=[N+]([O-])c1ccc2c(c1)c1ccc([N+](=O)[O-])cc1c1ccc([N+](=O)[O-])cc21,pb_TPNY_T3,NO2_direct,C3,C3h,planar,168.34571236197107,/home/tianyajun/MARL_for_COFs/cof_symmetry_pipeline/output/pycofbuilder/xyz/mol_002631.xyz,pycofbuilder,4.175754060221275e-06,1.5550920633104065e-05
Oc1ccc2c(c1)c1ccc(O)cc1c1ccc(O)cc21,pb_TPNY_T3,OH_direct,C3,C3h,planar,46.85344314413254,/home/tianyajun/MARL_for_COFs/cof_symmetry_pipeline/output/pycofbuilder/xyz/mol_002633.xyz,pycofbuilder,9.34004475012603e-06,2.3668667018139633e-05
Oc1ccc(-c2ccc3c(c2)c2ccc(-c4ccc(O)cc4)cc2c2ccc(-c4ccc(O)cc4)cc32)cc1,pb_TPNY_T3,OH_ph,C3,C3,nonplanar,113.36340269208236,/home/tianyajun/MARL_for_COFs/cof_symmetry_pipeline/output/pycofbuilder/xyz/mol_002634.xyz,pycofbuilder,0.9042202472628694,1.823179861744698
[N-]=[N+]=Nc1ccc2c(c1)c1ccc(N=[N+]=[N-])cc1c1ccc(N=[N+]=[N-])cc21,pb_TPNY_T3,N3_direct,C3,C3,nonplanar,54.20814033949923,/home/tianyajun/MARL_for_COFs/cof_symmetry_pipeline/output/pycofbuilder/xyz/mol_002636.xyz,pycofbuilder,0.6585878662679489,1.914028288068669
C#Cc1ccc2c(c1)c1ccc(C#C)cc1c1ccc(C#C)cc21,pb_TPNY_T3,ethynyl_direct,C3,C3h,planar,75.37418805531115,/home/tianyajun/MARL_for_COFs/cof_symmetry_pipeline/output/pycofbuilder/xyz/mol_002638.xyz,pycofbuilder,1.3514431154770176e-05,3.410805077556922e-05
Clc1ccc2c(c1)c1ccc(Cl)cc1c1ccc(Cl)cc21,pb_TPNY_T3,Cl_direct,C3,C3h,planar,69.26450724171497,/home/tianyajun/MARL_for_COFs/cof_symmetry_pipeline/output/pycofbuilder/xyz/mol_002647.xyz,pycofbuilder,2.663316679389832e-06,6.3936216139204305e-06
NC#Cc1ccc2c(c1)c1ccc(C#CN)cc1c1ccc(C#CN)cc21,pb_TPNY_T3,CCNH2_direct,C3,C3,planar,62.3381379470236,/home/tianyajun/MARL_for_COFs/cof_symmetry_pipeline/output/pycofbuilder/xyz/mol_002658.xyz,pycofbuilder,0.309484160562815,0.8738928521227485
N#CC#Cc1ccc2c(c1)c1ccc(C#CC#N)cc1c1ccc(C#CC#N)cc21,pb_TPNY_T3,CCCN_direct,C3,C3h,planar,82.58108633138079,/home/tianyajun/MARL_for_COFs/cof_symmetry_pipeline/output/pycofbuilder/xyz/mol_002659.xyz,pycofbuilder,0.00010921221477750105,0.0003127819427972689
O=[N+]([O-])C#Cc1ccc2c(c1)c1ccc(C#C[N+](=O)[O-])cc1c1ccc(C#C[N+](=O)[O-])cc21,pb_TPNY_T3,CCNO2_direct,C3,C3h,planar,89.69701841898197,/home/tianyajun/MARL_for_COFs/cof_symmetry_pipeline/output/pycofbuilder/xyz/mol_002661.xyz,pycofbuilder,0.0007964082908627416,0.0028104510041921382
N#CSc1ccc2c(c1)c1ccc(SC#N)cc1c1ccc(SC#N)cc21,pb_TPNY_T3,SCN_direct,C3,C3,nonplanar,80.26547860665953,/home/tianyajun/MARL_for_COFs/cof_symmetry_pipeline/output/pycofbuilder/xyz/mol_002674.xyz,pycofbuilder,0.8613499296488379,2.4253707545592658
Brc1ccc2c(c1)c1ccc(Br)cc1c1ccc(Br)cc21,pb_TPNY_T3,Br_direct,C3,C3h,planar,73.45968552516825,/home/tianyajun/MARL_for_COFs/cof_symmetry_pipeline/output/pycofbuilder/xyz/mol_002676.xyz,pycofbuilder,7.102626950020203e-06,1.8323746739268287e-05
Ic1ccc2c(c1)c1ccc(I)cc1c1ccc(I)cc21,pb_TPNY_T3,I_direct,C3,C3h,planar,76.81228842000888,/home/tianyajun/MARL_for_COFs/cof_symmetry_pipeline/output/pycofbuilder/xyz/mol_002677.xyz,pycofbuilder,7.176463091465503e-06,1.7487835760610082e-05
O=P(Cl)(Cl)c1ccc2c(c1)c1ccc(P(=O)(Cl)Cl)cc1c1ccc(P(=O)(Cl)Cl)cc21,pb_TPNY_T3,POCl2_direct,C3,C3h,nonplanar,175.87587662129275,/home/tianyajun/MARL_for_COFs/cof_symmetry_pipeline/output/pycofbuilder/xyz/mol_002682.xyz,pycofbuilder,0.6186861163678141,1.5777148172469841
N#CCc1ccc2c(c1)c1ccc(CC#N)cc1c1ccc(CC#N)cc21,pb_TPNY_T3,PB_CHCN,C3,C3,nonplanar,136.11301395173913,/home/tianyajun/MARL_for_COFs/cof_symmetry_pipeline/output/pycofbuilder/xyz/mol_002687.xyz,pycofbuilder,0.74079470500106,2.2065065190381854
[O]C(=O)c1ccc2c(c1)c1ccc(C([O])=O)cc1c1ccc(C([O])=O)cc21,pb_TPNY_T3,PB_COOH,C3,C3h,planar,228.49913674649707,/home/tianyajun/MARL_for_COFs/cof_symmetry_pipeline/output/pycofbuilder/xyz/mol_002691.xyz,pycofbuilder,4.2465006340626655e-06,1.1801814378209485e-05
Clc1ccc(Oc2cc(Oc3ccc(Cl)cc3)cc(Oc3ccc(Cl)cc3)c2)cc1,pb_TPTA_T3,Cl_direct,C3,C3,nonplanar,78.47736502299719,/home/tianyajun/MARL_for_COFs/cof_symmetry_pipeline/output/xyz/mol_000588.xyz,pycofbuilder,1.4900640415637088,2.7647052006252593
O=CC12CC3(C=O)CC(C=O)(C1)CC(C=O)(C2)C3,pb_ADAM_D4,CHO_direct,C4,S4,nonplanar,54.48224343545715,/home/tianyajun/MARL_for_COFs/cof_symmetry_pipeline/output/pycofbuilder/xyz/mol_002845.xyz,pycofbuilder,1.5942238683721976,2.44444730816804
C=CC12CC3(C=C)CC(C=C)(C1)CC(C=C)(C2)C3,pb_ADAM_D4,vinyl_direct,C4,S4,nonplanar,84.2139499996081,/home/tianyajun/MARL_for_COFs/cof_symmetry_pipeline/output/pycofbuilder/xyz/mol_002865.xyz,pycofbuilder,1.717385831082078,2.6299088273261155
CC(=O)c1ccc(C23CC4(c5ccc(C(C)=O)cc5)CC(c5ccc(C(C)=O)cc5)(C2)CC(c2ccc(C(C)=O)cc2)(C3)C4)cc1,pb_ADAM_D4,acetyl_ph,C4,S4,nonplanar,220.98429951545825,/home/tianyajun/MARL_for_COFs/cof_symmetry_pipeline/output/pycofbuilder/xyz/mol_002883.xyz,pycofbuilder,3.1698523289251708,7.113025846503179
N#CCC12CC3(CC#N)CC(CC#N)(C1)CC(CC#N)(C2)C3,pb_ADAM_D4,PB_CHCN,C4,S4,nonplanar,66.37972060483082,/home/tianyajun/MARL_for_COFs/cof_symmetry_pipeline/output/pycofbuilder/xyz/mol_002915.xyz,pycofbuilder,1.754630836527092,3.1051121475211265
N#Cc1ccc2c(c1)-c1cc(C#N)ccc1C21c2ccc(C#N)cc2-c2cc(C#N)ccc21,pb_SBFE_D4,CN_direct,C4,D2d,nonplanar,165.20374403560243,/home/tianyajun/MARL_for_COFs/cof_symmetry_pipeline/output/pycofbuilder/xyz/mol_002931.xyz,pycofbuilder,2.1097423039767906,3.331259533405104
N#Cc1ccc(-c2ccc3c(c2)-c2cc(-c4ccc(C#N)cc4)ccc2C32c3ccc(-c4ccc(C#N)cc4)cc3-c3cc(-c4ccc(C#N)cc4)ccc32)cc1,pb_SBFE_D4,CN_ph,C4,S4,nonplanar,261.98971937259864,/home/tianyajun/MARL_for_COFs/cof_symmetry_pipeline/output/pycofbuilder/xyz/mol_002932.xyz,pycofbuilder,3.1936248634225133,5.880142216013247
O=[N+]([O-])c1ccc2c(c1)-c1cc([N+](=O)[O-])ccc1C21c2ccc([N+](=O)[O-])cc2-c2cc([N+](=O)[O-])ccc21,pb_SBFE_D4,NO2_direct,C4,D2d,nonplanar,237.9823692227404,/home/tianyajun/MARL_for_COFs/cof_symmetry_pipeline/output/pycofbuilder/xyz/mol_002935.xyz,pycofbuilder,2.188303947364979,3.6621367247623784
C#Cc1ccc2c(c1)-c1cc(C#C)ccc1C21c2ccc(C#C)cc2-c2cc(C#C)ccc21,pb_SBFE_D4,ethynyl_direct,C4,D2d,nonplanar,114.13399133693672,/home/tianyajun/MARL_for_COFs/cof_symmetry_pipeline/output/pycofbuilder/xyz/mol_002942.xyz,pycofbuilder,2.302497680639002,4.512032814301354
Cc1ccc2c(c1)-c1cc(C)ccc1C21c2ccc(C)cc2-c2cc(C)ccc21,pb_SBFE_D4,methyl_direct,C4,S4,nonplanar,132.65677261434678,/home/tianyajun/MARL_for_COFs/cof_symmetry_pipeline/output/pycofbuilder/xyz/mol_002943.xyz,pycofbuilder,2.2561160191747294,3.7792969230642077
Clc1ccc2c(c1)-c1cc(Cl)ccc1C21c2ccc(Cl)cc2-c2cc(Cl)ccc21,pb_SBFE_D4,Cl_direct,C4,D2d,nonplanar,107.32124188269266,/home/tianyajun/MARL_for_COFs/cof_symmetry_pipeline/output/pycofbuilder/xyz/mol_002951.xyz,pycofbuilder,1.9677711077336904,3.233824913530652
COC(=O)c1ccc2c(c1)-c1cc(C(=O)OC)ccc1C21c2ccc(C(=O)OC)cc2-c2cc(C(=O)OC)ccc21,pb_SBFE_D4,COOMe_direct,C4,D2d,nonplanar,162.2120496964945,/home/tianyajun/MARL_for_COFs/cof_symmetry_pipeline/output/pycofbuilder/xyz/mol_002953.xyz,pycofbuilder,2.4951658634029585,4.174040156025243
N#CC#Cc1ccc2c(c1)-c1cc(C#CC#N)ccc1C21c2ccc(C#CC#N)cc2-c2cc(C#CC#N)ccc21,pb_SBFE_D4,CCCN_direct,C4,D2d,nonplanar,123.56207621258932,/home/tianyajun/MARL_for_COFs/cof_symmetry_pipeline/output/pycofbuilder/xyz/mol_002963.xyz,pycofbuilder,2.5775222487631133,4.853322184858301
Brc1ccc2c(c1)-c1cc(Br)ccc1C21c2ccc(Br)cc2-c2cc(Br)ccc21,pb_SBFE_D4,Br_direct,C4,D2d,nonplanar,111.73830821449847,/home/tianyajun/MARL_for_COFs/cof_symmetry_pipeline/output/pycofbuilder/xyz/mol_002980.xyz,pycofbuilder,1.9792237255768153,3.270709744366915
Ic1ccc2c(c1)-c1cc(I)ccc1C21c2ccc(I)cc2-c2cc(I)ccc21,pb_SBFE_D4,I_direct,C4,D2d,nonplanar,115.53036923307124,/home/tianyajun/MARL_for_COFs/cof_symmetry_pipeline/output/pycofbuilder/xyz/mol_002981.xyz,pycofbuilder,1.9923386335509425,3.201370792110846
[O]C(=O)c1ccc2c(c1)-c1cc(C([O])=O)ccc1C21c2ccc(C([O])=O)cc2-c2cc(C([O])=O)ccc21,pb_SBFE_D4,PB_COOH,C4,D2d,nonplanar,378.4583876242408,/home/tianyajun/MARL_for_COFs/cof_symmetry_pipeline/output/pycofbuilder/xyz/mol_002995.xyz,pycofbuilder,2.2116376354444864,3.8374846017792166
CC(=O)Oc1cc2c3cc(OC(C)=O)sc3c3cc4c(cc3c2s1)c1sc(OC(C)=O)cc1c1cc(OC(C)=O)sc14,pb_ATTP_R4,Oacetyl_direct,C4,D2d,planar,109.04969358298598,/home/tianyajun/MARL_for_COFs/cof_symmetry_pipeline/output/pycofbuilder/xyz/mol_003615.xyz,pycofbuilder,0.3323164788632675,0.9691293860378607
O=Cc1cc2c3cc(C=O)cc4c5cc(C=O)cc6c7cc(C=O)cc8c9cc(C=O)cc%10c%11cc(C=O)cc%12c(c1)c2c1c(c34)c(c56)c(c78)c(c%109)c1c%12%11,pb_HECO_H6,CHO_direct,D6h,C6h,planar,266.9412722648908,/home/tianyajun/MARL_for_COFs/cof_symmetry_pipeline/output/pycofbuilder/xyz/mol_003791.xyz,pycofbuilder,2.0044281905846336e-05,6.240398395673807e-05
N#Cc1cc2c3cc(C#N)cc4c5cc(C#N)cc6c7cc(C#N)cc8c9cc(C#N)cc%10c%11cc(C#N)cc%12c(c1)c2c1c(c34)c(c56)c(c78)c(c%109)c1c%12%11,pb_HECO_H6,CN_direct,D6h,D6h,planar,265.6248029061105,/home/tianyajun/MARL_for_COFs/cof_symmetry_pipeline/output/pycofbuilder/xyz/mol_003801.xyz,pycofbuilder,0.0004273824701912725,0.001380833317738528
O=[N+]([O-])c1cc2c3cc([N+](=O)[O-])cc4c5cc([N+](=O)[O-])cc6c7cc([N+](=O)[O-])cc8c9cc([N+](=O)[O-])cc%10c%11cc([N+](=O)[O-])cc%12c(c1)c2c1c(c34)c(c56)c(c78)c(c%109)c1c%12%11,pb_HECO_H6,NO2_direct,D6h,D6h,planar,365.0374981271462,/home/tianyajun/MARL_for_COFs/cof_symmetry_pipeline/output/pycofbuilder/xyz/mol_003805.xyz,pycofbuilder,1.8802181519541938e-05,9.431799780856842e-05
C#Cc1cc2c3cc(C#C)cc4c5cc(C#C)cc6c7cc(C#C)cc8c9cc(C#C)cc%10c%11cc(C#C)cc%12c(c1)c2c1c(c34)c(c56)c(c78)c(c%109)c1c%12%11,pb_HECO_H6,ethynyl_direct,D6h,D6h,planar,192.35380810963653,/home/tianyajun/MARL_for_COFs/cof_symmetry_pipeline/output/pycofbuilder/xyz/mol_003812.xyz,pycofbuilder,0.0012693246579058347,0.0035889316019729334
Clc1cc2c3cc(Cl)cc4c5cc(Cl)cc6c7cc(Cl)cc8c9cc(Cl)cc%10c%11cc(Cl)cc%12c(c1)c2c1c(c34)c(c56)c(c78)c(c%109)c1c%12%11,pb_HECO_H6,Cl_direct,D6h,D6h,planar,174.67474780698862,/home/tianyajun/MARL_for_COFs/cof_symmetry_pipeline/output/pycofbuilder/xyz/mol_003821.xyz,pycofbuilder,3.052813076446827e-06,9.697302465694335e-06
N#CC#Cc1cc2c3cc(C#CC#N)cc4c5cc(C#CC#N)cc6c7cc(C#CC#N)cc8c9cc(C#CC#N)cc%10c%11cc(C#CC#N)cc%12c(c1)c2c1c(c34)c(c56)c(c78)c(c%109)c1c%12%11,pb_HECO_H6,CCCN_direct,D6h,D6h,planar,209.7955826518657,/home/tianyajun/MARL_for_COFs/cof_symmetry_pipeline/output/pycofbuilder/xyz/mol_003833.xyz,pycofbuilder,0.0008567166379579683,0.0029801612797082377
O=CNc1cc2c3cc(NC=O)cc4c5cc(NC=O)cc6c7cc(NC=O)cc8c9cc(NC=O)cc%10c%11cc(NC=O)cc%12c(c1)c2c1c(c34)c(c56)c(c78)c(c%109)c1c%12%11,pb_HECO_H6,NHCHO_direct,D6h,C6,planar,75.83481166129656,/home/tianyajun/MARL_for_COFs/cof_symmetry_pipeline/output/pycofbuilder/xyz/mol_003844.xyz,pycofbuilder,0.07179716339639133,0.23076608503667573
Brc1cc2c3cc(Br)cc4c5cc(Br)cc6c7cc(Br)cc8c9cc(Br)cc%10c%11cc(Br)cc%12c(c1)c2c1c(c34)c(c56)c(c78)c(c%109)c1c%12%11,pb_HECO_H6,Br_direct,D6h,D6h,planar,187.01578604264023,/home/tianyajun/MARL_for_COFs/cof_symmetry_pipeline/output/pycofbuilder/xyz/mol_003850.xyz,pycofbuilder,7.0922712672788304e-06,1.9905083064264417e-05
Ic1cc2c3cc(I)cc4c5cc(I)cc6c7cc(I)cc8c9cc(I)cc%10c%11cc(I)cc%12c(c1)c2c1c(c34)c(c56)c(c78)c(c%109)c1c%12%11,pb_HECO_H6,I_direct,D6h,D6h,planar,195.64332850003416,/home/tianyajun/MARL_for_COFs/cof_symmetry_pipeline/output/pycofbuilder/xyz/mol_003851.xyz,pycofbuilder,9.172011897756532e-06,2.94213520171116e-05
[O]C(=O)c1cc2c3cc(C([O])=O)cc4c5cc(C([O])=O)cc6c7cc(C([O])=O)cc8c9cc(C([O])=O)cc%10c%11cc(C([O])=O)cc%12c(c1)c2c1c(c34)c(c56)c(c78)c(c%109)c1c%12%11,pb_HECO_H6,PB_COOH,D6h,D6h,planar,760.7722818321303,/home/tianyajun/MARL_for_COFs/cof_symmetry_pipeline/output/pycofbuilder/xyz/mol_003865.xyz,pycofbuilder,1.7133933473359073e-05,7.902161607642455e-05
