SMILES,Core,Arm,Target_PG,Point_Group,Geometry,Energy_kcal_mol,Source,Plane_RMSD,Plane_MaxDist,Package_Index,Molecule_ID,XYZ_RelPath,Num_Atoms,Num_Heavy_Atoms,Num_Bonds,Net_Formal_Charge,Num_Radical_Electrons,Split_IID,Split_Core_OOD
O=Cc1ccc(-c2ccc(-c3ccc(/N=N/c4ccc(-c5ccc(-c6ccc(C=O)cc6)cc5)cc4)cc3)cc2)cc1,azobenzene_C2,CHO_phph,C2,D2,nonplanar,158.9620089849289,original_augmented,0.9831967392369504,2.3142703845449817,0,cof_000000,cof_symmetry_pipeline/output/xyz/aug_000006.xyz,68,42,73,0,0,train,test
NC(=O)c1ccc(/N=N/c2ccc(C(N)=O)cc2)cc1,azobenzene_C2,CONH2_direct,C2,D2,nonplanar,15.322607064826537,original_augmented,0.7761576233278263,1.3588530430882892,1,cof_000001,cof_symmetry_pipeline/output/xyz/mol_000033.xyz,32,20,33,0,0,train,test
[N-]=[N+]=Nc1ccc(-c2ccc(/N=N/c3ccc(-c4ccc(N=[N+]=[N-])cc4)cc3)cc2)cc1,azobenzene_C2,N3_ph,C2,D2,nonplanar,69.26263214192974,original_augmented,0.8764599384621601,2.109251344205168,2,cof_000002,cof_symmetry_pipeline/output/xyz/mol_000895.xyz,48,32,51,0,0,test,test
Sc1ccc(/N=N/c2ccc(S)cc2)cc1,azobenzene_C2,SH_direct,C2,C2,nonplanar,31.104968534848,original_augmented,0.7143060082310025,1.3563327528167173,3,cof_000003,cof_symmetry_pipeline/output/xyz/mol_000498.xyz,26,16,27,0,0,train,test
O=Cc1ccc(-c2ccc(-c3ccc(-c4ccc(-c5ccc(-c6ccc(C=O)cc6)cc5)cc4)cc3)cc2)cc1,biphenyl_C2,CHO_phph,C2,D2,nonplanar,158.57793637200206,original_augmented,0.9831898170741772,1.9745333227912736,4,cof_000004,cof_symmetry_pipeline/output/xyz/mol_001770_s0883.xyz,66,40,71,0,0,test,test
Nc1ccc(OC(=O)c2ccc(-c3ccc(C(=O)Oc4ccc(N)cc4)cc3)cc2)cc1,biphenyl_ester_C2,NH2_ph,C2,D2,nonplanar,113.3734529910176,original_augmented,0.978274860009464,2.367894632864468,5,cof_000005,cof_symmetry_pipeline/output/xyz/mol_000214.xyz,52,32,55,0,0,train,val
O=C(OP(=O)(O)O)c1ccc(-c2ccc(C(=O)OP(=O)(O)O)cc2)cc1,biphenyl_ester_C2,PO3H2_direct,C2,C2,nonplanar,-331.11815080206,original_augmented,0.7954918782550385,1.3456517779442625,6,cof_000006,cof_symmetry_pipeline/output/xyz/mol_000746.xyz,38,26,39,0,0,train,val
C#Cc1ccc(-c2ccc(-c3ccc(-c4ccc(-c5ccc(-c6ccc(C#C)cc6)cc5)cn4)nc3)cc2)cc1,bipyridine_C2,CCH_phph,C2,D2,nonplanar,157.78663638540607,original_augmented,0.6873721124546799,1.7059791918297136,7,cof_000007,cof_symmetry_pipeline/output/xyz/mol_003142_s1009.xyz,64,40,69,0,0,test,val
FC(F)(F)c1ccc(-c2ccc(-c3ccc(-c4ccc(C(F)(F)F)cc4)cn3)nc2)cc1,bipyridine_C2,CF3_ph,C2,D2,nonplanar,167.94023186672547,original_augmented,0.8714484047815113,1.7024282308585588,8,cof_000008,cof_symmetry_pipeline/output/xyz/mol_000308.xyz,46,32,49,0,0,train,val
O=C(O)c1ccc(-c2ccc(-c3ccc(-c4ccc(-c5ccc(-c6ccc(C(=O)O)cc6)cc5)cn4)nc3)cc2)cc1,bipyridine_C2,COOH_phph,C2,D2,nonplanar,148.88034241152866,original_augmented,0.9742448803493684,2.258173835218611,9,cof_000009,cof_symmetry_pipeline/output/xyz/aug_000048.xyz,66,42,71,0,0,train,val
Nc1ccc(-c2ccc(-c3ccc(-c4ccc(-c5ccc(-c6ccc(N)cc6)cc5)cn4)nc3)cc2)cc1,bipyridine_C2,NH2_phph,C2,D2,nonplanar,138.68488109010684,original_augmented,0.65347049433956,1.553903974561249,10,cof_000010,cof_symmetry_pipeline/output/xyz/mol_003110_s1297.xyz,64,38,69,0,0,train,val
CS(=O)(=O)Nc1ccc(-c2ccc(NS(C)(=O)=O)cn2)nc1,bipyridine_C2,NHSO2_direct,C2,C2,nonplanar,-23.553363314473,original_augmented,1.2154970821329905,2.6959890659337304,11,cof_000011,cof_symmetry_pipeline/output/xyz/mol_000335.xyz,36,22,37,0,0,train,val
CC(=O)Nc1ccc(-c2ccc(NC(C)=O)cn2)nc1,bipyridine_C2,NHacetyl_direct,C2,C2,planar,45.394621123953584,original_augmented,0.3074825899836907,1.0307353583276324,12,cof_000012,cof_symmetry_pipeline/output/xyz/mol_000333.xyz,34,20,35,0,0,train,val
O=[N+]([O-])c1ccc(-c2ccc(-c3ccc(-c4ccc(-c5ccc(-c6ccc([N+](=O)[O-])cc6)cc5)cn4)nc3)cc2)cc1,bipyridine_C2,NO2_phph,C2,D2,nonplanar,225.4627589203505,original_augmented,0.6865485845591339,1.6995398511258504,13,cof_000013,cof_symmetry_pipeline/output/xyz/mol_000347.xyz,64,42,69,0,0,train,val
Oc1ccc(-c2ccc(-c3ccc(-c4ccc(-c5ccc(-c6ccc(O)cc6)cc5)cn4)nc3)cc2)cc1,bipyridine_C2,OH_phph,C2,D2,nonplanar,136.7271861805344,original_augmented,0.6855735149138926,1.092990776923736,14,cof_000014,cof_symmetry_pipeline/output/xyz/mol_000348.xyz,62,38,67,0,0,train,val
N#Cc1ccc(-c2ccc(C(=O)Nc3ccc(NC(=O)c4ccc(-c5ccc(C#N)cc5)cc4)cc3)cc2)cc1,bis_benzamide_C2,CN_phph,C2,C2,nonplanar,123.54165620515558,original_augmented,0.6215604726215654,1.4421398418401266,15,cof_000015,cof_symmetry_pipeline/output/xyz/mol_000416.xyz,62,40,66,0,0,train,val
O=C(Nc1ccc(NC(=O)c2ccc(O)cc2)cc1)c1ccc(O)cc1,bis_benzamide_C2,OH_ph,C2,C2,nonplanar,26.396661626705683,original_augmented,0.7115165239934469,1.491714959008668,16,cof_000016,cof_symmetry_pipeline/output/xyz/mol_000366.xyz,42,26,44,0,0,test,val
NS(=O)(=O)C(=O)Nc1ccc(NC(=O)S(N)(=O)=O)cc1,bis_benzamide_C2,SO2NH2_direct,C2,C2,nonplanar,61.873167789802864,original_augmented,0.6314670888516887,1.39327285647518,17,cof_000017,cof_symmetry_pipeline/output/xyz/mol_000388.xyz,30,20,30,0,0,train,val
C#Cc1ccc(-c2ccc(C(=O)Oc3ccc(OC(=O)c4ccc(-c5ccc(C#C)cc5)cc4)cc3)cc2)cc1,bis_benzoate_C2,CCH_phph,C2,D2,nonplanar,155.8864434496581,original_augmented,0.9156939734824904,2.1673908089350795,18,cof_000018,cof_symmetry_pipeline/output/xyz/mol_000428.xyz,62,40,66,0,0,train,train
O=Cc1ccc(-c2ccc(C(=O)Oc3ccc(OC(=O)c4ccc(-c5ccc(C=O)cc5)cc4)cc3)cc2)cc1,bis_benzoate_C2,CHO_phph,C2,D2,nonplanar,186.7675752256937,original_augmented,0.902408273602058,2.204101736622368,19,cof_000019,cof_symmetry_pipeline/output/xyz/mol_000421.xyz,62,40,66,0,0,train,train
O=CC#CC#Cc1ccc2cc3cc(C#CC#CC=O)ccc3cc2c1,bis_ethynyl_anthracene_C2,CCCHO_direct,C2,C2h,planar,37.15247792125124,original_augmented,0.0636566792685781,0.2725935652027745,20,cof_000020,cof_symmetry_pipeline/output/xyz/mol_000529.xyz,36,26,38,0,0,train,train
O=C(O)C#CC#Cc1ccc2cc3cc(C#CC#CC(=O)O)ccc3cc2c1,bis_ethynyl_anthracene_C2,CCCOOH_direct,C2,C2,planar,-27.25455480792033,original_augmented,0.1036501557924277,0.3224108398087768,21,cof_000021,cof_symmetry_pipeline/output/xyz/mol_000532.xyz,38,28,40,0,0,train,train
Clc1ccc(C#Cc2ccc3cc4cc(C#Cc5ccc(Cl)cc5)ccc4cc3c2)cc1,bis_ethynyl_anthracene_C2,Cl_ph,C2,D2h,nonplanar,65.01351334985767,original_augmented,0.9998595489495796,2.1711479499182995,22,cof_000022,cof_symmetry_pipeline/output/xyz/mol_000520.xyz,48,32,52,0,0,train,train
COC(=O)C#CC#Cc1ccc2cc(C#CC#CC(=O)OC)ccc2c1,bis_ethynyl_naphthalene_C2,CCCOOMe_direct,C2,C2,planar,1.641342828499277,original_augmented,0.3146153256510514,0.9853108194684204,23,cof_000023,cof_symmetry_pipeline/output/xyz/mol_000608.xyz,38,26,39,0,0,train,train
[N-]=[N+]=NC#Cc1ccc2cc(C#CN=[N+]=[N-])ccc2c1,bis_ethynyl_naphthalene_C2,N3_direct,C2,C2,planar,19.50002999423885,original_augmented,0.302659751412109,1.0461171836973429,24,cof_000024,cof_symmetry_pipeline/output/xyz/mol_000578.xyz,26,20,27,0,0,train,train
O=C(O)C#Cc1ccc(C(=O)Oc2ccc(OC(=O)c3ccc(C#CC(=O)O)cc3)cc2)cc1,bis_phenyl_ester_C2,CCCOOH_direct,C2,C2,nonplanar,50.9015428525394,original_augmented,0.9089366694489954,2.1783071603480977,25,cof_000025,cof_symmetry_pipeline/output/xyz/mol_000651.xyz,48,34,50,0,0,train,val
N#CNc1ccc(C(=O)Oc2ccc(OC(=O)c3ccc(NC#N)cc3)cc2)cc1,bis_phenyl_ester_C2,NHCN_direct,C2,C2,nonplanar,55.45059572979029,original_augmented,0.860048598187535,2.1643807923749185,26,cof_000026,cof_symmetry_pipeline/output/xyz/mol_000663.xyz,44,30,46,0,0,train,val
NS(=O)(=O)c1ccc(C(=O)Oc2ccc(OC(=O)c3ccc(S(N)(=O)=O)cc3)cc2)cc1,bis_phenyl_ester_C2,SO2NH2_direct,C2,C2,nonplanar,-36.23011173443499,original_augmented,1.074717273900462,2.2072238061972724,27,cof_000027,cof_symmetry_pipeline/output/xyz/mol_000647.xyz,48,32,50,0,0,train,val
C[Si](C)(C)c1ccc(C(=O)Oc2ccc(OC(=O)c3ccc([Si](C)(C)C)cc3)cc2)cc1,bis_phenyl_ester_C2,SiMe3_direct,C2,C2,nonplanar,125.80913581880628,original_augmented,1.197603180680183,2.4896695096411565,28,cof_000028,cof_symmetry_pipeline/output/xyz/mol_000669.xyz,62,32,64,0,0,train,val
C=Cc1ccc(C(=O)Oc2ccc(OC(=O)c3ccc(C=C)cc3)cc2)cc1,bis_phenyl_ester_C2,vinyl_direct,C2,C2,nonplanar,122.12796253021456,original_augmented,0.7879059289743225,2.225553871940337,29,cof_000029,cof_symmetry_pipeline/output/xyz/mol_000634.xyz,46,28,48,0,0,train,val
Nc1ccc(-c2ccc(C#Cc3ccc(C#Cc4ccc(-c5ccc(N)cc5)cc4)cc3)cc2)cc1,bis_phenylethynyl_benzene_C2,NH2_ph,C2,D2,nonplanar,70.39443397553819,original_augmented,0.7177171862164758,1.684318500817953,30,cof_000030,cof_symmetry_pipeline/output/xyz/mol_000682.xyz,60,36,64,0,0,train,train
CC(=O)Nc1ccc(C#Cc2ccc(C#Cc3ccc(NC(C)=O)cc3)cc2)cc1,bis_phenylethynyl_benzene_C2,NHacetyl_direct,C2,D2,nonplanar,10.53024321745549,original_augmented,0.7650967559301728,2.174496624963072,31,cof_000031,cof_symmetry_pipeline/output/xyz/aug_000143.xyz,50,30,52,0,0,train,train
[N-]=[N+]=Nc1ccc(-c2ccc(C#Cc3ccc(C#Cc4ccc(-c5ccc(N=[N+]=[N-])cc5)cc4)s3)cc2)cc1,bis_phenylethynyl_thiophene_C2,N3_ph,C2,C2,nonplanar,64.91654862989041,original_augmented,1.18079266086613,2.0536913319847017,32,cof_000032,cof_symmetry_pipeline/output/xyz/mol_000806.xyz,57,39,61,0,0,train,test
O=S(=O)(Cl)c1ccc(C#Cc2ccc(C#Cc3ccc(S(=O)(=O)Cl)cc3)s2)cc1,bis_phenylethynyl_thiophene_C2,SO2Cl_direct,C2,C2,nonplanar,99.3047718902638,original_augmented,1.1665086430936835,2.094706207271385,33,cof_000033,cof_symmetry_pipeline/output/xyz/mol_000812.xyz,39,29,41,0,0,train,test
NC(=O)S(=O)(=O)Nc1ccc(NS(=O)(=O)C(N)=O)cc1,bis_sulfonamide_C2,CONH2_direct,C2,C2,nonplanar,123.48183796341569,original_augmented,1.2075584850664025,2.2753843070475286,34,cof_000034,cof_symmetry_pipeline/output/xyz/mol_000851.xyz,30,20,30,0,0,train,train
COc1ccc(S(=O)(=O)Nc2ccc(NS(=O)(=O)c3ccc(OC)cc3)cc2)cc1,bis_sulfonamide_C2,OMe_ph,C2,C2,nonplanar,-22.31373677538771,original_augmented,1.287338071365122,2.255546834799139,35,cof_000035,cof_symmetry_pipeline/output/xyz/mol_000853.xyz,50,30,52,0,0,train,train
FC(F)(F)c1ccc(-c2ccc(-c3ccc(-c4ccc(C(F)(F)F)cc4)s3)s2)cc1,bithiophene_C2,CF3_ph,C2,C2,nonplanar,114.9258376668388,original_augmented,0.7289953942560424,1.3324048036285756,36,cof_000036,cof_symmetry_pipeline/output/xyz/aug_000227.xyz,42,30,45,0,0,train,train
OB(O)c1ccc(C#Cc2ccc(B(O)O)cc2)cc1,diphenylacetylene_C2,BOH2_direct,C2,C2v,planar,23.223202070972285,original_augmented,0.4484523540007787,1.303009604733928,37,cof_000037,cof_symmetry_pipeline/output/xyz/mol_002715_s0251.xyz,32,20,33,0,0,train,train
CC(=O)Oc1ccc(C#CC#Cc2ccc(OC(C)=O)cc2)cc1,diphenyldiacetylene_C2,Oacetyl_direct,C2,D2,nonplanar,47.49368412361192,original_augmented,0.8754554269201861,1.6550846623856872,38,cof_000038,cof_symmetry_pipeline/output/xyz/mol_001199.xyz,38,24,39,0,0,train,train
O=C(NB(O)O)C(=O)NB(O)O,oxamide_C2,BOH2_direct,C2,C2,nonplanar,6.700374753033438,original_augmented,0.6046410164694171,1.3142840860889673,39,cof_000039,cof_symmetry_pipeline/output/xyz/mol_001293.xyz,18,12,17,0,0,train,train
O=Cc1ccc(-c2ccc(NC(=O)C(=O)Nc3ccc(-c4ccc(C=O)cc4)cc3)cc2)cc1,oxamide_C2,CHO_phph,C2,D2,nonplanar,122.7480953883873,original_augmented,0.7949317543382044,1.7475816971762854,40,cof_000040,cof_symmetry_pipeline/output/xyz/mol_001289.xyz,54,34,57,0,0,train,train
FC(F)(F)C#Cc1cnc(-c2cnc(C#CC(F)(F)F)cn2)cn1,pyrazine_phenyl_C2,CCCF3_direct,C2,C2,planar,149.43064696704727,original_augmented,0.4135485703501793,1.2612043529035808,41,cof_000041,cof_symmetry_pipeline/output/xyz/mol_001673.xyz,28,24,29,0,0,train,train
COc1ccc(-c2cnc(-c3cnc(-c4ccc(OC)cc4)cn3)cn2)cc1,pyrazine_phenyl_C2,OMe_ph,C2,C2,nonplanar,203.83251503746465,original_augmented,0.5800261950691432,1.4694417707332572,42,cof_000042,cof_symmetry_pipeline/output/xyz/mol_001662.xyz,46,28,49,0,0,train,train
O=P(O)(O)c1cnc(-c2cnc(P(=O)(O)O)cn2)cn1,pyrazine_phenyl_C2,PO3H2_direct,C2,C2h,nonplanar,-18.01987192251098,original_augmented,0.625817493021015,1.4545360833654588,43,cof_000043,cof_symmetry_pipeline/output/xyz/mol_001654.xyz,28,20,29,0,0,train,train
CC(=O)c1ccc(-c2cnc(-c3cnc(-c4ccc(C(C)=O)cc4)cn3)cn2)cc1,pyrazine_phenyl_C2,acetyl_ph,C2,C2,planar,235.9636129367979,original_augmented,0.4436761013817876,1.06962794188402,44,cof_000044,cof_symmetry_pipeline/output/xyz/mol_001665.xyz,48,30,51,0,0,train,train
C#Cc1ccc(-c2ccc(/C=C/c3ccc(-c4ccc(C#C)cc4)cc3)cc2)cc1,stilbene_C2,CCH_ph,C2,C2,nonplanar,81.96192706651576,original_augmented,0.6737069634185665,1.3975862721028098,45,cof_000045,cof_symmetry_pipeline/output/xyz/mol_000775.xyz,50,30,53,0,0,val,train
O=Cc1ccc(-c2ccc(-c3ccc(/C=C/c4ccc(-c5ccc(-c6ccc(C=O)cc6)cc5)cc4)cc3)cc2)cc1,stilbene_C2,CHO_phph,C2,D2,nonplanar,157.64460858773134,original_augmented,1.0137468383093684,2.1265415150815192,46,cof_000046,cof_symmetry_pipeline/output/xyz/aug_000559.xyz,70,42,75,0,0,train,train
Cc1ccc(-c2ccc(/C=C/c3ccc(-c4ccc(C)cc4)cc3)cc2)cc1,stilbene_C2,methyl_ph,C2,C2,nonplanar,87.6443529094201,original_augmented,0.7044878321761661,1.3693744093160574,47,cof_000047,cof_symmetry_pipeline/output/xyz/mol_002232_s0631.xyz,52,28,55,0,0,val,train
N#COC#CC(C#COC#N)(C#COC#N)C#COC#N,tetra_ethynyl_methane_C4,OCN_direct,S4,S4,nonplanar,1.7033258078795066,original_augmented,2.017229246599256,2.662700072409885,48,cof_000048,cof_symmetry_pipeline/output/xyz/mol_001818.xyz,21,21,20,0,0,train,train
COC#CC(C#COC)(C#COC)C#COC,tetra_ethynyl_methane_C4,OMe_direct,S4,S4,nonplanar,3.0699869694157806,original_augmented,1.9657487406838905,2.8494037044400518,49,cof_000049,cof_symmetry_pipeline/output/xyz/aug_000634.xyz,29,17,28,0,0,train,train
OB(O)c1c(F)c(F)c(B(O)O)c(F)c1F,tetrafluorobenzene_C4,BOH2_direct,C2,C2,planar,18.19543913092223,original_augmented,0.4075541388046471,0.8636117235147655,50,cof_000050,cof_symmetry_pipeline/output/xyz/mol_001228_s1907.xyz,20,16,20,0,0,train,train
[N-]=[N+]=Nc1ccc(-c2c(F)c(F)c(-c3ccc(N=[N+]=[N-])cc3)c(F)c2F)cc1,tetrafluorobenzene_C4,N3_ph,C2,C2,nonplanar,56.00119717293801,original_augmented,0.9375169895884872,1.726072461222792,51,cof_000051,cof_symmetry_pipeline/output/xyz/mol_001895.xyz,36,28,38,0,0,train,train
O=S(=O)(O)c1c(F)c(F)c(S(=O)(=O)O)c(F)c1F,tetrafluorobenzene_C4,SO3H_direct,C2,C2,nonplanar,-172.81096164132927,original_augmented,0.5655495731507822,1.3744105525672392,52,cof_000052,cof_symmetry_pipeline/output/xyz/aug_000654.xyz,20,18,20,0,0,test,train
O=C(Cl)c1ccc([Si](c2ccc(C(=O)Cl)cc2)(c2ccc(C(=O)Cl)cc2)c2ccc(C(=O)Cl)cc2)cc1,tetraphenyl_silane_C4,COCl_direct,S4,S4,nonplanar,241.05560144929103,original_augmented,2.655144627234245,6.030525606178029,53,cof_000053,cof_symmetry_pipeline/output/xyz/mol_001943.xyz,53,37,56,0,0,train,train
O=C=Nc1ccc([Si](c2ccc(N=C=O)cc2)(c2ccc(N=C=O)cc2)c2ccc(N=C=O)cc2)cc1,tetraphenyl_silane_C4,NCO_direct,S4,S4,nonplanar,114.31298901775048,original_augmented,2.5252928263331422,4.98420295299098,54,cof_000054,cof_symmetry_pipeline/output/xyz/mol_001931.xyz,53,37,56,0,0,train,train
O=COc1ccc([Si](c2ccc(OC=O)cc2)(c2ccc(OC=O)cc2)c2ccc(OC=O)cc2)cc1,tetraphenyl_silane_C4,OCHO_direct,S4,S4,nonplanar,172.9979548326624,original_augmented,2.633103350279111,5.3923156730974,55,cof_000055,cof_symmetry_pipeline/output/xyz/mol_001957.xyz,57,37,60,0,0,train,train
Nc1ccc(C(c2ccc(N)cc2)(c2ccc(N)cc2)c2ccc(N)cc2)cc1,tetraphenylmethane_C4,NH2_direct,S4,D2d,nonplanar,111.9073935112678,original_augmented,2.33242365001061,4.293441336678319,56,cof_000056,cof_symmetry_pipeline/output/xyz/aug_000740.xyz,53,29,56,0,0,train,train
O=P(Cl)(Cl)c1ccc(C(c2ccc(P(=O)(Cl)Cl)cc2)(c2ccc(P(=O)(Cl)Cl)cc2)c2ccc(P(=O)(Cl)Cl)cc2)cc1,tetraphenylmethane_C4,POCl2_direct,S4,S4,nonplanar,284.2352940247124,original_augmented,2.563534566134286,5.036397890660687,57,cof_000057,cof_symmetry_pipeline/output/xyz/aug_000755.xyz,57,41,60,0,0,train,train
Sc1ccc(C(c2ccc(S)cc2)(c2ccc(S)cc2)c2ccc(S)cc2)cc1,tetraphenylmethane_C4,SH_direct,S4,S4,nonplanar,136.32604409410817,original_augmented,2.3202749192185026,4.882314841319624,58,cof_000058,cof_symmetry_pipeline/output/xyz/aug_000756.xyz,49,29,52,0,0,test,train
C#Cc1ccc(Nc2nc(Nc3ccc(C#C)cc3)nc(Nc3ccc(C#C)cc3)n2)cc1,triaminotriazine_C3,CCH_ph,C3,C3,planar,-185.9567164675913,original_augmented,0.0814397205768105,0.2308380548176054,59,cof_000059,cof_symmetry_pipeline/output/xyz/mol_001520_s0137.xyz,51,33,54,0,0,train,train
O=Cc1ccc(Nc2nc(Nc3ccc(C=O)cc3)nc(Nc3ccc(C=O)cc3)n2)cc1,triaminotriazine_C3,CHO_ph,C3,C3,planar,-140.04749126682137,original_augmented,0.132378874811679,0.3245716275474111,60,cof_000060,cof_symmetry_pipeline/output/xyz/mol_001517_s1297.xyz,51,33,54,0,0,test,train
O=C(O)c1ccc(Nc2nc(Nc3ccc(C(=O)O)cc3)nc(Nc3ccc(C(=O)O)cc3)n2)cc1,triaminotriazine_C3,COOH_ph,C3,C3h,planar,-199.4577552229868,original_augmented,0.0040606375567383,0.0100602782235834,61,cof_000061,cof_symmetry_pipeline/output/xyz/mol_001555_s0383.xyz,54,36,57,0,0,train,train
[N-]=[N+]=NNc1nc(NN=[N+]=[N-])nc(NN=[N+]=[N-])n1,triaminotriazine_C3,N3_direct,C3,C3,planar,-93.55059544217264,original_augmented,0.3097532671001676,0.5614932984113779,62,cof_000062,cof_symmetry_pipeline/output/xyz/mol_001580_s0383.xyz,21,18,21,0,0,train,train
ONc1nc(NO)nc(NO)n1,triaminotriazine_C3,OH_direct,C3,C3,planar,-131.2851857129429,original_augmented,0.2059101111118999,0.3688057612202637,63,cof_000063,cof_symmetry_pipeline/output/xyz/mol_001559_s0137.xyz,18,12,18,0,0,test,train
Oc1ccc(Nc2nc(Nc3ccc(O)cc3)nc(Nc3ccc(O)cc3)n2)cc1,triaminotriazine_C3,OH_ph,C3,C3,planar,-218.04005008823336,original_augmented,0.0807624966999222,0.2320157246573253,64,cof_000064,cof_symmetry_pipeline/output/xyz/mol_001569_s1297.xyz,48,30,51,0,0,train,train
O=CC#Cc1nc(C#CC=O)nc(C#CC=O)n1,triazine_C3,CCCHO_direct,C3,C3h,planar,-115.41784442515966,original_augmented,0.0185586893856759,0.0481739109283959,65,cof_000065,cof_symmetry_pipeline/output/xyz/mol_002316_s1151.xyz,21,18,21,0,0,val,train
O=C(O)c1ccc(-c2ccc(-c3nc(-c4ccc(-c5ccc(C(=O)O)cc5)cc4)nc(-c4ccc(-c5ccc(C(=O)O)cc5)cc4)n3)cc2)cc1,triazine_C3,COOH_phph,C3,C3,nonplanar,54.48295552523827,original_augmented,0.8012853358182944,1.7146767407979862,66,cof_000066,cof_symmetry_pipeline/output/xyz/mol_002180.xyz,78,51,84,0,0,train,train
N#CSc1nc(SC#N)nc(SC#N)n1,triazine_C3,SCN_direct,C3,C3,nonplanar,-180.95506138378045,original_augmented,0.989374026977548,1.6495754703856207,67,cof_000067,cof_symmetry_pipeline/output/xyz/mol_002562_s0631.xyz,15,15,15,0,0,train,train
CC(=O)c1nc(C(C)=O)nc(C(C)=O)n1,triazine_C3,acetyl_direct,C3,C3h,planar,15.67602929996088,original_augmented,0.4495863585360204,0.8991792988839277,68,cof_000068,cof_symmetry_pipeline/output/xyz/mol_001551_s0251.xyz,24,15,24,0,0,train,train
FC(F)(F)c1ccc(-c2ccc(-c3nc(-c4ccc(-c5ccc(C(F)(F)F)cc5)cc4)nc(-c4ccc(-c5ccc(C(F)(F)F)cc5)cc4)n3)cc2)cc1,triazine_triphenyl_C3,CF3_ph,C3,C3,nonplanar,150.2069812986973,original_augmented,0.8291311504438655,1.7381769967491427,69,cof_000069,cof_symmetry_pipeline/output/xyz/mol_002195.xyz,78,54,84,0,0,train,train
[N-]=[N+]=NC#Cc1cc(C#CN=[N+]=[N-])cc(C#CN=[N+]=[N-])c1,triethynylbenzene_C3,N3_direct,C3,C3,planar,-3.353389265790956,original_augmented,0.0777755079962822,0.2822415079616283,70,cof_000070,cof_symmetry_pipeline/output/xyz/mol_002252.xyz,24,21,24,0,0,test,train
Oc1ccc(C#Cc2cc(C#Cc3ccc(O)cc3)cc(C#Cc3ccc(O)cc3)c2)cc1,triethynylbenzene_C3,OH_ph,C3,C3,nonplanar,17.203959270764404,original_augmented,1.2130361696782974,2.214083301231531,71,cof_000071,cof_symmetry_pipeline/output/xyz/mol_000911_s0631.xyz,51,33,54,0,0,train,train
N#Cc1ccc(C#Cc2nc(C#Cc3ccc(C#N)cc3)nc(C#Cc3ccc(C#N)cc3)n2)cc1,triethynyltriazine_C3,CN_ph,C3,D3,planar,-21.63906361350849,original_augmented,0.028841470319224,0.0679052092988166,72,cof_000072,cof_symmetry_pipeline/output/xyz/mol_002311.xyz,48,36,51,0,0,train,train
O=C(Cl)C#Cc1nc(C#CC(=O)Cl)nc(C#CC(=O)Cl)n1,triethynyltriazine_C3,COCl_direct,C3,C3v,nonplanar,-119.91431515561383,original_augmented,0.7127991086859196,1.5065803654863894,73,cof_000073,cof_symmetry_pipeline/output/xyz/mol_002330.xyz,21,21,21,0,0,train,train
NC(=O)C#Cc1nc(C#CC(N)=O)nc(C#CC(N)=O)n1,triethynyltriazine_C3,CONH2_direct,C3,C3h,planar,-246.53447869547068,original_augmented,0.0427322953202286,0.1191016167177252,74,cof_000074,cof_symmetry_pipeline/output/xyz/mol_001350.xyz,27,21,27,0,0,train,train
Clc1ccc(C#Cc2nc(C#Cc3ccc(Cl)cc3)nc(C#Cc3ccc(Cl)cc3)n2)cc1,triethynyltriazine_C3,Cl_ph,C3,D3,planar,-67.23449406795858,original_augmented,0.2129520005124547,0.491607601225964,75,cof_000075,cof_symmetry_pipeline/output/xyz/mol_001349.xyz,45,33,48,0,0,train,train
O=CNC#Cc1nc(C#CNC=O)nc(C#CNC=O)n1,triethynyltriazine_C3,NHCHO_direct,C3,C3h,planar,-152.64605760532638,original_augmented,0.0234593079506647,0.0759703626523906,76,cof_000076,cof_symmetry_pipeline/output/xyz/aug_000910.xyz,27,21,27,0,0,train,train
N#CNOc1cc(ONC#N)cc(ONC#N)c1,trihydroxybenzene_C3,NHCN_direct,C3,C3,nonplanar,-24.77658738511405,original_augmented,0.6016348845130517,1.4290257135019142,77,cof_000077,cof_symmetry_pipeline/output/xyz/mol_002418.xyz,24,18,24,0,0,train,train
O=S(=O)(Cl)Oc1cc(OS(=O)(=O)Cl)cc(OS(=O)(=O)Cl)c1,trihydroxybenzene_C3,SO2Cl_direct,C3,C3,nonplanar,20.72870955491439,original_augmented,0.9975043734710916,2.0362549505894805,78,cof_000078,cof_symmetry_pipeline/output/xyz/aug_000967.xyz,24,21,24,0,0,train,train
O=C(OS(=O)(=O)Cl)c1cc(C(=O)OS(=O)(=O)Cl)cc(C(=O)OS(=O)(=O)Cl)c1,trimesic_ester_C3,SO2Cl_direct,C3,C3h,nonplanar,-139.9295414206364,original_augmented,0.5697080012975825,1.274456358598571,79,cof_000079,cof_symmetry_pipeline/output/xyz/aug_001006.xyz,30,27,30,0,0,train,train
[N-]=[N+]=NNC(=O)c1cc(C(=O)NN=[N+]=[N-])cc(C(=O)NN=[N+]=[N-])c1,trimesic_tris_amide_C3,N3_direct,C3,C3,planar,125.68829223929129,original_augmented,0.3410505465861165,0.6881947412835019,80,cof_000080,cof_symmetry_pipeline/output/xyz/aug_001042.xyz,30,24,30,0,0,train,train
N#CNNC(=O)c1cc(C(=O)NNC#N)cc(C(=O)NNC#N)c1,trimesic_tris_amide_C3,NHCN_direct,C3,C3,nonplanar,100.79852662259698,original_augmented,0.8537989111394896,2.188505621131248,81,cof_000081,cof_symmetry_pipeline/output/xyz/mol_002558.xyz,33,24,33,0,0,val,train
Oc1ccc(-c2ccc(-c3cc(-c4ccc(-c5ccc(O)cc5)cc4)cc(-c4ccc(-c5ccc(O)cc5)cc4)c3)cc2)cc1,triphenylbenzene_C3,OH_ph,C3,C3,nonplanar,113.6984654779377,original_augmented,0.7880765433325392,1.8037633415393968,82,cof_000082,cof_symmetry_pipeline/output/xyz/aug_001105.xyz,75,45,81,0,0,train,train
Sc1ccc(-c2cc(-c3ccc(S)cc3)cc(-c3ccc(S)cc3)c2)cc1,triphenylbenzene_C3,SH_direct,C3,C3,nonplanar,67.889731978482,original_augmented,1.0782343315341096,1.829126887522064,83,cof_000083,cof_symmetry_pipeline/output/xyz/mol_002591.xyz,45,27,48,0,0,train,train
O=S(=O)(Cl)c1ccc(-c2cc(-c3ccc(S(=O)(=O)Cl)cc3)cc(-c3ccc(S(=O)(=O)Cl)cc3)c2)cc1,triphenylbenzene_C3,SO2Cl_direct,C3,C3,nonplanar,174.96779294852297,original_augmented,1.0832230866136503,1.8011228877965353,84,cof_000084,cof_symmetry_pipeline/output/xyz/mol_002637.xyz,51,36,54,0,0,train,train
ClC#Cc1ccc(-c2cc(-c3ccc(C#CCl)cc3)cc(-c3ccc(C#CCl)cc3)c2)cc1,tris_ethynyl_triphenyl_C3,Cl_direct,C3,D3,nonplanar,77.60888612607106,original_augmented,0.9976869516451292,1.7464964192951773,85,cof_000085,cof_symmetry_pipeline/output/xyz/mol_002665.xyz,48,33,51,0,0,train,train
Brc1ccc(/N=N/c2ccc(Br)cc2)cc1,azobenzene_C2,Br_direct,C2,D2,nonplanar,37.176149983991735,original_remaining,0.7259401742420624,1.310698342874399,86,cof_000086,cof_symmetry_pipeline/output/xyz/aug_000000.xyz,24,16,25,0,0,train,test
O=CC#Cc1ccc(/N=N/c2ccc(C#CC=O)cc2)cc1,azobenzene_C2,CCCHO_direct,C2,C2,nonplanar,41.95744250408075,original_remaining,0.637960383135324,1.4000980729184187,87,cof_000087,cof_symmetry_pipeline/output/xyz/aug_000001.xyz,32,22,33,0,0,train,test
N#CC#Cc1ccc(/N=N/c2ccc(C#CC#N)cc2)cc1,azobenzene_C2,CCCN_direct,C2,D2,nonplanar,42.277054423830606,original_remaining,0.6806358127655301,1.4100971405996974,88,cof_000088,cof_symmetry_pipeline/output/xyz/aug_000002.xyz,30,22,31,0,0,train,test
O=C(O)C#Cc1ccc(/N=N/c2ccc(C#CC(=O)O)cc2)cc1,azobenzene_C2,CCCOOH_direct,C2,C2,nonplanar,-21.90581943411859,original_remaining,0.6353157639630763,1.369553974504064,89,cof_000089,cof_symmetry_pipeline/output/xyz/aug_000003.xyz,34,24,35,0,0,train,test
COC(=O)C#Cc1ccc(/N=N/c2ccc(C#CC(=O)OC)cc2)cc1,azobenzene_C2,CCCOOMe_direct,C2,C2,nonplanar,19.825668125701245,original_remaining,0.6589402200334973,1.3881139739127668,90,cof_000090,cof_symmetry_pipeline/output/xyz/aug_000004.xyz,40,26,41,0,0,train,test
C#Cc1ccc(-c2ccc(/N=N/c3ccc(-c4ccc(C#C)cc4)cc3)cc2)cc1,azobenzene_C2,CCH_ph,C2,D2,nonplanar,83.26937796991236,original_remaining,0.9914912777617846,2.089260817094309,91,cof_000091,cof_symmetry_pipeline/output/xyz/aug_000005.xyz,48,30,51,0,0,train,test
NC#Cc1ccc(/N=N/c2ccc(C#CN)cc2)cc1,azobenzene_C2,CCNH2_direct,C2,C2,nonplanar,29.081510692393174,original_remaining,0.7032994890688679,1.4024686863092342,92,cof_000092,cof_symmetry_pipeline/output/xyz/aug_000007.xyz,32,20,33,0,0,val,test
O=[N+]([O-])C#Cc1ccc(/N=N/c2ccc(C#C[N+](=O)[O-])cc2)cc1,azobenzene_C2,CCNO2_direct,C2,C2,nonplanar,46.99443375971524,original_remaining,0.6803063689810912,1.408406584374761,93,cof_000093,cof_symmetry_pipeline/output/xyz/aug_000008.xyz,32,24,33,0,0,train,test
OC#Cc1ccc(/N=N/c2ccc(C#CO)cc2)cc1,azobenzene_C2,CCOH_direct,C2,C2,nonplanar,34.01604726670393,original_remaining,0.7116686327505535,1.414564037263702,94,cof_000094,cof_symmetry_pipeline/output/xyz/aug_000009.xyz,30,20,31,0,0,train,test
CC(=O)C#Cc1ccc(/N=N/c2ccc(C#CC(C)=O)cc2)cc1,azobenzene_C2,CCacetyl_direct,C2,C2,nonplanar,45.50213004069043,original_remaining,0.658758246887384,1.3820123101877044,95,cof_000095,cof_symmetry_pipeline/output/xyz/aug_000010.xyz,38,24,39,0,0,train,test
FC(F)(F)c1ccc(/N=N/c2ccc(C(F)(F)F)cc2)cc1,azobenzene_C2,CF3_direct,C2,D2,nonplanar,94.99477014030424,original_remaining,0.7723584842532754,1.368392830850962,96,cof_000096,cof_symmetry_pipeline/output/xyz/aug_000011.xyz,30,22,31,0,0,train,test
O=Cc1ccc(/N=N/c2ccc(C=O)cc2)cc1,azobenzene_C2,CHO_direct,C2,C2,nonplanar,69.22533172916505,original_remaining,0.7087503097134109,1.3552897789645904,97,cof_000097,cof_symmetry_pipeline/output/xyz/aug_000012.xyz,28,18,29,0,0,train,test
N#Cc1ccc(/N=N/c2ccc(C#N)cc2)cc1,azobenzene_C2,CN_direct,C2,C2,nonplanar,66.56850644597682,original_remaining,0.7019936567502199,1.3357171799199734,98,cof_000098,cof_symmetry_pipeline/output/xyz/aug_000014.xyz,26,18,27,0,0,train,test
N#Cc1ccc(-c2ccc(/N=N/c3ccc(-c4ccc(C#N)cc4)cc3)cc2)cc1,azobenzene_C2,CN_ph,C2,C2,nonplanar,125.06942011776634,original_remaining,1.1793797593733055,2.249602145006714,99,cof_000099,cof_symmetry_pipeline/output/xyz/aug_000015.xyz,46,30,49,0,0,train,test
O=C(Cl)c1ccc(/N=N/c2ccc(C(=O)Cl)cc2)cc1,azobenzene_C2,COCl_direct,C2,C2,nonplanar,90.71997792142048,original_remaining,0.7331827278706031,1.3705511918896809,100,cof_000100,cof_symmetry_pipeline/output/xyz/aug_000016.xyz,28,20,29,0,0,train,test
O=C(O)c1ccc(/N=N/c2ccc(C(=O)O)cc2)cc1,azobenzene_C2,COOH_direct,C2,C2,nonplanar,29.42205549999795,original_remaining,0.6683711327983489,1.3162551913742049,101,cof_000101,cof_symmetry_pipeline/output/xyz/aug_000017.xyz,30,20,31,0,0,train,test
COC(=O)c1ccc(/N=N/c2ccc(C(=O)OC)cc2)cc1,azobenzene_C2,COOMe_direct,C2,C2,nonplanar,66.67691127712104,original_remaining,0.7701513778923855,1.4832085785293794,102,cof_000102,cof_symmetry_pipeline/output/xyz/aug_000020.xyz,36,22,37,0,0,train,test
Clc1ccc(/N=N/c2ccc(Cl)cc2)cc1,azobenzene_C2,Cl_direct,C2,C2,nonplanar,35.4713927583754,original_remaining,0.7229004438190331,1.305369384149783,103,cof_000103,cof_symmetry_pipeline/output/xyz/aug_000021.xyz,24,16,25,0,0,test,test
Clc1ccc(-c2ccc(/N=N/c3ccc(-c4ccc(Cl)cc4)cc3)cc2)cc1,azobenzene_C2,Cl_ph,C2,D2,nonplanar,81.25463338897045,original_remaining,0.7248948515449314,1.4476192623847723,104,cof_000104,cof_symmetry_pipeline/output/xyz/aug_000022.xyz,44,28,47,0,0,train,test
Ic1ccc(/N=N/c2ccc(I)cc2)cc1,azobenzene_C2,I_direct,C2,D2,nonplanar,38.89128687341806,original_remaining,0.7291372772079235,1.316376263816581,105,cof_000105,cof_symmetry_pipeline/output/xyz/aug_000023.xyz,24,16,25,0,0,train,test
[N-]=[N+]=Nc1ccc(/N=N/c2ccc(N=[N+]=[N-])cc2)cc1,azobenzene_C2,N3_direct,C2,D2,nonplanar,23.28212067957839,original_remaining,0.8964964182463487,1.613513974716691,106,cof_000106,cof_symmetry_pipeline/output/xyz/aug_000024.xyz,28,20,29,0,0,train,test
O=C=Nc1ccc(/N=N/c2ccc(N=C=O)cc2)cc1,azobenzene_C2,NCO_direct,C2,D2,nonplanar,25.170013375266286,original_remaining,0.8912350576172744,1.5923221400635146,107,cof_000107,cof_symmetry_pipeline/output/xyz/aug_000025.xyz,28,20,29,0,0,train,test
S=C=Nc1ccc(/N=N/c2ccc(N=C=S)cc2)cc1,azobenzene_C2,NCS_direct,C2,D2,nonplanar,28.66025690301852,original_remaining,0.959393621818098,1.9770468811520585,108,cof_000108,cof_symmetry_pipeline/output/xyz/aug_000026.xyz,28,20,29,0,0,train,test
Nc1ccc(-c2ccc(/N=N/c3ccc(-c4ccc(N)cc4)cc3)cc2)cc1,azobenzene_C2,NH2_ph,C2,C2,nonplanar,64.13623831203958,original_remaining,0.7688976293791638,1.539099468308762,109,cof_000109,cof_symmetry_pipeline/output/xyz/aug_000028.xyz,48,28,51,0,0,train,test
O=CNc1ccc(/N=N/c2ccc(NC=O)cc2)cc1,azobenzene_C2,NHCHO_direct,C2,C2,nonplanar,-2.231680231318464,original_remaining,0.7880060284186059,1.4821522251455006,110,cof_000110,cof_symmetry_pipeline/output/xyz/aug_000029.xyz,32,20,33,0,0,train,test
N#CNc1ccc(/N=N/c2ccc(NC#N)cc2)cc1,azobenzene_C2,NHCN_direct,C2,C2,nonplanar,-18.39333066516383,original_remaining,0.7228493287061277,1.4740362408626804,111,cof_000111,cof_symmetry_pipeline/output/xyz/aug_000030.xyz,30,20,31,0,0,train,test
CC(=O)Nc1ccc(/N=N/c2ccc(NC(C)=O)cc2)cc1,azobenzene_C2,NHacetyl_direct,C2,C2,nonplanar,3.83664691780689,original_remaining,0.7784870858235149,1.5404970762926675,112,cof_000112,cof_symmetry_pipeline/output/xyz/aug_000031.xyz,38,22,39,0,0,train,test
O=[N+]([O-])c1ccc(/N=N/c2ccc([N+](=O)[O-])cc2)cc1,azobenzene_C2,NO2_direct,C2,C2,nonplanar,106.62921567903338,original_remaining,0.673434371310573,1.2925902071654805,113,cof_000113,cof_symmetry_pipeline/output/xyz/aug_000032.xyz,28,20,29,0,0,train,test
O=[N+]([O-])c1ccc(-c2ccc(/N=N/c3ccc(-c4ccc([N+](=O)[O-])cc4)cc3)cc2)cc1,azobenzene_C2,NO2_ph,C2,C2,nonplanar,150.9582418062035,original_remaining,0.7119797529622799,1.4667467650507788,114,cof_000114,cof_symmetry_pipeline/output/xyz/aug_000033.xyz,48,32,51,0,0,val,test
N#COc1ccc(/N=N/c2ccc(OC#N)cc2)cc1,azobenzene_C2,OCN_direct,C2,C2,nonplanar,52.25070220064279,original_remaining,0.7793699972016139,1.457093142997919,115,cof_000115,cof_symmetry_pipeline/output/xyz/aug_000035.xyz,28,20,29,0,0,train,test
Oc1ccc(/N=N/c2ccc(O)cc2)cc1,azobenzene_C2,OH_direct,C2,C2,nonplanar,16.321313960210126,original_remaining,0.7657453750250941,1.4301375350392889,116,cof_000116,cof_symmetry_pipeline/output/xyz/aug_000036.xyz,26,16,27,0,0,train,test
Oc1ccc(-c2ccc(/N=N/c3ccc(-c4ccc(O)cc4)cc3)cc2)cc1,azobenzene_C2,OH_ph,C2,C2,nonplanar,62.151782098011694,original_remaining,0.7224839126164565,1.449642124534536,117,cof_000117,cof_symmetry_pipeline/output/xyz/aug_000037.xyz,46,28,49,0,0,train,test
COc1ccc(/N=N/c2ccc(OC)cc2)cc1,azobenzene_C2,OMe_direct,C2,C2,nonplanar,45.807481465812685,original_remaining,0.8138760390797576,1.5547873743572929,118,cof_000118,cof_symmetry_pipeline/output/xyz/aug_000038.xyz,32,18,33,0,0,train,test
CC(=O)Oc1ccc(/N=N/c2ccc(OC(C)=O)cc2)cc1,azobenzene_C2,Oacetyl_direct,C2,D2,nonplanar,55.02246888742738,original_remaining,0.7973009693091758,1.587099607049998,119,cof_000119,cof_symmetry_pipeline/output/xyz/aug_000039.xyz,36,22,37,0,0,train,test
O=P(Cl)(Cl)c1ccc(/N=N/c2ccc(P(=O)(Cl)Cl)cc2)cc1,azobenzene_C2,POCl2_direct,C2,D2,nonplanar,109.58503733327322,original_remaining,0.877719961944382,2.059921358564705,120,cof_000120,cof_symmetry_pipeline/output/xyz/aug_000041.xyz,30,22,31,0,0,train,test
O=S(=O)(Cl)c1ccc(/N=N/c2ccc(S(=O)(=O)Cl)cc2)cc1,azobenzene_C2,SO2Cl_direct,C2,D2,nonplanar,104.48061022990872,original_remaining,0.7997758770360482,1.4049335909103886,121,cof_000121,cof_symmetry_pipeline/output/xyz/aug_000043.xyz,30,22,31,0,0,train,test
NS(=O)(=O)c1ccc(/N=N/c2ccc(S(N)(=O)=O)cc2)cc1,azobenzene_C2,SO2NH2_direct,C2,C2,nonplanar,-109.1096485749212,original_remaining,0.8219599664081947,1.6576434803422702,122,cof_000122,cof_symmetry_pipeline/output/xyz/aug_000044.xyz,34,22,35,0,0,train,test
O=S(=O)(O)c1ccc(/N=N/c2ccc(S(=O)(=O)O)cc2)cc1,azobenzene_C2,SO3H_direct,C2,C2,nonplanar,-14.507453874245725,original_remaining,0.689228483584456,1.663347066164252,123,cof_000123,cof_symmetry_pipeline/output/xyz/aug_000045.xyz,32,22,33,0,0,train,test
C[Si](C)(C)c1ccc(/N=N/c2ccc([Si](C)(C)C)cc2)cc1,azobenzene_C2,SiMe3_direct,C2,D2,nonplanar,55.64908777638324,original_remaining,1.2036943656316346,2.2431492692366373,124,cof_000124,cof_symmetry_pipeline/output/xyz/aug_000046.xyz,48,22,49,0,0,train,test
CC(=O)c1ccc(/N=N/c2ccc(C(C)=O)cc2)cc1,azobenzene_C2,acetyl_direct,C2,C2,nonplanar,77.25018301472677,original_remaining,0.8364854649437625,1.5645832845358327,125,cof_000125,cof_symmetry_pipeline/output/xyz/aug_000047.xyz,34,20,35,0,0,train,test
C#Cc1ccc(/N=N/c2ccc(C#C)cc2)cc1,azobenzene_C2,ethynyl_direct,C2,C2,nonplanar,37.7657555360913,original_remaining,0.6945023990720388,1.3816342757643931,126,cof_000126,cof_symmetry_pipeline/output/xyz/aug_000049.xyz,28,18,29,0,0,train,test
Cc1ccc(/N=N/c2ccc(C)cc2)cc1,azobenzene_C2,methyl_direct,C2,C2,nonplanar,44.588843018627045,original_remaining,0.7489581957300862,1.3890113146077634,127,cof_000127,cof_symmetry_pipeline/output/xyz/aug_000050.xyz,30,16,31,0,0,train,test
Cc1ccc(-c2ccc(/N=N/c3ccc(-c4ccc(C)cc4)cc3)cc2)cc1,azobenzene_C2,methyl_ph,C2,C2,nonplanar,88.8808862372723,original_remaining,0.7313110939152088,1.4702827739834194,128,cof_000128,cof_symmetry_pipeline/output/xyz/aug_000051.xyz,50,28,53,0,0,val,test
Brc1ccc(-c2ccc(Br)o2)o1,bifuran_C2,Br_direct,C2,C2v,planar,5.677152858362989,original_remaining,4.272282440253776e-06,7.462862212204158e-06,129,cof_000129,cof_symmetry_pipeline/output/xyz/aug_000052.xyz,16,12,17,0,0,test,test
FC(F)(F)C#Cc1ccc(-c2ccc(C#CC(F)(F)F)o2)o1,bifuran_C2,CCCF3_direct,C2,C2v,planar,7.91047822420517,original_remaining,0.4291125655019305,1.0941740122764276,130,cof_000130,cof_symmetry_pipeline/output/xyz/aug_000053.xyz,26,22,27,0,0,train,test
O=CC#Cc1ccc(-c2ccc(C#CC=O)o2)o1,bifuran_C2,CCCHO_direct,C2,C2v,planar,5.79774918137819,original_remaining,3.2307902818036478e-06,9.096111290851638e-06,131,cof_000131,cof_symmetry_pipeline/output/xyz/aug_000054.xyz,24,18,25,0,0,test,test
N#CC#Cc1ccc(-c2ccc(C#CC#N)o2)o1,bifuran_C2,CCCN_direct,C2,C2v,planar,5.224714989628309,original_remaining,6.739143280739218e-07,1.2199775153709511e-06,132,cof_000132,cof_symmetry_pipeline/output/xyz/aug_000055.xyz,22,18,23,0,0,train,test
O=C(O)C#Cc1ccc(-c2ccc(C#CC(=O)O)o2)o1,bifuran_C2,CCCOOH_direct,C2,C2v,planar,-58.35446320744957,original_remaining,0.071584385411154,0.2461212429750289,133,cof_000133,cof_symmetry_pipeline/output/xyz/aug_000056.xyz,26,20,27,0,0,train,test
COC(=O)C#Cc1ccc(-c2ccc(C#CC(=O)OC)o2)o1,bifuran_C2,CCCOOMe_direct,C2,C2,planar,-17.402054733311715,original_remaining,0.3297214183811894,0.9152460432926356,134,cof_000134,cof_symmetry_pipeline/output/xyz/aug_000057.xyz,32,22,33,0,0,test,test
C#Cc1ccc(-c2ccc(-c3ccc(-c4ccc(C#C)cc4)o3)o2)cc1,bifuran_C2,CCH_ph,C2,C2v,planar,50.72352169438668,original_remaining,2.3059759356917543e-05,6.11032949079382e-05,135,cof_000135,cof_symmetry_pipeline/output/xyz/aug_000058.xyz,40,26,43,0,0,train,test
C#Cc1ccc(-c2ccc(-c3ccc(-c4ccc(-c5ccc(-c6ccc(C#C)cc6)cc5)o4)o3)cc2)cc1,bifuran_C2,CCH_phph,C2,C2,nonplanar,93.37961635016558,original_remaining,0.7310611793989199,1.75584126569066,136,cof_000136,cof_symmetry_pipeline/output/xyz/aug_000059.xyz,60,38,65,0,0,train,test
O=C=NC#Cc1ccc(-c2ccc(C#CN=C=O)o2)o1,bifuran_C2,CCNCO_direct,C2,C2,planar,1.380753387627794,original_remaining,0.3049424232053837,0.8617534251366046,137,cof_000137,cof_symmetry_pipeline/output/xyz/aug_000060.xyz,24,20,25,0,0,val,test
NC#Cc1ccc(-c2ccc(C#CN)o2)o1,bifuran_C2,CCNH2_direct,C2,C2v,planar,7.380415804590976,original_remaining,0.3356489820228233,0.8221760390771626,138,cof_000138,cof_symmetry_pipeline/output/xyz/aug_000061.xyz,24,16,25,0,0,train,test
O=[N+]([O-])C#Cc1ccc(-c2ccc(C#C[N+](=O)[O-])o2)o1,bifuran_C2,CCNO2_direct,C2,C2,planar,3.146704228413133,original_remaining,0.4317089149766075,1.0993866195917887,139,cof_000139,cof_symmetry_pipeline/output/xyz/aug_000062.xyz,24,20,25,0,0,train,test
OC#Cc1ccc(-c2ccc(C#CO)o2)o1,bifuran_C2,CCOH_direct,C2,C2v,planar,7.681484079455539,original_remaining,2.599703861863792e-06,7.37947001483441e-06,140,cof_000140,cof_symmetry_pipeline/output/xyz/aug_000063.xyz,22,16,23,0,0,train,test
CC(=O)C#Cc1ccc(-c2ccc(C#CC(C)=O)o2)o1,bifuran_C2,CCacetyl_direct,C2,C2v,planar,9.367666037422609,original_remaining,0.327093486099308,0.8957872116052953,141,cof_000141,cof_symmetry_pipeline/output/xyz/aug_000064.xyz,30,20,31,0,0,train,test
FC(F)(F)c1ccc(-c2ccc(C(F)(F)F)o2)o1,bifuran_C2,CF3_direct,C2,C2v,planar,80.10496947624219,original_remaining,0.4658295102794057,1.0925656732396525,142,cof_000142,cof_symmetry_pipeline/output/xyz/aug_000065.xyz,22,18,23,0,0,train,test
FC(F)(F)c1ccc(-c2ccc(-c3ccc(-c4ccc(C(F)(F)F)cc4)o3)o2)cc1,bifuran_C2,CF3_ph,C2,C2,planar,103.8097493193536,original_remaining,0.335665923108037,1.276894643724671,143,cof_000143,cof_symmetry_pipeline/output/xyz/aug_000066.xyz,42,30,45,0,0,train,test
O=Cc1ccc(-c2ccc(C=O)o2)o1,bifuran_C2,CHO_direct,C2,C2v,planar,40.536430439519066,original_remaining,7.635078056708472e-06,2.1699905221439497e-05,144,cof_000144,cof_symmetry_pipeline/output/xyz/aug_000067.xyz,20,14,21,0,0,train,test
O=Cc1ccc(-c2ccc(-c3ccc(-c4ccc(C=O)cc4)o3)o2)cc1,bifuran_C2,CHO_ph,C2,C2v,planar,80.96470136848548,original_remaining,6.392268489885471e-05,0.0001662579149104,145,cof_000145,cof_symmetry_pipeline/output/xyz/aug_000068.xyz,40,26,43,0,0,train,test
O=Cc1ccc(-c2ccc(-c3ccc(-c4ccc(-c5ccc(-c6ccc(C=O)cc6)cc5)o4)o3)cc2)cc1,bifuran_C2,CHO_phph,C2,C2,nonplanar,126.30116614393972,original_remaining,0.7614016524348038,1.829560567040582,146,cof_000146,cof_symmetry_pipeline/output/xyz/aug_000069.xyz,60,38,65,0,0,train,test
N#Cc1ccc(-c2ccc(C#N)o2)o1,bifuran_C2,CN_direct,C2,C2v,planar,43.55647361989583,original_remaining,7.58813982065592e-06,1.736581477396193e-05,147,cof_000147,cof_symmetry_pipeline/output/xyz/aug_000070.xyz,18,14,19,0,0,train,test
N#Cc1ccc(-c2ccc(-c3ccc(-c4ccc(C#N)cc4)o3)o2)cc1,bifuran_C2,CN_ph,C2,C2h,planar,76.29146998457695,original_remaining,0.0005582733825498,0.0011348587921073,148,cof_000148,cof_symmetry_pipeline/output/xyz/aug_000071.xyz,38,26,41,0,0,train,test
N#Cc1ccc(-c2ccc(-c3ccc(-c4ccc(-c5ccc(-c6ccc(C#N)cc6)cc5)o4)o3)cc2)cc1,bifuran_C2,CN_phph,C2,C2,nonplanar,123.35148282317095,original_remaining,0.7452657379345602,1.8253744698644805,149,cof_000149,cof_symmetry_pipeline/output/xyz/aug_000072.xyz,58,38,63,0,0,train,test
O=C(Cl)c1ccc(-c2ccc(C(=O)Cl)o2)o1,bifuran_C2,COCl_direct,C2,C2h,planar,63.24085875241273,original_remaining,1.3996204115605777e-05,2.585088678399433e-05,150,cof_000150,cof_symmetry_pipeline/output/xyz/aug_000073.xyz,20,16,21,0,0,train,test
NC(=O)c1ccc(-c2ccc(C(N)=O)o2)o1,bifuran_C2,CONH2_direct,C2,C2v,planar,-25.347030811273143,original_remaining,4.225597199825938e-06,1.02863450321955e-05,151,cof_000151,cof_symmetry_pipeline/output/xyz/aug_000074.xyz,24,16,25,0,0,train,test
O=C(O)c1ccc(-c2ccc(C(=O)O)o2)o1,bifuran_C2,COOH_direct,C2,C2v,planar,2.6606203459443645,original_remaining,5.901220707705152e-07,1.154240990119959e-06,152,cof_000152,cof_symmetry_pipeline/output/xyz/aug_000075.xyz,22,16,23,0,0,train,test
O=C(O)c1ccc(-c2ccc(-c3ccc(-c4ccc(C(=O)O)cc4)o3)o2)cc1,bifuran_C2,COOH_ph,C2,C2v,planar,41.77945419186256,original_remaining,0.0001348566582339,0.0002969514862694,153,cof_000153,cof_symmetry_pipeline/output/xyz/aug_000076.xyz,42,28,45,0,0,test,test
O=C(O)c1ccc(-c2ccc(-c3ccc(-c4ccc(-c5ccc(-c6ccc(C(=O)O)cc6)cc5)o4)o3)cc2)cc1,bifuran_C2,COOH_phph,C2,C2,nonplanar,86.84411738842775,original_remaining,0.7621598245703368,1.7488028030703189,154,cof_000154,cof_symmetry_pipeline/output/xyz/aug_000077.xyz,62,40,67,0,0,train,test
COC(=O)c1ccc(-c2ccc(C(=O)OC)o2)o1,bifuran_C2,COOMe_direct,C2,C2h,planar,38.200734894764565,original_remaining,0.3405035256863826,0.900894495747634,155,cof_000155,cof_symmetry_pipeline/output/xyz/aug_000078.xyz,28,18,29,0,0,train,test
Clc1ccc(-c2ccc(Cl)o2)o1,bifuran_C2,Cl_direct,C2,C2h,planar,0.7487008809023272,original_remaining,5.1434347792926285e-06,1.0662603007638438e-05,156,cof_000156,cof_symmetry_pipeline/output/xyz/aug_000079.xyz,16,12,17,0,0,train,test
Clc1ccc(-c2ccc(-c3ccc(-c4ccc(Cl)cc4)o3)o2)cc1,bifuran_C2,Cl_ph,C2,C2v,planar,48.52027165291465,original_remaining,2.3984767404793123e-05,5.352214077480877e-05,157,cof_000157,cof_symmetry_pipeline/output/xyz/aug_000080.xyz,36,24,39,0,0,val,test
Ic1ccc(-c2ccc(I)o2)o1,bifuran_C2,I_direct,C2,C2h,planar,3.692789147643692,original_remaining,6.991145643963998e-06,1.5159429846867134e-05,158,cof_000158,cof_symmetry_pipeline/output/xyz/aug_000081.xyz,16,12,17,0,0,val,test
[N-]=[N+]=Nc1ccc(-c2ccc(N=[N+]=[N-])o2)o1,bifuran_C2,N3_direct,C2,C2v,planar,-23.447448825244383,original_remaining,6.153620350034156e-06,1.766084951115854e-05,159,cof_000159,cof_symmetry_pipeline/output/xyz/aug_000082.xyz,20,16,21,0,0,train,test
[N-]=[N+]=Nc1ccc(-c2ccc(-c3ccc(-c4ccc(N=[N+]=[N-])cc4)o3)o2)cc1,bifuran_C2,N3_ph,C2,C2,planar,36.46285191673822,original_remaining,0.4887151388103655,1.7869811098366366,160,cof_000160,cof_symmetry_pipeline/output/xyz/aug_000083.xyz,40,28,43,0,0,test,test
O=C=Nc1ccc(-c2ccc(N=C=O)o2)o1,bifuran_C2,NCO_direct,C2,C2v,planar,-23.0965961259368,original_remaining,5.398752096464698e-06,1.408910565442456e-05,161,cof_000161,cof_symmetry_pipeline/output/xyz/aug_000084.xyz,20,16,21,0,0,train,test
S=C=Nc1ccc(-c2ccc(N=C=S)o2)o1,bifuran_C2,NCS_direct,C2,C2h,planar,-19.94979120064092,original_remaining,5.9289385027230775e-06,2.079823604050901e-05,162,cof_000162,cof_symmetry_pipeline/output/xyz/aug_000085.xyz,20,16,21,0,0,train,test
Nc1ccc(-c2ccc(N)o2)o1,bifuran_C2,NH2_direct,C2,C2,planar,-48.88595086248104,original_remaining,0.0976219914813527,0.2051545166082951,163,cof_000163,cof_symmetry_pipeline/output/xyz/aug_000086.xyz,20,12,21,0,0,train,test
Nc1ccc(-c2ccc(-c3ccc(-c4ccc(N)cc4)o3)o2)cc1,bifuran_C2,NH2_ph,C2,C2,planar,31.339548920418515,original_remaining,0.091567515339337,0.2516371386145861,164,cof_000164,cof_symmetry_pipeline/output/xyz/aug_000087.xyz,40,24,43,0,0,train,test
Nc1ccc(-c2ccc(-c3ccc(-c4ccc(-c5ccc(-c6ccc(N)cc6)cc5)o4)o3)cc2)cc1,bifuran_C2,NH2_phph,C2,C2,nonplanar,76.68199137084665,original_remaining,0.7377896056766742,1.8540246687871464,165,cof_000165,cof_symmetry_pipeline/output/xyz/aug_000088.xyz,60,36,65,0,0,train,test
O=CNc1ccc(-c2ccc(NC=O)o2)o1,bifuran_C2,NHCHO_direct,C2,C2v,planar,-58.67909238824285,original_remaining,3.2062825982959667e-06,7.149468800593528e-06,166,cof_000166,cof_symmetry_pipeline/output/xyz/aug_000089.xyz,24,16,25,0,0,train,test
N#CNc1ccc(-c2ccc(NC#N)o2)o1,bifuran_C2,NHCN_direct,C2,C2,planar,-78.40924573653038,original_remaining,0.2726069506397046,0.7279146178015168,167,cof_000167,cof_symmetry_pipeline/output/xyz/aug_000090.xyz,22,16,23,0,0,test,test
CC(=O)Nc1ccc(-c2ccc(NC(C)=O)o2)o1,bifuran_C2,NHacetyl_direct,C2,C2,planar,-32.56961423602999,original_remaining,0.4650420363284761,1.158430636344418,168,cof_000168,cof_symmetry_pipeline/output/xyz/aug_000092.xyz,30,18,31,0,0,test,test
O=[N+]([O-])c1ccc(-c2ccc([N+](=O)[O-])o2)o1,bifuran_C2,NO2_direct,C2,C2h,planar,85.57818098549424,original_remaining,5.129094798548116e-06,1.073057683603773e-05,169,cof_000169,cof_symmetry_pipeline/output/xyz/aug_000093.xyz,20,16,21,0,0,train,test
O=[N+]([O-])c1ccc(-c2ccc(-c3ccc(-c4ccc([N+](=O)[O-])cc4)o3)o2)cc1,bifuran_C2,NO2_ph,C2,C2v,planar,118.49755650149936,original_remaining,2.31018865671129e-05,5.86119541123864e-05,170,cof_000170,cof_symmetry_pipeline/output/xyz/aug_000094.xyz,40,28,43,0,0,train,test
O=[N+]([O-])c1ccc(-c2ccc(-c3ccc(-c4ccc(-c5ccc(-c6ccc([N+](=O)[O-])cc6)cc5)o4)o3)cc2)cc1,bifuran_C2,NO2_phph,C2,C2,nonplanar,163.28165193691703,original_remaining,0.7653737935660206,1.826183233797555,171,cof_000171,cof_symmetry_pipeline/output/xyz/aug_000095.xyz,60,40,65,0,0,train,test
O=COc1ccc(-c2ccc(OC=O)o2)o1,bifuran_C2,OCHO_direct,C2,C2v,planar,4.769531545263181,original_remaining,1.6176896987439712e-06,3.525376254032153e-06,172,cof_000172,cof_symmetry_pipeline/output/xyz/aug_000096.xyz,22,16,23,0,0,train,test
N#COc1ccc(-c2ccc(OC#N)o2)o1,bifuran_C2,OCN_direct,C2,C2h,planar,1.5170714498288191,original_remaining,1.7063134269930312e-06,3.5244891560815006e-06,173,cof_000173,cof_symmetry_pipeline/output/xyz/aug_000097.xyz,20,16,21,0,0,train,test
Oc1ccc(-c2ccc(O)o2)o1,bifuran_C2,OH_direct,C2,C2v,planar,-33.40239062898066,original_remaining,3.8105120178918538e-06,8.752033639702894e-06,174,cof_000174,cof_symmetry_pipeline/output/xyz/aug_000098.xyz,18,12,19,0,0,val,test
Oc1ccc(-c2ccc(-c3ccc(-c4ccc(O)cc4)o3)o2)cc1,bifuran_C2,OH_ph,C2,C2v,planar,29.102239630791257,original_remaining,1.0325442007105144e-05,2.4863335560620925e-05,175,cof_000175,cof_symmetry_pipeline/output/xyz/aug_000099.xyz,38,24,41,0,0,train,test
Oc1ccc(-c2ccc(-c3ccc(-c4ccc(-c5ccc(-c6ccc(O)cc6)cc5)o4)o3)cc2)cc1,bifuran_C2,OH_phph,C2,C2,nonplanar,74.68989974530929,original_remaining,0.7422625565026317,1.7526738905193322,176,cof_000176,cof_symmetry_pipeline/output/xyz/aug_000100.xyz,58,36,63,0,0,test,test
COc1ccc(-c2ccc(OC)o2)o1,bifuran_C2,OMe_direct,C2,C2v,planar,-2.7790388594351283,original_remaining,0.3679010355911983,0.9011840407497532,177,cof_000177,cof_symmetry_pipeline/output/xyz/aug_000101.xyz,24,14,25,0,0,train,test
COc1ccc(-c2ccc(-c3ccc(-c4ccc(OC)cc4)o3)o2)cc1,bifuran_C2,OMe_ph,C2,C2v,planar,58.68347904478684,original_remaining,0.2724427495941883,0.9054145367446216,178,cof_000178,cof_symmetry_pipeline/output/xyz/aug_000102.xyz,44,26,47,0,0,train,test
CC(=O)Oc1ccc(-c2ccc(OC(C)=O)o2)o1,bifuran_C2,Oacetyl_direct,C2,C2h,planar,1.893771107568071,original_remaining,0.3397619948232375,0.89960536186739,179,cof_000179,cof_symmetry_pipeline/output/xyz/aug_000103.xyz,28,18,29,0,0,train,test
O=P(O)(O)c1ccc(-c2ccc(P(=O)(O)O)o2)o1,bifuran_C2,PO3H2_direct,C2,C2v,nonplanar,-162.46935929262517,original_remaining,0.8015390309736974,1.6244479566260015,180,cof_000180,cof_symmetry_pipeline/output/xyz/aug_000104.xyz,26,18,27,0,0,train,test
O=P(Cl)(Cl)c1ccc(-c2ccc(P(=O)(Cl)Cl)o2)o1,bifuran_C2,POCl2_direct,C2,D2h,nonplanar,95.8338503378946,original_remaining,0.6759333140082583,1.5852402961218237,181,cof_000181,cof_symmetry_pipeline/output/xyz/aug_000105.xyz,22,18,23,0,0,train,test
N#CSc1ccc(-c2ccc(SC#N)o2)o1,bifuran_C2,SCN_direct,C2,C2,nonplanar,-1.214849373926837,original_remaining,0.5785150769297349,1.4360222812127077,182,cof_000182,cof_symmetry_pipeline/output/xyz/aug_000106.xyz,20,16,21,0,0,train,test
Sc1ccc(-c2ccc(S)o2)o1,bifuran_C2,SH_direct,C2,C2h,planar,-9.772296923045982,original_remaining,4.1272699460572445e-06,9.59655073340393e-06,183,cof_000183,cof_symmetry_pipeline/output/xyz/aug_000107.xyz,18,12,19,0,0,val,test
O=S(=O)(Cl)c1ccc(-c2ccc(S(=O)(=O)Cl)o2)o1,bifuran_C2,SO2Cl_direct,C2,C2,nonplanar,96.03988930132698,original_remaining,0.5636813530543938,1.4125024961929016,184,cof_000184,cof_symmetry_pipeline/output/xyz/aug_000108.xyz,22,18,23,0,0,train,test
NS(=O)(=O)c1ccc(-c2ccc(S(N)(=O)=O)o2)o1,bifuran_C2,SO2NH2_direct,C2,C2,nonplanar,-85.8650343413099,original_remaining,0.6252551307542594,1.5037224766984931,185,cof_000185,cof_symmetry_pipeline/output/xyz/aug_000109.xyz,26,18,27,0,0,train,test
O=S(=O)(O)c1ccc(-c2ccc(S(=O)(=O)O)o2)o1,bifuran_C2,SO3H_direct,C2,C2,nonplanar,-12.846698372643196,original_remaining,0.5669319223031016,1.3183425697569304,186,cof_000186,cof_symmetry_pipeline/output/xyz/aug_000110.xyz,24,18,25,0,0,train,test
C[Si](C)(C)c1ccc(-c2ccc([Si](C)(C)C)o2)o1,bifuran_C2,SiMe3_direct,C2,C2h,nonplanar,26.27969188486559,original_remaining,1.1888325975187966,2.436133822582901,187,cof_000187,cof_symmetry_pipeline/output/xyz/aug_000111.xyz,40,18,41,0,0,train,test
CC(=O)c1ccc(-c2ccc(C(C)=O)o2)o1,bifuran_C2,acetyl_direct,C2,C2h,planar,45.31638275445258,original_remaining,0.3518431450221734,0.8972523221108588,188,cof_000188,cof_symmetry_pipeline/output/xyz/aug_000112.xyz,26,16,27,0,0,train,test
CC(=O)c1ccc(-c2ccc(-c3ccc(-c4ccc(C(C)=O)cc4)o3)o2)cc1,bifuran_C2,acetyl_ph,C2,C2v,planar,89.03935671086168,original_remaining,0.2656015195873368,0.90103452728903,189,cof_000189,cof_symmetry_pipeline/output/xyz/aug_000113.xyz,46,28,49,0,0,train,test
C#Cc1ccc(-c2ccc(C#C)o2)o1,bifuran_C2,ethynyl_direct,C2,C2v,planar,10.167925404102776,original_remaining,4.768766447414287e-07,9.73480307586705e-07,190,cof_000190,cof_symmetry_pipeline/output/xyz/aug_000114.xyz,20,14,21,0,0,train,test
Cc1ccc(-c2ccc(C)o2)o1,bifuran_C2,methyl_direct,C2,C2v,planar,13.80101810906503,original_remaining,0.3785591426886506,0.8878008497334251,191,cof_000191,cof_symmetry_pipeline/output/xyz/aug_000115.xyz,22,12,23,0,0,test,test
Cc1ccc(-c2ccc(-c3ccc(-c4ccc(C)cc4)o3)o2)cc1,bifuran_C2,methyl_ph,C2,C2,planar,56.72020914966386,original_remaining,0.2757386492688353,1.0459322447523962,192,cof_000192,cof_symmetry_pipeline/output/xyz/aug_000116.xyz,42,24,45,0,0,train,test
C=Cc1ccc(-c2ccc(C=C)o2)o1,bifuran_C2,vinyl_direct,C2,C2v,planar,15.542946306658251,original_remaining,4.022893886878493e-06,9.5017625640903e-06,193,cof_000193,cof_symmetry_pipeline/output/xyz/aug_000117.xyz,24,14,25,0,0,train,test
OB(O)c1ccc(-c2ccc(B(O)O)cc2)cc1,biphenyl_C2,BOH2_direct,C2,C2,nonplanar,31.21035834395464,original_remaining,0.6264976459098857,1.3739485756251697,194,cof_000194,cof_symmetry_pipeline/output/xyz/aug_000118.xyz,30,18,31,0,0,test,test
Brc1ccc(-c2ccc(Br)cc2)cc1,biphenyl_C2,Br_direct,C2,D2,nonplanar,37.21010778583026,original_remaining,0.6809607743927362,0.9914346540069012,195,cof_000195,cof_symmetry_pipeline/output/xyz/aug_000119.xyz,22,14,23,0,0,train,test
FC(F)(F)C#Cc1ccc(-c2ccc(C#CC(F)(F)F)cc2)cc1,biphenyl_C2,CCCF3_direct,C2,D2,nonplanar,47.53438664913119,original_remaining,0.6831291803557991,1.2113433183418263,196,cof_000196,cof_symmetry_pipeline/output/xyz/aug_000120.xyz,32,24,33,0,0,train,test
O=CC#Cc1ccc(-c2ccc(C#CC=O)cc2)cc1,biphenyl_C2,CCCHO_direct,C2,C2,nonplanar,41.765608172642494,original_remaining,0.5912147678648398,0.9888474765869584,197,cof_000197,cof_symmetry_pipeline/output/xyz/aug_000121.xyz,30,20,31,0,0,test,test
N#CC#Cc1ccc(-c2ccc(C#CC#N)cc2)cc1,biphenyl_C2,CCCN_direct,C2,D2,nonplanar,42.03565635819975,original_remaining,0.6022144863551553,0.989044387431194,198,cof_000198,cof_symmetry_pipeline/output/xyz/aug_000122.xyz,28,20,29,0,0,train,test
O=C(O)C#Cc1ccc(-c2ccc(C#CC(=O)O)cc2)cc1,biphenyl_C2,CCCOOH_direct,C2,C2,nonplanar,-21.960601217627925,original_remaining,0.6192524979599515,1.0416032926359575,199,cof_000199,cof_symmetry_pipeline/output/xyz/aug_000123.xyz,32,22,33,0,0,train,test
COC(=O)C#Cc1ccc(-c2ccc(C#CC(=O)OC)cc2)cc1,biphenyl_C2,CCCOOMe_direct,C2,C2,nonplanar,19.74681713870506,original_remaining,0.6981376174168193,1.1620125124817404,200,cof_000200,cof_symmetry_pipeline/output/xyz/aug_000124.xyz,38,24,39,0,0,val,test
C#Cc1ccc(-c2ccc(-c3ccc(-c4ccc(C#C)cc4)cc3)cc2)cc1,biphenyl_C2,CCH_ph,C2,C2,nonplanar,82.9165746494053,original_remaining,0.8310605184872772,1.7463605383040528,201,cof_000201,cof_symmetry_pipeline/output/xyz/aug_000125.xyz,46,28,49,0,0,train,test
C#Cc1ccc(-c2ccc(-c3ccc(-c4ccc(-c5ccc(-c6ccc(C#C)cc6)cc5)cc4)cc3)cc2)cc1,biphenyl_C2,CCH_phph,C2,C2,nonplanar,128.03973918084498,original_remaining,0.8285362282332052,1.9965125336049008,202,cof_000202,cof_symmetry_pipeline/output/xyz/aug_000126.xyz,66,40,71,0,0,train,test
O=C=NC#Cc1ccc(-c2ccc(C#CN=C=O)cc2)cc1,biphenyl_C2,CCNCO_direct,C2,C2,nonplanar,29.93108191632789,original_remaining,0.6510917389941927,1.0989968796424685,203,cof_000203,cof_symmetry_pipeline/output/xyz/aug_000127.xyz,30,22,31,0,0,train,test
NC#Cc1ccc(-c2ccc(C#CN)cc2)cc1,biphenyl_C2,CCNH2_direct,C2,C2,nonplanar,29.09057400633897,original_remaining,0.6463042918386568,1.0086213194438505,204,cof_000204,cof_symmetry_pipeline/output/xyz/aug_000128.xyz,30,18,31,0,0,train,test
O=[N+]([O-])C#Cc1ccc(-c2ccc(C#C[N+](=O)[O-])cc2)cc1,biphenyl_C2,CCNO2_direct,C2,D2,nonplanar,46.65837094130623,original_remaining,0.6060757425719321,0.9870668055173196,205,cof_000205,cof_symmetry_pipeline/output/xyz/aug_000129.xyz,30,22,31,0,0,train,test
OC#Cc1ccc(-c2ccc(C#CO)cc2)cc1,biphenyl_C2,CCOH_direct,C2,C2,nonplanar,34.00155690466413,original_remaining,0.6355831070394634,1.0467896256310656,206,cof_000206,cof_symmetry_pipeline/output/xyz/aug_000130.xyz,28,18,29,0,0,train,test
CC(=O)C#Cc1ccc(-c2ccc(C#CC(C)=O)cc2)cc1,biphenyl_C2,CCacetyl_direct,C2,C2,nonplanar,45.3920695171807,original_remaining,0.6575882716832409,1.3519203647542222,207,cof_000207,cof_symmetry_pipeline/output/xyz/aug_000131.xyz,36,22,37,0,0,train,test
FC(F)(F)c1ccc(-c2ccc(C(F)(F)F)cc2)cc1,biphenyl_C2,CF3_direct,C2,C2,nonplanar,92.74525546796168,original_remaining,0.7302017125566005,1.126781516145626,208,cof_000208,cof_symmetry_pipeline/output/xyz/aug_000132.xyz,28,20,29,0,0,train,test
FC(F)(F)c1ccc(-c2ccc(-c3ccc(-c4ccc(C(F)(F)F)cc4)cc3)cc2)cc1,biphenyl_C2,CF3_ph,C2,D2,nonplanar,137.74146475919545,original_remaining,0.967924820277512,1.940449427503996,209,cof_000209,cof_symmetry_pipeline/output/xyz/aug_000133.xyz,48,32,51,0,0,train,test
O=Cc1ccc(-c2ccc(C=O)cc2)cc1,biphenyl_C2,CHO_direct,C2,C2,nonplanar,68.64550327430254,original_remaining,0.6585712441778366,1.0013785321351518,210,cof_000210,cof_symmetry_pipeline/output/xyz/aug_000134.xyz,26,16,27,0,0,train,test
O=Cc1ccc(-c2ccc(-c3ccc(-c4ccc(C=O)cc4)cc3)cc2)cc1,biphenyl_C2,CHO_ph,C2,C2,nonplanar,113.52917469045713,original_remaining,0.6768630530038106,0.99092361060665,211,cof_000211,cof_symmetry_pipeline/output/xyz/aug_000135.xyz,46,28,49,0,0,train,test
N#Cc1ccc(-c2ccc(C#N)cc2)cc1,biphenyl_C2,CN_direct,C2,D2,nonplanar,65.70737166085742,original_remaining,0.6521121109432874,0.9913003430944592,212,cof_000212,cof_symmetry_pipeline/output/xyz/aug_000136.xyz,24,16,25,0,0,train,test
N#Cc1ccc(-c2ccc(-c3ccc(-c4ccc(C#N)cc4)cc3)cc2)cc1,biphenyl_C2,CN_ph,C2,C2,nonplanar,110.50327235774895,original_remaining,0.8507973691247843,1.7486748083151171,213,cof_000213,cof_symmetry_pipeline/output/xyz/aug_000137.xyz,44,28,47,0,0,train,test
N#Cc1ccc(-c2ccc(-c3ccc(-c4ccc(-c5ccc(-c6ccc(C#N)cc6)cc5)cc4)cc3)cc2)cc1,biphenyl_C2,CN_phph,C2,C2,nonplanar,155.52573508282353,original_remaining,1.0267721400583028,2.1396616963522743,214,cof_000214,cof_symmetry_pipeline/output/xyz/aug_000138.xyz,64,40,69,0,0,train,test
O=C(Cl)c1ccc(-c2ccc(C(=O)Cl)cc2)cc1,biphenyl_C2,COCl_direct,C2,C2,nonplanar,89.82816582083758,original_remaining,0.658212987434855,0.9899437592134076,215,cof_000215,cof_symmetry_pipeline/output/xyz/aug_000139.xyz,26,18,27,0,0,train,test
NC(=O)c1ccc(-c2ccc(C(N)=O)cc2)cc1,biphenyl_C2,CONH2_direct,C2,C2,nonplanar,15.201473208648787,original_remaining,0.5857578360984642,1.042673230812084,216,cof_000216,cof_symmetry_pipeline/output/xyz/aug_000140.xyz,30,18,31,0,0,train,test
O=C(O)c1ccc(-c2ccc(C(=O)O)cc2)cc1,biphenyl_C2,COOH_direct,C2,C2,nonplanar,28.93747278419165,original_remaining,0.6366300118970886,1.030230265227087,217,cof_000217,cof_symmetry_pipeline/output/xyz/aug_000141.xyz,28,18,29,0,0,train,test
O=C(O)c1ccc(-c2ccc(-c3ccc(-c4ccc(C(=O)O)cc4)cc3)cc2)cc1,biphenyl_C2,COOH_ph,C2,C2,nonplanar,73.97179452923245,original_remaining,0.6686365635111392,1.0036265629572658,218,cof_000218,cof_symmetry_pipeline/output/xyz/aug_000142.xyz,48,30,51,0,0,test,test
COC(=O)c1ccc(-c2ccc(C(=O)OC)cc2)cc1,biphenyl_C2,COOMe_direct,C2,C2,nonplanar,66.1564608213281,original_remaining,0.6715158449053863,1.1310250214115485,219,cof_000219,cof_symmetry_pipeline/output/xyz/aug_000144.xyz,34,20,35,0,0,train,test
Clc1ccc(-c2ccc(Cl)cc2)cc1,biphenyl_C2,Cl_direct,C2,D2,nonplanar,35.84212325566247,original_remaining,0.6800765524664212,0.9908217592002287,220,cof_000220,cof_symmetry_pipeline/output/xyz/aug_000145.xyz,22,14,23,0,0,train,test
Clc1ccc(-c2ccc(-c3ccc(-c4ccc(Cl)cc4)cc3)cc2)cc1,biphenyl_C2,Cl_ph,C2,C2,nonplanar,80.83074343549636,original_remaining,0.870236730662194,1.7474105118833383,221,cof_000221,cof_symmetry_pipeline/output/xyz/aug_000146.xyz,42,26,45,0,0,test,test
Ic1ccc(-c2ccc(I)cc2)cc1,biphenyl_C2,I_direct,C2,D2,nonplanar,38.76706420002753,original_remaining,0.6813299922163282,0.9912554750458002,222,cof_000222,cof_symmetry_pipeline/output/xyz/aug_000147.xyz,22,14,23,0,0,train,test
[N-]=[N+]=Nc1ccc(-c2ccc(N=[N+]=[N-])cc2)cc1,biphenyl_C2,N3_direct,C2,C2,nonplanar,23.82740998930527,original_remaining,0.7756556737756871,1.3915641231409188,223,cof_000223,cof_symmetry_pipeline/output/xyz/aug_000148.xyz,26,18,27,0,0,train,test
[N-]=[N+]=Nc1ccc(-c2ccc(-c3ccc(-c4ccc(N=[N+]=[N-])cc4)cc3)cc2)cc1,biphenyl_C2,N3_ph,C2,D2,nonplanar,68.8620347113478,original_remaining,0.7942667350846638,1.8114820902657385,224,cof_000224,cof_symmetry_pipeline/output/xyz/aug_000149.xyz,46,30,49,0,0,train,test
O=C=Nc1ccc(-c2ccc(N=C=O)cc2)cc1,biphenyl_C2,NCO_direct,C2,C2,nonplanar,25.559844514256213,original_remaining,0.7715589313641921,1.384199013025468,225,cof_000225,cof_symmetry_pipeline/output/xyz/aug_000150.xyz,26,18,27,0,0,train,test
S=C=Nc1ccc(-c2ccc(N=C=S)cc2)cc1,biphenyl_C2,NCS_direct,C2,C2,nonplanar,29.14728940473661,original_remaining,0.9184914447739948,2.1575913351744047,226,cof_000226,cof_symmetry_pipeline/output/xyz/aug_000151.xyz,26,18,27,0,0,train,test
Nc1ccc(-c2ccc(N)cc2)cc1,biphenyl_C2,NH2_direct,C2,C2,nonplanar,18.69080850264735,original_remaining,0.6451062287627685,1.0397420978381526,227,cof_000227,cof_symmetry_pipeline/output/xyz/aug_000152.xyz,26,14,27,0,0,train,test
Nc1ccc(-c2ccc(-c3ccc(-c4ccc(N)cc4)cc3)cc2)cc1,biphenyl_C2,NH2_ph,C2,D2,nonplanar,63.731479845255095,original_remaining,0.9389588720247972,1.94516013205982,228,cof_000228,cof_symmetry_pipeline/output/xyz/aug_000153.xyz,46,26,49,0,0,train,test
Nc1ccc(-c2ccc(-c3ccc(-c4ccc(-c5ccc(-c6ccc(N)cc6)cc5)cc4)cc3)cc2)cc1,biphenyl_C2,NH2_phph,C2,D2,nonplanar,108.85906027301392,original_remaining,1.0016604903470157,2.1442052314418625,229,cof_000229,cof_symmetry_pipeline/output/xyz/aug_000154.xyz,66,38,71,0,0,train,test
O=CNc1ccc(-c2ccc(NC=O)cc2)cc1,biphenyl_C2,NHCHO_direct,C2,C2,nonplanar,-1.95737848635304,original_remaining,0.6265143128985057,1.0218186248957624,230,cof_000230,cof_symmetry_pipeline/output/xyz/aug_000155.xyz,30,18,31,0,0,train,test
N#CNc1ccc(-c2ccc(NC#N)cc2)cc1,biphenyl_C2,NHCN_direct,C2,C2,nonplanar,-17.70867276604512,original_remaining,0.6195727264347644,1.1412832844988432,231,cof_000231,cof_symmetry_pipeline/output/xyz/aug_000156.xyz,28,18,29,0,0,train,test
CS(=O)(=O)Nc1ccc(-c2ccc(NS(C)(=O)=O)cc2)cc1,biphenyl_C2,NHSO2_direct,C2,C2,nonplanar,-69.73024829977562,original_remaining,1.0493823567734328,1.728491874518157,232,cof_000232,cof_symmetry_pipeline/output/xyz/aug_000157.xyz,38,22,39,0,0,train,test
CC(=O)Nc1ccc(-c2ccc(NC(C)=O)cc2)cc1,biphenyl_C2,NHacetyl_direct,C2,C2,nonplanar,4.280439790551169,original_remaining,0.6643381835277355,1.0783324196682345,233,cof_000233,cof_symmetry_pipeline/output/xyz/aug_000158.xyz,36,20,37,0,0,train,test
O=[N+]([O-])c1ccc(-c2ccc([N+](=O)[O-])cc2)cc1,biphenyl_C2,NO2_direct,C2,D2,nonplanar,105.83812885077916,original_remaining,0.6563895739837615,0.991794821532224,234,cof_000234,cof_symmetry_pipeline/output/xyz/aug_000159.xyz,26,18,27,0,0,test,test
O=[N+]([O-])c1ccc(-c2ccc(-c3ccc(-c4ccc([N+](=O)[O-])cc4)cc3)cc2)cc1,biphenyl_C2,NO2_ph,C2,C2,nonplanar,150.4470229594322,original_remaining,0.8525640614378923,1.7901241199442244,235,cof_000235,cof_symmetry_pipeline/output/xyz/aug_000160.xyz,46,30,49,0,0,train,test
O=[N+]([O-])c1ccc(-c2ccc(-c3ccc(-c4ccc(-c5ccc(-c6ccc([N+](=O)[O-])cc6)cc5)cc4)cc3)cc2)cc1,biphenyl_C2,NO2_phph,C2,C2,nonplanar,195.5370097169135,original_remaining,0.9362633324270608,2.149312497439801,236,cof_000236,cof_symmetry_pipeline/output/xyz/aug_000161.xyz,66,42,71,0,0,train,test
O=COc1ccc(-c2ccc(OC=O)cc2)cc1,biphenyl_C2,OCHO_direct,C2,C2,nonplanar,56.22475169137421,original_remaining,0.7392589163172817,1.362738114720886,237,cof_000237,cof_symmetry_pipeline/output/xyz/aug_000162.xyz,28,18,29,0,0,test,test
N#COc1ccc(-c2ccc(OC#N)cc2)cc1,biphenyl_C2,OCN_direct,C2,C2,nonplanar,51.81150631474564,original_remaining,0.6421298793177871,1.0409517471983505,238,cof_000238,cof_symmetry_pipeline/output/xyz/aug_000163.xyz,26,18,27,0,0,train,test
Oc1ccc(-c2ccc(O)cc2)cc1,biphenyl_C2,OH_direct,C2,C2,nonplanar,16.75118114340301,original_remaining,0.6631980017782926,1.0493693958296415,239,cof_000239,cof_symmetry_pipeline/output/xyz/aug_000164.xyz,24,14,25,0,0,val,test
Oc1ccc(-c2ccc(-c3ccc(-c4ccc(O)cc4)cc3)cc2)cc1,biphenyl_C2,OH_ph,C2,C2,nonplanar,61.84309882838415,original_remaining,0.683634602838132,1.0110457852015058,240,cof_000240,cof_symmetry_pipeline/output/xyz/aug_000165.xyz,44,26,47,0,0,train,test
COc1ccc(-c2ccc(OC)cc2)cc1,biphenyl_C2,OMe_direct,C2,C2,nonplanar,46.23196881290098,original_remaining,0.6843907766088609,1.217151334608224,241,cof_000241,cof_symmetry_pipeline/output/xyz/aug_000167.xyz,30,16,31,0,0,val,test
COc1ccc(-c2ccc(-c3ccc(-c4ccc(OC)cc4)cc3)cc2)cc1,biphenyl_C2,OMe_ph,C2,C2,nonplanar,91.34111597213196,original_remaining,0.7016502105246326,1.3256434976275284,242,cof_000242,cof_symmetry_pipeline/output/xyz/aug_000168.xyz,50,28,53,0,0,train,test
CC(=O)Oc1ccc(-c2ccc(OC(C)=O)cc2)cc1,biphenyl_C2,Oacetyl_direct,C2,C2,nonplanar,55.16124811268393,original_remaining,0.7395003488175584,1.2625306065787345,243,cof_000243,cof_symmetry_pipeline/output/xyz/aug_000169.xyz,34,20,35,0,0,test,test
O=P(O)(O)c1ccc(-c2ccc(P(=O)(O)O)cc2)cc1,biphenyl_C2,PO3H2_direct,C2,C2,nonplanar,-197.0321174354876,original_remaining,0.8455984239270964,1.5370528259514742,244,cof_000244,cof_symmetry_pipeline/output/xyz/aug_000170.xyz,32,20,33,0,0,train,test
O=P(Cl)(Cl)c1ccc(-c2ccc(P(=O)(Cl)Cl)cc2)cc1,biphenyl_C2,POCl2_direct,C2,D2,nonplanar,106.99181824253128,original_remaining,0.8378462697817594,1.8645571021417005,245,cof_000245,cof_symmetry_pipeline/output/xyz/aug_000171.xyz,28,20,29,0,0,train,test
N#CSc1ccc(-c2ccc(SC#N)cc2)cc1,biphenyl_C2,SCN_direct,C2,D2,nonplanar,40.38018455658919,original_remaining,0.8728970316059009,1.547702457702386,246,cof_000246,cof_symmetry_pipeline/output/xyz/aug_000172.xyz,26,18,27,0,0,test,test
Sc1ccc(-c2ccc(S)cc2)cc1,biphenyl_C2,SH_direct,C2,C2,nonplanar,31.28550548942557,original_remaining,0.6516380923819838,1.023128989294265,247,cof_000247,cof_symmetry_pipeline/output/xyz/aug_000173.xyz,24,14,25,0,0,val,test
O=S(=O)(Cl)c1ccc(-c2ccc(S(=O)(=O)Cl)cc2)cc1,biphenyl_C2,SO2Cl_direct,C2,D2,nonplanar,102.63189917265754,original_remaining,0.816743964524634,1.7091931991472986,248,cof_000248,cof_symmetry_pipeline/output/xyz/aug_000174.xyz,28,20,29,0,0,train,test
NS(=O)(=O)c1ccc(-c2ccc(S(N)(=O)=O)cc2)cc1,biphenyl_C2,SO2NH2_direct,C2,C2,nonplanar,-103.05689785837444,original_remaining,0.9547360889821608,1.7669674070951442,249,cof_000249,cof_symmetry_pipeline/output/xyz/aug_000175.xyz,32,20,33,0,0,train,test
O=S(=O)(O)c1ccc(-c2ccc(S(=O)(=O)O)cc2)cc1,biphenyl_C2,SO3H_direct,C2,C2,nonplanar,-16.145888822079566,original_remaining,0.8504520458616183,1.4687305672910322,250,cof_000250,cof_symmetry_pipeline/output/xyz/aug_000176.xyz,30,20,31,0,0,val,test
C[Si](C)(C)c1ccc(-c2ccc([Si](C)(C)C)cc2)cc1,biphenyl_C2,SiMe3_direct,C2,C2,nonplanar,54.07195120028455,original_remaining,1.1966308792291656,2.3559763999593617,251,cof_000251,cof_symmetry_pipeline/output/xyz/aug_000177.xyz,46,20,47,0,0,train,test
CC(=O)c1ccc(-c2ccc(C(C)=O)cc2)cc1,biphenyl_C2,acetyl_direct,C2,C2,nonplanar,76.76721255576649,original_remaining,0.7084742917353349,1.3525475731113907,252,cof_000252,cof_symmetry_pipeline/output/xyz/aug_000178.xyz,32,18,33,0,0,train,test
CC(=O)c1ccc(-c2ccc(-c3ccc(-c4ccc(C(C)=O)cc4)cc3)cc2)cc1,biphenyl_C2,acetyl_ph,C2,C2,nonplanar,121.68820771256168,original_remaining,0.7101534281672294,1.428851131156024,253,cof_000253,cof_symmetry_pipeline/output/xyz/aug_000179.xyz,52,30,55,0,0,train,test
C#Cc1ccc(-c2ccc(C#C)cc2)cc1,biphenyl_C2,ethynyl_direct,C2,D2,nonplanar,37.82898606511472,original_remaining,0.6244189509758984,0.988786850596622,254,cof_000254,cof_symmetry_pipeline/output/xyz/aug_000180.xyz,26,16,27,0,0,train,test
Cc1ccc(-c2ccc(C)cc2)cc1,biphenyl_C2,methyl_direct,C2,C2,nonplanar,43.534319650804576,original_remaining,0.6885498285549413,0.9896831901442514,255,cof_000255,cof_symmetry_pipeline/output/xyz/aug_000181.xyz,28,14,29,0,0,test,test
Cc1ccc(-c2ccc(-c3ccc(-c4ccc(C)cc4)cc3)cc2)cc1,biphenyl_C2,methyl_ph,C2,C2,nonplanar,88.63095358734746,original_remaining,0.6973706920567541,0.9894707159294648,256,cof_000256,cof_symmetry_pipeline/output/xyz/aug_000182.xyz,48,26,51,0,0,train,test
C=Cc1ccc(-c2ccc(C=C)cc2)cc1,biphenyl_C2,vinyl_direct,C2,C2,nonplanar,50.01940077576676,original_remaining,0.5846682005865783,1.0329463415318003,257,cof_000257,cof_symmetry_pipeline/output/xyz/aug_000183.xyz,30,16,31,0,0,train,test
O=C(OBr)c1ccc(-c2ccc(C(=O)OBr)cc2)cc1,biphenyl_ester_C2,Br_direct,C2,C2,nonplanar,93.14893011476563,original_remaining,0.6436512854208328,1.0238671386956488,258,cof_000258,cof_symmetry_pipeline/output/xyz/aug_000184.xyz,28,20,29,0,0,train,val
O=C(OC#CC(F)(F)F)c1ccc(-c2ccc(C(=O)OC#CC(F)(F)F)cc2)cc1,biphenyl_ester_C2,CCCF3_direct,C2,D2,nonplanar,88.65541635168907,original_remaining,0.711080329131152,1.1885901050552672,259,cof_000259,cof_symmetry_pipeline/output/xyz/aug_000185.xyz,38,30,39,0,0,train,val
O=CC#COC(=O)c1ccc(-c2ccc(C(=O)OC#CC=O)cc2)cc1,biphenyl_ester_C2,CCCHO_direct,C2,C2,nonplanar,86.07603996887707,original_remaining,0.6480012591938993,1.1672901023441902,260,cof_000260,cof_symmetry_pipeline/output/xyz/aug_000186.xyz,36,26,37,0,0,train,val
N#CC#COC(=O)c1ccc(-c2ccc(C(=O)OC#CC#N)cc2)cc1,biphenyl_ester_C2,CCCN_direct,C2,C2,nonplanar,87.71259226680077,original_remaining,0.6238018881131744,1.125208616780159,261,cof_000261,cof_symmetry_pipeline/output/xyz/aug_000187.xyz,34,26,35,0,0,train,val
O=C(O)C#COC(=O)c1ccc(-c2ccc(C(=O)OC#CC(=O)O)cc2)cc1,biphenyl_ester_C2,CCCOOH_direct,C2,C2,nonplanar,24.123863785873787,original_remaining,0.6586006737599989,1.2101248850316904,262,cof_000262,cof_symmetry_pipeline/output/xyz/aug_000188.xyz,38,28,39,0,0,val,val
COC(=O)C#COC(=O)c1ccc(-c2ccc(C(=O)OC#CC(=O)OC)cc2)cc1,biphenyl_ester_C2,CCCOOMe_direct,C2,D2,nonplanar,64.63769952835622,original_remaining,0.8122082342392517,1.6303127321331807,263,cof_000263,cof_symmetry_pipeline/output/xyz/aug_000189.xyz,44,30,45,0,0,train,val
NC#COC(=O)c1ccc(-c2ccc(C(=O)OC#CN)cc2)cc1,biphenyl_ester_C2,CCNH2_direct,C2,C2,nonplanar,86.51440159862106,original_remaining,0.6525524710808347,1.1331376227153735,264,cof_000264,cof_symmetry_pipeline/output/xyz/aug_000191.xyz,36,24,37,0,0,train,val
O=C(OC#C[N+](=O)[O-])c1ccc(-c2ccc(C(=O)OC#C[N+](=O)[O-])cc2)cc1,biphenyl_ester_C2,CCNO2_direct,C2,C2,nonplanar,88.02633139673082,original_remaining,0.6690501697444514,1.1503977568519648,265,cof_000265,cof_symmetry_pipeline/output/xyz/aug_000192.xyz,36,28,37,0,0,train,val
O=C(OC#CO)c1ccc(-c2ccc(C(=O)OC#CO)cc2)cc1,biphenyl_ester_C2,CCOH_direct,C2,C2,nonplanar,87.48743410193002,original_remaining,0.5958561020695892,1.104491628088799,266,cof_000266,cof_symmetry_pipeline/output/xyz/aug_000193.xyz,34,24,35,0,0,test,val
CC(=O)C#COC(=O)c1ccc(-c2ccc(C(=O)OC#CC(C)=O)cc2)cc1,biphenyl_ester_C2,CCacetyl_direct,C2,C2,nonplanar,89.62298948031446,original_remaining,0.6446668263549773,1.2252283427998358,267,cof_000267,cof_symmetry_pipeline/output/xyz/aug_000194.xyz,42,28,43,0,0,train,val
O=C(OC(F)(F)F)c1ccc(-c2ccc(C(=O)OC(F)(F)F)cc2)cc1,biphenyl_ester_C2,CF3_direct,C2,C2,nonplanar,-23.97312828576288,original_remaining,0.7068003673932837,1.128739022318588,268,cof_000268,cof_symmetry_pipeline/output/xyz/aug_000195.xyz,34,26,35,0,0,train,val
O=C(Oc1ccc(C(F)(F)F)cc1)c1ccc(-c2ccc(C(=O)Oc3ccc(C(F)(F)F)cc3)cc2)cc1,biphenyl_ester_C2,CF3_ph,C2,D2,nonplanar,188.83184310833497,original_remaining,1.039256758900165,2.401828683415955,269,cof_000269,cof_symmetry_pipeline/output/xyz/aug_000196.xyz,54,38,57,0,0,train,val
O=COC(=O)c1ccc(-c2ccc(C(=O)OC=O)cc2)cc1,biphenyl_ester_C2,CHO_direct,C2,C2,nonplanar,48.57867053062583,original_remaining,0.636039572919256,1.087512283732058,270,cof_000270,cof_symmetry_pipeline/output/xyz/aug_000197.xyz,32,22,33,0,0,train,val
N#COC(=O)c1ccc(-c2ccc(C(=O)OC#N)cc2)cc1,biphenyl_ester_C2,CN_direct,C2,C2,nonplanar,38.50267794408796,original_remaining,0.6335698942521936,1.0974131339700142,271,cof_000271,cof_symmetry_pipeline/output/xyz/aug_000199.xyz,30,22,31,0,0,train,val
O=C(Cl)OC(=O)c1ccc(-c2ccc(C(=O)OC(=O)Cl)cc2)cc1,biphenyl_ester_C2,COCl_direct,C2,C2,nonplanar,25.72935614221867,original_remaining,0.6688104917843689,1.129223575219826,272,cof_000272,cof_symmetry_pipeline/output/xyz/aug_000200.xyz,32,24,33,0,0,train,val
NC(=O)OC(=O)c1ccc(-c2ccc(C(=O)OC(N)=O)cc2)cc1,biphenyl_ester_C2,CONH2_direct,C2,C2,nonplanar,-55.20216185832989,original_remaining,0.8300767970525504,1.4853856411378903,273,cof_000273,cof_symmetry_pipeline/output/xyz/aug_000201.xyz,36,24,37,0,0,train,val
O=C(O)OC(=O)c1ccc(-c2ccc(C(=O)OC(=O)O)cc2)cc1,biphenyl_ester_C2,COOH_direct,C2,C2,nonplanar,-46.37359170299864,original_remaining,0.6522954459191781,1.1966367241757856,274,cof_000274,cof_symmetry_pipeline/output/xyz/aug_000202.xyz,34,24,35,0,0,train,val
O=C(O)c1ccc(OC(=O)c2ccc(-c3ccc(C(=O)Oc4ccc(C(=O)O)cc4)cc3)cc2)cc1,biphenyl_ester_C2,COOH_ph,C2,D2,nonplanar,124.1766286300978,original_remaining,1.0209654622537372,2.097306994112812,275,cof_000275,cof_symmetry_pipeline/output/xyz/aug_000203.xyz,54,36,57,0,0,test,val
COC(=O)OC(=O)c1ccc(-c2ccc(C(=O)OC(=O)OC)cc2)cc1,biphenyl_ester_C2,COOMe_direct,C2,C2,nonplanar,-0.238398088122878,original_remaining,0.7174885638645218,1.329767783060693,276,cof_000276,cof_symmetry_pipeline/output/xyz/aug_000204.xyz,40,26,41,0,0,train,val
O=C(OCl)c1ccc(-c2ccc(C(=O)OCl)cc2)cc1,biphenyl_ester_C2,Cl_direct,C2,C2,nonplanar,98.5808133839788,original_remaining,0.642895693089874,1.0231982434638978,277,cof_000277,cof_symmetry_pipeline/output/xyz/aug_000205.xyz,28,20,29,0,0,train,val
O=C(Oc1ccc(Cl)cc1)c1ccc(-c2ccc(C(=O)Oc3ccc(Cl)cc3)cc2)cc1,biphenyl_ester_C2,Cl_ph,C2,D2,nonplanar,130.73015961945083,original_remaining,1.0766799749291085,2.430514592115753,278,cof_000278,cof_symmetry_pipeline/output/xyz/aug_000206.xyz,48,32,51,0,0,train,val
O=C(OI)c1ccc(-c2ccc(C(=O)OI)cc2)cc1,biphenyl_ester_C2,I_direct,C2,C2,nonplanar,93.48424765076612,original_remaining,0.64509894300053,1.0254288316933222,279,cof_000279,cof_symmetry_pipeline/output/xyz/aug_000207.xyz,28,20,29,0,0,train,val
[N-]=[N+]=NOC(=O)c1ccc(-c2ccc(C(=O)ON=[N+]=[N-])cc2)cc1,biphenyl_ester_C2,N3_direct,C2,C2,nonplanar,129.7808359072265,original_remaining,0.7150886470764343,1.2395080689658269,280,cof_000280,cof_symmetry_pipeline/output/xyz/aug_000208.xyz,32,24,33,0,0,train,val
[N-]=[N+]=Nc1ccc(OC(=O)c2ccc(-c3ccc(C(=O)Oc4ccc(N=[N+]=[N-])cc4)cc3)cc2)cc1,biphenyl_ester_C2,N3_ph,C2,C2,nonplanar,119.02072676322528,original_remaining,1.059418586987908,2.1581341256380497,281,cof_000281,cof_symmetry_pipeline/output/xyz/aug_000209.xyz,52,36,55,0,0,train,val
O=C=NOC(=O)c1ccc(-c2ccc(C(=O)ON=C=O)cc2)cc1,biphenyl_ester_C2,NCO_direct,C2,C2,nonplanar,127.26577593614076,original_remaining,0.6773129290842238,1.2245163036850508,282,cof_000282,cof_symmetry_pipeline/output/xyz/aug_000210.xyz,32,24,33,0,0,val,val
O=C(ON=C=S)c1ccc(-c2ccc(C(=O)ON=C=S)cc2)cc1,biphenyl_ester_C2,NCS_direct,C2,C2,nonplanar,129.26023296177218,original_remaining,0.7418317670965993,1.465488554751732,283,cof_000283,cof_symmetry_pipeline/output/xyz/aug_000211.xyz,32,24,33,0,0,test,val
NOC(=O)c1ccc(-c2ccc(C(=O)ON)cc2)cc1,biphenyl_ester_C2,NH2_direct,C2,C2,nonplanar,166.46978263136367,original_remaining,0.6058231082918896,1.0099239770888255,284,cof_000284,cof_symmetry_pipeline/output/xyz/aug_000212.xyz,32,20,33,0,0,train,val
O=CNOC(=O)c1ccc(-c2ccc(C(=O)ONC=O)cc2)cc1,biphenyl_ester_C2,NHCHO_direct,C2,C2,nonplanar,99.0388840690608,original_remaining,0.8051539791391432,1.65163032259369,285,cof_000285,cof_symmetry_pipeline/output/xyz/aug_000214.xyz,36,24,37,0,0,train,val
N#CNOC(=O)c1ccc(-c2ccc(C(=O)ONC#N)cc2)cc1,biphenyl_ester_C2,NHCN_direct,C2,D2,nonplanar,101.28677963766492,original_remaining,0.8469534491144939,2.23172600236893,286,cof_000286,cof_symmetry_pipeline/output/xyz/aug_000215.xyz,34,24,35,0,0,train,val
CC(=O)NOC(=O)c1ccc(-c2ccc(C(=O)ONC(C)=O)cc2)cc1,biphenyl_ester_C2,NHacetyl_direct,C2,C2,nonplanar,103.21318504513326,original_remaining,0.8224484197981717,1.4676256225477355,287,cof_000287,cof_symmetry_pipeline/output/xyz/aug_000217.xyz,42,26,43,0,0,train,val
O=C(O[N+](=O)[O-])c1ccc(-c2ccc(C(=O)O[N+](=O)[O-])cc2)cc1,biphenyl_ester_C2,NO2_direct,C2,C2,nonplanar,21.63131731663901,original_remaining,0.7045344604932433,1.1068435289216842,288,cof_000288,cof_symmetry_pipeline/output/xyz/aug_000218.xyz,32,24,33,0,0,train,val
O=C(Oc1ccc([N+](=O)[O-])cc1)c1ccc(-c2ccc(C(=O)Oc3ccc([N+](=O)[O-])cc3)cc2)cc1,biphenyl_ester_C2,NO2_ph,C2,D2,nonplanar,200.5260967346913,original_remaining,1.048701574506837,2.1301189693736804,289,cof_000289,cof_symmetry_pipeline/output/xyz/aug_000219.xyz,52,36,55,0,0,train,val
O=COOC(=O)c1ccc(-c2ccc(C(=O)OOC=O)cc2)cc1,biphenyl_ester_C2,OCHO_direct,C2,C2,nonplanar,103.49373623860676,original_remaining,0.6557468165363167,1.0420732078343158,290,cof_000290,cof_symmetry_pipeline/output/xyz/aug_000220.xyz,34,24,35,0,0,train,val
N#COOC(=O)c1ccc(-c2ccc(C(=O)OOC#N)cc2)cc1,biphenyl_ester_C2,OCN_direct,C2,C2,nonplanar,93.40676209007523,original_remaining,0.6742856426295005,1.1047305964873118,291,cof_000291,cof_symmetry_pipeline/output/xyz/aug_000221.xyz,32,24,33,0,0,train,val
O=C(OO)c1ccc(-c2ccc(C(=O)OO)cc2)cc1,biphenyl_ester_C2,OH_direct,C2,C2,nonplanar,124.71744117921524,original_remaining,0.622881525090892,1.0109995524995132,292,cof_000292,cof_symmetry_pipeline/output/xyz/aug_000222.xyz,30,20,31,0,0,test,val
O=C(Oc1ccc(O)cc1)c1ccc(-c2ccc(C(=O)Oc3ccc(O)cc3)cc2)cc1,biphenyl_ester_C2,OH_ph,C2,C2,nonplanar,111.68073489376768,original_remaining,0.834741411964253,1.644473513639894,293,cof_000293,cof_symmetry_pipeline/output/xyz/aug_000223.xyz,50,32,53,0,0,train,val
COc1ccc(OC(=O)c2ccc(-c3ccc(C(=O)Oc4ccc(OC)cc4)cc3)cc2)cc1,biphenyl_ester_C2,OMe_ph,C2,D2,nonplanar,141.33583492016643,original_remaining,1.1256336415342356,2.596887110115312,294,cof_000294,cof_symmetry_pipeline/output/xyz/aug_000225.xyz,56,34,59,0,0,test,val
CC(=O)OOC(=O)c1ccc(-c2ccc(C(=O)OOC(C)=O)cc2)cc1,biphenyl_ester_C2,Oacetyl_direct,C2,C2,nonplanar,102.47318240487876,original_remaining,0.6980705282657091,1.1436811964751863,295,cof_000295,cof_symmetry_pipeline/output/xyz/aug_000226.xyz,40,26,41,0,0,train,val
N#CSOC(=O)c1ccc(-c2ccc(C(=O)OSC#N)cc2)cc1,biphenyl_ester_C2,SCN_direct,C2,C2,nonplanar,88.24869316459103,original_remaining,0.8033962929870787,1.8362460410271064,296,cof_000296,cof_symmetry_pipeline/output/xyz/aug_000228.xyz,32,24,33,0,0,val,val
O=C(OS)c1ccc(-c2ccc(C(=O)OS)cc2)cc1,biphenyl_ester_C2,SH_direct,C2,C2,nonplanar,101.50255546090088,original_remaining,0.6476839466608102,0.9978086962974216,297,cof_000297,cof_symmetry_pipeline/output/xyz/aug_000229.xyz,30,20,31,0,0,train,val
O=C(OS(=O)(=O)Cl)c1ccc(-c2ccc(C(=O)OS(=O)(=O)Cl)cc2)cc1,biphenyl_ester_C2,SO2Cl_direct,C2,C2,nonplanar,-48.86950440222255,original_remaining,0.7745828916950068,1.21065647921669,298,cof_000298,cof_symmetry_pipeline/output/xyz/aug_000230.xyz,34,26,35,0,0,test,val
NS(=O)(=O)OC(=O)c1ccc(-c2ccc(C(=O)OS(N)(=O)=O)cc2)cc1,biphenyl_ester_C2,SO2NH2_direct,C2,C2,nonplanar,-251.6261942861977,original_remaining,0.7145739369439154,1.3309545226217123,299,cof_000299,cof_symmetry_pipeline/output/xyz/aug_000231.xyz,38,26,39,0,0,train,val
O=C(OS(=O)(=O)O)c1ccc(-c2ccc(C(=O)OS(=O)(=O)O)cc2)cc1,biphenyl_ester_C2,SO3H_direct,C2,C2,nonplanar,-174.69562270215974,original_remaining,0.7811556055519452,1.2897442795261966,300,cof_000300,cof_symmetry_pipeline/output/xyz/aug_000232.xyz,36,26,37,0,0,train,val
C[Si](C)(C)OC(=O)c1ccc(-c2ccc(C(=O)O[Si](C)(C)C)cc2)cc1,biphenyl_ester_C2,SiMe3_direct,C2,C2,nonplanar,46.889514292288894,original_remaining,1.1490763423350607,2.24077849816643,301,cof_000301,cof_symmetry_pipeline/output/xyz/aug_000233.xyz,52,26,53,0,0,train,val
CC(=O)OC(=O)c1ccc(-c2ccc(C(=O)OC(C)=O)cc2)cc1,biphenyl_ester_C2,acetyl_direct,C2,C2,nonplanar,48.089644698969096,original_remaining,0.770959864531147,1.8146142216942605,302,cof_000302,cof_symmetry_pipeline/output/xyz/aug_000234.xyz,38,24,39,0,0,train,val
CC(=O)c1ccc(OC(=O)c2ccc(-c3ccc(C(=O)Oc4ccc(C(C)=O)cc4)cc3)cc2)cc1,biphenyl_ester_C2,acetyl_ph,C2,D2,nonplanar,171.64182491264685,original_remaining,1.1104271926529543,2.6463175721231598,303,cof_000303,cof_symmetry_pipeline/output/xyz/aug_000235.xyz,58,36,61,0,0,train,val
C#COC(=O)c1ccc(-c2ccc(C(=O)OC#C)cc2)cc1,biphenyl_ester_C2,ethynyl_direct,C2,C2,nonplanar,87.86362153481167,original_remaining,0.6319968972342825,1.096540740599809,304,cof_000304,cof_symmetry_pipeline/output/xyz/aug_000236.xyz,32,22,33,0,0,train,val
Cc1ccc(OC(=O)c2ccc(-c3ccc(C(=O)Oc4ccc(C)cc4)cc3)cc2)cc1,biphenyl_ester_C2,methyl_ph,C2,D2,nonplanar,139.4104968500274,original_remaining,0.9833395301892108,2.3587594725312977,305,cof_000305,cof_symmetry_pipeline/output/xyz/aug_000237.xyz,54,32,57,0,0,train,val
C=COC(=O)c1ccc(-c2ccc(C(=O)OC=C)cc2)cc1,biphenyl_ester_C2,vinyl_direct,C2,C2,nonplanar,121.78519198210256,original_remaining,0.6342800290080357,1.1103929714670755,306,cof_000306,cof_symmetry_pipeline/output/xyz/aug_000238.xyz,36,22,37,0,0,train,val
Brc1ccc(-c2ccc(Br)cn2)nc1,bipyridine_C2,Br_direct,C2,C2h,planar,71.68624331450306,original_remaining,6.064401353858021e-06,1.4778854807162569e-05,307,cof_000307,cof_symmetry_pipeline/output/xyz/aug_000239.xyz,20,14,21,0,0,train,val
FC(F)(F)C#Cc1ccc(-c2ccc(C#CC(F)(F)F)cn2)nc1,bipyridine_C2,CCCF3_direct,C2,C2,planar,82.74019878132428,original_remaining,0.3993597155295546,1.2392791156631893,308,cof_000308,cof_symmetry_pipeline/output/xyz/aug_000240.xyz,30,24,31,0,0,val,val
O=CC#Cc1ccc(-c2ccc(C#CC=O)cn2)nc1,bipyridine_C2,CCCHO_direct,C2,C2h,planar,75.35456439936381,original_remaining,0.0043662460453555,0.0139255811951493,309,cof_000309,cof_symmetry_pipeline/output/xyz/aug_000241.xyz,28,20,29,0,0,train,val
N#CC#Cc1ccc(-c2ccc(C#CC#N)cn2)nc1,bipyridine_C2,CCCN_direct,C2,C2h,planar,75.23640526862984,original_remaining,1.1129685326647784e-05,2.59249693850272e-05,310,cof_000310,cof_symmetry_pipeline/output/xyz/aug_000242.xyz,26,20,27,0,0,train,val
C#Cc1ccc(-c2ccc(-c3ccc(-c4ccc(C#C)cc4)cn3)nc2)cc1,bipyridine_C2,CCH_ph,C2,C2,nonplanar,112.83349348861432,original_remaining,0.8273760742036637,1.7033072372603126,311,cof_000311,cof_symmetry_pipeline/output/xyz/aug_000245.xyz,44,28,47,0,0,train,val
O=C=NC#Cc1ccc(-c2ccc(C#CN=C=O)cn2)nc1,bipyridine_C2,CCNCO_direct,C2,C2,planar,61.2288231501043,original_remaining,0.1182895287252748,0.4926950184567795,312,cof_000312,cof_symmetry_pipeline/output/xyz/aug_000246.xyz,28,22,29,0,0,train,val
NC#Cc1ccc(-c2ccc(C#CN)cn2)nc1,bipyridine_C2,CCNH2_direct,C2,C2,planar,59.77457823262248,original_remaining,0.161077925391051,0.5344355696370524,313,cof_000313,cof_symmetry_pipeline/output/xyz/aug_000247.xyz,28,18,29,0,0,train,val
O=[N+]([O-])C#Cc1ccc(-c2ccc(C#C[N+](=O)[O-])cn2)nc1,bipyridine_C2,CCNO2_direct,C2,C2h,planar,79.73019985750429,original_remaining,6.707638738221786e-06,2.334931507430582e-05,314,cof_000314,cof_symmetry_pipeline/output/xyz/aug_000248.xyz,28,22,29,0,0,test,val
OC#Cc1ccc(-c2ccc(C#CO)cn2)nc1,bipyridine_C2,CCOH_direct,C2,C2,planar,65.18255061615857,original_remaining,0.2387169664799719,0.842780629154892,315,cof_000315,cof_symmetry_pipeline/output/xyz/aug_000249.xyz,26,18,27,0,0,val,val
FC(F)(F)c1ccc(-c2ccc(C(F)(F)F)cn2)nc1,bipyridine_C2,CF3_direct,C2,C2,planar,74.01065938596072,original_remaining,0.4263100933058967,1.254624300643458,316,cof_000316,cof_symmetry_pipeline/output/xyz/aug_000250.xyz,26,20,27,0,0,train,val
O=Cc1ccc(-c2ccc(C=O)cn2)nc1,bipyridine_C2,CHO_direct,C2,C2v,planar,93.0016273350965,original_remaining,2.095622626282404e-05,5.114940783351729e-05,317,cof_000317,cof_symmetry_pipeline/output/xyz/aug_000251.xyz,24,16,25,0,0,val,val
O=Cc1ccc(-c2ccc(-c3ccc(-c4ccc(C=O)cc4)cn3)nc2)cc1,bipyridine_C2,CHO_ph,C2,D2,nonplanar,144.069421183787,original_remaining,0.9437324841181578,1.9071623119150205,318,cof_000318,cof_symmetry_pipeline/output/xyz/aug_000252.xyz,44,28,47,0,0,test,val
N#Cc1ccc(-c2ccc(C#N)cn2)nc1,bipyridine_C2,CN_direct,C2,C2h,planar,78.06498156871386,original_remaining,3.921502160603468e-05,6.838061070343904e-05,319,cof_000319,cof_symmetry_pipeline/output/xyz/aug_000253.xyz,22,16,23,0,0,train,val
N#Cc1ccc(-c2ccc(-c3ccc(-c4ccc(C#N)cc4)cn3)nc2)cc1,bipyridine_C2,CN_ph,C2,D2,nonplanar,141.34836340180686,original_remaining,0.9660604064377905,1.9751157989038164,320,cof_000320,cof_symmetry_pipeline/output/xyz/aug_000254.xyz,42,28,45,0,0,test,val
O=C(Cl)c1ccc(-c2ccc(C(=O)Cl)cn2)nc1,bipyridine_C2,COCl_direct,C2,C2v,planar,105.49997949194464,original_remaining,5.053036413255733e-05,9.040404539639724e-05,321,cof_000321,cof_symmetry_pipeline/output/xyz/aug_000255.xyz,24,18,25,0,0,train,val
NC(=O)c1ccc(-c2ccc(C(N)=O)cn2)nc1,bipyridine_C2,CONH2_direct,C2,C2,planar,36.30393177796808,original_remaining,0.3496914288965342,0.962389718719885,322,cof_000322,cof_symmetry_pipeline/output/xyz/aug_000256.xyz,28,18,29,0,0,train,val
O=C(O)c1ccc(-c2ccc(C(=O)O)cn2)nc1,bipyridine_C2,COOH_direct,C2,C2h,planar,41.037247940376815,original_remaining,2.4015326467736823e-05,6.707253689081094e-05,323,cof_000323,cof_symmetry_pipeline/output/xyz/aug_000257.xyz,26,18,27,0,0,val,val
O=C(O)c1ccc(-c2ccc(-c3ccc(-c4ccc(C(=O)O)cc4)cn3)nc2)cc1,bipyridine_C2,COOH_ph,C2,D2,nonplanar,104.2141961212194,original_remaining,0.8600869960446469,1.731503399097674,324,cof_000324,cof_symmetry_pipeline/output/xyz/aug_000258.xyz,46,30,49,0,0,train,val
COC(=O)c1ccc(-c2ccc(C(=O)OC)cn2)nc1,bipyridine_C2,COOMe_direct,C2,C2h,planar,75.2145233834664,original_remaining,0.318521905893331,0.9009383383483438,325,cof_000325,cof_symmetry_pipeline/output/xyz/aug_000259.xyz,32,20,33,0,0,train,val
Clc1ccc(-c2ccc(Cl)cn2)nc1,bipyridine_C2,Cl_direct,C2,C2v,planar,85.20472803050737,original_remaining,8.01401061172544e-05,0.0001332360114747,326,cof_000326,cof_symmetry_pipeline/output/xyz/aug_000260.xyz,20,14,21,0,0,train,val
Ic1ccc(-c2ccc(I)cn2)nc1,bipyridine_C2,I_direct,C2,C2v,planar,81.46833068210606,original_remaining,1.762503443286011e-05,3.4128398633370693e-05,327,cof_000327,cof_symmetry_pipeline/output/xyz/aug_000262.xyz,20,14,21,0,0,train,val
[N-]=[N+]=Nc1ccc(-c2ccc(N=[N+]=[N-])cn2)nc1,bipyridine_C2,N3_direct,C2,C2,nonplanar,70.92041913771332,original_remaining,0.6615125523439676,1.9221826771414523,328,cof_000328,cof_symmetry_pipeline/output/xyz/aug_000263.xyz,24,18,25,0,0,train,val
S=C=Nc1ccc(-c2ccc(N=C=S)cn2)nc1,bipyridine_C2,NCS_direct,C2,C2,nonplanar,77.20748619174805,original_remaining,0.7882818470660256,2.417942456390639,329,cof_000329,cof_symmetry_pipeline/output/xyz/aug_000265.xyz,24,18,25,0,0,val,val
Nc1ccc(-c2ccc(N)cn2)nc1,bipyridine_C2,NH2_direct,C2,C2,planar,82.11819023563771,original_remaining,0.1231348854543456,0.2797217523757962,330,cof_000330,cof_symmetry_pipeline/output/xyz/aug_000266.xyz,24,14,25,0,0,test,val
Nc1ccc(-c2ccc(-c3ccc(-c4ccc(N)cc4)cn3)nc2)cc1,bipyridine_C2,NH2_ph,C2,C2,nonplanar,93.53622441870766,original_remaining,0.7680883645040547,1.5701966898829478,331,cof_000331,cof_symmetry_pipeline/output/xyz/aug_000267.xyz,44,26,47,0,0,train,val
O=CNc1ccc(-c2ccc(NC=O)cn2)nc1,bipyridine_C2,NHCHO_direct,C2,C2h,planar,39.754047998030735,original_remaining,0.0088313655728204,0.018960632935668,332,cof_000332,cof_symmetry_pipeline/output/xyz/aug_000268.xyz,28,18,29,0,0,val,val
N#CNc1ccc(-c2ccc(NC#N)cn2)nc1,bipyridine_C2,NHCN_direct,C2,C2,planar,38.40081014013261,original_remaining,0.4027098913104603,1.2190470238161175,333,cof_000333,cof_symmetry_pipeline/output/xyz/aug_000269.xyz,26,18,27,0,0,train,val
O=[N+]([O-])c1ccc(-c2ccc([N+](=O)[O-])cn2)nc1,bipyridine_C2,NO2_direct,C2,C2v,planar,114.95631991280236,original_remaining,2.655158814058252e-06,7.755740008219547e-06,334,cof_000334,cof_symmetry_pipeline/output/xyz/aug_000270.xyz,24,18,25,0,0,val,val
O=[N+]([O-])c1ccc(-c2ccc(-c3ccc(-c4ccc([N+](=O)[O-])cc4)cn3)nc2)cc1,bipyridine_C2,NO2_ph,C2,D2,nonplanar,181.31505479326097,original_remaining,0.8696320109286163,1.705703759254249,335,cof_000335,cof_symmetry_pipeline/output/xyz/aug_000271.xyz,44,30,47,0,0,train,val
O=COc1ccc(-c2ccc(OC=O)cn2)nc1,bipyridine_C2,OCHO_direct,C2,C2,planar,87.20278136851896,original_remaining,0.4210957731350406,1.2331633411991882,336,cof_000336,cof_symmetry_pipeline/output/xyz/aug_000272.xyz,26,18,27,0,0,test,val
N#COc1ccc(-c2ccc(OC#N)cn2)nc1,bipyridine_C2,OCN_direct,C2,C2h,planar,80.83534445715809,original_remaining,0.002487418269722,0.0079542342246279,337,cof_000337,cof_symmetry_pipeline/output/xyz/aug_000273.xyz,24,18,25,0,0,val,val
Oc1ccc(-c2ccc(O)cn2)nc1,bipyridine_C2,OH_direct,C2,C2h,planar,66.48840824660182,original_remaining,1.0523180320627373e-05,2.8051695364350596e-05,338,cof_000338,cof_symmetry_pipeline/output/xyz/aug_000274.xyz,22,14,23,0,0,train,val
COc1ccc(-c2ccc(OC)cn2)nc1,bipyridine_C2,OMe_direct,C2,C2h,planar,88.75791775488655,original_remaining,0.3414571161228184,0.90342867237342,339,cof_000339,cof_symmetry_pipeline/output/xyz/aug_000276.xyz,28,16,29,0,0,train,val
CC(=O)Oc1ccc(-c2ccc(OC(C)=O)cn2)nc1,bipyridine_C2,Oacetyl_direct,C2,C2,planar,86.02055711428473,original_remaining,0.4963420412419977,1.1984444948501,340,cof_000340,cof_symmetry_pipeline/output/xyz/aug_000278.xyz,32,20,33,0,0,test,val
O=P(Cl)(Cl)c1ccc(-c2ccc(P(=O)(Cl)Cl)cn2)nc1,bipyridine_C2,POCl2_direct,C2,D2h,nonplanar,82.02699527833958,original_remaining,0.6176672196668532,1.574771543235186,341,cof_000341,cof_symmetry_pipeline/output/xyz/aug_000280.xyz,26,20,27,0,0,train,val
N#CSc1ccc(-c2ccc(SC#N)cn2)nc1,bipyridine_C2,SCN_direct,C2,D2,nonplanar,69.63698485999437,original_remaining,0.809456304921603,2.2777167507056846,342,cof_000342,cof_symmetry_pipeline/output/xyz/aug_000281.xyz,24,18,25,0,0,train,val
Sc1ccc(-c2ccc(S)cn2)nc1,bipyridine_C2,SH_direct,C2,C2,planar,70.56289114206673,original_remaining,0.1918663206188564,0.6053722953262473,343,cof_000343,cof_symmetry_pipeline/output/xyz/aug_000282.xyz,22,14,23,0,0,val,val
NS(=O)(=O)c1ccc(-c2ccc(S(N)(=O)=O)cn2)nc1,bipyridine_C2,SO2NH2_direct,C2,C2,nonplanar,-112.2403268365897,original_remaining,0.8443222240400374,1.807877196488784,344,cof_000344,cof_symmetry_pipeline/output/xyz/aug_000283.xyz,30,20,31,0,0,train,val
O=S(=O)(O)c1ccc(-c2ccc(S(=O)(=O)O)cn2)nc1,bipyridine_C2,SO3H_direct,C2,C2,nonplanar,-32.14471089727922,original_remaining,0.5961454331978762,1.4691573251337666,345,cof_000345,cof_symmetry_pipeline/output/xyz/aug_000284.xyz,28,20,29,0,0,train,val
C[Si](C)(C)c1ccc(-c2ccc([Si](C)(C)C)cn2)nc1,bipyridine_C2,SiMe3_direct,C2,C2h,nonplanar,59.04603922741289,original_remaining,1.1247022079352276,2.4401481680023105,346,cof_000346,cof_symmetry_pipeline/output/xyz/aug_000285.xyz,44,20,45,0,0,train,val
CC(=O)c1ccc(-c2ccc(C(C)=O)cn2)nc1,bipyridine_C2,acetyl_direct,C2,C2h,planar,90.2852801453888,original_remaining,0.3309986285163038,0.9616126738227369,347,cof_000347,cof_symmetry_pipeline/output/xyz/aug_000286.xyz,30,18,31,0,0,train,val
C#Cc1ccc(-c2ccc(C#C)cn2)nc1,bipyridine_C2,ethynyl_direct,C2,C2h,planar,71.5192458762176,original_remaining,4.937638245751337e-05,0.0001051746371147,348,cof_000348,cof_symmetry_pipeline/output/xyz/aug_000288.xyz,24,16,25,0,0,train,val
Cc1ccc(-c2ccc(C)cn2)nc1,bipyridine_C2,methyl_direct,C2,C2,planar,60.55664428502567,original_remaining,0.3503077531934548,1.0489500865964705,349,cof_000349,cof_symmetry_pipeline/output/xyz/aug_000289.xyz,26,14,27,0,0,train,val
C=Cc1ccc(-c2ccc(C=C)cn2)nc1,bipyridine_C2,vinyl_direct,C2,C2v,planar,98.4574295780544,original_remaining,3.502344223055998e-05,0.0001139654534564,350,cof_000350,cof_symmetry_pipeline/output/xyz/aug_000291.xyz,28,16,29,0,0,test,val
O=C(Br)Nc1ccc(NC(=O)Br)cc1,bis_benzamide_C2,Br_direct,C2,C2v,planar,-40.30914622831224,original_remaining,3.001628231116729e-06,7.509822304907487e-06,351,cof_000351,cof_symmetry_pipeline/output/xyz/aug_000292.xyz,20,14,20,0,0,val,val
O=C(C#CC(F)(F)F)Nc1ccc(NC(=O)C#CC(F)(F)F)cc1,bis_benzamide_C2,CCCF3_direct,C2,C2h,planar,-30.004350130083484,original_remaining,0.3997019147491116,1.0951566133169757,352,cof_000352,cof_symmetry_pipeline/output/xyz/aug_000293.xyz,30,24,30,0,0,train,val
O=CC#CC(=O)Nc1ccc(NC(=O)C#CC=O)cc1,bis_benzamide_C2,CCCHO_direct,C2,C2v,planar,-35.373691797474656,original_remaining,7.725841481515925e-06,2.2901092945559757e-05,353,cof_000353,cof_symmetry_pipeline/output/xyz/aug_000294.xyz,28,20,28,0,0,train,val
N#CC#CC(=O)Nc1ccc(NC(=O)C#CC#N)cc1,bis_benzamide_C2,CCCN_direct,C2,C2v,planar,-40.28188527128699,original_remaining,1.7620674664312825e-06,3.610244996066214e-06,354,cof_000354,cof_symmetry_pipeline/output/xyz/aug_000295.xyz,26,20,26,0,0,val,val
COC(=O)C#CC(=O)Nc1ccc(NC(=O)C#CC(=O)OC)cc1,bis_benzamide_C2,CCCOOMe_direct,C2,C2,planar,-60.58381696212396,original_remaining,0.324471686475655,0.9275028901439182,355,cof_000355,cof_symmetry_pipeline/output/xyz/aug_000297.xyz,36,24,36,0,0,train,val
C#Cc1ccc(C(=O)Nc2ccc(NC(=O)c3ccc(C#C)cc3)cc2)cc1,bis_benzamide_C2,CCH_ph,C2,C2,nonplanar,50.26443634052781,original_remaining,0.7221691630498261,1.5143322841264453,356,cof_000356,cof_symmetry_pipeline/output/xyz/aug_000298.xyz,44,28,46,0,0,train,val
O=C=NC#CC(=O)Nc1ccc(NC(=O)C#CN=C=O)cc1,bis_benzamide_C2,CCNCO_direct,C2,C2,planar,-45.99207932207741,original_remaining,0.1288647563713161,0.4394595435503019,357,cof_000357,cof_symmetry_pipeline/output/xyz/aug_000300.xyz,28,22,28,0,0,train,val
NC#CC(=O)Nc1ccc(NC(=O)C#CN)cc1,bis_benzamide_C2,CCNH2_direct,C2,C2v,planar,-36.959695993501406,original_remaining,0.3103130950612824,0.8210159355814939,358,cof_000358,cof_symmetry_pipeline/output/xyz/aug_000301.xyz,28,18,28,0,0,val,val
O=C(C#C[N+](=O)[O-])Nc1ccc(NC(=O)C#C[N+](=O)[O-])cc1,bis_benzamide_C2,CCNO2_direct,C2,C2,planar,-49.15730189332881,original_remaining,0.1382961845710043,0.3917112526111149,359,cof_000359,cof_symmetry_pipeline/output/xyz/aug_000302.xyz,28,22,28,0,0,train,val
O=C(C#CO)Nc1ccc(NC(=O)C#CO)cc1,bis_benzamide_C2,CCOH_direct,C2,C2h,planar,-38.56299716375819,original_remaining,1.0219599116946664e-05,3.0479060305038663e-05,360,cof_000360,cof_symmetry_pipeline/output/xyz/aug_000303.xyz,26,18,26,0,0,train,val
CC(=O)C#CC(=O)Nc1ccc(NC(=O)C#CC(C)=O)cc1,bis_benzamide_C2,CCacetyl_direct,C2,C2,planar,-31.793856609931886,original_remaining,0.3316691405985534,1.213256439424513,361,cof_000361,cof_symmetry_pipeline/output/xyz/aug_000304.xyz,34,22,34,0,0,val,val
O=C(Nc1ccc(NC(=O)C(F)(F)F)cc1)C(F)(F)F,bis_benzamide_C2,CF3_direct,C2,C2v,planar,151.81571906809063,original_remaining,0.4288875994840048,1.0935889030555217,362,cof_000362,cof_symmetry_pipeline/output/xyz/aug_000305.xyz,26,20,26,0,0,val,val
O=C(Nc1ccc(NC(=O)c2ccc(C(F)(F)F)cc2)cc1)c1ccc(C(F)(F)F)cc1,bis_benzamide_C2,CF3_ph,C2,C2,nonplanar,105.10125035835443,original_remaining,0.7545653079626079,1.4775971111059305,363,cof_000363,cof_symmetry_pipeline/output/xyz/aug_000306.xyz,46,32,48,0,0,test,val
O=CC(=O)Nc1ccc(NC(=O)C=O)cc1,bis_benzamide_C2,CHO_direct,C2,C2v,planar,44.50749807664451,original_remaining,7.907750105233375e-06,1.679800818665811e-05,364,cof_000364,cof_symmetry_pipeline/output/xyz/aug_000307.xyz,24,16,24,0,0,train,val
O=Cc1ccc(C(=O)Nc2ccc(NC(=O)c3ccc(C=O)cc3)cc2)cc1,bis_benzamide_C2,CHO_ph,C2,C2,nonplanar,80.04734265159314,original_remaining,0.7104852269937435,1.455550755031122,365,cof_000365,cof_symmetry_pipeline/output/xyz/aug_000308.xyz,44,28,46,0,0,val,val
O=Cc1ccc(-c2ccc(C(=O)Nc3ccc(NC(=O)c4ccc(-c5ccc(C=O)cc5)cc4)cc3)cc2)cc1,bis_benzamide_C2,CHO_phph,C2,C2,nonplanar,126.02472725163584,original_remaining,0.6457724915122461,1.359961711651007,366,cof_000366,cof_symmetry_pipeline/output/xyz/aug_000309.xyz,64,40,68,0,0,train,val
N#CC(=O)Nc1ccc(NC(=O)C#N)cc1,bis_benzamide_C2,CN_direct,C2,C2v,planar,52.40333090553954,original_remaining,2.680094806339307e-06,7.77159275355821e-06,367,cof_000367,cof_symmetry_pipeline/output/xyz/aug_000310.xyz,22,16,22,0,0,train,val
N#Cc1ccc(C(=O)Nc2ccc(NC(=O)c3ccc(C#N)cc3)cc2)cc1,bis_benzamide_C2,CN_ph,C2,C2,nonplanar,78.42168362386617,original_remaining,0.7108057980145386,1.484004358343274,368,cof_000368,cof_symmetry_pipeline/output/xyz/aug_000311.xyz,42,28,44,0,0,train,val
O=C(Cl)C(=O)Nc1ccc(NC(=O)C(=O)Cl)cc1,bis_benzamide_C2,COCl_direct,C2,C2h,planar,97.37992239873736,original_remaining,4.300234528453549e-05,0.0001437178953255,369,cof_000369,cof_symmetry_pipeline/output/xyz/aug_000312.xyz,24,18,24,0,0,train,val
NC(=O)C(=O)Nc1ccc(NC(=O)C(N)=O)cc1,bis_benzamide_C2,CONH2_direct,C2,C2h,planar,44.098847352857725,original_remaining,0.0001635877486037,0.000413250386861,370,cof_000370,cof_symmetry_pipeline/output/xyz/aug_000313.xyz,28,18,28,0,0,train,val
O=C(O)C(=O)Nc1ccc(NC(=O)C(=O)O)cc1,bis_benzamide_C2,COOH_direct,C2,C2h,planar,73.40203976781166,original_remaining,9.659300755742536e-06,2.6320304026494767e-05,371,cof_000371,cof_symmetry_pipeline/output/xyz/aug_000314.xyz,26,18,26,0,0,train,val
O=C(O)c1ccc(C(=O)Nc2ccc(NC(=O)c3ccc(C(=O)O)cc3)cc2)cc1,bis_benzamide_C2,COOH_ph,C2,C2,nonplanar,42.73480590095467,original_remaining,0.7609239674860375,1.5427935819861465,372,cof_000372,cof_symmetry_pipeline/output/xyz/aug_000315.xyz,46,30,48,0,0,train,val
COC(=O)C(=O)Nc1ccc(NC(=O)C(=O)OC)cc1,bis_benzamide_C2,COOMe_direct,C2,C2,planar,100.14039669199386,original_remaining,0.4063864086078936,0.805332791402688,373,cof_000373,cof_symmetry_pipeline/output/xyz/aug_000316.xyz,32,20,32,0,0,train,val
O=C(Cl)Nc1ccc(NC(=O)Cl)cc1,bis_benzamide_C2,Cl_direct,C2,C2v,planar,-41.667025282263104,original_remaining,9.71076261297829e-06,2.233142584934233e-05,374,cof_000374,cof_symmetry_pipeline/output/xyz/aug_000317.xyz,20,14,20,0,0,train,val
O=C(Nc1ccc(NC(=O)c2ccc(Cl)cc2)cc1)c1ccc(Cl)cc1,bis_benzamide_C2,Cl_ph,C2,C2,nonplanar,49.14591331865293,original_remaining,0.752118052110493,1.546225978574539,375,cof_000375,cof_symmetry_pipeline/output/xyz/aug_000318.xyz,40,26,42,0,0,train,val
O=C(I)Nc1ccc(NC(=O)I)cc1,bis_benzamide_C2,I_direct,C2,C2h,planar,-39.36616130982674,original_remaining,2.5134720135819256e-05,7.395695947565173e-05,376,cof_000376,cof_symmetry_pipeline/output/xyz/aug_000319.xyz,20,14,20,0,0,val,val
[N-]=[N+]=NC(=O)Nc1ccc(NC(=O)N=[N+]=[N-])cc1,bis_benzamide_C2,N3_direct,C2,C2v,planar,-137.9329221744199,original_remaining,1.492767619362729e-05,4.1406259334686446e-05,377,cof_000377,cof_symmetry_pipeline/output/xyz/aug_000320.xyz,24,18,24,0,0,train,val
O=C=NC(=O)Nc1ccc(NC(=O)N=C=O)cc1,bis_benzamide_C2,NCO_direct,C2,C2h,planar,-145.98142403511565,original_remaining,0.0030695006922314,0.0101474353230639,378,cof_000378,cof_symmetry_pipeline/output/xyz/aug_000322.xyz,24,18,24,0,0,train,val
O=C(N=C=S)Nc1ccc(NC(=O)N=C=S)cc1,bis_benzamide_C2,NCS_direct,C2,C2v,planar,-122.03941234730652,original_remaining,1.5118927307996503e-05,4.3828213629248935e-05,379,cof_000379,cof_symmetry_pipeline/output/xyz/aug_000323.xyz,24,18,24,0,0,train,val
NC(=O)Nc1ccc(NC(N)=O)cc1,bis_benzamide_C2,NH2_direct,C2,C2,planar,-159.70114017439832,original_remaining,0.2262688174466056,0.6992564404377868,380,cof_000380,cof_symmetry_pipeline/output/xyz/aug_000324.xyz,24,14,24,0,0,train,val
Nc1ccc(C(=O)Nc2ccc(NC(=O)c3ccc(N)cc3)cc2)cc1,bis_benzamide_C2,NH2_ph,C2,C2,nonplanar,28.386162591547063,original_remaining,0.7023277959640442,1.5032657153633164,381,cof_000381,cof_symmetry_pipeline/output/xyz/aug_000325.xyz,44,26,46,0,0,train,val
O=CNC(=O)Nc1ccc(NC(=O)NC=O)cc1,bis_benzamide_C2,NHCHO_direct,C2,C2,nonplanar,-145.42430559437963,original_remaining,0.5048532030370395,1.2510265735593746,382,cof_000382,cof_symmetry_pipeline/output/xyz/aug_000327.xyz,28,18,28,0,0,train,val
N#CNC(=O)Nc1ccc(NC(=O)NC#N)cc1,bis_benzamide_C2,NHCN_direct,C2,C2h,planar,-222.51449658922576,original_remaining,2.5144335759019063e-05,6.783740038107666e-05,383,cof_000383,cof_symmetry_pipeline/output/xyz/aug_000328.xyz,26,18,26,0,0,train,val
CC(=O)NC(=O)Nc1ccc(NC(=O)NC(C)=O)cc1,bis_benzamide_C2,NHacetyl_direct,C2,C2,nonplanar,-139.54077780253886,original_remaining,0.6617258318593102,1.7772059116321837,384,cof_000384,cof_symmetry_pipeline/output/xyz/aug_000330.xyz,34,20,34,0,0,train,val
O=C(Nc1ccc(NC(=O)[N+](=O)[O-])cc1)[N+](=O)[O-],bis_benzamide_C2,NO2_direct,C2,C2h,planar,138.21187835196628,original_remaining,5.347167190404007e-06,1.1923821660167476e-05,385,cof_000385,cof_symmetry_pipeline/output/xyz/aug_000331.xyz,24,18,24,0,0,train,val
O=C(Nc1ccc(NC(=O)c2ccc([N+](=O)[O-])cc2)cc1)c1ccc([N+](=O)[O-])cc1,bis_benzamide_C2,NO2_ph,C2,C2,nonplanar,119.1452204619107,original_remaining,0.7235950018436986,1.4808267438345042,386,cof_000386,cof_symmetry_pipeline/output/xyz/aug_000332.xyz,44,30,46,0,0,train,val
O=C(Nc1ccc(NC(=O)c2ccc(-c3ccc([N+](=O)[O-])cc3)cc2)cc1)c1ccc(-c2ccc([N+](=O)[O-])cc2)cc1,bis_benzamide_C2,NO2_phph,C2,D2,nonplanar,161.54354671878994,original_remaining,1.0892426146411802,2.3181661018125315,387,cof_000387,cof_symmetry_pipeline/output/xyz/aug_000333.xyz,64,42,68,0,0,train,val
O=COC(=O)Nc1ccc(NC(=O)OC=O)cc1,bis_benzamide_C2,OCHO_direct,C2,C2h,planar,-92.56277135478132,original_remaining,2.857194934315304e-05,9.807390719332454e-05,388,cof_000388,cof_symmetry_pipeline/output/xyz/aug_000334.xyz,26,18,26,0,0,train,val
N#COC(=O)Nc1ccc(NC(=O)OC#N)cc1,bis_benzamide_C2,OCN_direct,C2,C2v,planar,-92.8704026689004,original_remaining,1.0966674807807148e-05,2.4948140494363003e-05,389,cof_000389,cof_symmetry_pipeline/output/xyz/aug_000335.xyz,24,18,24,0,0,val,val
O=C(O)Nc1ccc(NC(=O)O)cc1,bis_benzamide_C2,OH_direct,C2,C2v,planar,-145.00741023766074,original_remaining,2.6117949159520035e-05,6.294269235196381e-05,390,cof_000390,cof_symmetry_pipeline/output/xyz/aug_000336.xyz,22,14,22,0,0,train,val
O=C(Nc1ccc(NC(=O)c2ccc(-c3ccc(O)cc3)cc2)cc1)c1ccc(-c2ccc(O)cc2)cc1,bis_benzamide_C2,OH_phph,C2,C2,nonplanar,72.79906827237107,original_remaining,0.709800208189513,1.7368697787740934,391,cof_000391,cof_symmetry_pipeline/output/xyz/aug_000337.xyz,62,38,66,0,0,train,val
COC(=O)Nc1ccc(NC(=O)OC)cc1,bis_benzamide_C2,OMe_direct,C2,C2h,planar,-86.8577295376489,original_remaining,0.3406348207732512,0.9012411973107828,392,cof_000392,cof_symmetry_pipeline/output/xyz/aug_000338.xyz,28,16,28,0,0,train,val
COc1ccc(C(=O)Nc2ccc(NC(=O)c3ccc(OC)cc3)cc2)cc1,bis_benzamide_C2,OMe_ph,C2,C2,nonplanar,56.90542833080708,original_remaining,0.8030232672420072,1.7512389414644198,393,cof_000393,cof_symmetry_pipeline/output/xyz/aug_000339.xyz,48,28,50,0,0,train,val
CC(=O)OC(=O)Nc1ccc(NC(=O)OC(C)=O)cc1,bis_benzamide_C2,Oacetyl_direct,C2,C2,planar,-90.73506998637626,original_remaining,0.3279217312996331,1.0382297877723108,394,cof_000394,cof_symmetry_pipeline/output/xyz/aug_000340.xyz,32,20,32,0,0,train,val
O=C(Nc1ccc(NC(=O)P(=O)(O)O)cc1)P(=O)(O)O,bis_benzamide_C2,PO3H2_direct,C2,C2,nonplanar,-53.66387639701013,original_remaining,0.6258174763263075,1.4760575704290595,395,cof_000395,cof_symmetry_pipeline/output/xyz/aug_000341.xyz,30,20,30,0,0,train,val
O=C(Nc1ccc(NC(=O)P(=O)(Cl)Cl)cc1)P(=O)(Cl)Cl,bis_benzamide_C2,POCl2_direct,C2,D2h,nonplanar,176.9309897964574,original_remaining,0.6240490867538432,1.5910240719456472,396,cof_000396,cof_symmetry_pipeline/output/xyz/aug_000342.xyz,26,20,26,0,0,train,val
N#CSC(=O)Nc1ccc(NC(=O)SC#N)cc1,bis_benzamide_C2,SCN_direct,C2,C2,planar,-88.54350486769275,original_remaining,0.2398183113166212,0.6883773549207004,397,cof_000397,cof_symmetry_pipeline/output/xyz/aug_000343.xyz,24,18,24,0,0,train,val
O=C(S)Nc1ccc(NC(=O)S)cc1,bis_benzamide_C2,SH_direct,C2,C2h,planar,-76.26185841234985,original_remaining,9.585813120371918e-06,2.018353691379815e-05,398,cof_000398,cof_symmetry_pipeline/output/xyz/aug_000344.xyz,22,14,22,0,0,val,val
O=C(Nc1ccc(NC(=O)S(=O)(=O)Cl)cc1)S(=O)(=O)Cl,bis_benzamide_C2,SO2Cl_direct,C2,C2,nonplanar,196.3246470081588,original_remaining,0.546799072859007,1.420704845991541,399,cof_000399,cof_symmetry_pipeline/output/xyz/aug_000345.xyz,26,20,26,0,0,train,val
O=C(Nc1ccc(NC(=O)S(=O)(=O)O)cc1)S(=O)(=O)O,bis_benzamide_C2,SO3H_direct,C2,C2,nonplanar,119.03871977783407,original_remaining,0.5377508897448887,1.326489093844763,400,cof_000400,cof_symmetry_pipeline/output/xyz/aug_000346.xyz,28,20,28,0,0,test,val
C[Si](C)(C)C(=O)Nc1ccc(NC(=O)[Si](C)(C)C)cc1,bis_benzamide_C2,SiMe3_direct,C2,C2v,nonplanar,17.0510152429527,original_remaining,1.1229664231722685,2.461874450647205,401,cof_000401,cof_symmetry_pipeline/output/xyz/aug_000347.xyz,44,20,44,0,0,train,val
CC(=O)C(=O)Nc1ccc(NC(=O)C(C)=O)cc1,bis_benzamide_C2,acetyl_direct,C2,C2h,planar,50.10593871036006,original_remaining,0.327778947445391,0.8977202945381711,402,cof_000402,cof_symmetry_pipeline/output/xyz/aug_000348.xyz,30,18,30,0,0,train,val
C#CC(=O)Nc1ccc(NC(=O)C#C)cc1,bis_benzamide_C2,ethynyl_direct,C2,C2h,planar,-24.13213432114117,original_remaining,2.421921966801155e-06,5.899359060507203e-06,403,cof_000403,cof_symmetry_pipeline/output/xyz/aug_000350.xyz,24,16,24,0,0,train,val
CC(=O)Nc1ccc(NC(C)=O)cc1,bis_benzamide_C2,methyl_direct,C2,C2,planar,-17.79669365457798,original_remaining,0.351641794416214,1.0193247279189848,404,cof_000404,cof_symmetry_pipeline/output/xyz/aug_000351.xyz,26,14,26,0,0,train,val
C=CC(=O)Nc1ccc(NC(=O)C=C)cc1,bis_benzamide_C2,vinyl_direct,C2,C2v,planar,-13.100081823215328,original_remaining,1.3244651651693737e-06,3.666529085843973e-06,405,cof_000405,cof_symmetry_pipeline/output/xyz/aug_000353.xyz,28,16,28,0,0,train,val
O=C(Br)Oc1ccc(OC(=O)Br)cc1,bis_benzoate_C2,Br_direct,C2,D2,nonplanar,32.941405460708495,original_remaining,0.730572552170171,1.638950409965113,406,cof_000406,cof_symmetry_pipeline/output/xyz/aug_000354.xyz,18,14,18,0,0,train,train
O=C(C#CC(F)(F)F)Oc1ccc(OC(=O)C#CC(F)(F)F)cc1,bis_benzoate_C2,CCCF3_direct,C2,D2h,nonplanar,43.0067631747222,original_remaining,0.7028127446913263,1.829377371908992,407,cof_000407,cof_symmetry_pipeline/output/xyz/aug_000355.xyz,28,24,28,0,0,train,train
O=CC#CC(=O)Oc1ccc(OC(=O)C#CC=O)cc1,bis_benzoate_C2,CCCHO_direct,C2,D2,nonplanar,37.2551828064651,original_remaining,0.7159774113419042,1.5576025679822811,408,cof_000408,cof_symmetry_pipeline/output/xyz/aug_000356.xyz,26,20,26,0,0,train,train
O=C(O)C#CC(=O)Oc1ccc(OC(=O)C#CC(=O)O)cc1,bis_benzoate_C2,CCCOOH_direct,C2,D2,nonplanar,-31.89410818373303,original_remaining,0.6468077117090147,1.4818935120883785,409,cof_000409,cof_symmetry_pipeline/output/xyz/aug_000358.xyz,28,22,28,0,0,val,train
C#Cc1ccc(C(=O)Oc2ccc(OC(=O)c3ccc(C#C)cc3)cc2)cc1,bis_benzoate_C2,CCH_ph,C2,D2,nonplanar,110.9684389604468,original_remaining,0.9675366676278756,2.221467375196649,410,cof_000410,cof_symmetry_pipeline/output/xyz/aug_000360.xyz,42,28,44,0,0,train,train
O=C=NC#CC(=O)Oc1ccc(OC(=O)C#CN=C=O)cc1,bis_benzoate_C2,CCNCO_direct,C2,D2,nonplanar,22.89022147078057,original_remaining,0.797445408390945,1.605582374137739,411,cof_000411,cof_symmetry_pipeline/output/xyz/aug_000361.xyz,26,22,26,0,0,val,train
NC#CC(=O)Oc1ccc(OC(=O)C#CN)cc1,bis_benzoate_C2,CCNH2_direct,C2,D2,nonplanar,33.95403630449165,original_remaining,0.627744098019457,1.4746395675055304,412,cof_000412,cof_symmetry_pipeline/output/xyz/aug_000362.xyz,26,18,26,0,0,train,train
O=C(C#C[N+](=O)[O-])Oc1ccc(OC(=O)C#C[N+](=O)[O-])cc1,bis_benzoate_C2,CCNO2_direct,C2,D2,nonplanar,15.05699088717039,original_remaining,0.6345730551825187,1.5543137423458462,413,cof_000413,cof_symmetry_pipeline/output/xyz/aug_000363.xyz,26,22,26,0,0,train,train
CC(=O)C#CC(=O)Oc1ccc(OC(=O)C#CC(C)=O)cc1,bis_benzoate_C2,CCacetyl_direct,C2,D2,nonplanar,40.77300607691837,original_remaining,0.96069046409499,1.949410718332868,414,cof_000414,cof_symmetry_pipeline/output/xyz/aug_000365.xyz,32,22,32,0,0,train,train
O=C(Oc1ccc(OC(=O)C(F)(F)F)cc1)C(F)(F)F,bis_benzoate_C2,CF3_direct,C2,D2h,nonplanar,166.18484708209243,original_remaining,0.6983360556036631,1.624200761891835,415,cof_000415,cof_symmetry_pipeline/output/xyz/aug_000366.xyz,24,20,24,0,0,val,train
O=C(Oc1ccc(OC(=O)c2ccc(C(F)(F)F)cc2)cc1)c1ccc(C(F)(F)F)cc1,bis_benzoate_C2,CF3_ph,C2,D2,nonplanar,167.54856637850529,original_remaining,0.9782217422088576,2.2629894556452617,416,cof_000416,cof_symmetry_pipeline/output/xyz/aug_000367.xyz,44,32,46,0,0,train,train
O=CC(=O)Oc1ccc(OC(=O)C=O)cc1,bis_benzoate_C2,CHO_direct,C2,C2,nonplanar,97.63974377443566,original_remaining,0.8268284296927995,1.6491475203426775,417,cof_000417,cof_symmetry_pipeline/output/xyz/aug_000368.xyz,22,16,22,0,0,train,train
O=Cc1ccc(C(=O)Oc2ccc(OC(=O)c3ccc(C=O)cc3)cc2)cc1,bis_benzoate_C2,CHO_ph,C2,C2v,nonplanar,143.15203695530312,original_remaining,0.764312160918404,2.157663768794511,418,cof_000418,cof_symmetry_pipeline/output/xyz/aug_000369.xyz,42,28,44,0,0,val,train
N#CC(=O)Oc1ccc(OC(=O)C#N)cc1,bis_benzoate_C2,CN_direct,C2,C2,nonplanar,97.08340168340074,original_remaining,0.7222886377739715,1.6543446034463216,419,cof_000419,cof_symmetry_pipeline/output/xyz/aug_000370.xyz,20,16,20,0,0,train,train
N#Cc1ccc(C(=O)Oc2ccc(OC(=O)c3ccc(C#N)cc3)cc2)cc1,bis_benzoate_C2,CN_ph,C2,D2,nonplanar,140.9083249708682,original_remaining,0.997192393383327,2.2329555711235507,420,cof_000420,cof_symmetry_pipeline/output/xyz/aug_000371.xyz,40,28,42,0,0,train,train
N#Cc1ccc(-c2ccc(C(=O)Oc3ccc(OC(=O)c4ccc(-c5ccc(C#N)cc5)cc4)cc3)cc2)cc1,bis_benzoate_C2,CN_phph,C2,D2,nonplanar,183.8893863173971,original_remaining,0.905354376906116,2.182598425179596,421,cof_000421,cof_symmetry_pipeline/output/xyz/aug_000372.xyz,60,40,64,0,0,train,train
O=C(Cl)C(=O)Oc1ccc(OC(=O)C(=O)Cl)cc1,bis_benzoate_C2,COCl_direct,C2,C2,nonplanar,135.91103578880652,original_remaining,0.7563928409056836,1.6520893153256735,422,cof_000422,cof_symmetry_pipeline/output/xyz/aug_000373.xyz,22,18,22,0,0,train,train
NC(=O)C(=O)Oc1ccc(OC(=O)C(N)=O)cc1,bis_benzoate_C2,CONH2_direct,C2,C2,nonplanar,114.03546660728784,original_remaining,0.98092743533882,2.214243367222923,423,cof_000423,cof_symmetry_pipeline/output/xyz/aug_000374.xyz,26,18,26,0,0,test,train
O=C(O)C(=O)Oc1ccc(OC(=O)C(=O)O)cc1,bis_benzoate_C2,COOH_direct,C2,D2,nonplanar,125.77231028727508,original_remaining,0.7455979701375012,1.4071680034805043,424,cof_000424,cof_symmetry_pipeline/output/xyz/aug_000375.xyz,24,18,24,0,0,train,train
O=C(O)c1ccc(C(=O)Oc2ccc(OC(=O)c3ccc(C(=O)O)cc3)cc2)cc1,bis_benzoate_C2,COOH_ph,C2,C2h,nonplanar,102.88297692703637,original_remaining,0.7467860581692414,2.158937414944877,425,cof_000425,cof_symmetry_pipeline/output/xyz/aug_000376.xyz,44,30,46,0,0,train,train
COC(=O)C(=O)Oc1ccc(OC(=O)C(=O)OC)cc1,bis_benzoate_C2,COOMe_direct,C2,C2,nonplanar,139.5796310961729,original_remaining,0.8882357373307693,1.7139049170415903,426,cof_000426,cof_symmetry_pipeline/output/xyz/aug_000377.xyz,30,20,30,0,0,train,train
O=C(Cl)Oc1ccc(OC(=O)Cl)cc1,bis_benzoate_C2,Cl_direct,C2,D2h,nonplanar,35.88572058933393,original_remaining,0.6082595779605536,1.430705357781562,427,cof_000427,cof_symmetry_pipeline/output/xyz/aug_000378.xyz,18,14,18,0,0,train,train
O=C(Oc1ccc(OC(=O)c2ccc(Cl)cc2)cc1)c1ccc(Cl)cc1,bis_benzoate_C2,Cl_ph,C2,D2,nonplanar,109.93169381010512,original_remaining,1.0227831083924488,2.239781687587348,428,cof_000428,cof_symmetry_pipeline/output/xyz/aug_000379.xyz,38,26,40,0,0,train,train
O=C(I)Oc1ccc(OC(=O)I)cc1,bis_benzoate_C2,I_direct,C2,D2,nonplanar,32.75908973472217,original_remaining,0.718946829997556,1.6192134547877344,429,cof_000429,cof_symmetry_pipeline/output/xyz/aug_000380.xyz,18,14,18,0,0,train,train
[N-]=[N+]=NC(=O)Oc1ccc(OC(=O)N=[N+]=[N-])cc1,bis_benzoate_C2,N3_direct,C2,C2,nonplanar,-54.45455045989559,original_remaining,1.0343562874750958,2.07670353419019,430,cof_000430,cof_symmetry_pipeline/output/xyz/aug_000381.xyz,22,18,22,0,0,train,train
[N-]=[N+]=Nc1ccc(C(=O)Oc2ccc(OC(=O)c3ccc(N=[N+]=[N-])cc3)cc2)cc1,bis_benzoate_C2,N3_ph,C2,D2,nonplanar,97.73162722570224,original_remaining,1.0514736373963056,2.162411306916874,431,cof_000431,cof_symmetry_pipeline/output/xyz/aug_000382.xyz,42,30,44,0,0,test,train
O=C=NC(=O)Oc1ccc(OC(=O)N=C=O)cc1,bis_benzoate_C2,NCO_direct,C2,C2,nonplanar,-66.83972292208804,original_remaining,0.9913277353032296,1.963236008924381,432,cof_000432,cof_symmetry_pipeline/output/xyz/aug_000383.xyz,22,18,22,0,0,train,train
O=C(N=C=S)Oc1ccc(OC(=O)N=C=S)cc1,bis_benzoate_C2,NCS_direct,C2,C2,nonplanar,-36.68664298467286,original_remaining,1.069774263383586,2.291621071094174,433,cof_000433,cof_symmetry_pipeline/output/xyz/aug_000384.xyz,22,18,22,0,0,train,train
NC(=O)Oc1ccc(OC(N)=O)cc1,bis_benzoate_C2,NH2_direct,C2,C2,nonplanar,-65.48547359639912,original_remaining,0.6612372806657582,1.4251418555680289,434,cof_000434,cof_symmetry_pipeline/output/xyz/aug_000385.xyz,22,14,22,0,0,train,train
Nc1ccc(C(=O)Oc2ccc(OC(=O)c3ccc(N)cc3)cc2)cc1,bis_benzoate_C2,NH2_ph,C2,D2,nonplanar,90.61180396453014,original_remaining,1.016377468344002,2.2397298324198216,435,cof_000435,cof_symmetry_pipeline/output/xyz/aug_000386.xyz,42,26,44,0,0,train,train
Nc1ccc(-c2ccc(C(=O)Oc3ccc(OC(=O)c4ccc(-c5ccc(N)cc5)cc4)cc3)cc2)cc1,bis_benzoate_C2,NH2_phph,C2,D2,nonplanar,136.71598629195643,original_remaining,0.9180064038690716,2.207111890876117,436,cof_000436,cof_symmetry_pipeline/output/xyz/aug_000387.xyz,62,38,66,0,0,train,train
O=CNC(=O)Oc1ccc(OC(=O)NC=O)cc1,bis_benzoate_C2,NHCHO_direct,C2,D2,nonplanar,-89.05085336242038,original_remaining,0.6609080168063936,1.410722006991815,437,cof_000437,cof_symmetry_pipeline/output/xyz/aug_000388.xyz,26,18,26,0,0,test,train
N#CNC(=O)Oc1ccc(OC(=O)NC#N)cc1,bis_benzoate_C2,NHCN_direct,C2,C2,nonplanar,-140.91749598142025,original_remaining,0.9295496736927952,1.9856342504158948,438,cof_000438,cof_symmetry_pipeline/output/xyz/aug_000389.xyz,24,18,24,0,0,train,train
CS(=O)(=O)NC(=O)Oc1ccc(OC(=O)NS(C)(=O)=O)cc1,bis_benzoate_C2,NHSO2_direct,C2,C2,nonplanar,-268.3791528608755,original_remaining,1.0575928004509023,2.304486726548001,439,cof_000439,cof_symmetry_pipeline/output/xyz/aug_000390.xyz,34,22,34,0,0,train,train
CC(=O)NC(=O)Oc1ccc(OC(=O)NC(C)=O)cc1,bis_benzoate_C2,NHacetyl_direct,C2,C2,nonplanar,-83.38342099079446,original_remaining,0.6599503109134486,1.3397319173587103,440,cof_000440,cof_symmetry_pipeline/output/xyz/aug_000391.xyz,32,20,32,0,0,train,train
O=C(Oc1ccc(OC(=O)[N+](=O)[O-])cc1)[N+](=O)[O-],bis_benzoate_C2,NO2_direct,C2,C2v,nonplanar,173.52699874856015,original_remaining,0.883563754090217,1.6814230345060437,441,cof_000441,cof_symmetry_pipeline/output/xyz/aug_000392.xyz,22,18,22,0,0,train,train
O=C(Oc1ccc(OC(=O)c2ccc([N+](=O)[O-])cc2)cc1)c1ccc([N+](=O)[O-])cc1,bis_benzoate_C2,NO2_ph,C2,D2,nonplanar,181.7582217880247,original_remaining,0.9926280791959056,2.2057113282921,442,cof_000442,cof_symmetry_pipeline/output/xyz/aug_000393.xyz,42,30,44,0,0,val,train
O=C(Oc1ccc(OC(=O)c2ccc(-c3ccc([N+](=O)[O-])cc3)cc2)cc1)c1ccc(-c2ccc([N+](=O)[O-])cc2)cc1,bis_benzoate_C2,NO2_phph,C2,D2,nonplanar,224.03543884760705,original_remaining,0.9156536445839872,2.2392105146745,443,cof_000443,cof_symmetry_pipeline/output/xyz/aug_000394.xyz,62,42,66,0,0,train,train
O=COC(=O)Oc1ccc(OC(=O)OC=O)cc1,bis_benzoate_C2,OCHO_direct,C2,D2,nonplanar,-26.634419737940988,original_remaining,0.7589360022124564,1.4814894888389925,444,cof_000444,cof_symmetry_pipeline/output/xyz/aug_000395.xyz,24,18,24,0,0,val,train
N#COC(=O)Oc1ccc(OC(=O)OC#N)cc1,bis_benzoate_C2,OCN_direct,C2,C2,nonplanar,-33.44654898885898,original_remaining,0.9525411317429476,1.879446601027489,445,cof_000445,cof_symmetry_pipeline/output/xyz/aug_000396.xyz,22,18,22,0,0,train,train
O=C(O)Oc1ccc(OC(=O)O)cc1,bis_benzoate_C2,OH_direct,C2,C2v,nonplanar,-41.40579162577226,original_remaining,0.8821725402635772,1.6530688568322178,446,cof_000446,cof_symmetry_pipeline/output/xyz/aug_000397.xyz,20,14,20,0,0,train,train
O=C(Oc1ccc(OC(=O)c2ccc(O)cc2)cc1)c1ccc(O)cc1,bis_benzoate_C2,OH_ph,C2,D2,nonplanar,89.07909759948701,original_remaining,0.977787155775252,2.24752607452504,447,cof_000447,cof_symmetry_pipeline/output/xyz/aug_000398.xyz,40,26,42,0,0,val,train
O=C(Oc1ccc(OC(=O)c2ccc(-c3ccc(O)cc3)cc2)cc1)c1ccc(-c2ccc(O)cc2)cc1,bis_benzoate_C2,OH_phph,C2,D2,nonplanar,134.73024183886724,original_remaining,0.909290413121698,2.1790799646663657,448,cof_000448,cof_symmetry_pipeline/output/xyz/aug_000399.xyz,60,38,64,0,0,train,train
COC(=O)Oc1ccc(OC(=O)OC)cc1,bis_benzoate_C2,OMe_direct,C2,C2,nonplanar,5.172203962874342,original_remaining,1.0421063886263573,2.293371043783309,449,cof_000449,cof_symmetry_pipeline/output/xyz/aug_000400.xyz,26,16,26,0,0,train,train
COc1ccc(C(=O)Oc2ccc(OC(=O)c3ccc(OC)cc3)cc2)cc1,bis_benzoate_C2,OMe_ph,C2,D2,nonplanar,119.1599693738572,original_remaining,0.9785804818436152,2.188864698626762,450,cof_000450,cof_symmetry_pipeline/output/xyz/aug_000401.xyz,46,28,48,0,0,train,train
CC(=O)OC(=O)Oc1ccc(OC(=O)OC(C)=O)cc1,bis_benzoate_C2,Oacetyl_direct,C2,D2,nonplanar,-26.980342980888828,original_remaining,0.744157856764816,1.3001740437521028,451,cof_000451,cof_symmetry_pipeline/output/xyz/aug_000402.xyz,30,20,30,0,0,train,train
O=C(Oc1ccc(OC(=O)P(=O)(Cl)Cl)cc1)P(=O)(Cl)Cl,bis_benzoate_C2,POCl2_direct,C2,C2,nonplanar,188.1173938613794,original_remaining,0.7691099348363123,1.6673201318870738,452,cof_000452,cof_symmetry_pipeline/output/xyz/aug_000403.xyz,24,20,24,0,0,train,train
N#CSC(=O)Oc1ccc(OC(=O)SC#N)cc1,bis_benzoate_C2,SCN_direct,C2,C2,nonplanar,-27.339044460793417,original_remaining,0.565130667944275,1.560610712129881,453,cof_000453,cof_symmetry_pipeline/output/xyz/aug_000404.xyz,22,18,22,0,0,train,train
O=C(S)Oc1ccc(OC(=O)S)cc1,bis_benzoate_C2,SH_direct,C2,C2,nonplanar,8.540447095484351,original_remaining,0.8954116921877673,1.650641433408479,454,cof_000454,cof_symmetry_pipeline/output/xyz/aug_000405.xyz,20,14,20,0,0,train,train
O=C(Oc1ccc(OC(=O)S(=O)(=O)Cl)cc1)S(=O)(=O)Cl,bis_benzoate_C2,SO2Cl_direct,C2,C2v,nonplanar,205.92684056475696,original_remaining,1.016994040484183,2.4244291839510645,455,cof_000455,cof_symmetry_pipeline/output/xyz/aug_000406.xyz,24,20,24,0,0,train,train
O=C(Oc1ccc(OC(=O)S(=O)(=O)O)cc1)S(=O)(=O)O,bis_benzoate_C2,SO3H_direct,C2,C2,nonplanar,145.2237758132703,original_remaining,1.097871777121248,2.361018977117225,456,cof_000456,cof_symmetry_pipeline/output/xyz/aug_000408.xyz,26,20,26,0,0,train,train
CC(=O)C(=O)Oc1ccc(OC(=O)C(C)=O)cc1,bis_benzoate_C2,acetyl_direct,C2,C2,nonplanar,104.15630229743718,original_remaining,1.0171200559939515,2.259564273631061,457,cof_000457,cof_symmetry_pipeline/output/xyz/aug_000410.xyz,28,18,28,0,0,train,train
CC(=O)c1ccc(C(=O)Oc2ccc(OC(=O)c3ccc(C(C)=O)cc3)cc2)cc1,bis_benzoate_C2,acetyl_ph,C2,C2h,nonplanar,151.1640827738053,original_remaining,0.7608757187646737,2.1604959264402908,458,cof_000458,cof_symmetry_pipeline/output/xyz/aug_000411.xyz,48,30,50,0,0,train,train
C#CC(=O)Oc1ccc(OC(=O)C#C)cc1,bis_benzoate_C2,ethynyl_direct,C2,D2h,nonplanar,51.30496745183186,original_remaining,0.6009267532071617,1.671245057087663,459,cof_000459,cof_symmetry_pipeline/output/xyz/aug_000412.xyz,22,16,22,0,0,val,train
CC(=O)Oc1ccc(OC(C)=O)cc1,bis_benzoate_C2,methyl_direct,C2,C2,nonplanar,32.71265867941064,original_remaining,0.6549429518463238,1.39836972169821,460,cof_000460,cof_symmetry_pipeline/output/xyz/aug_000413.xyz,24,14,24,0,0,train,train
Cc1ccc(C(=O)Oc2ccc(OC(=O)c3ccc(C)cc3)cc2)cc1,bis_benzoate_C2,methyl_ph,C2,C2,nonplanar,115.32834968048728,original_remaining,0.7938806258336273,2.1757582794768453,461,cof_000461,cof_symmetry_pipeline/output/xyz/aug_000414.xyz,44,26,46,0,0,train,train
C=CC(=O)Oc1ccc(OC(=O)C=C)cc1,bis_benzoate_C2,vinyl_direct,C2,C2h,nonplanar,59.300768996328536,original_remaining,0.9058663232178388,1.944741070181916,462,cof_000462,cof_symmetry_pipeline/output/xyz/aug_000415.xyz,26,16,26,0,0,train,train
BrC#Cc1ccc2cc3cc(C#CBr)ccc3cc2c1,bis_ethynyl_anthracene_C2,Br_direct,C2,C2h,planar,37.75955417192834,original_remaining,5.312566773705387e-06,2.030538441899488e-05,463,cof_000463,cof_symmetry_pipeline/output/xyz/aug_000417.xyz,28,20,30,0,0,train,train
FC(F)(F)C#CC#Cc1ccc2cc3cc(C#CC#CC(F)(F)F)ccc3cc2c1,bis_ethynyl_anthracene_C2,CCCF3_direct,C2,C2,planar,38.29978725117451,original_remaining,0.3547992719112819,1.2234517559289415,464,cof_000464,cof_symmetry_pipeline/output/xyz/aug_000418.xyz,38,30,40,0,0,train,train
N#CC#CC#Cc1ccc2cc3cc(C#CC#CC#N)ccc3cc2c1,bis_ethynyl_anthracene_C2,CCCN_direct,C2,C2h,planar,37.07535547881791,original_remaining,2.8706179775509814e-06,7.183371349611667e-06,465,cof_000465,cof_symmetry_pipeline/output/xyz/aug_000419.xyz,34,26,36,0,0,train,train
C#Cc1ccc(C#Cc2ccc3cc4cc(C#Cc5ccc(C#C)cc5)ccc4cc3c2)cc1,bis_ethynyl_anthracene_C2,CCH_ph,C2,D2h,nonplanar,67.0870919850988,original_remaining,0.9692926381859128,2.155404506494889,466,cof_000466,cof_symmetry_pipeline/output/xyz/aug_000421.xyz,52,34,56,0,0,train,train
NC#CC#Cc1ccc2cc3cc(C#CC#CN)ccc3cc2c1,bis_ethynyl_anthracene_C2,CCNH2_direct,C2,C2,planar,36.356688630071886,original_remaining,0.2702460996094047,0.882493553813704,467,cof_000467,cof_symmetry_pipeline/output/xyz/aug_000423.xyz,36,24,38,0,0,train,train
O=[N+]([O-])C#CC#Cc1ccc2cc3cc(C#CC#C[N+](=O)[O-])ccc3cc2c1,bis_ethynyl_anthracene_C2,CCNO2_direct,C2,C2h,planar,37.31844038750884,original_remaining,0.0012294960553786,0.0054563771265145,468,cof_000468,cof_symmetry_pipeline/output/xyz/aug_000424.xyz,36,28,38,0,0,train,train
OC#CC#Cc1ccc2cc3cc(C#CC#CO)ccc3cc2c1,bis_ethynyl_anthracene_C2,CCOH_direct,C2,C2,planar,37.765457651611285,original_remaining,0.1950191069863413,0.7858081137065519,469,cof_000469,cof_symmetry_pipeline/output/xyz/aug_000425.xyz,34,24,36,0,0,test,train
O=CC#Cc1ccc2cc3cc(C#CC=O)ccc3cc2c1,bis_ethynyl_anthracene_C2,CHO_direct,C2,C2,planar,41.98389546626376,original_remaining,0.1365698315714401,0.4139760107167536,470,cof_000470,cof_symmetry_pipeline/output/xyz/aug_000428.xyz,32,22,34,0,0,train,train
N#CC#Cc1ccc2cc3cc(C#CC#N)ccc3cc2c1,bis_ethynyl_anthracene_C2,CN_direct,C2,C2h,planar,42.35280322942874,original_remaining,1.6129561341898475e-05,4.0385657381847295e-05,471,cof_000471,cof_symmetry_pipeline/output/xyz/aug_000430.xyz,30,22,32,0,0,train,train
N#Cc1ccc(C#Cc2ccc3cc4cc(C#Cc5ccc(C#N)cc5)ccc4cc3c2)cc1,bis_ethynyl_anthracene_C2,CN_ph,C2,D2,nonplanar,95.26934186701835,original_remaining,0.9768693266279532,2.1413108861644905,472,cof_000472,cof_symmetry_pipeline/output/xyz/aug_000431.xyz,50,34,54,0,0,train,train
O=C(Cl)C#Cc1ccc2cc3cc(C#CC(=O)Cl)ccc3cc2c1,bis_ethynyl_anthracene_C2,COCl_direct,C2,C2h,planar,44.48164644496516,original_remaining,4.809174132878349e-05,0.000199677077496,473,cof_000473,cof_symmetry_pipeline/output/xyz/aug_000432.xyz,32,24,34,0,0,train,train
NC(=O)C#Cc1ccc2cc3cc(C#CC(N)=O)ccc3cc2c1,bis_ethynyl_anthracene_C2,CONH2_direct,C2,C2,nonplanar,-41.5633699369904,original_remaining,0.6490305433033012,1.8719841997073132,474,cof_000474,cof_symmetry_pipeline/output/xyz/aug_000433.xyz,36,24,38,0,0,train,train
O=C(O)C#Cc1ccc2cc3cc(C#CC(=O)O)ccc3cc2c1,bis_ethynyl_anthracene_C2,COOH_direct,C2,C2h,planar,-21.76747231421728,original_remaining,1.1694991733233523e-06,4.914391287247355e-06,475,cof_000475,cof_symmetry_pipeline/output/xyz/aug_000434.xyz,34,24,36,0,0,train,train
O=C(O)c1ccc(C#Cc2ccc3cc4cc(C#Cc5ccc(C(=O)O)cc5)ccc4cc3c2)cc1,bis_ethynyl_anthracene_C2,COOH_ph,C2,D2,nonplanar,58.46743643168232,original_remaining,0.9999635261338756,2.183837458169808,476,cof_000476,cof_symmetry_pipeline/output/xyz/aug_000435.xyz,54,36,58,0,0,train,train
ClC#Cc1ccc2cc3cc(C#CCl)ccc3cc2c1,bis_ethynyl_anthracene_C2,Cl_direct,C2,C2h,planar,38.02568776860711,original_remaining,0.0001066431009836,0.0003151614659812,477,cof_000477,cof_symmetry_pipeline/output/xyz/aug_000436.xyz,28,20,30,0,0,train,train
IC#Cc1ccc2cc3cc(C#CI)ccc3cc2c1,bis_ethynyl_anthracene_C2,I_direct,C2,C2h,planar,37.51717072385112,original_remaining,1.0349829324058e-05,4.046944404656472e-05,478,cof_000478,cof_symmetry_pipeline/output/xyz/aug_000437.xyz,28,20,30,0,0,val,train
O=C=NC#Cc1ccc2cc3cc(C#CN=C=O)ccc3cc2c1,bis_ethynyl_anthracene_C2,NCO_direct,C2,C2h,planar,30.196445405791884,original_remaining,0.0138202564757989,0.0577294695502259,479,cof_000479,cof_symmetry_pipeline/output/xyz/aug_000439.xyz,32,24,34,0,0,test,train
NC#Cc1ccc2cc3cc(C#CN)ccc3cc2c1,bis_ethynyl_anthracene_C2,NH2_direct,C2,C2h,planar,29.25165748678292,original_remaining,0.2912440739218278,0.8237681087405804,480,cof_000480,cof_symmetry_pipeline/output/xyz/aug_000441.xyz,32,20,34,0,0,train,train
Nc1ccc(C#Cc2ccc3cc4cc(C#Cc5ccc(N)cc5)ccc4cc3c2)cc1,bis_ethynyl_anthracene_C2,NH2_ph,C2,C2,nonplanar,47.56483943469865,original_remaining,0.9785058706504628,2.13567970389463,481,cof_000481,cof_symmetry_pipeline/output/xyz/aug_000442.xyz,52,32,56,0,0,train,train
O=CNC#Cc1ccc2cc3cc(C#CNC=O)ccc3cc2c1,bis_ethynyl_anthracene_C2,NHCHO_direct,C2,C2h,planar,5.953708918662226,original_remaining,0.0349868054655262,0.1487365707915864,482,cof_000482,cof_symmetry_pipeline/output/xyz/aug_000443.xyz,36,24,38,0,0,train,train
CS(=O)(=O)NC#Cc1ccc2cc3cc(C#CNS(C)(=O)=O)ccc3cc2c1,bis_ethynyl_anthracene_C2,NHSO2_direct,C2,C2,nonplanar,-67.61578074491138,original_remaining,1.0455944041557652,2.482660329471824,483,cof_000483,cof_symmetry_pipeline/output/xyz/aug_000445.xyz,44,28,46,0,0,train,train
CC(=O)NC#Cc1ccc2cc3cc(C#CNC(C)=O)ccc3cc2c1,bis_ethynyl_anthracene_C2,NHacetyl_direct,C2,C2,planar,11.473151703031984,original_remaining,0.3736856189039499,1.1162311383714498,484,cof_000484,cof_symmetry_pipeline/output/xyz/aug_000446.xyz,42,26,44,0,0,train,train
O=[N+]([O-])C#Cc1ccc2cc3cc(C#C[N+](=O)[O-])ccc3cc2c1,bis_ethynyl_anthracene_C2,NO2_direct,C2,C2h,planar,46.99752964855461,original_remaining,8.410475118021041e-06,2.650773541024165e-05,485,cof_000485,cof_symmetry_pipeline/output/xyz/aug_000447.xyz,32,24,34,0,0,train,train
O=[N+]([O-])c1ccc(C#Cc2ccc3cc4cc(C#Cc5ccc([N+](=O)[O-])cc5)ccc4cc3c2)cc1,bis_ethynyl_anthracene_C2,NO2_ph,C2,D2,nonplanar,135.287416516003,original_remaining,1.0103114643654147,2.192067983330017,486,cof_000486,cof_symmetry_pipeline/output/xyz/aug_000448.xyz,52,36,56,0,0,train,train
O=COC#Cc1ccc2cc3cc(C#COC=O)ccc3cc2c1,bis_ethynyl_anthracene_C2,OCHO_direct,C2,C2h,planar,40.56617090372259,original_remaining,8.734541202923391e-06,3.2382164136590674e-05,487,cof_000487,cof_symmetry_pipeline/output/xyz/aug_000449.xyz,34,24,36,0,0,train,train
N#COC#Cc1ccc2cc3cc(C#COC#N)ccc3cc2c1,bis_ethynyl_anthracene_C2,OCN_direct,C2,C2h,planar,36.772357025240886,original_remaining,0.066268806768417,0.2044519699875691,488,cof_000488,cof_symmetry_pipeline/output/xyz/aug_000450.xyz,32,24,34,0,0,train,train
OC#Cc1ccc2cc3cc(C#CO)ccc3cc2c1,bis_ethynyl_anthracene_C2,OH_direct,C2,C2,planar,34.2145000407225,original_remaining,0.2288021228054984,0.8559846892447296,489,cof_000489,cof_symmetry_pipeline/output/xyz/aug_000451.xyz,30,20,32,0,0,train,train
Oc1ccc(C#Cc2ccc3cc4cc(C#Cc5ccc(O)cc5)ccc4cc3c2)cc1,bis_ethynyl_anthracene_C2,OH_ph,C2,D2,nonplanar,45.82423711979389,original_remaining,1.0027243086037614,2.1908487052841368,490,cof_000490,cof_symmetry_pipeline/output/xyz/aug_000452.xyz,50,32,54,0,0,train,train
COC#Cc1ccc2cc3cc(C#COC)ccc3cc2c1,bis_ethynyl_anthracene_C2,OMe_direct,C2,C2,nonplanar,41.69759469988242,original_remaining,0.6729889460404505,1.5712342580790413,491,cof_000491,cof_symmetry_pipeline/output/xyz/aug_000453.xyz,36,22,38,0,0,train,train
COc1ccc(C#Cc2ccc3cc4cc(C#Cc5ccc(OC)cc5)ccc4cc3c2)cc1,bis_ethynyl_anthracene_C2,OMe_ph,C2,C2,nonplanar,75.51252098890976,original_remaining,0.7351013686618517,1.6665928615065293,492,cof_000492,cof_symmetry_pipeline/output/xyz/aug_000454.xyz,56,34,60,0,0,train,train
O=P(Cl)(Cl)C#Cc1ccc2cc3cc(C#CP(=O)(Cl)Cl)ccc3cc2c1,bis_ethynyl_anthracene_C2,POCl2_direct,C2,D2h,nonplanar,65.08121026906821,original_remaining,0.5509499877681939,1.6063159310958286,493,cof_000493,cof_symmetry_pipeline/output/xyz/aug_000456.xyz,34,26,36,0,0,val,train
N#CSC#Cc1ccc2cc3cc(C#CSC#N)ccc3cc2c1,bis_ethynyl_anthracene_C2,SCN_direct,C2,C2h,planar,35.19530506416404,original_remaining,1.0568583117649969e-05,3.188526408814951e-05,494,cof_000494,cof_symmetry_pipeline/output/xyz/aug_000457.xyz,32,24,34,0,0,test,train
SC#Cc1ccc2cc3cc(C#CS)ccc3cc2c1,bis_ethynyl_anthracene_C2,SH_direct,C2,C2,planar,36.08195517372239,original_remaining,0.3322183364794324,1.243012739251293,495,cof_000495,cof_symmetry_pipeline/output/xyz/aug_000458.xyz,30,20,32,0,0,train,train
O=S(=O)(Cl)C#Cc1ccc2cc3cc(C#CS(=O)(=O)Cl)ccc3cc2c1,bis_ethynyl_anthracene_C2,SO2Cl_direct,C2,C2,nonplanar,58.0437440816277,original_remaining,0.5081189468621564,1.8910681432500345,496,cof_000496,cof_symmetry_pipeline/output/xyz/aug_000459.xyz,34,26,36,0,0,train,train
NS(=O)(=O)C#Cc1ccc2cc3cc(C#CS(N)(=O)=O)ccc3cc2c1,bis_ethynyl_anthracene_C2,SO2NH2_direct,C2,C2,nonplanar,-131.77323659315977,original_remaining,0.754926383002648,1.9862955586082036,497,cof_000497,cof_symmetry_pipeline/output/xyz/aug_000460.xyz,38,26,40,0,0,train,train
O=S(=O)(O)C#Cc1ccc2cc3cc(C#CS(=O)(=O)O)ccc3cc2c1,bis_ethynyl_anthracene_C2,SO3H_direct,C2,C2,nonplanar,-56.37942494597748,original_remaining,0.6260636116423342,1.9071185422836088,498,cof_000498,cof_symmetry_pipeline/output/xyz/aug_000461.xyz,36,26,38,0,0,train,train
C#CC#Cc1ccc2cc3cc(C#CC#C)ccc3cc2c1,bis_ethynyl_anthracene_C2,ethynyl_direct,C2,C2h,planar,37.41642746067472,original_remaining,2.103156194493565e-05,5.57589620336918e-05,499,cof_000499,cof_symmetry_pipeline/output/xyz/aug_000465.xyz,32,22,34,0,0,train,train
CC#Cc1ccc2cc3cc(C#CC)ccc3cc2c1,bis_ethynyl_anthracene_C2,methyl_direct,C2,C2,planar,37.76225769054895,original_remaining,0.303756332252703,0.974573428406951,500,cof_000500,cof_symmetry_pipeline/output/xyz/aug_000466.xyz,34,20,36,0,0,train,train
Cc1ccc(C#Cc2ccc3cc4cc(C#Cc5ccc(C)cc5)ccc4cc3c2)cc1,bis_ethynyl_anthracene_C2,methyl_ph,C2,C2,nonplanar,73.11010560346833,original_remaining,0.95200196423033,2.1119607263261564,501,cof_000501,cof_symmetry_pipeline/output/xyz/aug_000467.xyz,54,32,58,0,0,train,train
C=CC#Cc1ccc2cc3cc(C#CC=C)ccc3cc2c1,bis_ethynyl_anthracene_C2,vinyl_direct,C2,C2,nonplanar,42.44608271986625,original_remaining,0.6344167105491593,1.9167120063217176,502,cof_000502,cof_symmetry_pipeline/output/xyz/aug_000468.xyz,36,22,38,0,0,train,train
BrC#Cc1ccc2cc(C#CBr)ccc2c1,bis_ethynyl_naphthalene_C2,Br_direct,C2,C2h,planar,25.56022100339394,original_remaining,2.4495012105284296e-05,6.764315099183627e-05,503,cof_000503,cof_symmetry_pipeline/output/xyz/aug_000469.xyz,22,16,23,0,0,train,train
FC(F)(F)C#CC#Cc1ccc2cc(C#CC#CC(F)(F)F)ccc2c1,bis_ethynyl_naphthalene_C2,CCCF3_direct,C2,C2,planar,26.100490091487487,original_remaining,0.3866355668937666,1.2273244571837527,504,cof_000504,cof_symmetry_pipeline/output/xyz/aug_000470.xyz,32,26,33,0,0,train,train
O=CC#CC#Cc1ccc2cc(C#CC#CC=O)ccc2c1,bis_ethynyl_naphthalene_C2,CCCHO_direct,C2,C2h,planar,24.912358014492373,original_remaining,6.200765366188154e-06,1.951776301117869e-05,505,cof_000505,cof_symmetry_pipeline/output/xyz/aug_000471.xyz,30,22,31,0,0,train,train
N#CC#CC#Cc1ccc2cc(C#CC#CC#N)ccc2c1,bis_ethynyl_naphthalene_C2,CCCN_direct,C2,C2h,planar,24.891566306145467,original_remaining,3.1795165789041298e-06,6.543215983367823e-06,506,cof_000506,cof_symmetry_pipeline/output/xyz/aug_000472.xyz,28,22,29,0,0,train,train
O=C(O)C#CC#Cc1ccc2cc(C#CC#CC(=O)O)ccc2c1,bis_ethynyl_naphthalene_C2,CCCOOH_direct,C2,C2h,planar,-39.470853227672045,original_remaining,0.0391931240251012,0.1408191503033631,507,cof_000507,cof_symmetry_pipeline/output/xyz/aug_000473.xyz,32,24,33,0,0,train,train
C#Cc1ccc(C#Cc2ccc3cc(C#Cc4ccc(C#C)cc4)ccc3c2)cc1,bis_ethynyl_naphthalene_C2,CCH_ph,C2,D2h,nonplanar,54.8858131085159,original_remaining,1.0305145264559503,2.158955806508012,508,cof_000508,cof_symmetry_pipeline/output/xyz/aug_000474.xyz,46,30,49,0,0,train,train
NC#CC#Cc1ccc2cc(C#CC#CN)ccc2c1,bis_ethynyl_naphthalene_C2,CCNH2_direct,C2,C2h,planar,24.159002055450703,original_remaining,0.3007980891626243,0.8268088635250557,509,cof_000509,cof_symmetry_pipeline/output/xyz/aug_000476.xyz,30,20,31,0,0,train,train
O=[N+]([O-])C#CC#Cc1ccc2cc(C#CC#C[N+](=O)[O-])ccc2c1,bis_ethynyl_naphthalene_C2,CCNO2_direct,C2,C2,planar,25.153890727584287,original_remaining,0.1440627833161528,0.4765832324238133,510,cof_000510,cof_symmetry_pipeline/output/xyz/aug_000477.xyz,30,24,31,0,0,train,train
OC#CC#Cc1ccc2cc(C#CC#CO)ccc2c1,bis_ethynyl_naphthalene_C2,CCOH_direct,C2,C2,planar,25.560365150329662,original_remaining,0.170782452042889,0.6160169865343166,511,cof_000511,cof_symmetry_pipeline/output/xyz/aug_000478.xyz,28,20,29,0,0,test,train
FC(F)(F)C#Cc1ccc2cc(C#CC(F)(F)F)ccc2c1,bis_ethynyl_naphthalene_C2,CF3_direct,C2,C2,planar,35.593564616872094,original_remaining,0.4133535496351364,1.1972171037611803,512,cof_000512,cof_symmetry_pipeline/output/xyz/aug_000480.xyz,28,22,29,0,0,train,train
O=CC#Cc1ccc2cc(C#CC=O)ccc2c1,bis_ethynyl_naphthalene_C2,CHO_direct,C2,C2h,planar,29.73745248941509,original_remaining,1.0978498795336842e-05,3.793949258713847e-05,513,cof_000513,cof_symmetry_pipeline/output/xyz/aug_000482.xyz,26,18,27,0,0,train,train
O=Cc1ccc(C#Cc2ccc3cc(C#Cc4ccc(C=O)cc4)ccc3c2)cc1,bis_ethynyl_naphthalene_C2,CHO_ph,C2,D2,nonplanar,85.91547557277514,original_remaining,1.0441997646154333,2.67656287766974,514,cof_000514,cof_symmetry_pipeline/output/xyz/aug_000483.xyz,46,30,49,0,0,train,train
N#CC#Cc1ccc2cc(C#CC#N)ccc2c1,bis_ethynyl_naphthalene_C2,CN_direct,C2,C2h,planar,30.20694605325543,original_remaining,8.567942894051401e-07,1.5887476394471634e-06,515,cof_000515,cof_symmetry_pipeline/output/xyz/aug_000484.xyz,24,18,25,0,0,train,train
N#Cc1ccc(C#Cc2ccc3cc(C#Cc4ccc(C#N)cc4)ccc3c2)cc1,bis_ethynyl_naphthalene_C2,CN_ph,C2,D2h,nonplanar,83.07090345484426,original_remaining,1.0546311888010151,2.1601389614479016,516,cof_000516,cof_symmetry_pipeline/output/xyz/aug_000485.xyz,44,30,47,0,0,train,train
O=C(Cl)C#Cc1ccc2cc(C#CC(=O)Cl)ccc2c1,bis_ethynyl_naphthalene_C2,COCl_direct,C2,C2h,planar,32.30455172971582,original_remaining,7.568660756570165e-06,3.047835943503774e-05,517,cof_000517,cof_symmetry_pipeline/output/xyz/aug_000486.xyz,26,20,27,0,0,val,train
O=C(O)C#Cc1ccc2cc(C#CC(=O)O)ccc2c1,bis_ethynyl_naphthalene_C2,COOH_direct,C2,C2h,planar,-33.97836027005742,original_remaining,0.0539739376186504,0.1520196530859496,518,cof_000518,cof_symmetry_pipeline/output/xyz/aug_000488.xyz,28,20,29,0,0,train,train
O=C(O)c1ccc(C#Cc2ccc3cc(C#Cc4ccc(C(=O)O)cc4)ccc3c2)cc1,bis_ethynyl_naphthalene_C2,COOH_ph,C2,D2,nonplanar,46.26343356480632,original_remaining,1.023174031599944,2.5813290976823,519,cof_000519,cof_symmetry_pipeline/output/xyz/aug_000489.xyz,48,32,51,0,0,train,train
COC(=O)C#Cc1ccc2cc(C#CC(=O)OC)ccc2c1,bis_ethynyl_naphthalene_C2,COOMe_direct,C2,C2,planar,7.753602689397388,original_remaining,0.3168027628124874,0.9483102554796798,520,cof_000520,cof_symmetry_pipeline/output/xyz/aug_000490.xyz,34,22,35,0,0,train,train
ClC#Cc1ccc2cc(C#CCl)ccc2c1,bis_ethynyl_naphthalene_C2,Cl_direct,C2,C2h,planar,25.837329065979755,original_remaining,5.564688193551642e-06,1.479244990265638e-05,521,cof_000521,cof_symmetry_pipeline/output/xyz/aug_000491.xyz,22,16,23,0,0,val,train
Clc1ccc(C#Cc2ccc3cc(C#Cc4ccc(Cl)cc4)ccc3c2)cc1,bis_ethynyl_naphthalene_C2,Cl_ph,C2,D2h,nonplanar,52.81595915106403,original_remaining,1.059787500482365,1.7939258828680011,522,cof_000522,cof_symmetry_pipeline/output/xyz/aug_000492.xyz,42,28,45,0,0,train,train
IC#Cc1ccc2cc(C#CI)ccc2c1,bis_ethynyl_naphthalene_C2,I_direct,C2,C2h,planar,25.31507773885054,original_remaining,1.1007626898979717e-05,3.248461988425433e-05,523,cof_000523,cof_symmetry_pipeline/output/xyz/aug_000493.xyz,22,16,23,0,0,test,train
O=C=NC#Cc1ccc2cc(C#CN=C=O)ccc2c1,bis_ethynyl_naphthalene_C2,NCO_direct,C2,C2,planar,18.04710476207672,original_remaining,0.2080441267713275,0.7609890898085534,524,cof_000524,cof_symmetry_pipeline/output/xyz/aug_000495.xyz,26,20,27,0,0,train,train
S=C=NC#Cc1ccc2cc(C#CN=C=S)ccc2c1,bis_ethynyl_naphthalene_C2,NCS_direct,C2,C2,planar,21.49240734991303,original_remaining,0.2436005309371186,0.8136904732274004,525,cof_000525,cof_symmetry_pipeline/output/xyz/aug_000496.xyz,26,20,27,0,0,test,train
NC#Cc1ccc2cc(C#CN)ccc2c1,bis_ethynyl_naphthalene_C2,NH2_direct,C2,C2h,planar,17.067727838754536,original_remaining,0.3231210151608595,0.8243436517368856,526,cof_000526,cof_symmetry_pipeline/output/xyz/aug_000497.xyz,26,16,27,0,0,test,train
Nc1ccc(C#Cc2ccc3cc(C#Cc4ccc(N)cc4)ccc3c2)cc1,bis_ethynyl_naphthalene_C2,NH2_ph,C2,D2,nonplanar,35.36148236040062,original_remaining,1.0376449823599423,1.9884956415020616,527,cof_000527,cof_symmetry_pipeline/output/xyz/aug_000498.xyz,46,28,49,0,0,train,train
O=CNC#Cc1ccc2cc(C#CNC=O)ccc2c1,bis_ethynyl_naphthalene_C2,NHCHO_direct,C2,C2h,planar,-6.40478188317696,original_remaining,0.0082162604916698,0.0311248558054775,528,cof_000528,cof_symmetry_pipeline/output/xyz/aug_000499.xyz,30,20,31,0,0,train,train
CS(=O)(=O)NC#Cc1ccc2cc(C#CNS(C)(=O)=O)ccc2c1,bis_ethynyl_naphthalene_C2,NHSO2_direct,C2,C2,nonplanar,-79.80915929701081,original_remaining,1.095752531660323,2.3309296434061557,529,cof_000529,cof_symmetry_pipeline/output/xyz/aug_000500.xyz,38,24,39,0,0,val,train
CC(=O)NC#Cc1ccc2cc(C#CNC(C)=O)ccc2c1,bis_ethynyl_naphthalene_C2,NHacetyl_direct,C2,C2,planar,-0.9166015682169828,original_remaining,0.2995971775586434,1.0591622871463828,530,cof_000530,cof_symmetry_pipeline/output/xyz/aug_000501.xyz,36,22,37,0,0,train,train
O=[N+]([O-])C#Cc1ccc2cc(C#C[N+](=O)[O-])ccc2c1,bis_ethynyl_naphthalene_C2,NO2_direct,C2,C2h,planar,34.89113385607854,original_remaining,7.979531963984582e-06,2.8477779263735847e-05,531,cof_000531,cof_symmetry_pipeline/output/xyz/aug_000502.xyz,26,20,27,0,0,train,train
O=[N+]([O-])c1ccc(C#Cc2ccc3cc(C#Cc4ccc([N+](=O)[O-])cc4)ccc3c2)cc1,bis_ethynyl_naphthalene_C2,NO2_ph,C2,D2h,nonplanar,123.0961534736397,original_remaining,1.0377268921164764,2.7072530187785278,532,cof_000532,cof_symmetry_pipeline/output/xyz/aug_000503.xyz,46,32,49,0,0,train,train
O=[N+]([O-])c1ccc(-c2ccc(C#Cc3ccc4cc(C#Cc5ccc(-c6ccc([N+](=O)[O-])cc6)cc5)ccc4c3)cc2)cc1,bis_ethynyl_naphthalene_C2,NO2_phph,C2,D2,nonplanar,167.74815413975068,original_remaining,0.8613713601861835,2.063614167587868,533,cof_000533,cof_symmetry_pipeline/output/xyz/aug_000504.xyz,66,44,71,0,0,train,train
O=COC#Cc1ccc2cc(C#COC=O)ccc2c1,bis_ethynyl_naphthalene_C2,OCHO_direct,C2,C2h,planar,28.35985543997769,original_remaining,1.382724373286824e-05,3.738449065071592e-05,534,cof_000534,cof_symmetry_pipeline/output/xyz/aug_000505.xyz,28,20,29,0,0,train,train
N#COC#Cc1ccc2cc(C#COC#N)ccc2c1,bis_ethynyl_naphthalene_C2,OCN_direct,C2,C2,planar,24.612916715361195,original_remaining,0.1215659999033766,0.4239381096630643,535,cof_000535,cof_symmetry_pipeline/output/xyz/aug_000506.xyz,26,20,27,0,0,train,train
OC#Cc1ccc2cc(C#CO)ccc2c1,bis_ethynyl_naphthalene_C2,OH_direct,C2,C2,planar,22.012523775075515,original_remaining,0.2527768135204133,0.8382767250553836,536,cof_000536,cof_symmetry_pipeline/output/xyz/aug_000507.xyz,24,16,25,0,0,train,train
COC#Cc1ccc2cc(C#COC)ccc2c1,bis_ethynyl_naphthalene_C2,OMe_direct,C2,C2,nonplanar,29.49659786461778,original_remaining,0.7150578363691397,1.518829352976712,537,cof_000537,cof_symmetry_pipeline/output/xyz/aug_000509.xyz,30,18,31,0,0,train,train
CC(=O)OC#Cc1ccc2cc(C#COC(C)=O)ccc2c1,bis_ethynyl_naphthalene_C2,Oacetyl_direct,C2,C2h,planar,27.64960747902484,original_remaining,0.3083084800169129,0.8988891308995375,538,cof_000538,cof_symmetry_pipeline/output/xyz/aug_000511.xyz,34,22,35,0,0,train,train
N#CSC#Cc1ccc2cc(C#CSC#N)ccc2c1,bis_ethynyl_naphthalene_C2,SCN_direct,C2,C2,planar,23.05602208112151,original_remaining,0.1920091908430524,0.662766140895148,539,cof_000539,cof_symmetry_pipeline/output/xyz/aug_000514.xyz,26,20,27,0,0,train,train
SC#Cc1ccc2cc(C#CS)ccc2c1,bis_ethynyl_naphthalene_C2,SH_direct,C2,C2,planar,23.88257382192552,original_remaining,0.3677751316106902,1.2197451849195966,540,cof_000540,cof_symmetry_pipeline/output/xyz/aug_000515.xyz,24,16,25,0,0,train,train
NS(=O)(=O)C#Cc1ccc2cc(C#CS(N)(=O)=O)ccc2c1,bis_ethynyl_naphthalene_C2,SO2NH2_direct,C2,C2,nonplanar,-143.89477914626525,original_remaining,0.8096369609851776,1.9439894627147425,541,cof_000541,cof_symmetry_pipeline/output/xyz/aug_000516.xyz,32,22,33,0,0,train,train
C#CC#Cc1ccc2cc(C#CC#C)ccc2c1,bis_ethynyl_naphthalene_C2,ethynyl_direct,C2,C2h,planar,25.20696518757834,original_remaining,1.6325677294595514e-05,4.359774120210602e-05,542,cof_000542,cof_symmetry_pipeline/output/xyz/aug_000520.xyz,26,18,27,0,0,train,train
CC#Cc1ccc2cc(C#CC)ccc2c1,bis_ethynyl_naphthalene_C2,methyl_direct,C2,C2,planar,25.55253829496538,original_remaining,0.3347229992016984,1.0224476094971455,543,cof_000543,cof_symmetry_pipeline/output/xyz/aug_000521.xyz,28,16,29,0,0,train,train
C=CC#Cc1ccc2cc(C#CC=C)ccc2c1,bis_ethynyl_naphthalene_C2,vinyl_direct,C2,C2,nonplanar,30.241019458024805,original_remaining,0.6850540783500879,1.8709977666274389,544,cof_000544,cof_symmetry_pipeline/output/xyz/aug_000523.xyz,30,18,31,0,0,train,train
O=C(Oc1ccc(OC(=O)c2ccc(Br)cc2)cc1)c1ccc(Br)cc1,bis_phenyl_ester_C2,Br_direct,C2,D2,nonplanar,111.02119530186886,original_remaining,1.0332177355707894,2.220859809296189,545,cof_000545,cof_symmetry_pipeline/output/xyz/aug_000524.xyz,38,26,40,0,0,train,val
O=C(Oc1ccc(OC(=O)c2ccc(C#CC(F)(F)F)cc2)cc1)c1ccc(C#CC(F)(F)F)cc1,bis_phenyl_ester_C2,CCCF3_direct,C2,D2,nonplanar,121.25830177418916,original_remaining,0.8842703931456267,2.220602626868973,546,cof_000546,cof_symmetry_pipeline/output/xyz/aug_000525.xyz,48,36,50,0,0,train,val
O=CC#Cc1ccc(C(=O)Oc2ccc(OC(=O)c3ccc(C#CC=O)cc3)cc2)cc1,bis_phenyl_ester_C2,CCCHO_direct,C2,D2,nonplanar,115.19535956358033,original_remaining,0.9943638781645884,2.223205402210417,547,cof_000547,cof_symmetry_pipeline/output/xyz/aug_000526.xyz,46,32,48,0,0,val,val
N#CC#Cc1ccc(C(=O)Oc2ccc(OC(=O)c3ccc(C#CC#N)cc3)cc2)cc1,bis_phenyl_ester_C2,CCCN_direct,C2,D2,nonplanar,116.0623299573187,original_remaining,0.8817991668817138,2.2037254561443165,548,cof_000548,cof_symmetry_pipeline/output/xyz/aug_000527.xyz,44,32,46,0,0,train,val
O=C(Oc1ccc(OC(=O)c2ccc(C#C[N+](=O)[O-])cc2)cc1)c1ccc(C#C[N+](=O)[O-])cc1,bis_phenyl_ester_C2,CCNO2_direct,C2,D2,nonplanar,120.90228281581668,original_remaining,0.9082837425335648,2.208364426081645,549,cof_000549,cof_symmetry_pipeline/output/xyz/aug_000530.xyz,46,34,48,0,0,train,val
O=C(Oc1ccc(OC(=O)c2ccc(C#CO)cc2)cc1)c1ccc(C#CO)cc1,bis_phenyl_ester_C2,CCOH_direct,C2,D2,nonplanar,107.3496899833038,original_remaining,0.9663177798371154,2.208424946378456,550,cof_000550,cof_symmetry_pipeline/output/xyz/aug_000531.xyz,44,30,46,0,0,train,val
O=C(Cl)c1ccc(C(=O)Oc2ccc(OC(=O)c3ccc(C(=O)Cl)cc3)cc2)cc1,bis_phenyl_ester_C2,COCl_direct,C2,C2h,nonplanar,164.53490493562765,original_remaining,0.7644252305871606,2.160568487263977,551,cof_000551,cof_symmetry_pipeline/output/xyz/aug_000532.xyz,42,30,44,0,0,train,val
NC(=O)c1ccc(C(=O)Oc2ccc(OC(=O)c3ccc(C(N)=O)cc3)cc2)cc1,bis_phenyl_ester_C2,CONH2_direct,C2,D2,nonplanar,90.00745870065259,original_remaining,0.9210211569761848,2.2159874322618034,552,cof_000552,cof_symmetry_pipeline/output/xyz/aug_000533.xyz,46,30,48,0,0,train,val
O=C(Oc1ccc(OC(=O)c2ccc(I)cc2)cc1)c1ccc(I)cc1,bis_phenyl_ester_C2,I_direct,C2,D2,nonplanar,112.45832044815512,original_remaining,1.0294986203197911,2.235694026391532,553,cof_000553,cof_symmetry_pipeline/output/xyz/aug_000535.xyz,38,26,40,0,0,train,val
O=C=Nc1ccc(C(=O)Oc2ccc(OC(=O)c3ccc(N=C=O)cc3)cc2)cc1,bis_phenyl_ester_C2,NCO_direct,C2,D2,nonplanar,99.24838593476176,original_remaining,0.9110376511416722,2.3134580968202183,554,cof_000554,cof_symmetry_pipeline/output/xyz/aug_000536.xyz,42,30,44,0,0,train,val
O=C(Oc1ccc(OC(=O)c2ccc(N=C=S)cc2)cc1)c1ccc(N=C=S)cc1,bis_phenyl_ester_C2,NCS_direct,C2,D2,nonplanar,102.67912453955417,original_remaining,0.984462058701594,2.531874579073142,555,cof_000555,cof_symmetry_pipeline/output/xyz/aug_000537.xyz,42,30,44,0,0,train,val
O=CNc1ccc(C(=O)Oc2ccc(OC(=O)c3ccc(NC=O)cc3)cc2)cc1,bis_phenyl_ester_C2,NHCHO_direct,C2,C2,nonplanar,70.3017498312843,original_remaining,0.8144165808379318,2.293224021475208,556,cof_000556,cof_symmetry_pipeline/output/xyz/aug_000538.xyz,46,30,48,0,0,train,val
CS(=O)(=O)Nc1ccc(C(=O)Oc2ccc(OC(=O)c3ccc(NS(C)(=O)=O)cc3)cc2)cc1,bis_phenyl_ester_C2,NHSO2_direct,C2,D2,nonplanar,4.36579647946936,original_remaining,1.031152992989675,2.250698123623322,557,cof_000557,cof_symmetry_pipeline/output/xyz/aug_000539.xyz,54,34,56,0,0,train,val
O=COc1ccc(C(=O)Oc2ccc(OC(=O)c3ccc(OC=O)cc3)cc2)cc1,bis_phenyl_ester_C2,OCHO_direct,C2,D2,nonplanar,128.559539954377,original_remaining,0.9551658512274684,2.235614111639049,558,cof_000558,cof_symmetry_pipeline/output/xyz/aug_000540.xyz,44,30,46,0,0,train,val
N#COc1ccc(C(=O)Oc2ccc(OC(=O)c3ccc(OC#N)cc3)cc2)cc1,bis_phenyl_ester_C2,OCN_direct,C2,C2,nonplanar,126.17383572462823,original_remaining,0.9828277651092272,2.202886097729352,559,cof_000559,cof_symmetry_pipeline/output/xyz/aug_000541.xyz,42,30,44,0,0,train,val
COc1ccc(-c2ccc(C(=O)Oc3ccc(OC(=O)c4ccc(-c5ccc(OC)cc5)cc4)cc3)cc2)cc1,bis_phenyl_ester_C2,OMe_ph,C2,D2,nonplanar,164.27306831367437,original_remaining,0.9580577062027692,2.2568413675141223,560,cof_000560,cof_symmetry_pipeline/output/xyz/aug_000542.xyz,66,40,70,0,0,train,val
CC(=O)Oc1ccc(C(=O)Oc2ccc(OC(=O)c3ccc(OC(C)=O)cc3)cc2)cc1,bis_phenyl_ester_C2,Oacetyl_direct,C2,D2,nonplanar,128.05761227467352,original_remaining,1.0425977182529127,2.6245494546139363,561,cof_000561,cof_symmetry_pipeline/output/xyz/aug_000543.xyz,50,32,52,0,0,train,val
O=C(Oc1ccc(OC(=O)c2ccc(P(=O)(Cl)Cl)cc2)cc1)c1ccc(P(=O)(Cl)Cl)cc1,bis_phenyl_ester_C2,POCl2_direct,C2,D2,nonplanar,182.02032882959472,original_remaining,0.8973233494250239,2.243399297523215,562,cof_000562,cof_symmetry_pipeline/output/xyz/aug_000544.xyz,44,32,46,0,0,train,val
N#CSc1ccc(C(=O)Oc2ccc(OC(=O)c3ccc(SC#N)cc3)cc2)cc1,bis_phenyl_ester_C2,SCN_direct,C2,D2,nonplanar,114.97560258613647,original_remaining,1.0880081649332731,2.2391071761284618,563,cof_000563,cof_symmetry_pipeline/output/xyz/aug_000545.xyz,42,30,44,0,0,train,val
O=C(Oc1ccc(OC(=O)c2ccc(S(=O)(=O)Cl)cc2)cc1)c1ccc(S(=O)(=O)Cl)cc1,bis_phenyl_ester_C2,SO2Cl_direct,C2,D2,nonplanar,178.5559044152235,original_remaining,1.0152354276441782,2.226937315704785,564,cof_000564,cof_symmetry_pipeline/output/xyz/aug_000547.xyz,44,32,46,0,0,train,val
O=C(Oc1ccc(OC(=O)c2ccc(S(=O)(=O)O)cc2)cc1)c1ccc(S(=O)(=O)O)cc1,bis_phenyl_ester_C2,SO3H_direct,C2,D2,nonplanar,59.07754017548568,original_remaining,1.0478834251534956,2.1749561305713945,565,cof_000565,cof_symmetry_pipeline/output/xyz/aug_000548.xyz,46,32,48,0,0,train,val
Brc1ccc(C#Cc2ccc(C#Cc3ccc(Br)cc3)cc2)cc1,bis_phenylethynyl_benzene_C2,Br_direct,C2,D2,nonplanar,43.77706563789168,original_remaining,0.8339164329725045,2.156459901487072,566,cof_000566,cof_symmetry_pipeline/output/xyz/aug_000549.xyz,36,24,38,0,0,train,train
O=CC#Cc1ccc(C#Cc2ccc(C#Cc3ccc(C#CC=O)cc3)cc2)cc1,bis_phenylethynyl_benzene_C2,CCCHO_direct,C2,D2,nonplanar,48.402138479891526,original_remaining,0.7916980608816545,2.161170175657695,567,cof_000567,cof_symmetry_pipeline/output/xyz/aug_000551.xyz,44,30,46,0,0,train,train
N#CC#Cc1ccc(C#Cc2ccc(C#Cc3ccc(C#CC#N)cc3)cc2)cc1,bis_phenylethynyl_benzene_C2,CCCN_direct,C2,C2,nonplanar,48.73632401213899,original_remaining,0.8966418312240471,2.1303950231174045,568,cof_000568,cof_symmetry_pipeline/output/xyz/aug_000552.xyz,42,30,44,0,0,train,train
O=C(O)C#Cc1ccc(C#Cc2ccc(C#Cc3ccc(C#CC(=O)O)cc3)cc2)cc1,bis_phenylethynyl_benzene_C2,CCCOOH_direct,C2,D2h,nonplanar,-15.388956185761112,original_remaining,0.7305582247473279,2.1541645898969395,569,cof_000569,cof_symmetry_pipeline/output/xyz/aug_000553.xyz,46,32,48,0,0,train,train
C#Cc1ccc(-c2ccc(C#Cc3ccc(C#Cc4ccc(-c5ccc(C#C)cc5)cc4)cc3)cc2)cc1,bis_phenylethynyl_benzene_C2,CCH_ph,C2,C2,nonplanar,89.76899670305451,original_remaining,0.8121127624320127,2.061149514524712,570,cof_000570,cof_symmetry_pipeline/output/xyz/aug_000555.xyz,60,38,64,0,0,train,train
O=C=NC#Cc1ccc(C#Cc2ccc(C#Cc3ccc(C#CN=C=O)cc3)cc2)cc1,bis_phenylethynyl_benzene_C2,CCNCO_direct,C2,D2,nonplanar,36.5813982373463,original_remaining,0.7850194916270142,2.1806639689807086,571,cof_000571,cof_symmetry_pipeline/output/xyz/aug_000556.xyz,44,32,46,0,0,train,train
O=[N+]([O-])C#Cc1ccc(C#Cc2ccc(C#Cc3ccc(C#C[N+](=O)[O-])cc3)cc2)cc1,bis_phenylethynyl_benzene_C2,CCNO2_direct,C2,C2,nonplanar,53.47234514739513,original_remaining,0.7510844572463512,1.5103034349401945,572,cof_000572,cof_symmetry_pipeline/output/xyz/aug_000557.xyz,44,32,46,0,0,train,train
OC#Cc1ccc(C#Cc2ccc(C#Cc3ccc(C#CO)cc3)cc2)cc1,bis_phenylethynyl_benzene_C2,CCOH_direct,C2,D2,nonplanar,40.57498901187949,original_remaining,0.795398558221717,2.191135146092202,573,cof_000573,cof_symmetry_pipeline/output/xyz/aug_000558.xyz,42,28,44,0,0,test,train
FC(F)(F)c1ccc(C#Cc2ccc(C#Cc3ccc(C(F)(F)F)cc3)cc2)cc1,bis_phenylethynyl_benzene_C2,CF3_direct,C2,D2d,nonplanar,100.19480666545722,original_remaining,0.8372814784152355,2.1614261268466604,574,cof_000574,cof_symmetry_pipeline/output/xyz/aug_000560.xyz,42,30,44,0,0,train,train
O=Cc1ccc(C#Cc2ccc(C#Cc3ccc(C=O)cc3)cc2)cc1,bis_phenylethynyl_benzene_C2,CHO_direct,C2,D2,nonplanar,75.38118460709552,original_remaining,0.8784045076515902,2.1391853171121213,575,cof_000575,cof_symmetry_pipeline/output/xyz/aug_000562.xyz,40,26,42,0,0,val,train
N#Cc1ccc(C#Cc2ccc(C#Cc3ccc(C#N)cc3)cc2)cc1,bis_phenylethynyl_benzene_C2,CN_direct,C2,C2,nonplanar,72.55003337872989,original_remaining,0.8192922055219068,2.123022916761089,576,cof_000576,cof_symmetry_pipeline/output/xyz/aug_000564.xyz,38,26,40,0,0,train,train
N#Cc1ccc(-c2ccc(C#Cc3ccc(C#Cc4ccc(-c5ccc(C#N)cc5)cc4)cc3)cc2)cc1,bis_phenylethynyl_benzene_C2,CN_ph,C2,C2,nonplanar,117.37377630679109,original_remaining,0.7917789722906672,1.9774490839095376,577,cof_000577,cof_symmetry_pipeline/output/xyz/aug_000565.xyz,58,38,62,0,0,val,train
O=C(Cl)c1ccc(C#Cc2ccc(C#Cc3ccc(C(=O)Cl)cc3)cc2)cc1,bis_phenylethynyl_benzene_C2,COCl_direct,C2,D2,nonplanar,96.77290298690735,original_remaining,0.9306389770187864,2.152402414051762,578,cof_000578,cof_symmetry_pipeline/output/xyz/aug_000566.xyz,40,28,42,0,0,train,train
COC(=O)c1ccc(C#Cc2ccc(C#Cc3ccc(C(=O)OC)cc3)cc2)cc1,bis_phenylethynyl_benzene_C2,COOMe_direct,C2,D2,nonplanar,73.09060452128796,original_remaining,0.8150021228602141,1.638853274829958,579,cof_000579,cof_symmetry_pipeline/output/xyz/aug_000569.xyz,48,30,50,0,0,train,train
Clc1ccc(C#Cc2ccc(C#Cc3ccc(Cl)cc3)cc2)cc1,bis_phenylethynyl_benzene_C2,Cl_direct,C2,C2,nonplanar,42.29563426132464,original_remaining,0.842083368543821,2.013586802420416,580,cof_000580,cof_symmetry_pipeline/output/xyz/aug_000570.xyz,36,24,38,0,0,train,train
Clc1ccc(-c2ccc(C#Cc3ccc(C#Cc4ccc(-c5ccc(Cl)cc5)cc4)cc3)cc2)cc1,bis_phenylethynyl_benzene_C2,Cl_ph,C2,C2,nonplanar,87.63442668898813,original_remaining,0.9488448110581372,2.0376684340448463,581,cof_000581,cof_symmetry_pipeline/output/xyz/aug_000571.xyz,56,36,60,0,0,train,train
[N-]=[N+]=Nc1ccc(C#Cc2ccc(C#Cc3ccc(N=[N+]=[N-])cc3)cc2)cc1,bis_phenylethynyl_benzene_C2,N3_direct,C2,D2,nonplanar,30.220923712010546,original_remaining,0.9526533038904794,2.3106435023989373,582,cof_000582,cof_symmetry_pipeline/output/xyz/aug_000572.xyz,40,28,42,0,0,train,train
S=C=Nc1ccc(C#Cc2ccc(C#Cc3ccc(N=C=S)cc3)cc2)cc1,bis_phenylethynyl_benzene_C2,NCS_direct,C2,C2,nonplanar,35.568254267381505,original_remaining,1.003695988522639,2.4929771656475537,583,cof_000583,cof_symmetry_pipeline/output/xyz/aug_000574.xyz,40,28,42,0,0,train,train
Nc1ccc(C#Cc2ccc(C#Cc3ccc(N)cc3)cc2)cc1,bis_phenylethynyl_benzene_C2,NH2_direct,C2,D2,nonplanar,24.82358176974165,original_remaining,0.8036064065015349,2.103693644305792,584,cof_000584,cof_symmetry_pipeline/output/xyz/aug_000575.xyz,40,24,42,0,0,train,train
O=CNc1ccc(C#Cc2ccc(C#Cc3ccc(NC=O)cc3)cc2)cc1,bis_phenylethynyl_benzene_C2,NHCHO_direct,C2,C2,nonplanar,4.632548911071569,original_remaining,0.7761450446153195,2.1633659605679867,585,cof_000585,cof_symmetry_pipeline/output/xyz/aug_000576.xyz,44,28,46,0,0,train,train
N#CNc1ccc(C#Cc2ccc(C#Cc3ccc(NC#N)cc3)cc2)cc1,bis_phenylethynyl_benzene_C2,NHCN_direct,C2,D2,nonplanar,-11.44590749216373,original_remaining,0.8489786518822541,2.256785409340443,586,cof_000586,cof_symmetry_pipeline/output/xyz/aug_000577.xyz,42,28,44,0,0,train,train
O=[N+]([O-])c1ccc(C#Cc2ccc(C#Cc3ccc([N+](=O)[O-])cc3)cc2)cc1,bis_phenylethynyl_benzene_C2,NO2_direct,C2,C2,nonplanar,112.57598500658162,original_remaining,0.7733348203255281,2.0876909109547093,587,cof_000587,cof_symmetry_pipeline/output/xyz/aug_000578.xyz,40,28,42,0,0,train,train
O=[N+]([O-])c1ccc(-c2ccc(C#Cc3ccc(C#Cc4ccc(-c5ccc([N+](=O)[O-])cc5)cc4)cc3)cc2)cc1,bis_phenylethynyl_benzene_C2,NO2_ph,C2,C2,nonplanar,157.29015539013784,original_remaining,0.8169326799558511,1.7115650261342044,588,cof_000588,cof_symmetry_pipeline/output/xyz/aug_000579.xyz,60,40,64,0,0,train,train
O=COc1ccc(C#Cc2ccc(C#Cc3ccc(OC=O)cc3)cc2)cc1,bis_phenylethynyl_benzene_C2,OCHO_direct,C2,D2,nonplanar,62.737931988791466,original_remaining,0.9194735383890358,2.216505234180391,589,cof_000589,cof_symmetry_pipeline/output/xyz/aug_000580.xyz,42,28,44,0,0,train,train
N#COc1ccc(C#Cc2ccc(C#Cc3ccc(OC#N)cc3)cc2)cc1,bis_phenylethynyl_benzene_C2,OCN_direct,C2,C2,nonplanar,58.56257485498264,original_remaining,0.7882077244101114,2.1761773874423,590,cof_000590,cof_symmetry_pipeline/output/xyz/aug_000581.xyz,40,28,42,0,0,train,train
Oc1ccc(-c2ccc(C#Cc3ccc(C#Cc4ccc(-c5ccc(O)cc5)cc4)cc3)cc2)cc1,bis_phenylethynyl_benzene_C2,OH_ph,C2,D2,nonplanar,68.48442338994022,original_remaining,0.8970198952853029,2.147617769478505,591,cof_000591,cof_symmetry_pipeline/output/xyz/aug_000583.xyz,58,36,62,0,0,train,train
COc1ccc(C#Cc2ccc(C#Cc3ccc(OC)cc3)cc2)cc1,bis_phenylethynyl_benzene_C2,OMe_direct,C2,D2h,nonplanar,52.580572930523736,original_remaining,0.7937110772779695,2.1633733671331847,592,cof_000592,cof_symmetry_pipeline/output/xyz/aug_000584.xyz,44,26,46,0,0,train,train
O=P(Cl)(Cl)c1ccc(C#Cc2ccc(C#Cc3ccc(P(=O)(Cl)Cl)cc3)cc2)cc1,bis_phenylethynyl_benzene_C2,POCl2_direct,C2,D2,nonplanar,114.57091915094632,original_remaining,0.9182443793242098,2.141563429864481,593,cof_000593,cof_symmetry_pipeline/output/xyz/aug_000587.xyz,42,30,44,0,0,train,train
N#CSc1ccc(C#Cc2ccc(C#Cc3ccc(SC#N)cc3)cc2)cc1,bis_phenylethynyl_benzene_C2,SCN_direct,C2,D2,nonplanar,47.17143760642816,original_remaining,1.0212353619770072,2.2822300189150684,594,cof_000594,cof_symmetry_pipeline/output/xyz/aug_000588.xyz,40,28,42,0,0,train,train
Sc1ccc(C#Cc2ccc(C#Cc3ccc(S)cc3)cc2)cc1,bis_phenylethynyl_benzene_C2,SH_direct,C2,D2,nonplanar,37.79573358175581,original_remaining,0.8188828451958164,2.1693893771401367,595,cof_000595,cof_symmetry_pipeline/output/xyz/aug_000589.xyz,38,24,40,0,0,train,train
O=S(=O)(Cl)c1ccc(C#Cc2ccc(C#Cc3ccc(S(=O)(=O)Cl)cc3)cc2)cc1,bis_phenylethynyl_benzene_C2,SO2Cl_direct,C2,D2h,nonplanar,109.82888672092376,original_remaining,0.8892246765718428,2.1664306247345846,596,cof_000596,cof_symmetry_pipeline/output/xyz/aug_000590.xyz,42,30,44,0,0,train,train
CC(=O)c1ccc(C#Cc2ccc(C#Cc3ccc(C(C)=O)cc3)cc2)cc1,bis_phenylethynyl_benzene_C2,acetyl_direct,C2,D2,nonplanar,83.52626810867628,original_remaining,0.9201652684452284,2.2579320168900487,597,cof_000597,cof_symmetry_pipeline/output/xyz/aug_000593.xyz,46,28,48,0,0,test,train
C#Cc1ccc(C#Cc2ccc(C#Cc3ccc(C#C)cc3)cc2)cc1,bis_phenylethynyl_benzene_C2,ethynyl_direct,C2,D2h,nonplanar,44.34065653546583,original_remaining,0.7815175220422311,2.1554067469961544,598,cof_000598,cof_symmetry_pipeline/output/xyz/aug_000594.xyz,40,26,42,0,0,train,train
Cc1ccc(C#Cc2ccc(C#Cc3ccc(C)cc3)cc2)cc1,bis_phenylethynyl_benzene_C2,methyl_direct,C2,D2,nonplanar,50.35379338760065,original_remaining,0.8344349386092268,2.156250310032012,599,cof_000599,cof_symmetry_pipeline/output/xyz/aug_000595.xyz,42,24,44,0,0,test,train
C=Cc1ccc(C#Cc2ccc(C#Cc3ccc(C=C)cc3)cc2)cc1,bis_phenylethynyl_benzene_C2,vinyl_direct,C2,D2,nonplanar,56.53013779008688,original_remaining,0.8742800520191336,2.186547373719129,600,cof_000600,cof_symmetry_pipeline/output/xyz/aug_000596.xyz,44,26,46,0,0,test,train
O=Cc1ccc(C#Cc2ccc(C#Cc3ccc(C=O)cc3)s2)cc1,bis_phenylethynyl_thiophene_C2,CHO_direct,C2,C2,nonplanar,64.77434937011894,original_remaining,0.9284442521071692,1.7391972504673976,601,cof_000601,cof_symmetry_pipeline/output/xyz/aug_000601.xyz,37,25,39,0,0,train,test
O=C(Cl)c1ccc(C#Cc2ccc(C#Cc3ccc(C(=O)Cl)cc3)s2)cc1,bis_phenylethynyl_thiophene_C2,COCl_direct,C2,D2,nonplanar,86.21005852678644,original_remaining,1.14176740429887,2.898183982942033,602,cof_000602,cof_symmetry_pipeline/output/xyz/aug_000603.xyz,37,27,39,0,0,train,test
COC(=O)c1ccc(C#Cc2ccc(C#Cc3ccc(C(=O)OC)cc3)s2)cc1,bis_phenylethynyl_thiophene_C2,COOMe_direct,C2,D2,nonplanar,62.390355563766605,original_remaining,1.1058890658080285,2.357639225512421,603,cof_000603,cof_symmetry_pipeline/output/xyz/aug_000606.xyz,45,29,47,0,0,test,test
O=C=Nc1ccc(C#Cc2ccc(C#Cc3ccc(N=C=O)cc3)s2)cc1,bis_phenylethynyl_thiophene_C2,NCO_direct,C2,C2,nonplanar,21.497716374039307,original_remaining,1.086007292422319,2.1812066260923078,604,cof_000604,cof_symmetry_pipeline/output/xyz/aug_000608.xyz,37,27,39,0,0,train,test
S=C=Nc1ccc(C#Cc2ccc(C#Cc3ccc(N=C=S)cc3)s2)cc1,bis_phenylethynyl_thiophene_C2,NCS_direct,C2,C2,nonplanar,25.03078215851682,original_remaining,1.0840734556962537,2.196699352599388,605,cof_000605,cof_symmetry_pipeline/output/xyz/aug_000609.xyz,37,27,39,0,0,train,test
CS(=O)(=O)Nc1ccc(C#Cc2ccc(C#Cc3ccc(NS(C)(=O)=O)cc3)s2)cc1,bis_phenylethynyl_thiophene_C2,NHSO2_direct,C2,C2,nonplanar,-73.99216985894489,original_remaining,1.1248933115803406,2.401836166740035,606,cof_000606,cof_symmetry_pipeline/output/xyz/aug_000612.xyz,49,31,51,0,0,train,test
N#COc1ccc(C#Cc2ccc(C#Cc3ccc(OC#N)cc3)s2)cc1,bis_phenylethynyl_thiophene_C2,OCN_direct,C2,D2,nonplanar,48.010450802557486,original_remaining,1.0916374083660836,2.814321353552985,607,cof_000607,cof_symmetry_pipeline/output/xyz/aug_000615.xyz,37,27,39,0,0,train,test
Oc1ccc(C#Cc2ccc(C#Cc3ccc(O)cc3)s2)cc1,bis_phenylethynyl_thiophene_C2,OH_direct,C2,C2,nonplanar,12.42298347457622,original_remaining,0.9359463235489808,1.8184686832784425,608,cof_000608,cof_symmetry_pipeline/output/xyz/aug_000616.xyz,35,23,37,0,0,train,test
COc1ccc(C#Cc2ccc(C#Cc3ccc(OC)cc3)s2)cc1,bis_phenylethynyl_thiophene_C2,OMe_direct,C2,C2,nonplanar,41.94256582360063,original_remaining,0.969320243706927,2.034729148335267,609,cof_000609,cof_symmetry_pipeline/output/xyz/aug_000617.xyz,41,25,43,0,0,train,test
N#CSc1ccc(C#Cc2ccc(C#Cc3ccc(SC#N)cc3)s2)cc1,bis_phenylethynyl_thiophene_C2,SCN_direct,C2,C2v,nonplanar,36.75180940000946,original_remaining,1.1497227138632735,2.170284108353984,610,cof_000610,cof_symmetry_pipeline/output/xyz/aug_000618.xyz,37,27,39,0,0,train,test
CC(=O)c1ccc(C#Cc2ccc(C#Cc3ccc(C(C)=O)cc3)s2)cc1,bis_phenylethynyl_thiophene_C2,acetyl_direct,C2,C2,nonplanar,72.89158321623675,original_remaining,0.9590725611800822,1.9385321419221704,611,cof_000611,cof_symmetry_pipeline/output/xyz/aug_000620.xyz,43,27,45,0,0,train,test
CC(=O)c1ccc(-c2ccc(C#Cc3ccc(C#Cc4ccc(-c5ccc(C(C)=O)cc5)cc4)s3)cc2)cc1,bis_phenylethynyl_thiophene_C2,acetyl_ph,C2,C2,nonplanar,117.73573159903437,original_remaining,0.6875511311293611,1.6376493897140376,612,cof_000612,cof_symmetry_pipeline/output/xyz/aug_000621.xyz,63,39,67,0,0,train,test
O=S(=O)(Br)Nc1ccc(NS(=O)(=O)Br)cc1,bis_sulfonamide_C2,Br_direct,C2,C2,nonplanar,-109.38517358433842,original_remaining,1.058279408656705,2.1017372812985,613,cof_000613,cof_symmetry_pipeline/output/xyz/aug_000622.xyz,22,16,22,0,0,train,train
O=S(=O)(C#CC(F)(F)F)Nc1ccc(NS(=O)(=O)C#CC(F)(F)F)cc1,bis_sulfonamide_C2,CCCF3_direct,C2,C2,nonplanar,-111.13690823462667,original_remaining,1.3164697563254053,2.399293248133873,614,cof_000614,cof_symmetry_pipeline/output/xyz/aug_000623.xyz,32,26,32,0,0,train,train
O=CC#CS(=O)(=O)Nc1ccc(NS(=O)(=O)C#CC=O)cc1,bis_sulfonamide_C2,CCCHO_direct,C2,C2,nonplanar,-112.27476887347082,original_remaining,1.1451510357915469,2.279000373447883,615,cof_000615,cof_symmetry_pipeline/output/xyz/aug_000624.xyz,30,22,30,0,0,train,train
C#Cc1ccc(S(=O)(=O)Nc2ccc(NS(=O)(=O)c3ccc(C#C)cc3)cc2)cc1,bis_sulfonamide_C2,CCH_ph,C2,C2,nonplanar,-31.099413983258263,original_remaining,1.3726178040833643,2.561867170155551,616,cof_000616,cof_symmetry_pipeline/output/xyz/aug_000626.xyz,46,30,48,0,0,train,train
O=S(=O)(Nc1ccc(NS(=O)(=O)C(F)(F)F)cc1)C(F)(F)F,bis_sulfonamide_C2,CF3_direct,C2,C2,nonplanar,200.42150531237567,original_remaining,1.1466118586058969,2.232783375498298,617,cof_000617,cof_symmetry_pipeline/output/xyz/aug_000630.xyz,28,22,28,0,0,train,train
O=CS(=O)(=O)Nc1ccc(NS(=O)(=O)C=O)cc1,bis_sulfonamide_C2,CHO_direct,C2,C2,nonplanar,41.79983000554829,original_remaining,0.9890754548657104,1.949668781971999,618,cof_000618,cof_symmetry_pipeline/output/xyz/aug_000632.xyz,26,18,26,0,0,train,train
N#CS(=O)(=O)Nc1ccc(NS(=O)(=O)C#N)cc1,bis_sulfonamide_C2,CN_direct,C2,C2,nonplanar,49.57607777944679,original_remaining,0.946332686024437,1.8110279638179083,619,cof_000619,cof_symmetry_pipeline/output/xyz/aug_000633.xyz,24,18,24,0,0,train,train
O=C(O)S(=O)(=O)Nc1ccc(NS(=O)(=O)C(=O)O)cc1,bis_sulfonamide_C2,COOH_direct,C2,D2,nonplanar,128.41730807523217,original_remaining,1.2214572272676174,2.2938281130059,620,cof_000620,cof_symmetry_pipeline/output/xyz/aug_000635.xyz,28,20,28,0,0,test,train
O=S(=O)(Cl)Nc1ccc(NS(=O)(=O)Cl)cc1,bis_sulfonamide_C2,Cl_direct,C2,C2,nonplanar,-114.44761393544756,original_remaining,0.8357590253308477,1.5927481732084434,621,cof_000621,cof_symmetry_pipeline/output/xyz/aug_000637.xyz,22,16,22,0,0,train,train
O=S(=O)(I)Nc1ccc(NS(=O)(=O)I)cc1,bis_sulfonamide_C2,I_direct,C2,C2,nonplanar,-106.74958743063914,original_remaining,1.0428108144285466,2.6352666439941346,622,cof_000622,cof_symmetry_pipeline/output/xyz/aug_000639.xyz,22,16,22,0,0,train,train
[N-]=[N+]=NS(=O)(=O)Nc1ccc(NS(=O)(=O)N=[N+]=[N-])cc1,bis_sulfonamide_C2,N3_direct,C2,C2,nonplanar,-289.47343959800133,original_remaining,1.130602621229407,2.1742784691902868,623,cof_000623,cof_symmetry_pipeline/output/xyz/aug_000640.xyz,26,20,26,0,0,train,train
O=C=NS(=O)(=O)Nc1ccc(NS(=O)(=O)N=C=O)cc1,bis_sulfonamide_C2,NCO_direct,C2,C2,nonplanar,-308.89792417570493,original_remaining,1.226152632247522,2.3019509569663827,624,cof_000624,cof_symmetry_pipeline/output/xyz/aug_000641.xyz,26,20,26,0,0,train,train
NS(=O)(=O)Nc1ccc(NS(N)(=O)=O)cc1,bis_sulfonamide_C2,NH2_direct,C2,C2,nonplanar,-373.30542974109255,original_remaining,1.1289285411349617,2.2158812455566594,625,cof_000625,cof_symmetry_pipeline/output/xyz/aug_000642.xyz,26,16,26,0,0,train,train
Nc1ccc(S(=O)(=O)Nc2ccc(NS(=O)(=O)c3ccc(N)cc3)cc2)cc1,bis_sulfonamide_C2,NH2_ph,C2,C2,nonplanar,-51.79712178228667,original_remaining,1.2898881663684387,2.43677299842821,626,cof_000626,cof_symmetry_pipeline/output/xyz/aug_000643.xyz,46,28,48,0,0,train,train
O=CNS(=O)(=O)Nc1ccc(NS(=O)(=O)NC=O)cc1,bis_sulfonamide_C2,NHCHO_direct,C2,C2,nonplanar,-426.260165080767,original_remaining,1.157581441268959,2.1992526137958155,627,cof_000627,cof_symmetry_pipeline/output/xyz/aug_000645.xyz,30,20,30,0,0,train,train
CC(=O)NS(=O)(=O)Nc1ccc(NS(=O)(=O)NC(C)=O)cc1,bis_sulfonamide_C2,NHacetyl_direct,C2,C2,nonplanar,-423.5918333966201,original_remaining,1.263793958949831,2.238741036773045,628,cof_000628,cof_symmetry_pipeline/output/xyz/aug_000647.xyz,36,22,36,0,0,train,train
O=[N+]([O-])S(=O)(=O)Nc1ccc(NS(=O)(=O)[N+](=O)[O-])cc1,bis_sulfonamide_C2,NO2_direct,C2,D2,nonplanar,191.63234189903216,original_remaining,1.0403607588010115,2.142523750074881,629,cof_000629,cof_symmetry_pipeline/output/xyz/aug_000648.xyz,26,20,26,0,0,train,train
O=S(=O)(O)Nc1ccc(NS(=O)(=O)O)cc1,bis_sulfonamide_C2,OH_direct,C2,C2,nonplanar,-279.1033748534608,original_remaining,1.1637498995779778,2.338276641897776,630,cof_000630,cof_symmetry_pipeline/output/xyz/aug_000650.xyz,24,16,24,0,0,train,train
COS(=O)(=O)Nc1ccc(NS(=O)(=O)OC)cc1,bis_sulfonamide_C2,OMe_direct,C2,C2,nonplanar,-199.9800805778476,original_remaining,1.137779260585985,2.2413316683192863,631,cof_000631,cof_symmetry_pipeline/output/xyz/aug_000652.xyz,30,18,30,0,0,train,train
O=S(=O)(S)Nc1ccc(NS(=O)(=O)S)cc1,bis_sulfonamide_C2,SH_direct,C2,D2,nonplanar,-162.4967997331899,original_remaining,1.021655115139105,2.0337340827459034,632,cof_000632,cof_symmetry_pipeline/output/xyz/aug_000655.xyz,24,16,24,0,0,train,train
NS(=O)(=O)S(=O)(=O)Nc1ccc(NS(=O)(=O)S(N)(=O)=O)cc1,bis_sulfonamide_C2,SO2NH2_direct,C2,C2,nonplanar,197.60334143490908,original_remaining,1.2960824476843729,2.2202778765585163,633,cof_000633,cof_symmetry_pipeline/output/xyz/aug_000657.xyz,32,22,32,0,0,train,train
C[Si](C)(C)S(=O)(=O)Nc1ccc(NS(=O)(=O)[Si](C)(C)C)cc1,bis_sulfonamide_C2,SiMe3_direct,C2,C2,nonplanar,-26.78912805360835,original_remaining,1.3928103313757214,2.354343887550788,634,cof_000634,cof_symmetry_pipeline/output/xyz/aug_000658.xyz,46,22,46,0,0,train,train
C#CS(=O)(=O)Nc1ccc(NS(=O)(=O)C#C)cc1,bis_sulfonamide_C2,ethynyl_direct,C2,C2,nonplanar,-76.04960855746184,original_remaining,1.2834012076326642,2.226336484911838,635,cof_000635,cof_symmetry_pipeline/output/xyz/aug_000661.xyz,26,18,26,0,0,train,train
CS(=O)(=O)Nc1ccc(NS(C)(=O)=O)cc1,bis_sulfonamide_C2,methyl_direct,C2,D2,nonplanar,-93.0436484383962,original_remaining,1.189617146006878,2.164365258776908,636,cof_000636,cof_symmetry_pipeline/output/xyz/aug_000662.xyz,28,16,28,0,0,test,train
Brc1ccc(-c2ccc(Br)s2)s1,bithiophene_C2,Br_direct,C2,C2v,planar,12.560574017781242,original_remaining,5.306710858226142e-06,1.168057046763149e-05,637,cof_000637,cof_symmetry_pipeline/output/xyz/aug_000664.xyz,16,12,17,0,0,train,train
FC(F)(F)C#Cc1ccc(-c2ccc(C#CC(F)(F)F)s2)s1,bithiophene_C2,CCCF3_direct,C2,C2,planar,16.532280313578653,original_remaining,0.4827399307411918,1.3693763640098373,638,cof_000638,cof_symmetry_pipeline/output/xyz/aug_000665.xyz,26,22,27,0,0,test,train
O=CC#Cc1ccc(-c2ccc(C#CC=O)s2)s1,bithiophene_C2,CCCHO_direct,C2,C2,planar,13.837950966956218,original_remaining,0.2238649711011394,0.4150679220320195,639,cof_000639,cof_symmetry_pipeline/output/xyz/aug_000666.xyz,24,18,25,0,0,train,train
N#CC#Cc1ccc(-c2ccc(C#CC#N)s2)s1,bithiophene_C2,CCCN_direct,C2,C2,planar,14.260109301066644,original_remaining,0.229240467142726,0.422273077845343,640,cof_000640,cof_symmetry_pipeline/output/xyz/aug_000667.xyz,22,18,23,0,0,train,train
O=C(O)C#Cc1ccc(-c2ccc(C#CC(=O)O)s2)s1,bithiophene_C2,CCCOOH_direct,C2,C2,planar,-50.129866068412994,original_remaining,0.2399720215834387,0.4624006098129409,641,cof_000641,cof_symmetry_pipeline/output/xyz/aug_000668.xyz,26,20,27,0,0,train,train
COC(=O)C#Cc1ccc(-c2ccc(C#CC(=O)OC)s2)s1,bithiophene_C2,CCCOOMe_direct,C2,C2,planar,-9.045148036149603,original_remaining,0.3987035601983943,0.9948242402888604,642,cof_000642,cof_symmetry_pipeline/output/xyz/aug_000669.xyz,32,22,33,0,0,test,train
C#Cc1ccc(-c2ccc(-c3ccc(-c4ccc(C#C)cc4)s3)s2)cc1,bithiophene_C2,CCH_ph,C2,C2,nonplanar,59.37297642002375,original_remaining,0.6514597593142486,1.304069750133442,643,cof_000643,cof_symmetry_pipeline/output/xyz/aug_000670.xyz,40,26,43,0,0,train,train
O=C=NC#Cc1ccc(-c2ccc(C#CN=C=O)s2)s1,bithiophene_C2,CCNCO_direct,C2,C2,planar,7.960857337445314,original_remaining,0.2859349744910178,0.5159090495760831,644,cof_000644,cof_symmetry_pipeline/output/xyz/aug_000672.xyz,24,20,25,0,0,train,train
NC#Cc1ccc(-c2ccc(C#CN)s2)s1,bithiophene_C2,CCNH2_direct,C2,C2,planar,11.566380955378868,original_remaining,0.4034576006138963,0.9820851988693258,645,cof_000645,cof_symmetry_pipeline/output/xyz/aug_000673.xyz,24,16,25,0,0,train,train
O=[N+]([O-])C#Cc1ccc(-c2ccc(C#C[N+](=O)[O-])s2)s1,bithiophene_C2,CCNO2_direct,C2,C2,planar,14.751083323223764,original_remaining,0.2383709811297618,0.4238863957045879,646,cof_000646,cof_symmetry_pipeline/output/xyz/aug_000674.xyz,24,20,25,0,0,val,train
OC#Cc1ccc(-c2ccc(C#CO)s2)s1,bithiophene_C2,CCOH_direct,C2,C2,planar,13.385794041396789,original_remaining,0.2353662044025578,0.4234557072067453,647,cof_000647,cof_symmetry_pipeline/output/xyz/aug_000675.xyz,22,16,23,0,0,val,train
CC(=O)C#Cc1ccc(-c2ccc(C#CC(C)=O)s2)s1,bithiophene_C2,CCacetyl_direct,C2,C2,planar,17.361888048385914,original_remaining,0.407776770031707,1.1582853653982166,648,cof_000648,cof_symmetry_pipeline/output/xyz/aug_000676.xyz,30,20,31,0,0,val,train
FC(F)(F)c1ccc(-c2ccc(C(F)(F)F)s2)s1,bithiophene_C2,CF3_direct,C2,C2,nonplanar,54.22194930048076,original_remaining,0.5163216880410665,1.329176086956633,649,cof_000649,cof_symmetry_pipeline/output/xyz/aug_000677.xyz,22,18,23,0,0,train,train
O=Cc1ccc(-c2ccc(C=O)s2)s1,bithiophene_C2,CHO_direct,C2,C2v,planar,40.21148152261841,original_remaining,7.950029386019206e-05,0.0001557681563804,650,cof_000650,cof_symmetry_pipeline/output/xyz/aug_000678.xyz,20,14,21,0,0,train,train
O=Cc1ccc(-c2ccc(-c3ccc(-c4ccc(C=O)cc4)s3)s2)cc1,bithiophene_C2,CHO_ph,C2,C2,nonplanar,89.98852906471625,original_remaining,0.6757484874676166,1.307307895901933,651,cof_000651,cof_symmetry_pipeline/output/xyz/aug_000679.xyz,40,26,43,0,0,train,train
O=Cc1ccc(-c2ccc(-c3ccc(-c4ccc(-c5ccc(-c6ccc(C=O)cc6)cc5)s4)s3)cc2)cc1,bithiophene_C2,CHO_phph,C2,C2,nonplanar,135.22549936127882,original_remaining,0.6311174882495246,1.2894732403630689,652,cof_000652,cof_symmetry_pipeline/output/xyz/aug_000680.xyz,60,38,65,0,0,train,train
N#Cc1ccc(-c2ccc(C#N)s2)s1,bithiophene_C2,CN_direct,C2,C2,planar,33.925518958305645,original_remaining,0.2288765129151613,0.3970088612164011,653,cof_000653,cof_symmetry_pipeline/output/xyz/aug_000681.xyz,18,14,19,0,0,train,train
N#Cc1ccc(-c2ccc(-c3ccc(-c4ccc(C#N)cc4)s3)s2)cc1,bithiophene_C2,CN_ph,C2,C2,nonplanar,87.37948855027676,original_remaining,0.6765576545990797,1.3164740685644,654,cof_000654,cof_symmetry_pipeline/output/xyz/aug_000682.xyz,38,26,41,0,0,val,train
N#Cc1ccc(-c2ccc(-c3ccc(-c4ccc(-c5ccc(-c6ccc(C#N)cc6)cc5)s4)s3)cc2)cc1,bithiophene_C2,CN_phph,C2,C2,nonplanar,132.09114356687866,original_remaining,0.6321433986341505,1.3168937634641655,655,cof_000655,cof_symmetry_pipeline/output/xyz/aug_000683.xyz,58,38,63,0,0,train,train
O=C(Cl)c1ccc(-c2ccc(C(=O)Cl)s2)s1,bithiophene_C2,COCl_direct,C2,C2v,planar,54.865024215350736,original_remaining,1.1198339106051572e-05,1.911783550995194e-05,656,cof_000656,cof_symmetry_pipeline/output/xyz/aug_000684.xyz,20,16,21,0,0,train,train
NC(=O)c1ccc(-c2ccc(C(N)=O)s2)s1,bithiophene_C2,CONH2_direct,C2,C2h,planar,-38.66699480892869,original_remaining,0.0592764613701423,0.095584580201696,657,cof_000657,cof_symmetry_pipeline/output/xyz/aug_000685.xyz,24,16,25,0,0,test,train
O=C(O)c1ccc(-c2ccc(C(=O)O)s2)s1,bithiophene_C2,COOH_direct,C2,C2,planar,-15.547149708934697,original_remaining,0.2552362619627435,0.4282523203428191,658,cof_000658,cof_symmetry_pipeline/output/xyz/aug_000686.xyz,22,16,23,0,0,train,train
O=C(O)c1ccc(-c2ccc(-c3ccc(-c4ccc(-c5ccc(-c6ccc(C(=O)O)cc6)cc5)s4)s3)cc2)cc1,bithiophene_C2,COOH_phph,C2,C2,nonplanar,94.52020742760888,original_remaining,0.6951388441583083,1.6177248482165467,659,cof_000659,cof_symmetry_pipeline/output/xyz/aug_000688.xyz,62,40,67,0,0,train,train
COC(=O)c1ccc(-c2ccc(C(=O)OC)s2)s1,bithiophene_C2,COOMe_direct,C2,C2,planar,25.893468376887704,original_remaining,0.4299314692011609,1.0120974594840837,660,cof_000660,cof_symmetry_pipeline/output/xyz/aug_000689.xyz,28,18,29,0,0,train,train
Clc1ccc(-c2ccc(Cl)s2)s1,bithiophene_C2,Cl_direct,C2,C2h,planar,10.459003416712246,original_remaining,1.2233824868418157e-06,2.79987466616366e-06,661,cof_000661,cof_symmetry_pipeline/output/xyz/aug_000690.xyz,16,12,17,0,0,test,train
Clc1ccc(-c2ccc(-c3ccc(-c4ccc(Cl)cc4)s3)s2)cc1,bithiophene_C2,Cl_ph,C2,C2,nonplanar,57.28903649822957,original_remaining,0.6903009796834769,1.300075494663825,662,cof_000662,cof_symmetry_pipeline/output/xyz/aug_000691.xyz,36,24,39,0,0,train,train
Ic1ccc(-c2ccc(I)s2)s1,bithiophene_C2,I_direct,C2,C2h,planar,11.929437785984408,original_remaining,4.599273701256935e-06,1.1420903716252706e-05,663,cof_000663,cof_symmetry_pipeline/output/xyz/aug_000692.xyz,16,12,17,0,0,train,train
[N-]=[N+]=Nc1ccc(-c2ccc(N=[N+]=[N-])s2)s1,bithiophene_C2,N3_direct,C2,C2,planar,5.5771810393999806,original_remaining,0.3789427802481871,0.9638842830740092,664,cof_000664,cof_symmetry_pipeline/output/xyz/aug_000693.xyz,20,16,21,0,0,train,train
[N-]=[N+]=Nc1ccc(-c2ccc(-c3ccc(-c4ccc(N=[N+]=[N-])cc4)s3)s2)cc1,bithiophene_C2,N3_ph,C2,C2,nonplanar,45.16523084660362,original_remaining,0.7800074919031373,1.5135143304933916,665,cof_000665,cof_symmetry_pipeline/output/xyz/aug_000694.xyz,40,28,43,0,0,train,train
O=C=Nc1ccc(-c2ccc(N=C=O)s2)s1,bithiophene_C2,NCO_direct,C2,C2,planar,6.100479432690283,original_remaining,0.3342144549834027,0.8643718389160675,666,cof_000666,cof_symmetry_pipeline/output/xyz/aug_000695.xyz,20,16,21,0,0,train,train
S=C=Nc1ccc(-c2ccc(N=C=S)s2)s1,bithiophene_C2,NCS_direct,C2,C2,nonplanar,10.32597984130864,original_remaining,0.8187639934177791,2.2262650362039844,667,cof_000667,cof_symmetry_pipeline/output/xyz/aug_000696.xyz,20,16,21,0,0,train,train
Nc1ccc(-c2ccc(N)s2)s1,bithiophene_C2,NH2_direct,C2,C2,planar,-13.064939357272028,original_remaining,0.1955378439543574,0.3767044973874445,668,cof_000668,cof_symmetry_pipeline/output/xyz/aug_000697.xyz,20,12,21,0,0,train,train
Nc1ccc(-c2ccc(-c3ccc(-c4ccc(N)cc4)s3)s2)cc1,bithiophene_C2,NH2_ph,C2,C2,nonplanar,40.08683717229562,original_remaining,0.6426323691521637,1.216629884609464,669,cof_000669,cof_symmetry_pipeline/output/xyz/aug_000698.xyz,40,24,43,0,0,train,train
Nc1ccc(-c2ccc(-c3ccc(-c4ccc(-c5ccc(-c6ccc(N)cc6)cc5)s4)s3)cc2)cc1,bithiophene_C2,NH2_phph,C2,C2,nonplanar,84.39906429130704,original_remaining,0.7899176045105933,1.5309606025786615,670,cof_000670,cof_symmetry_pipeline/output/xyz/aug_000699.xyz,60,36,65,0,0,train,train
O=CNc1ccc(-c2ccc(NC=O)s2)s1,bithiophene_C2,NHCHO_direct,C2,C2,planar,-9.500587222576192,original_remaining,0.4448178396111851,0.7585156043137,671,cof_000671,cof_symmetry_pipeline/output/xyz/aug_000700.xyz,24,16,25,0,0,train,train
CS(=O)(=O)Nc1ccc(-c2ccc(NS(C)(=O)=O)s2)s1,bithiophene_C2,NHSO2_direct,C2,C2,nonplanar,-101.0025857397328,original_remaining,0.9168547692903324,1.66009389917995,672,cof_000672,cof_symmetry_pipeline/output/xyz/aug_000702.xyz,32,20,33,0,0,val,train
CC(=O)Nc1ccc(-c2ccc(NC(C)=O)s2)s1,bithiophene_C2,NHacetyl_direct,C2,C2,planar,-6.731499131784222,original_remaining,0.3271615750505372,0.97918707532406,673,cof_000673,cof_symmetry_pipeline/output/xyz/aug_000703.xyz,30,18,31,0,0,train,train
O=[N+]([O-])c1ccc(-c2ccc([N+](=O)[O-])s2)s1,bithiophene_C2,NO2_direct,C2,C2v,planar,63.14161257457693,original_remaining,4.538109592457286e-05,8.937977770218097e-05,674,cof_000674,cof_symmetry_pipeline/output/xyz/aug_000704.xyz,20,16,21,0,0,train,train
O=[N+]([O-])c1ccc(-c2ccc(-c3ccc(-c4ccc([N+](=O)[O-])cc4)s3)s2)cc1,bithiophene_C2,NO2_ph,C2,C2h,planar,128.7111899213188,original_remaining,0.0002567821559531,0.0006363630850563,675,cof_000675,cof_symmetry_pipeline/output/xyz/aug_000705.xyz,40,28,43,0,0,train,train
O=[N+]([O-])c1ccc(-c2ccc(-c3ccc(-c4ccc(-c5ccc(-c6ccc([N+](=O)[O-])cc6)cc5)s4)s3)cc2)cc1,bithiophene_C2,NO2_phph,C2,C2,nonplanar,171.04520443842716,original_remaining,0.7291695803849739,1.5999658118747793,676,cof_000676,cof_symmetry_pipeline/output/xyz/aug_000706.xyz,60,40,65,0,0,train,train
O=COc1ccc(-c2ccc(OC=O)s2)s1,bithiophene_C2,OCHO_direct,C2,C2,planar,27.771654598111247,original_remaining,0.1913422292929369,0.3600412537943569,677,cof_000677,cof_symmetry_pipeline/output/xyz/aug_000707.xyz,22,16,23,0,0,train,train
N#COc1ccc(-c2ccc(OC#N)s2)s1,bithiophene_C2,OCN_direct,C2,C2h,planar,24.74671664071667,original_remaining,2.1976352509862332e-05,4.615833631557015e-05,678,cof_000678,cof_symmetry_pipeline/output/xyz/aug_000708.xyz,20,16,21,0,0,train,train
Oc1ccc(-c2ccc(O)s2)s1,bithiophene_C2,OH_direct,C2,C2,planar,-6.008955807192933,original_remaining,0.2179408424316637,0.35983427474901,679,cof_000679,cof_symmetry_pipeline/output/xyz/aug_000709.xyz,18,12,19,0,0,train,train
Oc1ccc(-c2ccc(-c3ccc(-c4ccc(O)cc4)s3)s2)cc1,bithiophene_C2,OH_ph,C2,C2,nonplanar,37.93635545242114,original_remaining,0.6664159857170597,1.2530927225054485,680,cof_000680,cof_symmetry_pipeline/output/xyz/aug_000710.xyz,38,24,41,0,0,train,train
Oc1ccc(-c2ccc(-c3ccc(-c4ccc(-c5ccc(-c6ccc(O)cc6)cc5)s4)s3)cc2)cc1,bithiophene_C2,OH_phph,C2,C2,nonplanar,83.3393408423812,original_remaining,0.6359599735910864,1.319609176108732,681,cof_000681,cof_symmetry_pipeline/output/xyz/aug_000711.xyz,58,36,63,0,0,train,train
COc1ccc(-c2ccc(OC)s2)s1,bithiophene_C2,OMe_direct,C2,C2,planar,21.509171967600256,original_remaining,0.4433032322036287,1.1516277507836823,682,cof_000682,cof_symmetry_pipeline/output/xyz/aug_000712.xyz,24,14,25,0,0,train,train
COc1ccc(-c2ccc(-c3ccc(-c4ccc(OC)cc4)s3)s2)cc1,bithiophene_C2,OMe_ph,C2,C2,nonplanar,67.46845372952197,original_remaining,0.6881978153466701,1.3926610648297104,683,cof_000683,cof_symmetry_pipeline/output/xyz/aug_000713.xyz,44,26,47,0,0,train,train
CC(=O)Oc1ccc(-c2ccc(OC(C)=O)s2)s1,bithiophene_C2,Oacetyl_direct,C2,C2,planar,27.161928088112223,original_remaining,0.3789105758047913,1.058590865975321,684,cof_000684,cof_symmetry_pipeline/output/xyz/aug_000714.xyz,28,18,29,0,0,train,train
O=P(O)(O)c1ccc(-c2ccc(P(=O)(O)O)s2)s1,bithiophene_C2,PO3H2_direct,C2,C2,nonplanar,-231.3474787237757,original_remaining,0.6952543884527611,1.5831855255287357,685,cof_000685,cof_symmetry_pipeline/output/xyz/aug_000715.xyz,26,18,27,0,0,train,train
O=P(Cl)(Cl)c1ccc(-c2ccc(P(=O)(Cl)Cl)s2)s1,bithiophene_C2,POCl2_direct,C2,D2h,nonplanar,67.41923672464901,original_remaining,0.6767359431316092,1.5871861160738936,686,cof_000686,cof_symmetry_pipeline/output/xyz/aug_000716.xyz,22,18,23,0,0,train,train
N#CSc1ccc(-c2ccc(SC#N)s2)s1,bithiophene_C2,SCN_direct,C2,C2,nonplanar,15.177792171393632,original_remaining,0.6118509986596972,1.29475890497113,687,cof_000687,cof_symmetry_pipeline/output/xyz/aug_000717.xyz,20,16,21,0,0,train,train
Sc1ccc(-c2ccc(S)s2)s1,bithiophene_C2,SH_direct,C2,C2,planar,6.842615835721106,original_remaining,0.244473891775382,0.3892428842514421,688,cof_000688,cof_symmetry_pipeline/output/xyz/aug_000718.xyz,18,12,19,0,0,train,train
O=S(=O)(Cl)c1ccc(-c2ccc(S(=O)(=O)Cl)s2)s1,bithiophene_C2,SO2Cl_direct,C2,C2,nonplanar,64.77693764401802,original_remaining,0.6689963905326105,1.8952613956688864,689,cof_000689,cof_symmetry_pipeline/output/xyz/aug_000719.xyz,22,18,23,0,0,train,train
NS(=O)(=O)c1ccc(-c2ccc(S(N)(=O)=O)s2)s1,bithiophene_C2,SO2NH2_direct,C2,C2,nonplanar,-121.38491869582826,original_remaining,0.8299901973896076,1.809632613270873,690,cof_000690,cof_symmetry_pipeline/output/xyz/aug_000720.xyz,26,18,27,0,0,val,train
C[Si](C)(C)c1ccc(-c2ccc([Si](C)(C)C)s2)s1,bithiophene_C2,SiMe3_direct,C2,C2,nonplanar,26.733460817222262,original_remaining,1.204757786698353,2.5093464536617853,691,cof_000691,cof_symmetry_pipeline/output/xyz/aug_000721.xyz,40,18,41,0,0,train,train
CC(=O)c1ccc(-c2ccc(C(C)=O)s2)s1,bithiophene_C2,acetyl_direct,C2,C2,planar,48.0040210946341,original_remaining,0.4421339900085954,1.0217046256864788,692,cof_000692,cof_symmetry_pipeline/output/xyz/aug_000722.xyz,26,16,27,0,0,train,train
C#Cc1ccc(-c2ccc(C#C)s2)s1,bithiophene_C2,ethynyl_direct,C2,C2,planar,14.830552837629147,original_remaining,0.2335925858914993,0.4191393051752887,693,cof_000693,cof_symmetry_pipeline/output/xyz/aug_000724.xyz,20,14,21,0,0,train,train
Cc1ccc(-c2ccc(C)s2)s1,bithiophene_C2,methyl_direct,C2,C2,planar,19.365059777636567,original_remaining,0.4367803968764728,1.1005607491486598,694,cof_000694,cof_symmetry_pipeline/output/xyz/aug_000725.xyz,22,12,23,0,0,train,train
Cc1ccc(-c2ccc(-c3ccc(-c4ccc(C)cc4)s3)s2)cc1,bithiophene_C2,methyl_ph,C2,C2,nonplanar,65.28522849530592,original_remaining,0.6893526503901558,1.2953175220232267,695,cof_000695,cof_symmetry_pipeline/output/xyz/aug_000726.xyz,42,24,45,0,0,train,train
C=Cc1ccc(-c2ccc(C=C)s2)s1,bithiophene_C2,vinyl_direct,C2,C2v,planar,30.629699960604302,original_remaining,0.0001687425453793,0.0002937334033658,696,cof_000696,cof_symmetry_pipeline/output/xyz/aug_000727.xyz,24,14,25,0,0,train,train
OB(O)C#Cc1ccc(C#CB(O)O)cc1,diethynylbenzene_C2,BOH2_direct,C2,C2,planar,9.757080529278271,original_remaining,0.4996654225910674,1.352363699668035,697,cof_000697,cof_symmetry_pipeline/output/xyz/aug_000766.xyz,24,16,24,0,0,train,train
BrC#Cc1ccc(C#CBr)cc1,diethynylbenzene_C2,Br_direct,C2,D2h,planar,14.998170200540372,original_remaining,7.231488201785364e-07,1.8263903237558663e-06,698,cof_000698,cof_symmetry_pipeline/output/xyz/aug_000767.xyz,16,12,16,0,0,train,train
FC(F)(F)C#CC#Cc1ccc(C#CC#CC(F)(F)F)cc1,diethynylbenzene_C2,CCCF3_direct,C2,D2,planar,15.534415319622273,original_remaining,0.4289382567710327,1.2347373856114638,699,cof_000699,cof_symmetry_pipeline/output/xyz/aug_000768.xyz,26,22,26,0,0,train,train
O=CC#CC#Cc1ccc(C#CC#CC=O)cc1,diethynylbenzene_C2,CCCHO_direct,C2,C2,planar,14.403288747069528,original_remaining,0.1121357994173252,0.2861145300408187,700,cof_000700,cof_symmetry_pipeline/output/xyz/aug_000769.xyz,24,18,24,0,0,train,train
N#CC#CC#Cc1ccc(C#CC#CC#N)cc1,diethynylbenzene_C2,CCCN_direct,C2,D2h,planar,14.350397428160765,original_remaining,6.133344132390249e-07,1.4038644446934256e-06,701,cof_000701,cof_symmetry_pipeline/output/xyz/aug_000770.xyz,22,18,22,0,0,train,train
O=C(O)C#CC#Cc1ccc(C#CC#CC(=O)O)cc1,diethynylbenzene_C2,CCCOOH_direct,C2,C2h,planar,-50.046411768279086,original_remaining,0.0241279820069676,0.0698144072418456,702,cof_000702,cof_symmetry_pipeline/output/xyz/aug_000771.xyz,26,20,26,0,0,train,train
COC(=O)C#CC#Cc1ccc(C#CC#CC(=O)OC)cc1,diethynylbenzene_C2,CCCOOMe_direct,C2,C2v,planar,-8.940539869796181,original_remaining,0.3216257881819713,0.9046454447393496,703,cof_000703,cof_symmetry_pipeline/output/xyz/aug_000772.xyz,32,22,32,0,0,train,train
O=C=NC#CC#Cc1ccc(C#CC#CN=C=O)cc1,diethynylbenzene_C2,CCNCO_direct,C2,C2,planar,9.137340807394883,original_remaining,0.0700519414239027,0.2506194926607565,704,cof_000704,cof_symmetry_pipeline/output/xyz/aug_000773.xyz,24,20,24,0,0,train,train
NC#CC#Cc1ccc(C#CC#CN)cc1,diethynylbenzene_C2,CCNH2_direct,C2,C2v,planar,13.586658530601191,original_remaining,0.3356283567378143,0.8420843125645077,705,cof_000705,cof_symmetry_pipeline/output/xyz/aug_000774.xyz,24,16,24,0,0,train,train
O=[N+]([O-])C#CC#Cc1ccc(C#CC#C[N+](=O)[O-])cc1,diethynylbenzene_C2,CCNO2_direct,C2,D2h,planar,14.624608554439046,original_remaining,0.0255662363837766,0.0847341040314729,706,cof_000706,cof_symmetry_pipeline/output/xyz/aug_000775.xyz,24,20,24,0,0,test,train
OC#CC#Cc1ccc(C#CC#CO)cc1,diethynylbenzene_C2,CCOH_direct,C2,C2,planar,14.988605063560607,original_remaining,0.248692324960624,0.7933379081490051,707,cof_000707,cof_symmetry_pipeline/output/xyz/aug_000776.xyz,22,16,22,0,0,train,train
CC(=O)C#CC#Cc1ccc(C#CC#CC(C)=O)cc1,diethynylbenzene_C2,CCacetyl_direct,C2,C2,planar,18.015723041236136,original_remaining,0.3350435248279378,1.0440360480606028,708,cof_000708,cof_symmetry_pipeline/output/xyz/aug_000777.xyz,30,20,30,0,0,train,train
FC(F)(F)C#Cc1ccc(C#CC(F)(F)F)cc1,diethynylbenzene_C2,CF3_direct,C2,C2,planar,25.04589646934126,original_remaining,0.4663251649494375,1.2257965117457612,709,cof_000709,cof_symmetry_pipeline/output/xyz/aug_000778.xyz,22,18,22,0,0,train,train
O=CC#Cc1ccc(C#CC=O)cc1,diethynylbenzene_C2,CHO_direct,C2,C2h,planar,19.199733790179447,original_remaining,4.192650184668345e-06,1.280935255842941e-05,710,cof_000710,cof_symmetry_pipeline/output/xyz/aug_000779.xyz,20,14,20,0,0,test,train
N#CC#Cc1ccc(C#CC#N)cc1,diethynylbenzene_C2,CN_direct,C2,D2h,planar,19.731685984651687,original_remaining,9.117955579819468e-07,1.8050639871702856e-06,711,cof_000711,cof_symmetry_pipeline/output/xyz/aug_000780.xyz,18,14,18,0,0,train,train
O=C(Cl)C#Cc1ccc(C#CC(=O)Cl)cc1,diethynylbenzene_C2,COCl_direct,C2,C2v,planar,21.806016600901632,original_remaining,0.0087414897534427,0.0283944186217779,712,cof_000712,cof_symmetry_pipeline/output/xyz/aug_000781.xyz,20,16,20,0,0,train,train
NC(=O)C#Cc1ccc(C#CC(N)=O)cc1,diethynylbenzene_C2,CONH2_direct,C2,D2h,nonplanar,-64.48526766669868,original_remaining,0.7250828760084884,1.6636506322394768,713,cof_000713,cof_symmetry_pipeline/output/xyz/aug_000782.xyz,24,16,24,0,0,train,train
O=C(O)C#Cc1ccc(C#CC(=O)O)cc1,diethynylbenzene_C2,COOH_direct,C2,C2v,planar,-44.523935578439286,original_remaining,2.4825885314259586e-05,6.095258885085997e-05,714,cof_000714,cof_symmetry_pipeline/output/xyz/aug_000783.xyz,22,16,22,0,0,train,train
COC(=O)C#Cc1ccc(C#CC(=O)OC)cc1,diethynylbenzene_C2,COOMe_direct,C2,C2,planar,-2.7426938512363392,original_remaining,0.4192524669354806,0.8581274477292193,715,cof_000715,cof_symmetry_pipeline/output/xyz/aug_000784.xyz,28,18,28,0,0,train,train
ClC#Cc1ccc(C#CCl)cc1,diethynylbenzene_C2,Cl_direct,C2,D2h,planar,15.29094078411193,original_remaining,8.935330208882706e-07,1.6496595568460393e-06,716,cof_000716,cof_symmetry_pipeline/output/xyz/aug_000785.xyz,16,12,16,0,0,train,train
[N-]=[N+]=NC#Cc1ccc(C#CN=[N+]=[N-])cc1,diethynylbenzene_C2,N3_direct,C2,C2v,planar,8.955002884619063,original_remaining,2.1421161937497758e-05,6.627438893308524e-05,717,cof_000717,cof_symmetry_pipeline/output/xyz/aug_000786.xyz,20,16,20,0,0,train,train
O=C=NC#Cc1ccc(C#CN=C=O)cc1,diethynylbenzene_C2,NCO_direct,C2,C2,planar,7.534167396450154,original_remaining,0.2463541531421046,0.7800463708416452,718,cof_000718,cof_symmetry_pipeline/output/xyz/aug_000787.xyz,20,16,20,0,0,test,train
S=C=NC#Cc1ccc(C#CN=C=S)cc1,diethynylbenzene_C2,NCS_direct,C2,C2,planar,10.972561022085817,original_remaining,0.1410079525807899,0.3905022269689526,719,cof_000719,cof_symmetry_pipeline/output/xyz/aug_000788.xyz,20,16,20,0,0,val,train
NC#Cc1ccc(C#CN)cc1,diethynylbenzene_C2,NH2_direct,C2,C2,planar,6.51665819241479,original_remaining,0.3519474148722669,0.8521944914641298,720,cof_000720,cof_symmetry_pipeline/output/xyz/aug_000789.xyz,20,12,20,0,0,val,train
O=CNC#Cc1ccc(C#CNC=O)cc1,diethynylbenzene_C2,NHCHO_direct,C2,C2h,planar,-16.97774765833087,original_remaining,0.0080106493552057,0.0254614361306311,721,cof_000721,cof_symmetry_pipeline/output/xyz/aug_000790.xyz,24,16,24,0,0,train,train
N#CNC#Cc1ccc(C#CNC#N)cc1,diethynylbenzene_C2,NHCN_direct,C2,C2,planar,-31.754989250797003,original_remaining,0.3233473029269029,0.7950778419621098,722,cof_000722,cof_symmetry_pipeline/output/xyz/aug_000791.xyz,22,16,22,0,0,train,train
CS(=O)(=O)NC#Cc1ccc(C#CNS(C)(=O)=O)cc1,diethynylbenzene_C2,NHSO2_direct,C2,C2,nonplanar,-90.01239615618002,original_remaining,0.9882036983340716,1.8614665364939431,723,cof_000723,cof_symmetry_pipeline/output/xyz/aug_000792.xyz,32,20,32,0,0,train,train
CC(=O)NC#Cc1ccc(C#CNC(C)=O)cc1,diethynylbenzene_C2,NHacetyl_direct,C2,C2,planar,-11.20634701937982,original_remaining,0.3290694058532636,1.038492502817593,724,cof_000724,cof_symmetry_pipeline/output/xyz/aug_000793.xyz,30,18,30,0,0,train,train
O=[N+]([O-])C#Cc1ccc(C#C[N+](=O)[O-])cc1,diethynylbenzene_C2,NO2_direct,C2,D2h,planar,24.504056222592308,original_remaining,1.1956224696410613e-05,3.188978228374495e-05,725,cof_000725,cof_symmetry_pipeline/output/xyz/aug_000794.xyz,20,16,20,0,0,train,train
O=COC#Cc1ccc(C#COC=O)cc1,diethynylbenzene_C2,OCHO_direct,C2,C2v,planar,17.976482344053487,original_remaining,6.269716005114383e-06,2.0040773573093414e-05,726,cof_000726,cof_symmetry_pipeline/output/xyz/aug_000795.xyz,22,16,22,0,0,train,train
N#COC#Cc1ccc(C#COC#N)cc1,diethynylbenzene_C2,OCN_direct,C2,C2h,planar,14.127242782662456,original_remaining,0.0331418052966091,0.0924951245011036,727,cof_000727,cof_symmetry_pipeline/output/xyz/aug_000796.xyz,20,16,20,0,0,train,train
OC#Cc1ccc(C#CO)cc1,diethynylbenzene_C2,OH_direct,C2,C2v,planar,11.44359222172932,original_remaining,0.2885240926917901,0.8160222034276294,728,cof_000728,cof_symmetry_pipeline/output/xyz/aug_000797.xyz,18,12,18,0,0,train,train
COC#Cc1ccc(C#COC)cc1,diethynylbenzene_C2,OMe_direct,C2,C2h,nonplanar,18.88164657085648,original_remaining,0.5297082499203706,0.9869395076739016,729,cof_000729,cof_symmetry_pipeline/output/xyz/aug_000798.xyz,24,14,24,0,0,train,train
CC(=O)OC#Cc1ccc(C#COC(C)=O)cc1,diethynylbenzene_C2,Oacetyl_direct,C2,C2v,planar,17.272728180383847,original_remaining,0.3397393079645899,0.8988778438155949,730,cof_000730,cof_symmetry_pipeline/output/xyz/aug_000799.xyz,28,18,28,0,0,train,train
O=P(Cl)(Cl)C#Cc1ccc(C#CP(=O)(Cl)Cl)cc1,diethynylbenzene_C2,POCl2_direct,C2,D2h,nonplanar,42.4152288192704,original_remaining,0.6848005487783277,1.660897931948862,731,cof_000731,cof_symmetry_pipeline/output/xyz/aug_000801.xyz,22,18,22,0,0,train,train
N#CSC#Cc1ccc(C#CSC#N)cc1,diethynylbenzene_C2,SCN_direct,C2,C2,planar,12.649448235897545,original_remaining,0.1085339368483655,0.2738191563255958,732,cof_000732,cof_symmetry_pipeline/output/xyz/aug_000802.xyz,20,16,20,0,0,train,train
SC#Cc1ccc(C#CS)cc1,diethynylbenzene_C2,SH_direct,C2,C2v,planar,13.324490863945428,original_remaining,0.4189897367321965,1.1850714940642737,733,cof_000733,cof_symmetry_pipeline/output/xyz/aug_000803.xyz,18,12,18,0,0,train,train
O=S(=O)(Cl)C#Cc1ccc(C#CS(=O)(=O)Cl)cc1,diethynylbenzene_C2,SO2Cl_direct,C2,D2h,nonplanar,35.35397161910057,original_remaining,0.6204527531563516,1.72359366442409,734,cof_000734,cof_symmetry_pipeline/output/xyz/aug_000804.xyz,22,18,22,0,0,train,train
NS(=O)(=O)C#Cc1ccc(C#CS(N)(=O)=O)cc1,diethynylbenzene_C2,SO2NH2_direct,C2,C2v,nonplanar,-154.2945446299088,original_remaining,0.8903224745207206,1.730407891253018,735,cof_000735,cof_symmetry_pipeline/output/xyz/aug_000805.xyz,26,18,26,0,0,train,train
O=S(=O)(O)C#Cc1ccc(C#CS(=O)(=O)O)cc1,diethynylbenzene_C2,SO3H_direct,C2,C2,nonplanar,-79.06192757891486,original_remaining,0.7575877070866351,1.8347922055638632,736,cof_000736,cof_symmetry_pipeline/output/xyz/aug_000806.xyz,24,18,24,0,0,train,train
C[Si](C)(C)C#Cc1ccc(C#C[Si](C)(C)C)cc1,diethynylbenzene_C2,SiMe3_direct,C2,C2,nonplanar,15.56978990853604,original_remaining,1.177387649310187,2.4644527876473816,737,cof_000737,cof_symmetry_pipeline/output/xyz/aug_000807.xyz,40,18,40,0,0,train,train
C#CC#Cc1ccc(C#CC#C)cc1,diethynylbenzene_C2,ethynyl_direct,C2,D2h,planar,14.624554090467386,original_remaining,7.161620789256389e-06,1.8619328774338584e-05,738,cof_000738,cof_symmetry_pipeline/output/xyz/aug_000809.xyz,20,14,20,0,0,train,train
CC#Cc1ccc(C#CC)cc1,diethynylbenzene_C2,methyl_direct,C2,C2h,planar,14.978658268840697,original_remaining,0.3776182265584311,0.9418489471993088,739,cof_000739,cof_symmetry_pipeline/output/xyz/aug_000810.xyz,22,12,22,0,0,train,train
C=CC#Cc1ccc(C#CC=C)cc1,diethynylbenzene_C2,vinyl_direct,C2,C2h,nonplanar,19.67136453996075,original_remaining,0.6929516267747794,1.5511830443500942,740,cof_000740,cof_symmetry_pipeline/output/xyz/aug_000811.xyz,24,14,24,0,0,train,train
Brc1ccc(C#Cc2ccc(Br)cc2)cc1,diphenylacetylene_C2,Br_direct,C2,D2d,nonplanar,29.2086931228228,original_remaining,1.0093120122307473,1.5252193582074256,741,cof_000741,cof_symmetry_pipeline/output/xyz/aug_000812.xyz,24,16,25,0,0,train,train
FC(F)(F)C#Cc1ccc(C#Cc2ccc(C#CC(F)(F)F)cc2)cc1,diphenylacetylene_C2,CCCF3_direct,C2,D2,nonplanar,39.573270314089214,original_remaining,0.9270851072966666,1.5268775329506878,742,cof_000742,cof_symmetry_pipeline/output/xyz/aug_000813.xyz,34,26,35,0,0,train,train
O=CC#Cc1ccc(C#Cc2ccc(C#CC=O)cc2)cc1,diphenylacetylene_C2,CCCHO_direct,C2,C2,nonplanar,33.85162907689471,original_remaining,0.5903975422498899,1.0341940937412688,743,cof_000743,cof_symmetry_pipeline/output/xyz/aug_000814.xyz,32,22,33,0,0,train,train
N#CC#Cc1ccc(C#Cc2ccc(C#CC#N)cc2)cc1,diphenylacetylene_C2,CCCN_direct,C2,D2d,nonplanar,34.123700752211974,original_remaining,0.9026749228530904,1.526160161551082,744,cof_000744,cof_symmetry_pipeline/output/xyz/aug_000815.xyz,30,22,31,0,0,train,train
O=C(O)C#Cc1ccc(C#Cc2ccc(C#CC(=O)O)cc2)cc1,diphenylacetylene_C2,CCCOOH_direct,C2,D2,nonplanar,-29.96073916672788,original_remaining,0.8890224260074215,1.582702581003606,745,cof_000745,cof_symmetry_pipeline/output/xyz/aug_000816.xyz,34,24,35,0,0,val,train
COC(=O)C#Cc1ccc(C#Cc2ccc(C#CC(=O)OC)cc2)cc1,diphenylacetylene_C2,CCCOOMe_direct,C2,C2,nonplanar,11.79886698007584,original_remaining,0.7116081995277719,1.3025118630467454,746,cof_000746,cof_symmetry_pipeline/output/xyz/aug_000817.xyz,40,26,41,0,0,test,train
C#Cc1ccc(-c2ccc(C#Cc3ccc(-c4ccc(C#C)cc4)cc3)cc2)cc1,diphenylacetylene_C2,CCH_ph,C2,C2,nonplanar,75.0835158894212,original_remaining,0.7520990992926946,1.6019004849107716,747,cof_000747,cof_symmetry_pipeline/output/xyz/aug_000818.xyz,48,30,51,0,0,train,train
C#Cc1ccc(-c2ccc(-c3ccc(C#Cc4ccc(-c5ccc(-c6ccc(C#C)cc6)cc5)cc4)cc3)cc2)cc1,diphenylacetylene_C2,CCH_phph,C2,C2,nonplanar,120.22630845612984,original_remaining,0.8535605830194396,2.1475606127340185,748,cof_000748,cof_symmetry_pipeline/output/xyz/aug_000819.xyz,68,42,73,0,0,val,train
O=C=NC#Cc1ccc(C#Cc2ccc(C#CN=C=O)cc2)cc1,diphenylacetylene_C2,CCNCO_direct,C2,D2,nonplanar,22.00718460237193,original_remaining,0.9237180255162296,1.7417720447085474,749,cof_000749,cof_symmetry_pipeline/output/xyz/aug_000820.xyz,32,24,33,0,0,train,train
NC#Cc1ccc(C#Cc2ccc(C#CN)cc2)cc1,diphenylacetylene_C2,CCNH2_direct,C2,D2,nonplanar,21.08495484211918,original_remaining,0.8234367308121734,1.4769145531150096,750,cof_000750,cof_symmetry_pipeline/output/xyz/aug_000821.xyz,32,20,33,0,0,train,train
O=[N+]([O-])C#Cc1ccc(C#Cc2ccc(C#C[N+](=O)[O-])cc2)cc1,diphenylacetylene_C2,CCNO2_direct,C2,D2d,nonplanar,38.79142722698172,original_remaining,0.905101949220075,1.504773046100363,751,cof_000751,cof_symmetry_pipeline/output/xyz/aug_000822.xyz,32,24,33,0,0,train,train
OC#Cc1ccc(C#Cc2ccc(C#CO)cc2)cc1,diphenylacetylene_C2,CCOH_direct,C2,D2,nonplanar,25.9866174072369,original_remaining,0.9041830760791498,1.585903801884359,752,cof_000752,cof_symmetry_pipeline/output/xyz/aug_000823.xyz,30,20,31,0,0,train,train
CC(=O)C#Cc1ccc(C#Cc2ccc(C#CC(C)=O)cc2)cc1,diphenylacetylene_C2,CCacetyl_direct,C2,D2,nonplanar,37.39457686776036,original_remaining,0.9320830576556622,1.6965427563161866,753,cof_000753,cof_symmetry_pipeline/output/xyz/aug_000824.xyz,38,24,39,0,0,train,train
FC(F)(F)c1ccc(C#Cc2ccc(C(F)(F)F)cc2)cc1,diphenylacetylene_C2,CF3_direct,C2,D2,nonplanar,85.6366947134729,original_remaining,0.9669599595024376,1.4929102326277135,754,cof_000754,cof_symmetry_pipeline/output/xyz/aug_000825.xyz,30,22,31,0,0,train,train
FC(F)(F)c1ccc(-c2ccc(C#Cc3ccc(-c4ccc(C(F)(F)F)cc4)cc3)cc2)cc1,diphenylacetylene_C2,CF3_ph,C2,D2,nonplanar,129.89594873073275,original_remaining,0.738878881431438,1.3485808980057403,755,cof_000755,cof_symmetry_pipeline/output/xyz/aug_000826.xyz,50,34,53,0,0,val,train
O=Cc1ccc(C#Cc2ccc(C=O)cc2)cc1,diphenylacetylene_C2,CHO_direct,C2,D2,nonplanar,60.82898253305165,original_remaining,0.8683354509116304,1.3647390904941246,756,cof_000756,cof_symmetry_pipeline/output/xyz/aug_000827.xyz,28,18,29,0,0,train,train
O=Cc1ccc(-c2ccc(C#Cc3ccc(-c4ccc(C=O)cc4)cc3)cc2)cc1,diphenylacetylene_C2,CHO_ph,C2,C2,nonplanar,105.66131985929796,original_remaining,0.7434054591741375,1.5681994071973664,757,cof_000757,cof_symmetry_pipeline/output/xyz/aug_000828.xyz,48,30,51,0,0,train,train
O=Cc1ccc(-c2ccc(-c3ccc(C#Cc4ccc(-c5ccc(-c6ccc(C=O)cc6)cc5)cc4)cc3)cc2)cc1,diphenylacetylene_C2,CHO_phph,C2,D2,nonplanar,150.67701794450318,original_remaining,0.98389572678745,1.903016289548372,758,cof_000758,cof_symmetry_pipeline/output/xyz/aug_000829.xyz,68,42,73,0,0,train,train
N#Cc1ccc(C#Cc2ccc(C#N)cc2)cc1,diphenylacetylene_C2,CN_direct,C2,D2d,nonplanar,58.063423104328905,original_remaining,0.9701303834314048,1.5280584542917683,759,cof_000759,cof_symmetry_pipeline/output/xyz/aug_000830.xyz,26,18,27,0,0,train,train
N#Cc1ccc(-c2ccc(C#Cc3ccc(-c4ccc(C#N)cc4)cc3)cc2)cc1,diphenylacetylene_C2,CN_ph,C2,C2,nonplanar,102.6993881560334,original_remaining,0.8325785117580383,1.7667238873473807,760,cof_000760,cof_symmetry_pipeline/output/xyz/aug_000831.xyz,46,30,49,0,0,train,train
N#Cc1ccc(-c2ccc(-c3ccc(C#Cc4ccc(-c5ccc(-c6ccc(C#N)cc6)cc5)cc4)cc3)cc2)cc1,diphenylacetylene_C2,CN_phph,C2,C2,nonplanar,147.79150855435918,original_remaining,0.8762582234735697,2.202227808609991,761,cof_000761,cof_symmetry_pipeline/output/xyz/aug_000832.xyz,66,42,71,0,0,train,train
O=C(Cl)c1ccc(C#Cc2ccc(C(=O)Cl)cc2)cc1,diphenylacetylene_C2,COCl_direct,C2,D2,nonplanar,82.24223632374166,original_remaining,0.9643459528858672,1.4883005678715833,762,cof_000762,cof_symmetry_pipeline/output/xyz/aug_000833.xyz,28,20,29,0,0,train,train
NC(=O)c1ccc(C#Cc2ccc(C(N)=O)cc2)cc1,diphenylacetylene_C2,CONH2_direct,C2,C2,nonplanar,7.312815838946935,original_remaining,0.859669224184139,1.5050758166730658,763,cof_000763,cof_symmetry_pipeline/output/xyz/aug_000834.xyz,32,20,33,0,0,val,train
O=C(O)c1ccc(C#Cc2ccc(C(=O)O)cc2)cc1,diphenylacetylene_C2,COOH_direct,C2,D2,nonplanar,21.15083651726633,original_remaining,0.9526298239419072,1.5567988772633294,764,cof_000764,cof_symmetry_pipeline/output/xyz/aug_000835.xyz,30,20,31,0,0,train,train
O=C(O)c1ccc(-c2ccc(C#Cc3ccc(-c4ccc(C(=O)O)cc4)cc3)cc2)cc1,diphenylacetylene_C2,COOH_ph,C2,C2,nonplanar,66.10627353502849,original_remaining,0.6636656484042206,1.1717652433229082,765,cof_000765,cof_symmetry_pipeline/output/xyz/aug_000836.xyz,50,32,53,0,0,train,train
COC(=O)c1ccc(C#Cc2ccc(C(=O)OC)cc2)cc1,diphenylacetylene_C2,COOMe_direct,C2,C2,nonplanar,58.40641912794269,original_remaining,0.7993332299254065,1.366468311201159,766,cof_000766,cof_symmetry_pipeline/output/xyz/aug_000837.xyz,36,22,37,0,0,train,train
Clc1ccc(C#Cc2ccc(Cl)cc2)cc1,diphenylacetylene_C2,Cl_direct,C2,D2d,nonplanar,27.722883645264247,original_remaining,1.0090064061830522,1.5254476040335203,767,cof_000767,cof_symmetry_pipeline/output/xyz/aug_000838.xyz,24,16,25,0,0,train,train
Clc1ccc(-c2ccc(C#Cc3ccc(-c4ccc(Cl)cc4)cc3)cc2)cc1,diphenylacetylene_C2,Cl_ph,C2,C2,nonplanar,72.97552499689567,original_remaining,0.936194136840906,1.9100616153045076,768,cof_000768,cof_symmetry_pipeline/output/xyz/aug_000839.xyz,44,28,47,0,0,train,train
Ic1ccc(C#Cc2ccc(I)cc2)cc1,diphenylacetylene_C2,I_direct,C2,D2d,nonplanar,30.82848937178995,original_remaining,1.0099230394226026,1.5400471275625414,769,cof_000769,cof_symmetry_pipeline/output/xyz/aug_000840.xyz,24,16,25,0,0,test,train
[N-]=[N+]=Nc1ccc(C#Cc2ccc(N=[N+]=[N-])cc2)cc1,diphenylacetylene_C2,N3_direct,C2,D2,nonplanar,15.65984074541913,original_remaining,0.9940572814215948,1.8261635361550304,770,cof_000770,cof_symmetry_pipeline/output/xyz/aug_000841.xyz,28,20,29,0,0,train,train
[N-]=[N+]=Nc1ccc(-c2ccc(C#Cc3ccc(-c4ccc(N=[N+]=[N-])cc4)cc3)cc2)cc1,diphenylacetylene_C2,N3_ph,C2,D2,nonplanar,60.985877575158085,original_remaining,0.798327834710852,1.890605653111215,771,cof_000771,cof_symmetry_pipeline/output/xyz/aug_000842.xyz,48,32,51,0,0,train,train
O=C=Nc1ccc(C#Cc2ccc(N=C=O)cc2)cc1,diphenylacetylene_C2,NCO_direct,C2,D2,nonplanar,17.45640195693712,original_remaining,1.0136478329226393,1.8967254761540684,772,cof_000772,cof_symmetry_pipeline/output/xyz/aug_000843.xyz,28,20,29,0,0,train,train
S=C=Nc1ccc(C#Cc2ccc(N=C=S)cc2)cc1,diphenylacetylene_C2,NCS_direct,C2,D2,nonplanar,21.01032527436443,original_remaining,1.0347495828021056,1.881873525907689,773,cof_000773,cof_symmetry_pipeline/output/xyz/aug_000844.xyz,28,20,29,0,0,train,train
Nc1ccc(C#Cc2ccc(N)cc2)cc1,diphenylacetylene_C2,NH2_direct,C2,D2,nonplanar,10.255414873867458,original_remaining,0.9448815312921096,1.565674761957811,774,cof_000774,cof_symmetry_pipeline/output/xyz/aug_000845.xyz,28,16,29,0,0,train,train
Nc1ccc(-c2ccc(C#Cc3ccc(-c4ccc(N)cc4)cc3)cc2)cc1,diphenylacetylene_C2,NH2_ph,C2,C2,nonplanar,55.820571973905686,original_remaining,0.7582786344232925,1.617578771802624,775,cof_000775,cof_symmetry_pipeline/output/xyz/aug_000846.xyz,48,28,51,0,0,train,train
Nc1ccc(-c2ccc(-c3ccc(C#Cc4ccc(-c5ccc(-c6ccc(N)cc6)cc5)cc4)cc3)cc2)cc1,diphenylacetylene_C2,NH2_phph,C2,D2,nonplanar,101.0693849894931,original_remaining,0.6307134498103141,1.3461361900258428,776,cof_000776,cof_symmetry_pipeline/output/xyz/aug_000847.xyz,68,40,73,0,0,train,train
O=CNc1ccc(C#Cc2ccc(NC=O)cc2)cc1,diphenylacetylene_C2,NHCHO_direct,C2,C2,nonplanar,-10.012949119109653,original_remaining,0.7236605917188783,1.2100015096003114,777,cof_000777,cof_symmetry_pipeline/output/xyz/aug_000848.xyz,32,20,33,0,0,train,train
N#CNc1ccc(C#Cc2ccc(NC#N)cc2)cc1,diphenylacetylene_C2,NHCN_direct,C2,C2,nonplanar,-25.945034360336244,original_remaining,0.9931201572560074,1.6915825010686525,778,cof_000778,cof_symmetry_pipeline/output/xyz/aug_000849.xyz,30,20,31,0,0,train,train
CS(=O)(=O)Nc1ccc(C#Cc2ccc(NS(C)(=O)=O)cc2)cc1,diphenylacetylene_C2,NHSO2_direct,C2,D2,nonplanar,-77.90570474706507,original_remaining,1.2106448978698403,2.7223182227562117,779,cof_000779,cof_symmetry_pipeline/output/xyz/aug_000850.xyz,40,24,41,0,0,train,train
CC(=O)Nc1ccc(C#Cc2ccc(NC(C)=O)cc2)cc1,diphenylacetylene_C2,NHacetyl_direct,C2,C2,nonplanar,-4.030202525387402,original_remaining,0.7774562817387832,1.3286475365068493,780,cof_000780,cof_symmetry_pipeline/output/xyz/aug_000851.xyz,38,22,39,0,0,test,train
O=[N+]([O-])c1ccc(C#Cc2ccc([N+](=O)[O-])cc2)cc1,diphenylacetylene_C2,NO2_direct,C2,D2d,nonplanar,98.15401129701677,original_remaining,0.9823922011645496,1.5349932881482773,781,cof_000781,cof_symmetry_pipeline/output/xyz/aug_000852.xyz,28,20,29,0,0,val,train
O=[N+]([O-])c1ccc(-c2ccc(C#Cc3ccc(-c4ccc([N+](=O)[O-])cc4)cc3)cc2)cc1,diphenylacetylene_C2,NO2_ph,C2,C2,nonplanar,142.6400804788634,original_remaining,0.8993927360879461,1.9274558983410564,782,cof_000782,cof_symmetry_pipeline/output/xyz/aug_000853.xyz,48,32,51,0,0,train,train
O=[N+]([O-])c1ccc(-c2ccc(-c3ccc(C#Cc4ccc(-c5ccc(-c6ccc([N+](=O)[O-])cc6)cc5)cc4)cc3)cc2)cc1,diphenylacetylene_C2,NO2_phph,C2,C2,nonplanar,187.69184975226685,original_remaining,0.8425350397291276,1.968771235729764,783,cof_000783,cof_symmetry_pipeline/output/xyz/aug_000854.xyz,68,44,73,0,0,train,train
O=COc1ccc(C#Cc2ccc(OC=O)cc2)cc1,diphenylacetylene_C2,OCHO_direct,C2,C2,nonplanar,48.18821824175963,original_remaining,0.8974753980243511,1.7200576310038045,784,cof_000784,cof_symmetry_pipeline/output/xyz/aug_000855.xyz,30,20,31,0,0,train,train
N#COc1ccc(C#Cc2ccc(OC#N)cc2)cc1,diphenylacetylene_C2,OCN_direct,C2,D2,nonplanar,44.02824731689905,original_remaining,0.9709601158114812,1.6035232111303772,785,cof_000785,cof_symmetry_pipeline/output/xyz/aug_000856.xyz,28,20,29,0,0,train,train
Oc1ccc(C#Cc2ccc(O)cc2)cc1,diphenylacetylene_C2,OH_direct,C2,D2,nonplanar,8.500260935591177,original_remaining,0.9362495546555704,1.4974475318575062,786,cof_000786,cof_symmetry_pipeline/output/xyz/aug_000857.xyz,26,16,27,0,0,train,train
COc1ccc(C#Cc2ccc(OC)cc2)cc1,diphenylacetylene_C2,OMe_direct,C2,D2,nonplanar,38.01306859761895,original_remaining,0.968615527057744,1.6975770662260818,787,cof_000787,cof_symmetry_pipeline/output/xyz/aug_000859.xyz,32,18,33,0,0,train,train
COc1ccc(-c2ccc(C#Cc3ccc(-c4ccc(OC)cc4)cc3)cc2)cc1,diphenylacetylene_C2,OMe_ph,C2,D2,nonplanar,83.40917730903986,original_remaining,0.8972980305784286,1.9262342583162428,788,cof_000788,cof_symmetry_pipeline/output/xyz/aug_000860.xyz,52,30,55,0,0,train,train
CC(=O)Oc1ccc(C#Cc2ccc(OC(C)=O)cc2)cc1,diphenylacetylene_C2,Oacetyl_direct,C2,D2,nonplanar,47.11140528844635,original_remaining,0.9111081302458554,1.7297216603044496,789,cof_000789,cof_symmetry_pipeline/output/xyz/aug_000861.xyz,36,22,37,0,0,train,train
O=P(O)(O)c1ccc(C#Cc2ccc(P(=O)(O)O)cc2)cc1,diphenylacetylene_C2,PO3H2_direct,C2,C2,nonplanar,-204.31568746024,original_remaining,0.6986530078605582,1.5290321817895416,790,cof_000790,cof_symmetry_pipeline/output/xyz/aug_000862.xyz,34,22,35,0,0,test,train
O=P(Cl)(Cl)c1ccc(C#Cc2ccc(P(=O)(Cl)Cl)cc2)cc1,diphenylacetylene_C2,POCl2_direct,C2,D2,nonplanar,100.06322467221848,original_remaining,1.0508110543129714,1.8369834196456296,791,cof_000791,cof_symmetry_pipeline/output/xyz/aug_000863.xyz,30,22,31,0,0,train,train
N#CSc1ccc(C#Cc2ccc(SC#N)cc2)cc1,diphenylacetylene_C2,SCN_direct,C2,D2,nonplanar,32.60563916125604,original_remaining,1.0397293184431362,1.8836488689975268,792,cof_000792,cof_symmetry_pipeline/output/xyz/aug_000864.xyz,28,20,29,0,0,val,train
Sc1ccc(C#Cc2ccc(S)cc2)cc1,diphenylacetylene_C2,SH_direct,C2,D2,nonplanar,23.23032600656078,original_remaining,0.9850445947318498,1.5762993546126638,793,cof_000793,cof_symmetry_pipeline/output/xyz/aug_000865.xyz,26,16,27,0,0,train,train
O=S(=O)(Cl)c1ccc(C#Cc2ccc(S(=O)(=O)Cl)cc2)cc1,diphenylacetylene_C2,SO2Cl_direct,C2,D2,nonplanar,95.37149243785096,original_remaining,1.0201483679185526,1.5769615513786823,794,cof_000794,cof_symmetry_pipeline/output/xyz/aug_000866.xyz,30,22,31,0,0,train,train
NS(=O)(=O)c1ccc(C#Cc2ccc(S(N)(=O)=O)cc2)cc1,diphenylacetylene_C2,SO2NH2_direct,C2,C2,nonplanar,-110.52847884894236,original_remaining,0.7494920515163702,1.745582752293869,795,cof_000795,cof_symmetry_pipeline/output/xyz/aug_000867.xyz,34,22,35,0,0,train,train
O=S(=O)(O)c1ccc(C#Cc2ccc(S(=O)(=O)O)cc2)cc1,diphenylacetylene_C2,SO3H_direct,C2,D2,nonplanar,-23.43780849930171,original_remaining,0.9754235652548408,1.5621674312765697,796,cof_000796,cof_symmetry_pipeline/output/xyz/aug_000868.xyz,32,22,33,0,0,val,train
C[Si](C)(C)c1ccc(C#Cc2ccc([Si](C)(C)C)cc2)cc1,diphenylacetylene_C2,SiMe3_direct,C2,D2,nonplanar,46.56542532731773,original_remaining,1.196204615307772,2.336598728125927,797,cof_000797,cof_symmetry_pipeline/output/xyz/aug_000869.xyz,48,22,49,0,0,train,train
CC(=O)c1ccc(C#Cc2ccc(C(C)=O)cc2)cc1,diphenylacetylene_C2,acetyl_direct,C2,C2,nonplanar,68.95046347687729,original_remaining,0.9062941015870872,1.6572829872412902,798,cof_000798,cof_symmetry_pipeline/output/xyz/aug_000870.xyz,34,20,35,0,0,train,train
CC(=O)c1ccc(-c2ccc(C#Cc3ccc(-c4ccc(C(C)=O)cc4)cc3)cc2)cc1,diphenylacetylene_C2,acetyl_ph,C2,C2,nonplanar,113.85798640874728,original_remaining,0.7114311531278744,1.4956952821683722,799,cof_000799,cof_symmetry_pipeline/output/xyz/aug_000871.xyz,54,32,57,0,0,train,train
C#Cc1ccc(C#Cc2ccc(C#C)cc2)cc1,diphenylacetylene_C2,ethynyl_direct,C2,D2d,nonplanar,29.7674477178966,original_remaining,0.9340224785641792,1.5309969892036523,800,cof_000800,cof_symmetry_pipeline/output/xyz/aug_000872.xyz,28,18,29,0,0,train,train
Cc1ccc(C#Cc2ccc(C)cc2)cc1,diphenylacetylene_C2,methyl_direct,C2,D2,nonplanar,35.796069738191456,original_remaining,0.9584461491370028,1.526426061112145,801,cof_000801,cof_symmetry_pipeline/output/xyz/aug_000873.xyz,30,16,31,0,0,train,train
Cc1ccc(-c2ccc(C#Cc3ccc(-c4ccc(C)cc4)cc3)cc2)cc1,diphenylacetylene_C2,methyl_ph,C2,C2,nonplanar,80.68445538415583,original_remaining,0.6935460959054037,1.1624931080216412,802,cof_000802,cof_symmetry_pipeline/output/xyz/aug_000874.xyz,50,28,53,0,0,test,train
C=Cc1ccc(C#Cc2ccc(C=C)cc2)cc1,diphenylacetylene_C2,vinyl_direct,C2,D2,nonplanar,41.94481363988804,original_remaining,0.8980869383879324,1.5793921690574582,803,cof_000803,cof_symmetry_pipeline/output/xyz/aug_000875.xyz,32,18,33,0,0,train,train
Brc1ccc(C#CC#Cc2ccc(Br)cc2)cc1,diphenyldiacetylene_C2,Br_direct,C2,D2d,nonplanar,29.63313000048816,original_remaining,0.969857293418674,1.5251671661905966,804,cof_000804,cof_symmetry_pipeline/output/xyz/aug_000877.xyz,26,18,27,0,0,train,train
O=CC#Cc1ccc(C#CC#Cc2ccc(C#CC=O)cc2)cc1,diphenyldiacetylene_C2,CCCHO_direct,C2,D2,nonplanar,34.22613840531866,original_remaining,0.823737689725032,1.4408010898128725,805,cof_000805,cof_symmetry_pipeline/output/xyz/aug_000879.xyz,34,24,35,0,0,test,train
N#CC#Cc1ccc(C#CC#Cc2ccc(C#CC#N)cc2)cc1,diphenyldiacetylene_C2,CCCN_direct,C2,D2,nonplanar,34.54321370459043,original_remaining,0.7639119448352522,1.3341659412380515,806,cof_000806,cof_symmetry_pipeline/output/xyz/aug_000880.xyz,32,24,33,0,0,train,train
O=C(O)C#Cc1ccc(C#CC#Cc2ccc(C#CC(=O)O)cc2)cc1,diphenyldiacetylene_C2,CCCOOH_direct,C2,C2,nonplanar,-29.55690921725064,original_remaining,0.5069637239356954,0.9259137030924296,807,cof_000807,cof_symmetry_pipeline/output/xyz/aug_000881.xyz,36,26,37,0,0,test,train
COC(=O)C#Cc1ccc(C#CC#Cc2ccc(C#CC(=O)OC)cc2)cc1,diphenyldiacetylene_C2,CCCOOMe_direct,C2,C2,planar,12.178049503655348,original_remaining,0.2936110479304644,0.9603964348552584,808,cof_000808,cof_symmetry_pipeline/output/xyz/aug_000882.xyz,42,28,43,0,0,train,train
C#Cc1ccc(-c2ccc(C#CC#Cc3ccc(-c4ccc(C#C)cc4)cc3)cc2)cc1,diphenyldiacetylene_C2,CCH_ph,C2,C2,nonplanar,75.37312759871924,original_remaining,0.7110018574362179,1.513083476529348,809,cof_000809,cof_symmetry_pipeline/output/xyz/aug_000883.xyz,50,32,53,0,0,train,train
O=C=NC#Cc1ccc(C#CC#Cc2ccc(C#CN=C=O)cc2)cc1,diphenyldiacetylene_C2,CCNCO_direct,C2,D2,nonplanar,22.42540193602396,original_remaining,0.7237757542555158,1.386221952998996,810,cof_000810,cof_symmetry_pipeline/output/xyz/aug_000884.xyz,34,26,35,0,0,train,train
NC#Cc1ccc(C#CC#Cc2ccc(C#CN)cc2)cc1,diphenyldiacetylene_C2,CCNH2_direct,C2,D2,nonplanar,21.46163777842225,original_remaining,0.6076393248887462,0.9942601954993464,811,cof_000811,cof_symmetry_pipeline/output/xyz/aug_000885.xyz,34,22,35,0,0,train,train
O=[N+]([O-])C#Cc1ccc(C#CC#Cc2ccc(C#C[N+](=O)[O-])cc2)cc1,diphenyldiacetylene_C2,CCNO2_direct,C2,D2d,nonplanar,39.214871578881535,original_remaining,0.8609012839859483,1.477100357955007,812,cof_000812,cof_symmetry_pipeline/output/xyz/aug_000886.xyz,34,26,35,0,0,train,train
OC#Cc1ccc(C#CC#Cc2ccc(C#CO)cc2)cc1,diphenyldiacetylene_C2,CCOH_direct,C2,C2,planar,26.395861269307662,original_remaining,0.4858341573764465,0.825776113542731,813,cof_000813,cof_symmetry_pipeline/output/xyz/aug_000887.xyz,32,22,33,0,0,train,train
CC(=O)C#Cc1ccc(C#CC#Cc2ccc(C#CC(C)=O)cc2)cc1,diphenyldiacetylene_C2,CCacetyl_direct,C2,D2,nonplanar,37.81781721292832,original_remaining,0.6780103808324244,1.4664992714914176,814,cof_000814,cof_symmetry_pipeline/output/xyz/aug_000888.xyz,40,26,41,0,0,train,train
FC(F)(F)c1ccc(C#CC#Cc2ccc(C(F)(F)F)cc2)cc1,diphenyldiacetylene_C2,CF3_direct,C2,D2,nonplanar,86.05304617761132,original_remaining,0.9183139439774574,1.460419289576739,815,cof_000815,cof_symmetry_pipeline/output/xyz/aug_000889.xyz,32,24,33,0,0,train,train
FC(F)(F)c1ccc(-c2ccc(C#CC#Cc3ccc(-c4ccc(C(F)(F)F)cc4)cc3)cc2)cc1,diphenyldiacetylene_C2,CF3_ph,C2,D2,nonplanar,130.24881626798032,original_remaining,0.7191483277399925,1.3194630204353173,816,cof_000816,cof_symmetry_pipeline/output/xyz/aug_000890.xyz,52,36,55,0,0,train,train
O=Cc1ccc(C#CC#Cc2ccc(C=O)cc2)cc1,diphenyldiacetylene_C2,CHO_direct,C2,C2,nonplanar,61.27771482230517,original_remaining,0.6491378496940963,1.0552795788694196,817,cof_000817,cof_symmetry_pipeline/output/xyz/aug_000891.xyz,30,20,31,0,0,train,train
O=Cc1ccc(-c2ccc(C#CC#Cc3ccc(-c4ccc(C=O)cc4)cc3)cc2)cc1,diphenyldiacetylene_C2,CHO_ph,C2,D2,nonplanar,106.0380486749977,original_remaining,0.9043288083156504,1.886397027511398,818,cof_000818,cof_symmetry_pipeline/output/xyz/aug_000892.xyz,50,32,53,0,0,train,train
N#Cc1ccc(C#CC#Cc2ccc(C#N)cc2)cc1,diphenyldiacetylene_C2,CN_direct,C2,D2h,planar,58.54860371188116,original_remaining,0.0161256722164,0.0263573663489993,819,cof_000819,cof_symmetry_pipeline/output/xyz/aug_000893.xyz,28,20,29,0,0,train,train
N#Cc1ccc(-c2ccc(C#CC#Cc3ccc(-c4ccc(C#N)cc4)cc3)cc2)cc1,diphenyldiacetylene_C2,CN_ph,C2,C2,nonplanar,103.04724666767876,original_remaining,0.7024192046551432,1.4271588927376322,820,cof_000820,cof_symmetry_pipeline/output/xyz/aug_000894.xyz,48,32,51,0,0,train,train
O=C(Cl)c1ccc(C#CC#Cc2ccc(C(=O)Cl)cc2)cc1,diphenyldiacetylene_C2,COCl_direct,C2,D2,nonplanar,82.70705303424984,original_remaining,0.8627922412962115,1.377023576608564,821,cof_000821,cof_symmetry_pipeline/output/xyz/aug_000895.xyz,30,22,31,0,0,train,train
NC(=O)c1ccc(C#CC#Cc2ccc(C(N)=O)cc2)cc1,diphenyldiacetylene_C2,CONH2_direct,C2,D2,nonplanar,7.714286872369144,original_remaining,0.9033444361061064,1.6908696096917155,822,cof_000822,cof_symmetry_pipeline/output/xyz/aug_000896.xyz,34,22,35,0,0,test,train
O=C(O)c1ccc(C#CC#Cc2ccc(C(=O)O)cc2)cc1,diphenyldiacetylene_C2,COOH_direct,C2,D2,nonplanar,21.58840674485329,original_remaining,0.904407158020928,1.5234345589311011,823,cof_000823,cof_symmetry_pipeline/output/xyz/aug_000897.xyz,32,22,33,0,0,train,train
O=C(O)c1ccc(-c2ccc(C#CC#Cc3ccc(-c4ccc(C(=O)O)cc4)cc3)cc2)cc1,diphenyldiacetylene_C2,COOH_ph,C2,D2,nonplanar,66.460253525222,original_remaining,0.7563062551730902,1.6114251702520344,824,cof_000824,cof_symmetry_pipeline/output/xyz/aug_000898.xyz,52,34,55,0,0,train,train
COC(=O)c1ccc(C#CC#Cc2ccc(C(=O)OC)cc2)cc1,diphenyldiacetylene_C2,COOMe_direct,C2,C2,nonplanar,58.8475060000037,original_remaining,0.6802920370554444,1.2315385771843903,825,cof_000825,cof_symmetry_pipeline/output/xyz/aug_000899.xyz,38,24,39,0,0,train,train
Clc1ccc(C#CC#Cc2ccc(Cl)cc2)cc1,diphenyldiacetylene_C2,Cl_direct,C2,D2d,nonplanar,28.17033522384507,original_remaining,0.9694800207134384,1.555481033545255,826,cof_000826,cof_symmetry_pipeline/output/xyz/aug_000900.xyz,26,18,27,0,0,test,train
Clc1ccc(-c2ccc(C#CC#Cc3ccc(-c4ccc(Cl)cc4)cc3)cc2)cc1,diphenyldiacetylene_C2,Cl_ph,C2,C2,nonplanar,73.33842948712729,original_remaining,0.7899618735891831,1.654752403248724,827,cof_000827,cof_symmetry_pipeline/output/xyz/aug_000901.xyz,46,30,49,0,0,train,train
[N-]=[N+]=Nc1ccc(C#CC#Cc2ccc(N=[N+]=[N-])cc2)cc1,diphenyldiacetylene_C2,N3_direct,C2,D2,nonplanar,16.126014633315528,original_remaining,0.6683616396446249,1.9033063623305653,828,cof_000828,cof_symmetry_pipeline/output/xyz/aug_000902.xyz,30,22,31,0,0,train,train
[N-]=[N+]=Nc1ccc(-c2ccc(C#CC#Cc3ccc(-c4ccc(N=[N+]=[N-])cc4)cc3)cc2)cc1,diphenyldiacetylene_C2,N3_ph,C2,D2,nonplanar,61.335715665084805,original_remaining,0.75945520257333,1.7730706482072425,829,cof_000829,cof_symmetry_pipeline/output/xyz/aug_000903.xyz,50,34,53,0,0,train,train
O=C=Nc1ccc(C#CC#Cc2ccc(N=C=O)cc2)cc1,diphenyldiacetylene_C2,NCO_direct,C2,D2,nonplanar,17.91519190802834,original_remaining,0.969166438209634,1.7903540999404317,830,cof_000830,cof_symmetry_pipeline/output/xyz/aug_000904.xyz,30,22,31,0,0,train,train
S=C=Nc1ccc(C#CC#Cc2ccc(N=C=S)cc2)cc1,diphenyldiacetylene_C2,NCS_direct,C2,D2,nonplanar,21.46430339657755,original_remaining,1.0068239142473834,1.8487432789500493,831,cof_000831,cof_symmetry_pipeline/output/xyz/aug_000905.xyz,30,22,31,0,0,train,train
Nc1ccc(C#CC#Cc2ccc(N)cc2)cc1,diphenyldiacetylene_C2,NH2_direct,C2,D2,nonplanar,10.565409317304766,original_remaining,0.8839852088975616,1.515164385281734,832,cof_000832,cof_symmetry_pipeline/output/xyz/aug_000906.xyz,30,18,31,0,0,train,train
Nc1ccc(-c2ccc(C#CC#Cc3ccc(-c4ccc(N)cc4)cc3)cc2)cc1,diphenyldiacetylene_C2,NH2_ph,C2,D2,nonplanar,56.18014501013434,original_remaining,0.6736401463171764,1.3299240271962511,833,cof_000833,cof_symmetry_pipeline/output/xyz/aug_000907.xyz,50,30,53,0,0,train,train
O=CNc1ccc(C#CC#Cc2ccc(NC=O)cc2)cc1,diphenyldiacetylene_C2,NHCHO_direct,C2,C2,planar,-9.65782017148215,original_remaining,0.3246352529616178,0.5583742521001663,834,cof_000834,cof_symmetry_pipeline/output/xyz/aug_000908.xyz,34,22,35,0,0,train,train
N#CNc1ccc(C#CC#Cc2ccc(NC#N)cc2)cc1,diphenyldiacetylene_C2,NHCN_direct,C2,D2,nonplanar,-25.510129368892088,original_remaining,0.8461953631681634,1.8911571562009943,835,cof_000835,cof_symmetry_pipeline/output/xyz/aug_000909.xyz,32,22,33,0,0,train,train
CC(=O)Nc1ccc(C#CC#Cc2ccc(NC(C)=O)cc2)cc1,diphenyldiacetylene_C2,NHacetyl_direct,C2,C2,planar,-3.555462369865332,original_remaining,0.2835359072815501,1.024443737852044,836,cof_000836,cof_symmetry_pipeline/output/xyz/aug_000911.xyz,40,24,41,0,0,train,train
O=[N+]([O-])c1ccc(C#CC#Cc2ccc([N+](=O)[O-])cc2)cc1,diphenyldiacetylene_C2,NO2_direct,C2,D2,planar,98.64724251428022,original_remaining,0.2603629169194077,0.422628466131194,837,cof_000837,cof_symmetry_pipeline/output/xyz/aug_000912.xyz,30,22,31,0,0,train,train
O=[N+]([O-])c1ccc(-c2ccc(C#CC#Cc3ccc(-c4ccc([N+](=O)[O-])cc4)cc3)cc2)cc1,diphenyldiacetylene_C2,NO2_ph,C2,C2,nonplanar,143.01714584168784,original_remaining,0.7132721501855174,1.5163099667828326,838,cof_000838,cof_symmetry_pipeline/output/xyz/aug_000913.xyz,50,34,53,0,0,train,train
O=COc1ccc(C#CC#Cc2ccc(OC=O)cc2)cc1,diphenyldiacetylene_C2,OCHO_direct,C2,D2,nonplanar,48.546756446540215,original_remaining,0.962715090184269,1.948059348289219,839,cof_000839,cof_symmetry_pipeline/output/xyz/aug_000914.xyz,32,22,33,0,0,train,train
N#COc1ccc(C#CC#Cc2ccc(OC#N)cc2)cc1,diphenyldiacetylene_C2,OCN_direct,C2,D2,nonplanar,44.466743147950254,original_remaining,0.8673690006502436,1.4721879171147367,840,cof_000840,cof_symmetry_pipeline/output/xyz/aug_000915.xyz,30,22,31,0,0,train,train
Oc1ccc(C#CC#Cc2ccc(O)cc2)cc1,diphenyldiacetylene_C2,OH_direct,C2,D2,nonplanar,8.856686533470747,original_remaining,0.8917921849324846,1.477069042420203,841,cof_000841,cof_symmetry_pipeline/output/xyz/aug_000916.xyz,28,18,29,0,0,train,train
Oc1ccc(-c2ccc(C#CC#Cc3ccc(-c4ccc(O)cc4)cc3)cc2)cc1,diphenyldiacetylene_C2,OH_ph,C2,D2,nonplanar,54.26140814467461,original_remaining,0.6626027576861516,1.152385841472925,842,cof_000842,cof_symmetry_pipeline/output/xyz/aug_000917.xyz,48,30,51,0,0,train,train
COc1ccc(C#CC#Cc2ccc(OC)cc2)cc1,diphenyldiacetylene_C2,OMe_direct,C2,D2,nonplanar,38.36354070371448,original_remaining,0.9443589675701124,1.8465257613530728,843,cof_000843,cof_symmetry_pipeline/output/xyz/aug_000918.xyz,34,20,35,0,0,test,train
COc1ccc(-c2ccc(C#CC#Cc3ccc(-c4ccc(OC)cc4)cc3)cc2)cc1,diphenyldiacetylene_C2,OMe_ph,C2,D2,nonplanar,83.74994484320926,original_remaining,0.9872676322812644,2.147707621744682,844,cof_000844,cof_symmetry_pipeline/output/xyz/aug_000919.xyz,54,32,57,0,0,train,train
O=P(Cl)(Cl)c1ccc(C#CC#Cc2ccc(P(=O)(Cl)Cl)cc2)cc1,diphenyldiacetylene_C2,POCl2_direct,C2,D2,nonplanar,100.50962739580172,original_remaining,1.0044944566041942,1.845277694139828,845,cof_000845,cof_symmetry_pipeline/output/xyz/aug_000921.xyz,32,24,33,0,0,val,train
N#CSc1ccc(C#CC#Cc2ccc(SC#N)cc2)cc1,diphenyldiacetylene_C2,SCN_direct,C2,D2,nonplanar,33.07901589531608,original_remaining,1.039023066422879,1.7589345994887973,846,cof_000846,cof_symmetry_pipeline/output/xyz/aug_000922.xyz,30,22,31,0,0,val,train
Sc1ccc(C#CC#Cc2ccc(S)cc2)cc1,diphenyldiacetylene_C2,SH_direct,C2,D2,nonplanar,23.63481068863496,original_remaining,0.963358706266578,1.5973379343630452,847,cof_000847,cof_symmetry_pipeline/output/xyz/aug_000923.xyz,28,18,29,0,0,train,train
O=S(=O)(Cl)c1ccc(C#CC#Cc2ccc(S(=O)(=O)Cl)cc2)cc1,diphenyldiacetylene_C2,SO2Cl_direct,C2,D2,nonplanar,95.84049370406154,original_remaining,0.9576451903928213,1.5106603637462053,848,cof_000848,cof_symmetry_pipeline/output/xyz/aug_000924.xyz,32,24,33,0,0,val,train
NS(=O)(=O)c1ccc(C#CC#Cc2ccc(S(N)(=O)=O)cc2)cc1,diphenyldiacetylene_C2,SO2NH2_direct,C2,C2,nonplanar,-110.1409175077888,original_remaining,0.7335833480975003,1.7684346105134594,849,cof_000849,cof_symmetry_pipeline/output/xyz/aug_000925.xyz,36,24,37,0,0,test,train
O=S(=O)(O)c1ccc(C#CC#Cc2ccc(S(=O)(=O)O)cc2)cc1,diphenyldiacetylene_C2,SO3H_direct,C2,D2,nonplanar,-22.970351896099107,original_remaining,0.8565701656541771,1.7584385591303129,850,cof_000850,cof_symmetry_pipeline/output/xyz/aug_000926.xyz,34,24,35,0,0,val,train
C[Si](C)(C)c1ccc(C#CC#Cc2ccc([Si](C)(C)C)cc2)cc1,diphenyldiacetylene_C2,SiMe3_direct,C2,C2,nonplanar,46.80777282201303,original_remaining,1.077137883977129,2.473617572418723,851,cof_000851,cof_symmetry_pipeline/output/xyz/aug_000927.xyz,50,24,51,0,0,train,train
CC(=O)c1ccc(C#CC#Cc2ccc(C(C)=O)cc2)cc1,diphenyldiacetylene_C2,acetyl_direct,C2,C2,nonplanar,69.39520774844935,original_remaining,0.5914134013392996,1.4245695492681774,852,cof_000852,cof_symmetry_pipeline/output/xyz/aug_000928.xyz,36,22,37,0,0,train,train
CC(=O)c1ccc(-c2ccc(C#CC#Cc3ccc(-c4ccc(C(C)=O)cc4)cc3)cc2)cc1,diphenyldiacetylene_C2,acetyl_ph,C2,D2,nonplanar,114.18085415362994,original_remaining,0.9509823026411712,1.9856342189342064,853,cof_000853,cof_symmetry_pipeline/output/xyz/aug_000929.xyz,56,34,59,0,0,train,train
C#Cc1ccc(C#CC#Cc2ccc(C#C)cc2)cc1,diphenyldiacetylene_C2,ethynyl_direct,C2,D2,nonplanar,30.14350670607416,original_remaining,0.8383041468584802,1.4163394650511447,854,cof_000854,cof_symmetry_pipeline/output/xyz/aug_000930.xyz,30,20,31,0,0,train,train
Cc1ccc(C#CC#Cc2ccc(C)cc2)cc1,diphenyldiacetylene_C2,methyl_direct,C2,C2,nonplanar,36.07029161425032,original_remaining,0.7399460931790364,1.171900908353254,855,cof_000855,cof_symmetry_pipeline/output/xyz/aug_000931.xyz,32,18,33,0,0,train,train
Cc1ccc(-c2ccc(C#CC#Cc3ccc(-c4ccc(C)cc4)cc3)cc2)cc1,diphenyldiacetylene_C2,methyl_ph,C2,D2,nonplanar,81.00361049882886,original_remaining,0.7193008808676757,1.4327032989478452,856,cof_000856,cof_symmetry_pipeline/output/xyz/aug_000932.xyz,52,30,55,0,0,train,train
C=Cc1ccc(C#CC#Cc2ccc(C=C)cc2)cc1,diphenyldiacetylene_C2,vinyl_direct,C2,D2,nonplanar,42.283494739271305,original_remaining,0.7899479958677501,1.4278000699327973,857,cof_000857,cof_symmetry_pipeline/output/xyz/aug_000933.xyz,34,20,35,0,0,test,train
Brc1ccc(-c2c(-c3ccc(Br)cc3)c(-c3ccc(Br)cc3)c(-c3ccc(Br)cc3)c(-c3ccc(Br)cc3)c2-c2ccc(Br)cc2)cc1,hexaphenylbenzene_H6,Br_direct,D6h,D6h,nonplanar,174.6719874287826,original_remaining,1.425648564834285,2.156102108234339,858,cof_000858,cof_symmetry_pipeline/output/xyz/aug_000934.xyz,72,48,78,0,0,train,test
N#CC#Cc1ccc(-c2c(-c3ccc(C#CC#N)cc3)c(-c3ccc(C#CC#N)cc3)c(-c3ccc(C#CC#N)cc3)c(-c3ccc(C#CC#N)cc3)c2-c2ccc(C#CC#N)cc2)cc1,hexaphenylbenzene_H6,CCCN_direct,D6h,D6h,nonplanar,189.9644290353725,original_remaining,1.2743215801162195,2.1697880092577555,859,cof_000859,cof_symmetry_pipeline/output/xyz/aug_000935.xyz,90,66,96,0,0,train,test
N#Cc1ccc(-c2c(-c3ccc(C#N)cc3)c(-c3ccc(C#N)cc3)c(-c3ccc(C#N)cc3)c(-c3ccc(C#N)cc3)c2-c2ccc(C#N)cc2)cc1,hexaphenylbenzene_H6,CN_direct,D6h,D6h,nonplanar,261.28513701946986,original_remaining,1.3710569257761478,2.165769535109619,860,cof_000860,cof_symmetry_pipeline/output/xyz/aug_000937.xyz,78,54,84,0,0,train,test
Clc1ccc(-c2c(-c3ccc(Cl)cc3)c(-c3ccc(Cl)cc3)c(-c3ccc(Cl)cc3)c(-c3ccc(Cl)cc3)c2-c2ccc(Cl)cc2)cc1,hexaphenylbenzene_H6,Cl_direct,D6h,D6h,nonplanar,170.67965041234635,original_remaining,1.42583529527762,2.158381483423556,861,cof_000861,cof_symmetry_pipeline/output/xyz/aug_000938.xyz,72,48,78,0,0,train,test
Ic1ccc(-c2c(-c3ccc(I)cc3)c(-c3ccc(I)cc3)c(-c3ccc(I)cc3)c(-c3ccc(I)cc3)c2-c2ccc(I)cc2)cc1,hexaphenylbenzene_H6,I_direct,D6h,D6h,nonplanar,178.92997695277688,original_remaining,1.42513824554124,2.155971491906042,862,cof_000862,cof_symmetry_pipeline/output/xyz/aug_000939.xyz,72,48,78,0,0,train,test
O=[N+]([O-])c1ccc(-c2c(-c3ccc([N+](=O)[O-])cc3)c(-c3ccc([N+](=O)[O-])cc3)c(-c3ccc([N+](=O)[O-])cc3)c(-c3ccc([N+](=O)[O-])cc3)c2-c2ccc([N+](=O)[O-])cc2)cc1,hexaphenylbenzene_H6,NO2_direct,D6h,D6h,nonplanar,381.4964217080389,original_remaining,1.3888042024096126,2.192885938034625,863,cof_000863,cof_symmetry_pipeline/output/xyz/aug_000941.xyz,84,60,90,0,0,train,test
O=C(NBr)C(=O)NBr,oxamide_C2,Br_direct,C2,C2h,planar,23.61410003810435,original_remaining,2.691071652721861e-06,4.384769361404084e-06,864,cof_000864,cof_symmetry_pipeline/output/xyz/aug_000943.xyz,10,8,9,0,0,train,train
O=C(NC#CC(F)(F)F)C(=O)NC#CC(F)(F)F,oxamide_C2,CCCF3_direct,C2,C2h,planar,25.682876373592013,original_remaining,0.4893334779315468,1.0941959219985198,865,cof_000865,cof_symmetry_pipeline/output/xyz/aug_000944.xyz,20,18,19,0,0,train,train
O=CC#CNC(=O)C(=O)NC#CC=O,oxamide_C2,CCCHO_direct,C2,C2h,planar,21.54832369198617,original_remaining,5.471132411144014e-06,1.6431594923371762e-05,866,cof_000866,cof_symmetry_pipeline/output/xyz/aug_000945.xyz,18,14,17,0,0,train,train
N#CC#CNC(=O)C(=O)NC#CC#N,oxamide_C2,CCCN_direct,C2,C2h,planar,27.771924186849777,original_remaining,1.9840100797522684e-06,4.871867770206428e-06,867,cof_000867,cof_symmetry_pipeline/output/xyz/aug_000946.xyz,16,14,15,0,0,train,train
O=C(O)C#CNC(=O)C(=O)NC#CC(=O)O,oxamide_C2,CCCOOH_direct,C2,D2,nonplanar,-38.45408850643685,original_remaining,0.5484286741391001,1.0781621329929545,868,cof_000868,cof_symmetry_pipeline/output/xyz/aug_000947.xyz,20,16,19,0,0,test,train
C#Cc1ccc(NC(=O)C(=O)Nc2ccc(C#C)cc2)cc1,oxamide_C2,CCH_ph,C2,C2h,planar,46.82153139016175,original_remaining,2.495603301268551e-06,5.897920388298061e-06,869,cof_000869,cof_symmetry_pipeline/output/xyz/aug_000949.xyz,34,22,35,0,0,train,train
O=C=NC#CNC(=O)C(=O)NC#CN=C=O,oxamide_C2,CCNCO_direct,C2,C2,planar,16.12511953625271,original_remaining,0.3661583750831176,0.9471771662918652,870,cof_000870,cof_symmetry_pipeline/output/xyz/aug_000951.xyz,18,16,17,0,0,test,train
NC#CNC(=O)C(=O)NC#CN,oxamide_C2,CCNH2_direct,C2,C2h,planar,13.669932126230735,original_remaining,0.3874748637494579,0.82196123645132,871,cof_000871,cof_symmetry_pipeline/output/xyz/aug_000952.xyz,18,12,17,0,0,train,train
O=C(NC#C[N+](=O)[O-])C(=O)NC#C[N+](=O)[O-],oxamide_C2,CCNO2_direct,C2,D2h,nonplanar,36.13023748113975,original_remaining,0.5217494863502707,1.106837654814506,872,cof_000872,cof_symmetry_pipeline/output/xyz/aug_000953.xyz,18,16,17,0,0,train,train
O=C(NC#CO)C(=O)NC#CO,oxamide_C2,CCOH_direct,C2,C2h,planar,18.346039997221805,original_remaining,4.044114354554378e-06,9.831240471935844e-06,873,cof_000873,cof_symmetry_pipeline/output/xyz/aug_000954.xyz,16,12,15,0,0,train,train
CC(=O)C#CNC(=O)C(=O)NC#CC(C)=O,oxamide_C2,CCacetyl_direct,C2,C2,planar,25.086100195110347,original_remaining,0.3748479003249114,1.0687380959060542,874,cof_000874,cof_symmetry_pipeline/output/xyz/aug_000955.xyz,24,16,23,0,0,train,train
O=C(NC(F)(F)F)C(=O)NC(F)(F)F,oxamide_C2,CF3_direct,C2,C2,nonplanar,-159.15928074643833,original_remaining,0.5559875543029066,1.3459958385883204,875,cof_000875,cof_symmetry_pipeline/output/xyz/aug_000956.xyz,16,14,15,0,0,train,train
O=C(Nc1ccc(C(F)(F)F)cc1)C(=O)Nc1ccc(C(F)(F)F)cc1,oxamide_C2,CF3_ph,C2,C2,planar,103.26722517585492,original_remaining,0.3625643083133229,1.2756548401578969,876,cof_000876,cof_symmetry_pipeline/output/xyz/aug_000957.xyz,36,26,37,0,0,train,train
O=CNC(=O)C(=O)NC=O,oxamide_C2,CHO_direct,C2,C2h,planar,-52.85669589587913,original_remaining,1.3489577649785478e-05,1.887984373505347e-05,877,cof_000877,cof_symmetry_pipeline/output/xyz/aug_000958.xyz,14,10,13,0,0,train,train
O=Cc1ccc(NC(=O)C(=O)Nc2ccc(C=O)cc2)cc1,oxamide_C2,CHO_ph,C2,C2h,planar,77.48789636669841,original_remaining,3.4643292156072432e-06,9.094927051034318e-06,878,cof_000878,cof_symmetry_pipeline/output/xyz/aug_000959.xyz,34,22,35,0,0,train,train
N#CNC(=O)C(=O)NC#N,oxamide_C2,CN_direct,C2,C2,planar,-57.63720404224004,original_remaining,0.1768311780308902,0.3478005551568053,879,cof_000879,cof_symmetry_pipeline/output/xyz/aug_000960.xyz,12,10,11,0,0,train,train
N#Cc1ccc(NC(=O)C(=O)Nc2ccc(C#N)cc2)cc1,oxamide_C2,CN_ph,C2,C2h,planar,75.24152816865846,original_remaining,2.6526072357595006e-05,6.553153512056653e-05,880,cof_000880,cof_symmetry_pipeline/output/xyz/aug_000961.xyz,32,22,33,0,0,train,train
N#Cc1ccc(-c2ccc(NC(=O)C(=O)Nc3ccc(-c4ccc(C#N)cc4)cc3)cc2)cc1,oxamide_C2,CN_phph,C2,C2,nonplanar,119.8088515338531,original_remaining,0.7806726727114882,1.7421702392451874,881,cof_000881,cof_symmetry_pipeline/output/xyz/aug_000962.xyz,52,34,55,0,0,val,train
O=C(Cl)NC(=O)C(=O)NC(=O)Cl,oxamide_C2,COCl_direct,C2,C2h,planar,-98.9874053659417,original_remaining,4.580246492523351e-05,7.530981449249685e-05,882,cof_000882,cof_symmetry_pipeline/output/xyz/aug_000963.xyz,14,12,13,0,0,test,train
O=C(O)NC(=O)C(=O)NC(=O)O,oxamide_C2,COOH_direct,C2,C2,planar,-181.48097247261032,original_remaining,0.2410376331567847,0.4234418821069874,883,cof_000883,cof_symmetry_pipeline/output/xyz/aug_000965.xyz,16,12,15,0,0,train,train
O=C(Nc1ccc(C(=O)O)cc1)C(=O)Nc1ccc(C(=O)O)cc1,oxamide_C2,COOH_ph,C2,C2h,planar,38.38427177363061,original_remaining,0.0093519098944718,0.0154096551687379,884,cof_000884,cof_symmetry_pipeline/output/xyz/aug_000966.xyz,36,24,37,0,0,train,train
O=C(NCl)C(=O)NCl,oxamide_C2,Cl_direct,C2,C2h,planar,24.18214986657341,original_remaining,1.521850393655714e-06,2.8044995037390663e-06,885,cof_000885,cof_symmetry_pipeline/output/xyz/aug_000968.xyz,10,8,9,0,0,train,train
O=C(Nc1ccc(Cl)cc1)C(=O)Nc1ccc(Cl)cc1,oxamide_C2,Cl_ph,C2,C2h,planar,44.63068833246673,original_remaining,1.420773046445312e-05,3.950774818084479e-05,886,cof_000886,cof_symmetry_pipeline/output/xyz/aug_000969.xyz,30,20,31,0,0,train,train
O=C(NI)C(=O)NI,oxamide_C2,I_direct,C2,C2h,planar,23.25848912693112,original_remaining,2.100392446103095e-06,3.102532208587583e-06,887,cof_000887,cof_symmetry_pipeline/output/xyz/aug_000970.xyz,10,8,9,0,0,train,train
[N-]=[N+]=NNC(=O)C(=O)NN=[N+]=[N-],oxamide_C2,N3_direct,C2,C2h,planar,101.88290608263858,original_remaining,3.438454641217531e-05,7.137443750621086e-05,888,cof_000888,cof_symmetry_pipeline/output/xyz/aug_000971.xyz,14,12,13,0,0,test,train
[N-]=[N+]=Nc1ccc(NC(=O)C(=O)Nc2ccc(N=[N+]=[N-])cc2)cc1,oxamide_C2,N3_ph,C2,C2,nonplanar,32.50803442523399,original_remaining,0.5632010751208442,1.9834257194922087,889,cof_000889,cof_symmetry_pipeline/output/xyz/aug_000972.xyz,34,24,35,0,0,train,train
O=C=NNC(=O)C(=O)NN=C=O,oxamide_C2,NCO_direct,C2,C2h,planar,109.0853453862667,original_remaining,1.977687519653995e-05,4.236760465455014e-05,890,cof_000890,cof_symmetry_pipeline/output/xyz/aug_000973.xyz,14,12,13,0,0,test,train
O=C(NN=C=S)C(=O)NN=C=S,oxamide_C2,NCS_direct,C2,C2h,planar,102.57305633355246,original_remaining,3.902866068664331e-05,5.7210645596161847e-05,891,cof_000891,cof_symmetry_pipeline/output/xyz/aug_000974.xyz,14,12,13,0,0,train,train
NNC(=O)C(=O)NN,oxamide_C2,NH2_direct,C2,C2,planar,153.2918226504712,original_remaining,0.4060100254391265,0.8508663527311717,892,cof_000892,cof_symmetry_pipeline/output/xyz/aug_000975.xyz,14,8,13,0,0,train,train
Nc1ccc(NC(=O)C(=O)Nc2ccc(N)cc2)cc1,oxamide_C2,NH2_ph,C2,C2,planar,27.09003644928858,original_remaining,0.0961250547020604,0.259454124566389,893,cof_000893,cof_symmetry_pipeline/output/xyz/aug_000976.xyz,34,20,35,0,0,train,train
Nc1ccc(-c2ccc(NC(=O)C(=O)Nc3ccc(-c4ccc(N)cc4)cc3)cc2)cc1,oxamide_C2,NH2_phph,C2,C2,nonplanar,72.94240786612201,original_remaining,0.8127591382665306,1.8796384884747328,894,cof_000894,cof_symmetry_pipeline/output/xyz/aug_000977.xyz,54,32,57,0,0,train,train
O=CNNC(=O)C(=O)NNC=O,oxamide_C2,NHCHO_direct,C2,C2,nonplanar,85.87680302375635,original_remaining,0.5039460387076378,0.816612151587188,895,cof_000895,cof_symmetry_pipeline/output/xyz/aug_000978.xyz,18,12,17,0,0,test,train
N#CNNC(=O)C(=O)NNC#N,oxamide_C2,NHCN_direct,C2,C2,nonplanar,96.64005686170177,original_remaining,0.6110231965655183,1.39304417748238,896,cof_000896,cof_symmetry_pipeline/output/xyz/aug_000979.xyz,16,12,15,0,0,train,train
CC(=O)NNC(=O)C(=O)NNC(C)=O,oxamide_C2,NHacetyl_direct,C2,C2,nonplanar,89.66385324048153,original_remaining,0.8285869690634752,1.811320384270348,897,cof_000897,cof_symmetry_pipeline/output/xyz/aug_000981.xyz,24,14,23,0,0,train,train
O=C(N[N+](=O)[O-])C(=O)N[N+](=O)[O-],oxamide_C2,NO2_direct,C2,C2h,planar,-145.728754152834,original_remaining,3.91296276514199e-05,8.57924900155016e-05,898,cof_000898,cof_symmetry_pipeline/output/xyz/aug_000982.xyz,14,12,13,0,0,train,train
O=C(Nc1ccc([N+](=O)[O-])cc1)C(=O)Nc1ccc([N+](=O)[O-])cc1,oxamide_C2,NO2_ph,C2,C2h,planar,115.32121788999812,original_remaining,0.0196215454563529,0.035005491201767,899,cof_000899,cof_symmetry_pipeline/output/xyz/aug_000983.xyz,34,24,35,0,0,train,train
O=C(Nc1ccc(-c2ccc([N+](=O)[O-])cc2)cc1)C(=O)Nc1ccc(-c2ccc([N+](=O)[O-])cc2)cc1,oxamide_C2,NO2_phph,C2,D2,nonplanar,159.77927420311872,original_remaining,0.7969553841154745,1.7400023451373825,900,cof_000900,cof_symmetry_pipeline/output/xyz/aug_000984.xyz,54,36,57,0,0,train,train
O=CONC(=O)C(=O)NOC=O,oxamide_C2,OCHO_direct,C2,C2,nonplanar,75.05596972180362,original_remaining,0.7190119461213385,1.650640335698741,901,cof_000901,cof_symmetry_pipeline/output/xyz/aug_000985.xyz,16,12,15,0,0,train,train
O=C(NO)C(=O)NO,oxamide_C2,OH_direct,C2,C2,planar,97.19442249335135,original_remaining,0.0875700718392125,0.1448448152876639,902,cof_000902,cof_symmetry_pipeline/output/xyz/aug_000986.xyz,12,8,11,0,0,test,train
O=C(Nc1ccc(O)cc1)C(=O)Nc1ccc(O)cc1,oxamide_C2,OH_ph,C2,C2h,planar,25.89031481313868,original_remaining,1.4604005874652874e-05,3.2781618673816126e-05,903,cof_000903,cof_symmetry_pipeline/output/xyz/aug_000987.xyz,32,20,33,0,0,val,train
CONC(=O)C(=O)NOC,oxamide_C2,OMe_direct,C2,C2,nonplanar,81.92892183341252,original_remaining,0.615722375230893,1.0630207314658475,904,cof_000904,cof_symmetry_pipeline/output/xyz/aug_000989.xyz,18,10,17,0,0,train,train
COc1ccc(NC(=O)C(=O)Nc2ccc(OC)cc2)cc1,oxamide_C2,OMe_ph,C2,C2h,planar,55.237622528597385,original_remaining,0.2931328011029532,0.9036115492934798,905,cof_000905,cof_symmetry_pipeline/output/xyz/aug_000990.xyz,38,22,39,0,0,train,train
O=C(NP(=O)(O)O)C(=O)NP(=O)(O)O,oxamide_C2,PO3H2_direct,C2,C2,nonplanar,-503.7664568498036,original_remaining,0.7697938871038953,1.5519583197873317,906,cof_000906,cof_symmetry_pipeline/output/xyz/aug_000992.xyz,20,14,19,0,0,test,train
O=C(NP(=O)(Cl)Cl)C(=O)NP(=O)(Cl)Cl,oxamide_C2,POCl2_direct,C2,C2,nonplanar,-184.9179526778632,original_remaining,0.7009801452535547,1.5901472524645597,907,cof_000907,cof_symmetry_pipeline/output/xyz/aug_000993.xyz,16,14,15,0,0,train,train
N#CSNC(=O)C(=O)NSC#N,oxamide_C2,SCN_direct,C2,C2,nonplanar,50.25439189189434,original_remaining,0.9176783505046324,1.6321607898795747,908,cof_000908,cof_symmetry_pipeline/output/xyz/aug_000994.xyz,14,12,13,0,0,train,train
O=C(NS)C(=O)NS,oxamide_C2,SH_direct,C2,C2h,planar,50.96275642180791,original_remaining,9.946789068768902e-06,2.4750995998079617e-05,909,cof_000909,cof_symmetry_pipeline/output/xyz/aug_000995.xyz,12,8,11,0,0,train,train
O=C(NS(=O)(=O)Cl)C(=O)NS(=O)(=O)Cl,oxamide_C2,SO2Cl_direct,C2,C2,nonplanar,-239.29176925163625,original_remaining,0.6796232325951611,1.5534436081564464,910,cof_000910,cof_symmetry_pipeline/output/xyz/aug_000996.xyz,16,14,15,0,0,train,train
NS(=O)(=O)NC(=O)C(=O)NS(N)(=O)=O,oxamide_C2,SO2NH2_direct,C2,C2,nonplanar,-480.6213387207407,original_remaining,0.6374656940886797,1.6731811251900863,911,cof_000911,cof_symmetry_pipeline/output/xyz/aug_000997.xyz,20,14,19,0,0,val,train
O=C(NS(=O)(=O)O)C(=O)NS(=O)(=O)O,oxamide_C2,SO3H_direct,C2,C2,nonplanar,-396.474721459441,original_remaining,0.6119672745756809,1.4647586007572926,912,cof_000912,cof_symmetry_pipeline/output/xyz/aug_000998.xyz,18,14,17,0,0,train,train
C[Si](C)(C)NC(=O)C(=O)N[Si](C)(C)C,oxamide_C2,SiMe3_direct,C2,C2h,nonplanar,-14.319526443441234,original_remaining,1.2810698190360204,2.4363719774915946,913,cof_000913,cof_symmetry_pipeline/output/xyz/aug_000999.xyz,34,14,33,0,0,test,train
CC(=O)NC(=O)C(=O)NC(C)=O,oxamide_C2,acetyl_direct,C2,C2,planar,-47.51143267594311,original_remaining,0.4008774169349919,1.003799152637396,914,cof_000914,cof_symmetry_pipeline/output/xyz/aug_001000.xyz,20,12,19,0,0,train,train
CC(=O)c1ccc(NC(=O)C(=O)Nc2ccc(C(C)=O)cc2)cc1,oxamide_C2,acetyl_ph,C2,C2h,planar,86.56983154719782,original_remaining,0.284830165613782,0.9022247982487986,915,cof_000915,cof_symmetry_pipeline/output/xyz/aug_001001.xyz,40,24,41,0,0,train,train
C#CNC(=O)C(=O)NC#C,oxamide_C2,ethynyl_direct,C2,C2h,planar,14.357441070248314,original_remaining,2.037984098452193e-07,3.651191872178217e-07,916,cof_000916,cof_symmetry_pipeline/output/xyz/aug_001002.xyz,14,10,13,0,0,train,train
CNC(=O)C(=O)NC,oxamide_C2,methyl_direct,C2,C2,planar,14.987204916628125,original_remaining,0.4472155668483642,1.0801276755981375,917,cof_000917,cof_symmetry_pipeline/output/xyz/aug_001003.xyz,16,8,15,0,0,train,train
Cc1ccc(NC(=O)C(=O)Nc2ccc(C)cc2)cc1,oxamide_C2,methyl_ph,C2,C2,planar,53.22212941025418,original_remaining,0.2978397988928798,1.049119209935816,918,cof_000918,cof_symmetry_pipeline/output/xyz/aug_001004.xyz,36,20,37,0,0,train,train
C=CNC(=O)C(=O)NC=C,oxamide_C2,vinyl_direct,C2,C2h,planar,42.271018512200754,original_remaining,3.956404136532985e-06,6.119605306942333e-06,919,cof_000919,cof_symmetry_pipeline/output/xyz/aug_001005.xyz,18,10,17,0,0,test,train
Brc1ccc(C#Cc2ccc(Br)cn2)nc1,phenylethynyl_pyridine_C2,Br_direct,C2,C2h,planar,41.1733233672492,original_remaining,1.7346735449965095e-05,3.2051767779150975e-05,920,cof_000920,cof_symmetry_pipeline/output/xyz/aug_001007.xyz,22,16,23,0,0,test,train
FC(F)(F)C#Cc1ccc(C#Cc2ccc(C#CC(F)(F)F)cn2)nc1,phenylethynyl_pyridine_C2,CCCF3_direct,C2,C2,planar,52.28633871376476,original_remaining,0.3866992243919624,1.261309232859913,921,cof_000921,cof_symmetry_pipeline/output/xyz/aug_001008.xyz,32,26,33,0,0,train,train
O=CC#Cc1ccc(C#Cc2ccc(C#CC=O)cn2)nc1,phenylethynyl_pyridine_C2,CCCHO_direct,C2,C2h,planar,45.03619190398168,original_remaining,0.0535526934013947,0.1701086657756447,922,cof_000922,cof_symmetry_pipeline/output/xyz/aug_001009.xyz,30,22,31,0,0,train,train
N#CC#Cc1ccc(C#Cc2ccc(C#CC#N)cn2)nc1,phenylethynyl_pyridine_C2,CCCN_direct,C2,C2h,planar,44.86031113849384,original_remaining,1.0078698540062088e-05,2.905151011733942e-05,923,cof_000923,cof_symmetry_pipeline/output/xyz/aug_001010.xyz,28,22,29,0,0,train,train
O=C(O)C#Cc1ccc(C#Cc2ccc(C#CC(=O)O)cn2)nc1,phenylethynyl_pyridine_C2,CCCOOH_direct,C2,C2,planar,-19.023295419019608,original_remaining,0.0814573916654614,0.2808323188248587,924,cof_000924,cof_symmetry_pipeline/output/xyz/aug_001011.xyz,32,24,33,0,0,val,train
C#Cc1ccc(-c2ccc(C#Cc3ccc(-c4ccc(C#C)cc4)cn3)nc2)cc1,phenylethynyl_pyridine_C2,CCH_ph,C2,D2,nonplanar,82.42674250931819,original_remaining,0.813840889343261,1.7119516824699843,925,cof_000925,cof_symmetry_pipeline/output/xyz/aug_001012.xyz,46,30,49,0,0,train,train
C#Cc1ccc(-c2ccc(-c3ccc(C#Cc4ccc(-c5ccc(-c6ccc(C#C)cc6)cc5)cn4)nc3)cc2)cc1,phenylethynyl_pyridine_C2,CCH_phph,C2,D2,nonplanar,127.38721019697827,original_remaining,0.993224550667167,2.287452695915326,926,cof_000926,cof_symmetry_pipeline/output/xyz/aug_001013.xyz,66,42,71,0,0,train,train
NC#Cc1ccc(C#Cc2ccc(C#CN)cn2)nc1,phenylethynyl_pyridine_C2,CCNH2_direct,C2,C2,planar,29.120072818236736,original_remaining,0.2566167015695609,0.9279179412105312,927,cof_000927,cof_symmetry_pipeline/output/xyz/aug_001015.xyz,30,20,31,0,0,train,train
O=[N+]([O-])C#Cc1ccc(C#Cc2ccc(C#C[N+](=O)[O-])cn2)nc1,phenylethynyl_pyridine_C2,CCNO2_direct,C2,D2,planar,49.729268715311285,original_remaining,0.3984519472397878,1.1102735424694874,928,cof_000928,cof_symmetry_pipeline/output/xyz/aug_001016.xyz,30,24,31,0,0,test,train
OC#Cc1ccc(C#Cc2ccc(C#CO)cn2)nc1,phenylethynyl_pyridine_C2,CCOH_direct,C2,C2,planar,34.67126714718272,original_remaining,0.2443854857380002,0.8621230645803659,929,cof_000929,cof_symmetry_pipeline/output/xyz/aug_001017.xyz,28,20,29,0,0,val,train
FC(F)(F)c1ccc(C#Cc2ccc(C(F)(F)F)cn2)nc1,phenylethynyl_pyridine_C2,CF3_direct,C2,C2,planar,44.63618880401432,original_remaining,0.4382894118051241,1.3032560411999723,930,cof_000930,cof_symmetry_pipeline/output/xyz/aug_001018.xyz,28,22,29,0,0,train,train
FC(F)(F)c1ccc(-c2ccc(C#Cc3ccc(-c4ccc(C(F)(F)F)cc4)cn3)nc2)cc1,phenylethynyl_pyridine_C2,CF3_ph,C2,D2,nonplanar,137.5806253787257,original_remaining,0.857185865223036,1.713430280309192,931,cof_000931,cof_symmetry_pipeline/output/xyz/aug_001019.xyz,48,34,51,0,0,test,train
O=Cc1ccc(C#Cc2ccc(C=O)cn2)nc1,phenylethynyl_pyridine_C2,CHO_direct,C2,C2h,planar,53.12241705049233,original_remaining,2.4256743331808395e-05,7.376703592276712e-05,932,cof_000932,cof_symmetry_pipeline/output/xyz/aug_001020.xyz,26,18,27,0,0,train,train
N#Cc1ccc(C#Cc2ccc(C#N)cn2)nc1,phenylethynyl_pyridine_C2,CN_direct,C2,C2h,planar,47.994138899542016,original_remaining,6.93933609206367e-06,1.4919077032660155e-05,933,cof_000933,cof_symmetry_pipeline/output/xyz/aug_001022.xyz,24,18,25,0,0,train,train
N#Cc1ccc(-c2ccc(C#Cc3ccc(-c4ccc(C#N)cc4)cn3)nc2)cc1,phenylethynyl_pyridine_C2,CN_ph,C2,C2,nonplanar,111.19263889938672,original_remaining,0.6021014224588225,1.0364017172726148,934,cof_000934,cof_symmetry_pipeline/output/xyz/aug_001023.xyz,44,30,47,0,0,train,train
O=C(Cl)c1ccc(C#Cc2ccc(C(=O)Cl)cn2)nc1,phenylethynyl_pyridine_C2,COCl_direct,C2,C2h,planar,64.50801699867674,original_remaining,0.0001301851514663,0.0002507618492391,935,cof_000935,cof_symmetry_pipeline/output/xyz/aug_001025.xyz,26,20,27,0,0,train,train
NC(=O)c1ccc(C#Cc2ccc(C(N)=O)cn2)nc1,phenylethynyl_pyridine_C2,CONH2_direct,C2,C2,planar,2.979979544543216,original_remaining,0.2598110647028462,0.7533909261401945,936,cof_000936,cof_symmetry_pipeline/output/xyz/aug_001026.xyz,30,20,31,0,0,train,train
O=C(O)c1ccc(C#Cc2ccc(C(=O)O)cn2)nc1,phenylethynyl_pyridine_C2,COOH_direct,C2,C2h,planar,11.680040759887866,original_remaining,2.789792210044068e-06,5.135641248288705e-06,937,cof_000937,cof_symmetry_pipeline/output/xyz/aug_001027.xyz,28,20,29,0,0,train,train
O=C(O)c1ccc(-c2ccc(C#Cc3ccc(-c4ccc(C(=O)O)cc4)cn3)nc2)cc1,phenylethynyl_pyridine_C2,COOH_ph,C2,D2,nonplanar,73.87080329914446,original_remaining,0.8412181242636814,1.7265251772606565,938,cof_000938,cof_symmetry_pipeline/output/xyz/aug_001028.xyz,48,32,51,0,0,train,train
COC(=O)c1ccc(C#Cc2ccc(C(=O)OC)cn2)nc1,phenylethynyl_pyridine_C2,COOMe_direct,C2,C2,planar,45.31314156370037,original_remaining,0.4203656857936108,0.9531257841726356,939,cof_000939,cof_symmetry_pipeline/output/xyz/aug_001029.xyz,34,22,35,0,0,train,train
Clc1ccc(C#Cc2ccc(Cl)cn2)nc1,phenylethynyl_pyridine_C2,Cl_direct,C2,C2h,planar,44.200698063387534,original_remaining,2.5355350759060147e-05,4.5163326928054914e-05,940,cof_000940,cof_symmetry_pipeline/output/xyz/aug_001030.xyz,22,16,23,0,0,train,train
Ic1ccc(C#Cc2ccc(I)cn2)nc1,phenylethynyl_pyridine_C2,I_direct,C2,C2h,planar,40.64380149243048,original_remaining,8.159265191017455e-06,1.424546848186048e-05,941,cof_000941,cof_symmetry_pipeline/output/xyz/aug_001032.xyz,22,16,23,0,0,train,train
[N-]=[N+]=Nc1ccc(C#Cc2ccc(N=[N+]=[N-])cn2)nc1,phenylethynyl_pyridine_C2,N3_direct,C2,C2,nonplanar,40.19754338584524,original_remaining,0.5986058312473733,1.82815201446058,942,cof_000942,cof_symmetry_pipeline/output/xyz/aug_001033.xyz,26,20,27,0,0,val,train
[N-]=[N+]=Nc1ccc(-c2ccc(C#Cc3ccc(-c4ccc(N=[N+]=[N-])cc4)cn3)nc2)cc1,phenylethynyl_pyridine_C2,N3_ph,C2,D2,nonplanar,68.75880989214583,original_remaining,0.8666584799152848,1.8065303510555584,943,cof_000943,cof_symmetry_pipeline/output/xyz/aug_001034.xyz,46,32,49,0,0,train,train
S=C=Nc1ccc(C#Cc2ccc(N=C=S)cn2)nc1,phenylethynyl_pyridine_C2,NCS_direct,C2,C2,nonplanar,46.53418405210044,original_remaining,0.7609438555800526,2.438789271644123,944,cof_000944,cof_symmetry_pipeline/output/xyz/aug_001036.xyz,26,20,27,0,0,train,train
O=CNc1ccc(C#Cc2ccc(NC=O)cn2)nc1,phenylethynyl_pyridine_C2,NHCHO_direct,C2,C2h,planar,12.867260534851544,original_remaining,0.0019300548712134,0.0036449768518478,945,cof_000945,cof_symmetry_pipeline/output/xyz/aug_001039.xyz,30,20,31,0,0,train,train
O=[N+]([O-])c1ccc(C#Cc2ccc([N+](=O)[O-])cn2)nc1,phenylethynyl_pyridine_C2,NO2_direct,C2,C2h,planar,74.57063698829892,original_remaining,0.0228656752005625,0.0399210043997491,946,cof_000946,cof_symmetry_pipeline/output/xyz/aug_001043.xyz,26,20,27,0,0,test,train
O=[N+]([O-])c1ccc(-c2ccc(C#Cc3ccc(-c4ccc([N+](=O)[O-])cc4)cn3)nc2)cc1,phenylethynyl_pyridine_C2,NO2_ph,C2,C2,nonplanar,151.2060322653923,original_remaining,0.6698391415684136,1.3285086226383136,947,cof_000947,cof_symmetry_pipeline/output/xyz/aug_001044.xyz,46,32,49,0,0,train,train
O=[N+]([O-])c1ccc(-c2ccc(-c3ccc(C#Cc4ccc(-c5ccc(-c6ccc([N+](=O)[O-])cc6)cc5)cn4)nc3)cc2)cc1,phenylethynyl_pyridine_C2,NO2_phph,C2,D2,nonplanar,195.1228250169815,original_remaining,1.000655454231187,2.2777237427386736,948,cof_000948,cof_symmetry_pipeline/output/xyz/aug_001045.xyz,66,44,71,0,0,train,train
O=COc1ccc(C#Cc2ccc(OC=O)cn2)nc1,phenylethynyl_pyridine_C2,OCHO_direct,C2,C2,planar,56.84591504510002,original_remaining,0.4058750275104735,1.2041888073135607,949,cof_000949,cof_symmetry_pipeline/output/xyz/aug_001046.xyz,28,20,29,0,0,train,train
N#COc1ccc(C#Cc2ccc(OC#N)cn2)nc1,phenylethynyl_pyridine_C2,OCN_direct,C2,C2,planar,50.580527250090576,original_remaining,0.1981436913967165,0.6570862105686601,950,cof_000950,cof_symmetry_pipeline/output/xyz/aug_001047.xyz,26,20,27,0,0,train,train
Oc1ccc(C#Cc2ccc(O)cn2)nc1,phenylethynyl_pyridine_C2,OH_direct,C2,C2h,planar,36.7773430341872,original_remaining,0.0685635204484983,0.1184231274316884,951,cof_000951,cof_symmetry_pipeline/output/xyz/aug_001048.xyz,24,16,25,0,0,train,train
Oc1ccc(-c2ccc(C#Cc3ccc(-c4ccc(O)cc4)cn3)nc2)cc1,phenylethynyl_pyridine_C2,OH_ph,C2,D2,nonplanar,61.2547116464572,original_remaining,0.829300888323276,1.7092757508189869,952,cof_000952,cof_symmetry_pipeline/output/xyz/aug_001049.xyz,44,28,47,0,0,test,train
COc1ccc(C#Cc2ccc(OC)cn2)nc1,phenylethynyl_pyridine_C2,OMe_direct,C2,C2h,planar,57.73240860478362,original_remaining,0.3298454783160032,0.9100727785318392,953,cof_000953,cof_symmetry_pipeline/output/xyz/aug_001050.xyz,30,18,31,0,0,train,train
COc1ccc(-c2ccc(C#Cc3ccc(-c4ccc(OC)cc4)cn3)nc2)cc1,phenylethynyl_pyridine_C2,OMe_ph,C2,D2,nonplanar,90.70405966686847,original_remaining,0.8957215907379755,1.895683043865521,954,cof_000954,cof_symmetry_pipeline/output/xyz/aug_001051.xyz,50,30,53,0,0,train,train
CC(=O)Oc1ccc(C#Cc2ccc(OC(C)=O)cn2)nc1,phenylethynyl_pyridine_C2,Oacetyl_direct,C2,C2,planar,55.65194006193174,original_remaining,0.4805233557044643,1.1729999845725068,955,cof_000955,cof_symmetry_pipeline/output/xyz/aug_001052.xyz,34,22,35,0,0,train,train
O=P(Cl)(Cl)c1ccc(C#Cc2ccc(P(=O)(Cl)Cl)cn2)nc1,phenylethynyl_pyridine_C2,POCl2_direct,C2,D2,nonplanar,53.06506668568485,original_remaining,0.6627907841235972,1.7483006466260462,956,cof_000956,cof_symmetry_pipeline/output/xyz/aug_001054.xyz,28,22,29,0,0,val,train
N#CSc1ccc(C#Cc2ccc(SC#N)cn2)nc1,phenylethynyl_pyridine_C2,SCN_direct,C2,D2,nonplanar,39.35964344794741,original_remaining,0.7801147806710826,2.2768722086596496,957,cof_000957,cof_symmetry_pipeline/output/xyz/aug_001055.xyz,26,20,27,0,0,train,train
Sc1ccc(C#Cc2ccc(S)cn2)nc1,phenylethynyl_pyridine_C2,SH_direct,C2,C2,planar,40.20828175784302,original_remaining,0.2271252891442017,0.7422864047636226,958,cof_000958,cof_symmetry_pipeline/output/xyz/aug_001056.xyz,24,16,25,0,0,train,train
NS(=O)(=O)c1ccc(C#Cc2ccc(S(N)(=O)=O)cn2)nc1,phenylethynyl_pyridine_C2,SO2NH2_direct,C2,C2,nonplanar,-142.04934137811784,original_remaining,0.8248607331006701,1.9989541516902396,959,cof_000959,cof_symmetry_pipeline/output/xyz/aug_001057.xyz,32,22,33,0,0,train,train
C[Si](C)(C)c1ccc(C#Cc2ccc([Si](C)(C)C)cn2)nc1,phenylethynyl_pyridine_C2,SiMe3_direct,C2,C2h,nonplanar,29.12639600288146,original_remaining,1.1002452453224645,2.4507449724873074,960,cof_000960,cof_symmetry_pipeline/output/xyz/aug_001059.xyz,46,22,47,0,0,train,train
CC(=O)c1ccc(C#Cc2ccc(C(C)=O)cn2)nc1,phenylethynyl_pyridine_C2,acetyl_direct,C2,C2h,planar,60.6395643279172,original_remaining,0.3183345562708609,0.9004879493441138,961,cof_000961,cof_symmetry_pipeline/output/xyz/aug_001060.xyz,32,20,33,0,0,train,train
CC(=O)c1ccc(-c2ccc(C#Cc3ccc(-c4ccc(C(C)=O)cc4)cn3)nc2)cc1,phenylethynyl_pyridine_C2,acetyl_ph,C2,D2,nonplanar,121.66891817734808,original_remaining,0.9551712893730084,1.9215985012714567,962,cof_000962,cof_symmetry_pipeline/output/xyz/aug_001061.xyz,52,32,55,0,0,train,train
C#Cc1ccc(C#Cc2ccc(C#C)cn2)nc1,phenylethynyl_pyridine_C2,ethynyl_direct,C2,C2h,planar,40.93096529070672,original_remaining,2.220843535635756e-05,4.012772501184314e-05,963,cof_000963,cof_symmetry_pipeline/output/xyz/aug_001062.xyz,26,18,27,0,0,train,train
Cc1ccc(C#Cc2ccc(C)cn2)nc1,phenylethynyl_pyridine_C2,methyl_direct,C2,C2,planar,30.350677324300943,original_remaining,0.3376705572338572,1.0524506932948123,964,cof_000964,cof_symmetry_pipeline/output/xyz/aug_001063.xyz,28,16,29,0,0,train,train
Cc1ccc(-c2ccc(C#Cc3ccc(-c4ccc(C)cc4)cn3)nc2)cc1,phenylethynyl_pyridine_C2,methyl_ph,C2,D2,nonplanar,87.66167959082605,original_remaining,0.8629985653327021,1.7871407475099128,965,cof_000965,cof_symmetry_pipeline/output/xyz/aug_001064.xyz,48,28,51,0,0,train,train
C=Cc1ccc(C#Cc2ccc(C=C)cn2)nc1,phenylethynyl_pyridine_C2,vinyl_direct,C2,C2,planar,57.02867085395383,original_remaining,0.3270523162609676,0.923209560223924,966,cof_000966,cof_symmetry_pipeline/output/xyz/aug_001065.xyz,30,18,31,0,0,test,train
Brc1ccc(C#Cc2cnc(C#Cc3ccc(Br)cc3)nc2)cc1,phenylethynyl_pyrimidine_C2,Br_direct,C2,C2,nonplanar,34.49736907086678,original_remaining,0.8441459782310695,2.105283103538314,967,cof_000967,cof_symmetry_pipeline/output/xyz/aug_001066.xyz,34,24,36,0,0,train,test
N#CC#Cc1ccc(C#Cc2cnc(C#Cc3ccc(C#CC#N)cc3)nc2)cc1,phenylethynyl_pyrimidine_C2,CCCN_direct,C2,C2v,nonplanar,39.401147414910085,original_remaining,0.7823509411004695,2.157108579052185,968,cof_000968,cof_symmetry_pipeline/output/xyz/aug_001067.xyz,40,30,42,0,0,val,test
C#Cc1ccc(-c2ccc(C#Cc3cnc(C#Cc4ccc(-c5ccc(C#C)cc5)cc4)nc3)cc2)cc1,phenylethynyl_pyrimidine_C2,CCH_ph,C2,C2,nonplanar,80.21595902418139,original_remaining,0.7926827054987571,1.9716310891720636,969,cof_000969,cof_symmetry_pipeline/output/xyz/aug_001068.xyz,58,38,62,0,0,train,test
O=[N+]([O-])C#Cc1ccc(C#Cc2cnc(C#Cc3ccc(C#C[N+](=O)[O-])cc3)nc2)cc1,phenylethynyl_pyrimidine_C2,CCNO2_direct,C2,C2,planar,44.27074047082248,original_remaining,0.2731157345132159,0.6479572325745631,970,cof_000970,cof_symmetry_pipeline/output/xyz/aug_001069.xyz,42,32,44,0,0,train,test
N#Cc1ccc(C#Cc2cnc(C#Cc3ccc(C#N)cc3)nc2)cc1,phenylethynyl_pyrimidine_C2,CN_direct,C2,C2,nonplanar,63.40433016166018,original_remaining,0.7133447375154054,1.5451132023239358,971,cof_000971,cof_symmetry_pipeline/output/xyz/aug_001070.xyz,36,26,38,0,0,val,test
N#Cc1ccc(-c2ccc(C#Cc3cnc(C#Cc4ccc(-c5ccc(C#N)cc5)cc4)nc3)cc2)cc1,phenylethynyl_pyrimidine_C2,CN_ph,C2,C2,nonplanar,108.02147218234047,original_remaining,0.6329497499495176,1.1729466647767843,972,cof_000972,cof_symmetry_pipeline/output/xyz/aug_001071.xyz,56,38,60,0,0,train,test
Clc1ccc(C#Cc2cnc(C#Cc3ccc(Cl)cc3)nc2)cc1,phenylethynyl_pyrimidine_C2,Cl_direct,C2,C2,nonplanar,33.03418783953051,original_remaining,0.8327481779100109,2.062756610676198,973,cof_000973,cof_symmetry_pipeline/output/xyz/aug_001072.xyz,34,24,36,0,0,train,test
Clc1ccc(-c2ccc(C#Cc3cnc(C#Cc4ccc(-c5ccc(Cl)cc5)cc4)nc3)cc2)cc1,phenylethynyl_pyrimidine_C2,Cl_ph,C2,C2,nonplanar,78.17456358728222,original_remaining,0.9628441315662374,2.128661277525812,974,cof_000974,cof_symmetry_pipeline/output/xyz/aug_001073.xyz,54,36,58,0,0,train,test
O=[N+]([O-])c1ccc(C#Cc2cnc(C#Cc3ccc([N+](=O)[O-])cc3)nc2)cc1,phenylethynyl_pyrimidine_C2,NO2_direct,C2,C2,planar,103.61430811404854,original_remaining,0.0904184043445358,0.1851858131029258,975,cof_000975,cof_symmetry_pipeline/output/xyz/aug_001074.xyz,38,28,40,0,0,test,test
O=[N+]([O-])c1ccc(-c2ccc(C#Cc3cnc(C#Cc4ccc(-c5ccc([N+](=O)[O-])cc5)cc4)nc3)cc2)cc1,phenylethynyl_pyrimidine_C2,NO2_ph,C2,C2,nonplanar,148.02975092165823,original_remaining,0.9703507941053024,2.1564081502081414,976,cof_000976,cof_symmetry_pipeline/output/xyz/aug_001075.xyz,58,40,62,0,0,train,test
C#Cc1ccc(C#Cc2cnc(C#Cc3ccc(C#C)cc3)nc2)cc1,phenylethynyl_pyrimidine_C2,ethynyl_direct,C2,C2,nonplanar,35.03427852190977,original_remaining,0.5483954237633826,1.1813494966667075,977,cof_000977,cof_symmetry_pipeline/output/xyz/aug_001076.xyz,38,26,40,0,0,train,test
Brc1cnc(-c2cnc(Br)cn2)cn1,pyrazine_phenyl_C2,Br_direct,C2,C2v,planar,152.7180761082122,original_remaining,1.7191652829469118e-05,4.373470679044228e-05,978,cof_000978,cof_symmetry_pipeline/output/xyz/aug_001092.xyz,18,14,19,0,0,val,train
O=CC#Cc1cnc(-c2cnc(C#CC=O)cn2)cn1,pyrazine_phenyl_C2,CCCHO_direct,C2,C2,planar,142.8672956576348,original_remaining,0.0646905527508253,0.2208657539613265,979,cof_000979,cof_symmetry_pipeline/output/xyz/aug_001093.xyz,26,20,27,0,0,val,train
N#CC#Cc1cnc(-c2cnc(C#CC#N)cn2)cn1,pyrazine_phenyl_C2,CCCN_direct,C2,C2h,planar,140.08365182435423,original_remaining,1.2008699874385093e-05,3.322011224093924e-05,980,cof_000980,cof_symmetry_pipeline/output/xyz/aug_001094.xyz,24,20,25,0,0,train,train
O=C(O)C#Cc1cnc(-c2cnc(C#CC(=O)O)cn2)cn1,pyrazine_phenyl_C2,CCCOOH_direct,C2,C2,planar,78.1033434829931,original_remaining,0.1932915224935133,0.5711687218050725,981,cof_000981,cof_symmetry_pipeline/output/xyz/aug_001095.xyz,28,22,29,0,0,train,train
COC(=O)C#Cc1cnc(-c2cnc(C#CC(=O)OC)cn2)cn1,pyrazine_phenyl_C2,CCCOOMe_direct,C2,C2,nonplanar,119.71090676574764,original_remaining,0.591880122093358,1.5527544173757772,982,cof_000982,cof_symmetry_pipeline/output/xyz/aug_001096.xyz,34,24,35,0,0,train,train
C#Cc1ccc(-c2cnc(-c3cnc(-c4ccc(C#C)cc4)cn3)cn2)cc1,pyrazine_phenyl_C2,CCH_ph,C2,C2h,planar,196.6719025463488,original_remaining,0.0007584023365425,0.0018041371436687,983,cof_000983,cof_symmetry_pipeline/output/xyz/aug_001097.xyz,42,28,45,0,0,train,train
C#Cc1ccc(-c2ccc(-c3cnc(-c4cnc(-c5ccc(-c6ccc(C#C)cc6)cc5)cn4)cn3)cc2)cc1,pyrazine_phenyl_C2,CCH_phph,C2,D2,nonplanar,250.4125183166871,original_remaining,0.7634692907290475,1.7069466899130226,984,cof_000984,cof_symmetry_pipeline/output/xyz/aug_001098.xyz,62,40,67,0,0,train,train
O=C=NC#Cc1cnc(-c2cnc(C#CN=C=O)cn2)cn1,pyrazine_phenyl_C2,CCNCO_direct,C2,C2,planar,132.13142661473236,original_remaining,0.1637602332156153,0.5304827478709457,985,cof_000985,cof_symmetry_pipeline/output/xyz/aug_001099.xyz,26,22,27,0,0,test,train
O=[N+]([O-])C#Cc1cnc(-c2cnc(C#C[N+](=O)[O-])cn2)cn1,pyrazine_phenyl_C2,CCNO2_direct,C2,C2h,planar,136.69600327971182,original_remaining,0.4337202715603207,1.106746899657296,986,cof_000986,cof_symmetry_pipeline/output/xyz/aug_001101.xyz,26,22,27,0,0,train,train
OC#Cc1cnc(-c2cnc(C#CO)cn2)cn1,pyrazine_phenyl_C2,CCOH_direct,C2,C2h,planar,138.5461083459187,original_remaining,3.83979575160236e-05,0.0001483016930944,987,cof_000987,cof_symmetry_pipeline/output/xyz/aug_001102.xyz,24,18,25,0,0,train,train
CC(=O)C#Cc1cnc(-c2cnc(C#CC(C)=O)cn2)cn1,pyrazine_phenyl_C2,CCacetyl_direct,C2,C2,planar,156.4069553791838,original_remaining,0.4964814630546663,1.0169198213342914,988,cof_000988,cof_symmetry_pipeline/output/xyz/aug_001103.xyz,32,22,33,0,0,train,train
FC(F)(F)c1cnc(-c2cnc(C(F)(F)F)cn2)cn1,pyrazine_phenyl_C2,CF3_direct,C2,C2,planar,221.6712849279415,original_remaining,0.4432667915801406,1.1842328044293822,989,cof_000989,cof_symmetry_pipeline/output/xyz/aug_001104.xyz,24,20,25,0,0,train,train
O=Cc1cnc(-c2cnc(C=O)cn2)cn1,pyrazine_phenyl_C2,CHO_direct,C2,C2v,planar,195.33152390674087,original_remaining,1.1683411364938176e-05,2.3063249181110024e-05,990,cof_000990,cof_symmetry_pipeline/output/xyz/aug_001106.xyz,22,16,23,0,0,train,train
O=Cc1ccc(-c2cnc(-c3cnc(-c4ccc(C=O)cc4)cn3)cn2)cc1,pyrazine_phenyl_C2,CHO_ph,C2,C2h,planar,227.02967856616755,original_remaining,2.556323379054602e-05,5.25701300821968e-05,991,cof_000991,cof_symmetry_pipeline/output/xyz/aug_001107.xyz,42,28,45,0,0,train,train
N#Cc1cnc(-c2cnc(C#N)cn2)cn1,pyrazine_phenyl_C2,CN_direct,C2,C2h,planar,188.0377630513603,original_remaining,0.0003987181003814,0.0008063365356334,992,cof_000992,cof_symmetry_pipeline/output/xyz/aug_001109.xyz,20,16,21,0,0,train,train
N#Cc1ccc(-c2cnc(-c3cnc(-c4ccc(C#N)cc4)cn3)cn2)cc1,pyrazine_phenyl_C2,CN_ph,C2,C2v,planar,235.1305172512535,original_remaining,0.0006037166458298,0.0013165942677915,993,cof_000993,cof_symmetry_pipeline/output/xyz/aug_001110.xyz,40,28,43,0,0,train,train
N#Cc1ccc(-c2ccc(-c3cnc(-c4cnc(-c5ccc(-c6ccc(C#N)cc6)cc5)cn4)cn3)cc2)cc1,pyrazine_phenyl_C2,CN_phph,C2,C2,nonplanar,268.5866029012513,original_remaining,0.5803446179093321,1.062675819172428,994,cof_000994,cof_symmetry_pipeline/output/xyz/aug_001111.xyz,60,40,65,0,0,train,train
O=C(Cl)c1cnc(-c2cnc(C(=O)Cl)cn2)cn1,pyrazine_phenyl_C2,COCl_direct,C2,C2v,planar,226.1832849803293,original_remaining,2.455086084173021e-05,4.101281252510969e-05,995,cof_000995,cof_symmetry_pipeline/output/xyz/aug_001112.xyz,22,18,23,0,0,train,train
NC(=O)c1cnc(-c2cnc(C(N)=O)cn2)cn1,pyrazine_phenyl_C2,CONH2_direct,C2,C2h,planar,160.41660568720403,original_remaining,0.0175878052983547,0.0325814739064272,996,cof_000996,cof_symmetry_pipeline/output/xyz/aug_001113.xyz,26,18,27,0,0,val,train
O=C(O)c1cnc(-c2cnc(C(=O)O)cn2)cn1,pyrazine_phenyl_C2,COOH_direct,C2,C2,nonplanar,197.6128715106857,original_remaining,0.5024978948674849,0.9428919057286228,997,cof_000997,cof_symmetry_pipeline/output/xyz/aug_001114.xyz,24,18,25,0,0,train,train
O=C(O)c1ccc(-c2ccc(-c3cnc(-c4cnc(-c5ccc(-c6ccc(C(=O)O)cc6)cc5)cn4)cn3)cc2)cc1,pyrazine_phenyl_C2,COOH_phph,C2,D2,nonplanar,232.0310001032944,original_remaining,0.578931326481266,1.0866855969378009,998,cof_000998,cof_symmetry_pipeline/output/xyz/aug_001116.xyz,64,42,69,0,0,train,train
COC(=O)c1cnc(-c2cnc(C(=O)OC)cn2)cn1,pyrazine_phenyl_C2,COOMe_direct,C2,C2h,planar,215.0776118657627,original_remaining,0.3290851039958121,0.9013582585738606,999,cof_000999,cof_symmetry_pipeline/output/xyz/aug_001117.xyz,30,20,31,0,0,train,train
Clc1cnc(-c2cnc(Cl)cn2)cn1,pyrazine_phenyl_C2,Cl_direct,C2,C2h,planar,145.6378405487845,original_remaining,1.0121922342547302e-05,1.7002693806000835e-05,1000,cof_001000,cof_symmetry_pipeline/output/xyz/aug_001118.xyz,18,14,19,0,0,train,train
Clc1ccc(-c2cnc(-c3cnc(-c4ccc(Cl)cc4)cn3)cn2)cc1,pyrazine_phenyl_C2,Cl_ph,C2,C2h,planar,195.0308179428994,original_remaining,0.0001132149805489,0.0002545388308565,1001,cof_001001,cof_symmetry_pipeline/output/xyz/aug_001119.xyz,38,26,41,0,0,train,train
Ic1cnc(-c2cnc(I)cn2)cn1,pyrazine_phenyl_C2,I_direct,C2,C2h,planar,141.67935194138002,original_remaining,7.769572330921931e-06,1.536924513595439e-05,1002,cof_001002,cof_symmetry_pipeline/output/xyz/aug_001120.xyz,18,14,19,0,0,train,train
[N-]=[N+]=Nc1cnc(-c2cnc(N=[N+]=[N-])cn2)cn1,pyrazine_phenyl_C2,N3_direct,C2,C2h,planar,96.66225392454731,original_remaining,4.65581126024347e-05,0.0001338298090313,1003,cof_001003,cof_symmetry_pipeline/output/xyz/aug_001121.xyz,22,18,23,0,0,train,train
O=C=Nc1cnc(-c2cnc(N=C=O)cn2)cn1,pyrazine_phenyl_C2,NCO_direct,C2,C2,planar,94.15334764031849,original_remaining,0.3924556195634844,1.105839219435786,1004,cof_001004,cof_symmetry_pipeline/output/xyz/aug_001123.xyz,22,18,23,0,0,train,train
S=C=Nc1cnc(-c2cnc(N=C=S)cn2)cn1,pyrazine_phenyl_C2,NCS_direct,C2,C2,planar,108.01166605927166,original_remaining,0.1053613427927689,0.36596238622234,1005,cof_001005,cof_symmetry_pipeline/output/xyz/aug_001124.xyz,22,18,23,0,0,train,train
Nc1cnc(-c2cnc(N)cn2)cn1,pyrazine_phenyl_C2,NH2_direct,C2,C2,planar,75.32511330121393,original_remaining,0.2193074220356499,0.6905030812050375,1006,cof_001006,cof_symmetry_pipeline/output/xyz/aug_001125.xyz,22,14,23,0,0,train,train
O=CNc1cnc(-c2cnc(NC=O)cn2)cn1,pyrazine_phenyl_C2,NHCHO_direct,C2,C2h,planar,47.137015905063,original_remaining,0.0088900140504888,0.0174619771512154,1007,cof_001007,cof_symmetry_pipeline/output/xyz/aug_001127.xyz,26,18,27,0,0,train,train
N#CNc1cnc(-c2cnc(NC#N)cn2)cn1,pyrazine_phenyl_C2,NHCN_direct,C2,C2,planar,30.941496693524947,original_remaining,0.4226589572015717,1.229675718861939,1008,cof_001008,cof_symmetry_pipeline/output/xyz/aug_001128.xyz,24,18,25,0,0,val,train
CS(=O)(=O)Nc1cnc(-c2cnc(NS(C)(=O)=O)cn2)cn1,pyrazine_phenyl_C2,NHSO2_direct,C2,D2,nonplanar,-41.20938269278516,original_remaining,1.0293511486841285,2.0743244821185827,1009,cof_001009,cof_symmetry_pipeline/output/xyz/aug_001129.xyz,34,22,35,0,0,train,train
CC(=O)Nc1cnc(-c2cnc(NC(C)=O)cn2)cn1,pyrazine_phenyl_C2,NHacetyl_direct,C2,C2,planar,52.44471987356648,original_remaining,0.316435779172367,1.0074807036315248,1010,cof_001010,cof_symmetry_pipeline/output/xyz/aug_001130.xyz,32,20,33,0,0,train,train
O=[N+]([O-])c1cnc(-c2cnc([N+](=O)[O-])cn2)cn1,pyrazine_phenyl_C2,NO2_direct,C2,C2v,planar,256.3985714298696,original_remaining,7.197490491242882e-05,0.0001312555185024,1011,cof_001011,cof_symmetry_pipeline/output/xyz/aug_001131.xyz,22,18,23,0,0,train,train
O=[N+]([O-])c1ccc(-c2cnc(-c3cnc(-c4ccc([N+](=O)[O-])cc4)cn3)cn2)cc1,pyrazine_phenyl_C2,NO2_ph,C2,C2h,planar,265.2580264729946,original_remaining,7.703775704036487e-05,0.000160185899209,1012,cof_001012,cof_symmetry_pipeline/output/xyz/aug_001132.xyz,42,30,45,0,0,val,train
O=[N+]([O-])c1ccc(-c2ccc(-c3cnc(-c4cnc(-c5ccc(-c6ccc([N+](=O)[O-])cc6)cc5)cn4)cn3)cc2)cc1,pyrazine_phenyl_C2,NO2_phph,C2,D2,nonplanar,308.55290137853376,original_remaining,0.5821800319792692,1.0662898191014714,1013,cof_001013,cof_symmetry_pipeline/output/xyz/aug_001133.xyz,62,42,67,0,0,train,train
O=COc1cnc(-c2cnc(OC=O)cn2)cn1,pyrazine_phenyl_C2,OCHO_direct,C2,C2,nonplanar,126.31413747911184,original_remaining,0.529675476326636,1.4403565515538397,1014,cof_001014,cof_symmetry_pipeline/output/xyz/aug_001134.xyz,24,18,25,0,0,train,train
N#COc1cnc(-c2cnc(OC#N)cn2)cn1,pyrazine_phenyl_C2,OCN_direct,C2,C2,nonplanar,131.30636851102858,original_remaining,0.5175152080107669,0.9669660331062416,1015,cof_001015,cof_symmetry_pipeline/output/xyz/aug_001135.xyz,22,18,23,0,0,train,train
Oc1cnc(-c2cnc(O)cn2)cn1,pyrazine_phenyl_C2,OH_direct,C2,C2h,planar,85.79290675595014,original_remaining,9.500375875427938e-05,0.0001831280080102,1016,cof_001016,cof_symmetry_pipeline/output/xyz/aug_001136.xyz,20,14,21,0,0,train,train
Oc1ccc(-c2cnc(-c3cnc(-c4ccc(O)cc4)cn3)cn2)cc1,pyrazine_phenyl_C2,OH_ph,C2,C2,nonplanar,174.24887577377086,original_remaining,0.5153539194676844,1.048971413617263,1017,cof_001017,cof_symmetry_pipeline/output/xyz/aug_001137.xyz,40,26,43,0,0,test,train
COc1cnc(-c2cnc(OC)cn2)cn1,pyrazine_phenyl_C2,OMe_direct,C2,C2h,planar,128.8260064768481,original_remaining,0.3543593244172653,0.903455379167368,1018,cof_001018,cof_symmetry_pipeline/output/xyz/aug_001139.xyz,26,16,27,0,0,train,train
CC(=O)Oc1cnc(-c2cnc(OC(C)=O)cn2)cn1,pyrazine_phenyl_C2,Oacetyl_direct,C2,C2,nonplanar,125.27435083481753,original_remaining,0.5570949491550431,1.3048682425950198,1019,cof_001019,cof_symmetry_pipeline/output/xyz/aug_001140.xyz,30,20,31,0,0,train,train
O=P(Cl)(Cl)c1cnc(-c2cnc(P(=O)(Cl)Cl)cn2)cn1,pyrazine_phenyl_C2,POCl2_direct,C2,D2h,nonplanar,238.39955312584155,original_remaining,0.644752874363457,1.580247284424205,1020,cof_001020,cof_symmetry_pipeline/output/xyz/aug_001141.xyz,24,20,25,0,0,test,train
N#CSc1cnc(-c2cnc(SC#N)cn2)cn1,pyrazine_phenyl_C2,SCN_direct,C2,C2,nonplanar,117.68410416647028,original_remaining,0.8760842227827931,2.350608821714097,1021,cof_001021,cof_symmetry_pipeline/output/xyz/aug_001142.xyz,22,18,23,0,0,train,train
Sc1cnc(-c2cnc(S)cn2)cn1,pyrazine_phenyl_C2,SH_direct,C2,C2h,planar,122.9128468587424,original_remaining,8.574520633790337e-05,0.0001947205232761,1022,cof_001022,cof_symmetry_pipeline/output/xyz/aug_001143.xyz,20,14,21,0,0,val,train
O=S(=O)(Cl)c1cnc(-c2cnc(S(=O)(=O)Cl)cn2)cn1,pyrazine_phenyl_C2,SO2Cl_direct,C2,C2,nonplanar,256.07364118189423,original_remaining,0.5559064879029859,1.3681309727521365,1023,cof_001023,cof_symmetry_pipeline/output/xyz/aug_001144.xyz,24,20,25,0,0,test,train
NS(=O)(=O)c1cnc(-c2cnc(S(N)(=O)=O)cn2)cn1,pyrazine_phenyl_C2,SO2NH2_direct,C2,C2,nonplanar,75.44754420970435,original_remaining,0.5149553858827237,1.307776549764879,1024,cof_001024,cof_symmetry_pipeline/output/xyz/aug_001145.xyz,28,20,29,0,0,train,train
O=S(=O)(O)c1cnc(-c2cnc(S(=O)(=O)O)cn2)cn1,pyrazine_phenyl_C2,SO3H_direct,C2,C2,nonplanar,154.34536915389432,original_remaining,0.5033935463363653,1.3794071479938912,1025,cof_001025,cof_symmetry_pipeline/output/xyz/aug_001146.xyz,26,20,27,0,0,train,train
C[Si](C)(C)c1cnc(-c2cnc([Si](C)(C)C)cn2)cn1,pyrazine_phenyl_C2,SiMe3_direct,C2,C2h,nonplanar,146.5094109646099,original_remaining,1.1497687825131675,2.450895256388228,1026,cof_001026,cof_symmetry_pipeline/output/xyz/aug_001147.xyz,42,20,43,0,0,train,train
CC(=O)c1cnc(-c2cnc(C(C)=O)cn2)cn1,pyrazine_phenyl_C2,acetyl_direct,C2,C2h,planar,188.9636845961892,original_remaining,0.340346296114977,0.9282855865901556,1027,cof_001027,cof_symmetry_pipeline/output/xyz/aug_001148.xyz,28,18,29,0,0,train,train
C#Cc1cnc(-c2cnc(C#C)cn2)cn1,pyrazine_phenyl_C2,ethynyl_direct,C2,C2h,planar,149.2464360035839,original_remaining,3.440662000481302e-05,7.290570813345276e-05,1028,cof_001028,cof_symmetry_pipeline/output/xyz/aug_001149.xyz,22,16,23,0,0,train,train
Cc1cnc(-c2cnc(C)cn2)cn1,pyrazine_phenyl_C2,methyl_direct,C2,C2h,planar,133.9588710492585,original_remaining,0.3641254998550292,0.8919329676615674,1029,cof_001029,cof_symmetry_pipeline/output/xyz/aug_001150.xyz,24,14,25,0,0,test,train
C=Cc1cnc(-c2cnc(C=C)cn2)cn1,pyrazine_phenyl_C2,vinyl_direct,C2,C2h,planar,154.03355005313256,original_remaining,1.8167023152080565e-05,3.680697907637587e-05,1030,cof_001030,cof_symmetry_pipeline/output/xyz/aug_001152.xyz,26,16,27,0,0,train,train
FC(F)(F)c1ccc(-c2ccc(/C=C/c3ccc(-c4ccc(C(F)(F)F)cc4)cc3)cc2)cc1,stilbene_C2,CF3_ph,C2,D2,nonplanar,136.8107995118422,original_remaining,0.7266334250826234,1.3904594077148522,1031,cof_001031,cof_symmetry_pipeline/output/xyz/aug_001155.xyz,52,34,55,0,0,val,train
O=Cc1ccc(-c2ccc(/C=C/c3ccc(-c4ccc(C=O)cc4)cc3)cc2)cc1,stilbene_C2,CHO_ph,C2,C2,nonplanar,112.53920196012844,original_remaining,0.6764757536842574,1.3747934200897762,1032,cof_001032,cof_symmetry_pipeline/output/xyz/aug_001157.xyz,50,30,53,0,0,val,train
O=C(Cl)c1ccc(/C=C/c2ccc(C(=O)Cl)cc2)cc1,stilbene_C2,COCl_direct,C2,C2h,planar,90.05484229639353,original_remaining,0.0002467438835726,0.0007930316377873,1033,cof_001033,cof_symmetry_pipeline/output/xyz/aug_001160.xyz,30,20,31,0,0,train,train
Clc1ccc(/C=C/c2ccc(Cl)cc2)cc1,stilbene_C2,Cl_direct,C2,C2h,planar,36.03936204013241,original_remaining,4.944977109610517e-05,0.0001243414709934,1034,cof_001034,cof_symmetry_pipeline/output/xyz/aug_001162.xyz,26,16,27,0,0,test,train
Ic1ccc(/C=C/c2ccc(I)cc2)cc1,stilbene_C2,I_direct,C2,C2h,planar,39.13341959601916,original_remaining,7.946612424971116e-05,0.0002317588420416,1035,cof_001035,cof_symmetry_pipeline/output/xyz/aug_001163.xyz,26,16,27,0,0,train,train
O=[N+]([O-])c1ccc(/C=C/c2ccc([N+](=O)[O-])cc2)cc1,stilbene_C2,NO2_direct,C2,C2h,planar,105.95771513838471,original_remaining,0.0002340378961308,0.0007930820204144,1036,cof_001036,cof_symmetry_pipeline/output/xyz/aug_001170.xyz,30,20,31,0,0,train,train
O=[N+]([O-])c1ccc(-c2ccc(-c3ccc(/C=C/c4ccc(-c5ccc(-c6ccc([N+](=O)[O-])cc6)cc5)cc4)cc3)cc2)cc1,stilbene_C2,NO2_phph,C2,D2,nonplanar,194.56064246690525,original_remaining,1.0293110623135044,2.1777942088575912,1037,cof_001037,cof_symmetry_pipeline/output/xyz/aug_001172.xyz,70,44,75,0,0,train,train
Oc1ccc(/C=C/c2ccc(O)cc2)cc1,stilbene_C2,OH_direct,C2,C2,nonplanar,15.60223467048705,original_remaining,0.8387832046805762,1.3812086425929428,1038,cof_001038,cof_symmetry_pipeline/output/xyz/aug_001173.xyz,28,16,29,0,0,train,train
COc1ccc(-c2ccc(/C=C/c3ccc(-c4ccc(OC)cc4)cc3)cc2)cc1,stilbene_C2,OMe_ph,C2,C2,nonplanar,90.34552417121536,original_remaining,0.7034437552735718,1.4534480866438757,1039,cof_001039,cof_symmetry_pipeline/output/xyz/aug_001174.xyz,54,30,57,0,0,train,train
O=S(=O)(O)c1ccc(/C=C/c2ccc(S(=O)(=O)O)cc2)cc1,stilbene_C2,SO3H_direct,C2,D2,nonplanar,-17.06125134906457,original_remaining,0.9749369275784768,1.731973457528041,1040,cof_001040,cof_symmetry_pipeline/output/xyz/aug_001175.xyz,34,22,35,0,0,test,train
O=CC#CC(C#CC=O)(C#CC=O)C#CC=O,tetra_ethynyl_methane_C4,CHO_direct,S4,S4,nonplanar,28.346455079262377,original_remaining,2.0976439391068675,2.728995189159209,1041,cof_001041,cof_symmetry_pipeline/output/xyz/aug_001178.xyz,21,17,20,0,0,train,train
O=C(O)C#CC(C#CC(=O)O)(C#CC(=O)O)C#CC(=O)O,tetra_ethynyl_methane_C4,COOH_direct,S4,S4,nonplanar,-106.05343050412928,original_remaining,2.2964681715492947,3.638054269203451,1042,cof_001042,cof_symmetry_pipeline/output/xyz/aug_001180.xyz,25,21,24,0,0,train,train
CC(=O)OC#CC(C#COC(C)=O)(C#COC(C)=O)C#COC(C)=O,tetra_ethynyl_methane_C4,Oacetyl_direct,S4,S4,nonplanar,5.08659493696852,original_remaining,2.211923883344982,3.584173469100693,1043,cof_001043,cof_symmetry_pipeline/output/xyz/aug_001185.xyz,37,25,36,0,0,train,train
N#CSC#CC(C#CSC#N)(C#CSC#N)C#CSC#N,tetra_ethynyl_methane_C4,SCN_direct,S4,S4,nonplanar,-1.384398895827578,original_remaining,1.6020611940287692,2.544217436432182,1044,cof_001044,cof_symmetry_pipeline/output/xyz/aug_001187.xyz,21,21,20,0,0,train,train
Fc1c(F)c(Br)c(F)c(F)c1Br,tetrafluorobenzene_C4,Br_direct,C2,D2h,planar,18.426270602044124,original_remaining,1.1622572316014343e-06,2.273831148258409e-06,1045,cof_001045,cof_symmetry_pipeline/output/xyz/aug_001189.xyz,12,12,12,0,0,train,train
Fc1c(F)c(C#CC(F)(F)F)c(F)c(F)c1C#CC(F)(F)F,tetrafluorobenzene_C4,CCCF3_direct,C2,C2,planar,34.44117254843733,original_remaining,0.466478698543558,1.256059365165413,1046,cof_001046,cof_symmetry_pipeline/output/xyz/aug_001190.xyz,22,22,22,0,0,train,train
O=CC#Cc1c(F)c(F)c(C#CC=O)c(F)c1F,tetrafluorobenzene_C4,CCCHO_direct,C2,C2,planar,25.745614887089115,original_remaining,0.4503055703598316,1.0672605703569222,1047,cof_001047,cof_symmetry_pipeline/output/xyz/aug_001191.xyz,20,18,20,0,0,train,train
N#CC#Cc1c(F)c(F)c(C#CC#N)c(F)c1F,tetrafluorobenzene_C4,CCCN_direct,C2,D2h,planar,24.135066162130087,original_remaining,1.3221541061720004e-05,3.0058056372794795e-05,1048,cof_001048,cof_symmetry_pipeline/output/xyz/aug_001192.xyz,18,18,18,0,0,train,train
O=C(O)C#Cc1c(F)c(F)c(C#CC(=O)O)c(F)c1F,tetrafluorobenzene_C4,CCCOOH_direct,C2,C2v,nonplanar,-38.31472037231252,original_remaining,0.5633801298738742,1.1341098444571016,1049,cof_001049,cof_symmetry_pipeline/output/xyz/aug_001193.xyz,22,20,22,0,0,train,train
COC(=O)C#Cc1c(F)c(F)c(C#CC(=O)OC)c(F)c1F,tetrafluorobenzene_C4,CCCOOMe_direct,C2,C2v,nonplanar,3.507829068414016,original_remaining,0.796617813354072,1.9380304953857743,1050,cof_001050,cof_symmetry_pipeline/output/xyz/aug_001194.xyz,28,22,28,0,0,train,train
C#Cc1ccc(-c2c(F)c(F)c(-c3ccc(C#C)cc3)c(F)c2F)cc1,tetrafluorobenzene_C4,CCH_ph,C2,C2h,nonplanar,69.78523856866599,original_remaining,0.5664553029363142,1.2651959218312323,1051,cof_001051,cof_symmetry_pipeline/output/xyz/aug_001195.xyz,36,26,38,0,0,val,train
C#Cc1ccc(-c2ccc(-c3c(F)c(F)c(-c4ccc(-c5ccc(C#C)cc5)cc4)c(F)c3F)cc2)cc1,tetrafluorobenzene_C4,CCH_phph,C2,C2h,nonplanar,114.76419159514184,original_remaining,0.8967197102303389,2.117554011296705,1052,cof_001052,cof_symmetry_pipeline/output/xyz/aug_001196.xyz,56,38,60,0,0,train,train
O=C=NC#Cc1c(F)c(F)c(C#CN=C=O)c(F)c1F,tetrafluorobenzene_C4,CCNCO_direct,C2,C2,nonplanar,8.464227563736003,original_remaining,0.5284548356770921,1.207036189325723,1053,cof_001053,cof_symmetry_pipeline/output/xyz/aug_001197.xyz,20,20,20,0,0,train,train
NC#Cc1c(F)c(F)c(C#CN)c(F)c1F,tetrafluorobenzene_C4,CCNH2_direct,C2,C2v,planar,6.975287138047864,original_remaining,0.1632558296603833,0.3261197611821202,1054,cof_001054,cof_symmetry_pipeline/output/xyz/aug_001198.xyz,20,16,20,0,0,train,train
O=[N+]([O-])C#Cc1c(F)c(F)c(C#C[N+](=O)[O-])c(F)c1F,tetrafluorobenzene_C4,CCNO2_direct,C2,D2h,planar,28.12846241821709,original_remaining,0.4951110090398284,1.107111485320824,1055,cof_001055,cof_symmetry_pipeline/output/xyz/aug_001199.xyz,20,20,20,0,0,train,train
OC#Cc1c(F)c(F)c(C#CO)c(F)c1F,tetrafluorobenzene_C4,CCOH_direct,C2,C2v,planar,12.955663177180584,original_remaining,9.597119832511987e-06,3.12889547994244e-05,1056,cof_001056,cof_symmetry_pipeline/output/xyz/aug_001200.xyz,18,16,18,0,0,train,train
CC(=O)C#Cc1c(F)c(F)c(C#CC(C)=O)c(F)c1F,tetrafluorobenzene_C4,CCacetyl_direct,C2,C2,nonplanar,29.26647462238181,original_remaining,0.8269596694882994,1.6520846202815065,1057,cof_001057,cof_symmetry_pipeline/output/xyz/aug_001201.xyz,26,20,26,0,0,train,train
Fc1c(F)c(C(F)(F)F)c(F)c(F)c1C(F)(F)F,tetrafluorobenzene_C4,CF3_direct,C2,C2v,nonplanar,-42.68622750767233,original_remaining,0.5135129631859187,1.263930971811361,1058,cof_001058,cof_symmetry_pipeline/output/xyz/aug_001202.xyz,18,18,18,0,0,train,train
O=Cc1c(F)c(F)c(C=O)c(F)c1F,tetrafluorobenzene_C4,CHO_direct,C2,C2h,planar,-3.017028130270176,original_remaining,5.189848147613189e-06,1.16431372272352e-05,1059,cof_001059,cof_symmetry_pipeline/output/xyz/aug_001204.xyz,16,14,16,0,0,train,train
O=Cc1ccc(-c2ccc(-c3c(F)c(F)c(-c4ccc(-c5ccc(C=O)cc5)cc4)c(F)c3F)cc2)cc1,tetrafluorobenzene_C4,CHO_phph,C2,C2,nonplanar,145.3763275378308,original_remaining,0.970264425300336,2.3838840980509475,1060,cof_001060,cof_symmetry_pipeline/output/xyz/aug_001205.xyz,56,38,60,0,0,train,train
N#Cc1c(F)c(F)c(C#N)c(F)c1F,tetrafluorobenzene_C4,CN_direct,C2,D2h,planar,-13.666804421804237,original_remaining,1.294126110717516e-06,2.642520183782082e-06,1061,cof_001061,cof_symmetry_pipeline/output/xyz/aug_001206.xyz,14,14,14,0,0,train,train
N#Cc1ccc(-c2c(F)c(F)c(-c3ccc(C#N)cc3)c(F)c2F)cc1,tetrafluorobenzene_C4,CN_ph,C2,C2h,nonplanar,98.01193069469484,original_remaining,0.5842141751276327,1.2689432917846744,1062,cof_001062,cof_symmetry_pipeline/output/xyz/aug_001207.xyz,34,26,36,0,0,train,train
N#Cc1ccc(-c2ccc(-c3c(F)c(F)c(-c4ccc(-c5ccc(C#N)cc5)cc4)c(F)c3F)cc2)cc1,tetrafluorobenzene_C4,CN_phph,C2,D2,nonplanar,142.36977961124265,original_remaining,0.9861226135871476,2.3766110047805027,1063,cof_001063,cof_symmetry_pipeline/output/xyz/aug_001208.xyz,54,38,58,0,0,train,train
O=C(Cl)c1c(F)c(F)c(C(=O)Cl)c(F)c1F,tetrafluorobenzene_C4,COCl_direct,C2,C2,nonplanar,-7.45465180191027,original_remaining,0.5306114829199524,1.0732585843712406,1064,cof_001064,cof_symmetry_pipeline/output/xyz/aug_001209.xyz,16,16,16,0,0,train,train
NC(=O)c1c(F)c(F)c(C(N)=O)c(F)c1F,tetrafluorobenzene_C4,CONH2_direct,C2,C2v,planar,-50.80062188556483,original_remaining,1.401491279538372e-05,3.356191808218112e-05,1065,cof_001065,cof_symmetry_pipeline/output/xyz/aug_001210.xyz,20,16,20,0,0,train,train
O=C(O)c1c(F)c(F)c(C(=O)O)c(F)c1F,tetrafluorobenzene_C4,COOH_direct,C2,C2,planar,-49.37378312867206,original_remaining,0.4795200496999164,0.8551418845887984,1066,cof_001066,cof_symmetry_pipeline/output/xyz/aug_001211.xyz,18,16,18,0,0,train,train
O=C(O)c1ccc(-c2ccc(-c3c(F)c(F)c(-c4ccc(-c5ccc(C(=O)O)cc5)cc4)c(F)c3F)cc2)cc1,tetrafluorobenzene_C4,COOH_phph,C2,D2,nonplanar,105.78267148429144,original_remaining,0.9542681105405272,2.377957923151629,1067,cof_001067,cof_symmetry_pipeline/output/xyz/aug_001213.xyz,58,40,62,0,0,train,train
COC(=O)c1c(F)c(F)c(C(=O)OC)c(F)c1F,tetrafluorobenzene_C4,COOMe_direct,C2,C2,nonplanar,-19.998205617232344,original_remaining,0.6205292449661409,1.445410303629434,1068,cof_001068,cof_symmetry_pipeline/output/xyz/aug_001214.xyz,24,18,24,0,0,train,train
Fc1c(F)c(Cl)c(F)c(F)c1Cl,tetrafluorobenzene_C4,Cl_direct,C2,D2h,planar,18.73219398263149,original_remaining,6.855610850892799e-07,1.19629275929789e-06,1069,cof_001069,cof_symmetry_pipeline/output/xyz/aug_001215.xyz,12,12,12,0,0,train,train
Fc1c(F)c(-c2ccc(Cl)cc2)c(F)c(F)c1-c1ccc(Cl)cc1,tetrafluorobenzene_C4,Cl_ph,C2,C2h,nonplanar,68.10878847506234,original_remaining,0.6017071648356879,1.2674055368695436,1070,cof_001070,cof_symmetry_pipeline/output/xyz/aug_001216.xyz,32,24,34,0,0,train,train
Fc1c(F)c(I)c(F)c(F)c1I,tetrafluorobenzene_C4,I_direct,C2,D2h,planar,19.63783529743213,original_remaining,1.6124625704136276e-06,3.12692979084761e-06,1071,cof_001071,cof_symmetry_pipeline/output/xyz/aug_001217.xyz,12,12,12,0,0,train,train
[N-]=[N+]=Nc1c(F)c(F)c(N=[N+]=[N-])c(F)c1F,tetrafluorobenzene_C4,N3_direct,C2,C2,nonplanar,34.344371350615404,original_remaining,0.5148903654442093,0.9159497251985538,1072,cof_001072,cof_symmetry_pipeline/output/xyz/aug_001218.xyz,16,16,16,0,0,train,train
O=C=Nc1c(F)c(F)c(N=C=O)c(F)c1F,tetrafluorobenzene_C4,NCO_direct,C2,C2v,nonplanar,31.501175548288465,original_remaining,0.7384810613851613,1.7317219510490247,1073,cof_001073,cof_symmetry_pipeline/output/xyz/aug_001219.xyz,16,16,16,0,0,train,train
Fc1c(F)c(N=C=S)c(F)c(F)c1N=C=S,tetrafluorobenzene_C4,NCS_direct,C2,C2v,nonplanar,41.2550266557586,original_remaining,0.9055177765488596,2.2197366519032165,1074,cof_001074,cof_symmetry_pipeline/output/xyz/aug_001220.xyz,16,16,16,0,0,val,train
Nc1c(F)c(F)c(N)c(F)c1F,tetrafluorobenzene_C4,NH2_direct,C2,C2h,planar,87.01161310648445,original_remaining,0.0970722276059545,0.2001275500676007,1075,cof_001075,cof_symmetry_pipeline/output/xyz/aug_001221.xyz,16,12,16,0,0,train,train
Nc1ccc(-c2c(F)c(F)c(-c3ccc(N)cc3)c(F)c2F)cc1,tetrafluorobenzene_C4,NH2_ph,C2,C2,nonplanar,50.31372747229733,original_remaining,0.8788440068827761,1.6208327181877615,1076,cof_001076,cof_symmetry_pipeline/output/xyz/aug_001222.xyz,36,24,38,0,0,val,train
O=CNc1c(F)c(F)c(NC=O)c(F)c1F,tetrafluorobenzene_C4,NHCHO_direct,C2,C2,planar,21.957893893589688,original_remaining,0.1583588754618637,0.3943789544086062,1077,cof_001077,cof_symmetry_pipeline/output/xyz/aug_001224.xyz,20,16,20,0,0,train,train
N#CNc1c(F)c(F)c(NC#N)c(F)c1F,tetrafluorobenzene_C4,NHCN_direct,C2,C2,planar,12.016341882303331,original_remaining,0.4921749027263873,0.9950693674402518,1078,cof_001078,cof_symmetry_pipeline/output/xyz/aug_001225.xyz,18,16,18,0,0,train,train
CS(=O)(=O)Nc1c(F)c(F)c(NS(C)(=O)=O)c(F)c1F,tetrafluorobenzene_C4,NHSO2_direct,C2,C2,nonplanar,-61.11872895523074,original_remaining,0.8639366532164875,1.8002351013074844,1079,cof_001079,cof_symmetry_pipeline/output/xyz/aug_001226.xyz,28,20,28,0,0,test,train
CC(=O)Nc1c(F)c(F)c(NC(C)=O)c(F)c1F,tetrafluorobenzene_C4,NHacetyl_direct,C2,C2,planar,27.16258761806281,original_remaining,0.4474832810206632,0.9212843109383706,1080,cof_001080,cof_symmetry_pipeline/output/xyz/aug_001227.xyz,26,18,26,0,0,val,train
O=[N+]([O-])c1c(F)c(F)c([N+](=O)[O-])c(F)c1F,tetrafluorobenzene_C4,NO2_direct,C2,D2h,nonplanar,-21.63802622569517,original_remaining,0.5522269107247061,1.1044626918122669,1081,cof_001081,cof_symmetry_pipeline/output/xyz/aug_001228.xyz,16,16,16,0,0,train,train
O=[N+]([O-])c1ccc(-c2c(F)c(F)c(-c3ccc([N+](=O)[O-])cc3)c(F)c2F)cc1,tetrafluorobenzene_C4,NO2_ph,C2,C2h,nonplanar,138.29241841273634,original_remaining,0.5827973769045622,1.3314892149866009,1082,cof_001082,cof_symmetry_pipeline/output/xyz/aug_001229.xyz,36,28,38,0,0,train,train
O=[N+]([O-])c1ccc(-c2ccc(-c3c(F)c(F)c(-c4ccc(-c5ccc([N+](=O)[O-])cc5)cc4)c(F)c3F)cc2)cc1,tetrafluorobenzene_C4,NO2_phph,C2,D2,nonplanar,182.33687204739635,original_remaining,0.971324839020547,2.3773359942674914,1083,cof_001083,cof_symmetry_pipeline/output/xyz/aug_001230.xyz,56,40,60,0,0,val,train
O=COc1c(F)c(F)c(OC=O)c(F)c1F,tetrafluorobenzene_C4,OCHO_direct,C2,C2h,nonplanar,33.673434101264725,original_remaining,0.6160230946458654,1.3881409080630829,1084,cof_001084,cof_symmetry_pipeline/output/xyz/aug_001231.xyz,18,16,18,0,0,train,train
N#COc1c(F)c(F)c(OC#N)c(F)c1F,tetrafluorobenzene_C4,OCN_direct,C2,C2,nonplanar,25.037849531976228,original_remaining,0.7890558103264421,1.815711316928516,1085,cof_001085,cof_symmetry_pipeline/output/xyz/aug_001232.xyz,16,16,16,0,0,train,train
Oc1c(F)c(F)c(O)c(F)c1F,tetrafluorobenzene_C4,OH_direct,C2,C2v,planar,46.929708480151085,original_remaining,3.650953815778653e-06,7.92046949293912e-06,1086,cof_001086,cof_symmetry_pipeline/output/xyz/aug_001233.xyz,14,12,14,0,0,train,train
Oc1ccc(-c2ccc(-c3c(F)c(F)c(-c4ccc(-c5ccc(O)cc5)cc4)c(F)c3F)cc2)cc1,tetrafluorobenzene_C4,OH_phph,C2,C2,nonplanar,93.62125338609084,original_remaining,0.9866297980442772,2.3772409490538084,1087,cof_001087,cof_symmetry_pipeline/output/xyz/aug_001235.xyz,54,36,58,0,0,train,train
COc1c(F)c(F)c(OC)c(F)c1F,tetrafluorobenzene_C4,OMe_direct,C2,C2v,planar,58.58134179822008,original_remaining,0.4048798895243753,0.9053670539168348,1088,cof_001088,cof_symmetry_pipeline/output/xyz/aug_001236.xyz,20,14,20,0,0,train,train
CC(=O)Oc1c(F)c(F)c(OC(C)=O)c(F)c1F,tetrafluorobenzene_C4,Oacetyl_direct,C2,C2v,nonplanar,33.13790399822417,original_remaining,0.8327220902172626,1.6286022417496897,1089,cof_001089,cof_symmetry_pipeline/output/xyz/aug_001237.xyz,24,18,24,0,0,train,train
O=P(Cl)(Cl)c1c(F)c(F)c(P(=O)(Cl)Cl)c(F)c1F,tetrafluorobenzene_C4,POCl2_direct,C2,C2h,nonplanar,-48.87358092434304,original_remaining,0.7455584564722152,1.5815986167130738,1090,cof_001090,cof_symmetry_pipeline/output/xyz/aug_001239.xyz,18,18,18,0,0,test,train
N#CSc1c(F)c(F)c(SC#N)c(F)c1F,tetrafluorobenzene_C4,SCN_direct,C2,C2v,nonplanar,11.487717752325526,original_remaining,1.0112711109727783,2.255802811107753,1091,cof_001091,cof_symmetry_pipeline/output/xyz/aug_001240.xyz,16,16,16,0,0,train,train
Fc1c(F)c(S)c(F)c(F)c1S,tetrafluorobenzene_C4,SH_direct,C2,C2h,planar,28.94960625924144,original_remaining,1.0851732383571785e-05,3.328934685131735e-05,1092,cof_001092,cof_symmetry_pipeline/output/xyz/aug_001241.xyz,14,12,14,0,0,train,train
O=S(=O)(Cl)c1c(F)c(F)c(S(=O)(=O)Cl)c(F)c1F,tetrafluorobenzene_C4,SO2Cl_direct,C2,C2,nonplanar,-62.99741329177095,original_remaining,0.6673819822445325,1.4866721424567253,1093,cof_001093,cof_symmetry_pipeline/output/xyz/aug_001242.xyz,18,18,18,0,0,train,train
NS(=O)(=O)c1c(F)c(F)c(S(N)(=O)=O)c(F)c1F,tetrafluorobenzene_C4,SO2NH2_direct,C2,C2,nonplanar,-252.2850829316151,original_remaining,0.8010061035246522,1.6739722558702863,1094,cof_001094,cof_symmetry_pipeline/output/xyz/aug_001243.xyz,22,18,22,0,0,train,train
C[Si](C)(C)c1c(F)c(F)c([Si](C)(C)C)c(F)c1F,tetrafluorobenzene_C4,SiMe3_direct,C2,C2h,nonplanar,4.985082541360112,original_remaining,1.2441457861819762,2.441360125965662,1095,cof_001095,cof_symmetry_pipeline/output/xyz/aug_001244.xyz,36,18,36,0,0,train,train
CC(=O)c1c(F)c(F)c(C(C)=O)c(F)c1F,tetrafluorobenzene_C4,acetyl_direct,C2,C2,nonplanar,6.71635524521364,original_remaining,0.6066731741216485,1.291726870282541,1096,cof_001096,cof_symmetry_pipeline/output/xyz/aug_001245.xyz,22,16,22,0,0,train,train
CC(=O)c1ccc(-c2c(F)c(F)c(-c3ccc(C(C)=O)cc3)c(F)c2F)cc1,tetrafluorobenzene_C4,acetyl_ph,C2,C2,nonplanar,108.9078811271842,original_remaining,0.9486560511518616,1.89669090782994,1097,cof_001097,cof_symmetry_pipeline/output/xyz/aug_001246.xyz,42,28,44,0,0,train,train
C#Cc1c(F)c(F)c(C#C)c(F)c1F,tetrafluorobenzene_C4,ethynyl_direct,C2,D2h,planar,22.44710607353649,original_remaining,5.791247306471902e-06,1.2758237857513066e-05,1098,cof_001098,cof_symmetry_pipeline/output/xyz/aug_001247.xyz,16,14,16,0,0,train,train
Cc1c(F)c(F)c(C)c(F)c1F,tetrafluorobenzene_C4,methyl_direct,C2,C2h,planar,16.761264752375673,original_remaining,0.4210873523842287,1.0385053430144318,1099,cof_001099,cof_symmetry_pipeline/output/xyz/aug_001248.xyz,18,12,18,0,0,val,train
Cc1ccc(-c2c(F)c(F)c(-c3ccc(C)cc3)c(F)c2F)cc1,tetrafluorobenzene_C4,methyl_ph,C2,C2,nonplanar,74.96033086981151,original_remaining,0.88379337296042,1.5954590754194364,1100,cof_001100,cof_symmetry_pipeline/output/xyz/aug_001249.xyz,38,24,40,0,0,train,train
C=Cc1c(F)c(F)c(C=C)c(F)c1F,tetrafluorobenzene_C4,vinyl_direct,C2,C2v,planar,53.64800659412724,original_remaining,0.000155535087368,0.0004308987002643,1101,cof_001101,cof_symmetry_pipeline/output/xyz/aug_001250.xyz,20,14,20,0,0,train,train
Brc1ccc([Si](c2ccc(Br)cc2)(c2ccc(Br)cc2)c2ccc(Br)cc2)cc1,tetraphenyl_silane_C4,Br_direct,S4,S4,nonplanar,136.1272203443058,original_remaining,2.3352992311084955,5.30102398971621,1102,cof_001102,cof_symmetry_pipeline/output/xyz/aug_001251.xyz,45,29,48,0,0,train,train
N#CC#Cc1ccc([Si](c2ccc(C#CC#N)cc2)(c2ccc(C#CC#N)cc2)c2ccc(C#CC#N)cc2)cc1,tetraphenyl_silane_C4,CCCN_direct,S4,S4,nonplanar,145.40536624486046,original_remaining,3.0777781094929217,6.274769693134275,1103,cof_001103,cof_symmetry_pipeline/output/xyz/aug_001252.xyz,57,41,60,0,0,train,train
N#Cc1ccc([Si](c2ccc(C#N)cc2)(c2ccc(C#N)cc2)c2ccc(C#N)cc2)cc1,tetraphenyl_silane_C4,CN_direct,S4,S4,nonplanar,192.66890800238363,original_remaining,2.504189883155944,4.924630499061829,1104,cof_001104,cof_symmetry_pipeline/output/xyz/aug_001255.xyz,49,33,52,0,0,train,train
O=C(O)c1ccc([Si](c2ccc(C(=O)O)cc2)(c2ccc(C(=O)O)cc2)c2ccc(C(=O)O)cc2)cc1,tetraphenyl_silane_C4,COOH_direct,S4,S4,nonplanar,118.88290074572602,original_remaining,2.7452217984891294,5.782799036884083,1105,cof_001105,cof_symmetry_pipeline/output/xyz/aug_001256.xyz,57,37,60,0,0,train,train
Clc1ccc([Si](c2ccc(Cl)cc2)(c2ccc(Cl)cc2)c2ccc(Cl)cc2)cc1,tetraphenyl_silane_C4,Cl_direct,S4,S4,nonplanar,134.8404141624231,original_remaining,2.322349767747701,4.626432609444747,1106,cof_001106,cof_symmetry_pipeline/output/xyz/aug_001257.xyz,45,29,48,0,0,train,train
Ic1ccc([Si](c2ccc(I)cc2)(c2ccc(I)cc2)c2ccc(I)cc2)cc1,tetraphenyl_silane_C4,I_direct,S4,S4,nonplanar,138.50371348919856,original_remaining,2.350304215415537,4.615850585758693,1107,cof_001107,cof_symmetry_pipeline/output/xyz/aug_001258.xyz,45,29,48,0,0,val,train
O=[N+]([O-])c1ccc([Si](c2ccc([N+](=O)[O-])cc2)(c2ccc([N+](=O)[O-])cc2)c2ccc([N+](=O)[O-])cc2)cc1,tetraphenyl_silane_C4,NO2_direct,S4,S4,nonplanar,274.3135066074856,original_remaining,2.6033030076658785,4.892087767081819,1108,cof_001108,cof_symmetry_pipeline/output/xyz/aug_001259.xyz,53,37,56,0,0,train,train
Oc1ccc([Si](c2ccc(O)cc2)(c2ccc(O)cc2)c2ccc(O)cc2)cc1,tetraphenyl_silane_C4,OH_direct,S4,S4,nonplanar,94.8065041296862,original_remaining,2.458955328358007,3.976483482156305,1109,cof_001109,cof_symmetry_pipeline/output/xyz/aug_001260.xyz,49,29,52,0,0,train,train
O=S(=O)(Cl)c1ccc([Si](c2ccc(S(=O)(=O)Cl)cc2)(c2ccc(S(=O)(=O)Cl)cc2)c2ccc(S(=O)(=O)Cl)cc2)cc1,tetraphenyl_silane_C4,SO2Cl_direct,S4,S4,nonplanar,264.3606539498342,original_remaining,2.8027428010298383,5.820277772771208,1110,cof_001110,cof_symmetry_pipeline/output/xyz/aug_001262.xyz,57,41,60,0,0,train,train
C#Cc1ccc([Si](c2ccc(C#C)cc2)(c2ccc(C#C)cc2)c2ccc(C#C)cc2)cc1,tetraphenyl_silane_C4,ethynyl_direct,S4,S4,nonplanar,136.77791505765944,original_remaining,2.744309284754181,5.706889176403865,1111,cof_001111,cof_symmetry_pipeline/output/xyz/aug_001263.xyz,53,33,56,0,0,test,train
Brc1ccc(C(c2ccc(Br)cc2)(c2ccc(Br)cc2)c2ccc(Br)cc2)cc1,tetraphenylmethane_C4,Br_direct,S4,D2d,nonplanar,148.20151886671903,original_remaining,2.1544837952473515,4.315444197403232,1112,cof_001112,cof_symmetry_pipeline/output/xyz/aug_001265.xyz,45,29,48,0,0,train,train
N#CC#Cc1ccc(C(c2ccc(C#CC#N)cc2)(c2ccc(C#CC#N)cc2)c2ccc(C#CC#N)cc2)cc1,tetraphenylmethane_C4,CCCN_direct,S4,D2d,nonplanar,157.73650745722293,original_remaining,2.794622990795109,5.632818757709051,1113,cof_001113,cof_symmetry_pipeline/output/xyz/aug_001266.xyz,57,41,60,0,0,val,train
N#Cc1ccc(C(c2ccc(C#N)cc2)(c2ccc(C#N)cc2)c2ccc(C#N)cc2)cc1,tetraphenylmethane_C4,CN_direct,S4,D2d,nonplanar,205.30740496976733,original_remaining,2.292382325030084,5.036699362420915,1114,cof_001114,cof_symmetry_pipeline/output/xyz/aug_001269.xyz,49,33,52,0,0,train,train
Clc1ccc(C(c2ccc(Cl)cc2)(c2ccc(Cl)cc2)c2ccc(Cl)cc2)cc1,tetraphenylmethane_C4,Cl_direct,S4,D2d,nonplanar,146.5002398758667,original_remaining,2.142134557212056,4.254954410545995,1115,cof_001115,cof_symmetry_pipeline/output/xyz/aug_001271.xyz,45,29,48,0,0,train,train
Ic1ccc(C(c2ccc(I)cc2)(c2ccc(I)cc2)c2ccc(I)cc2)cc1,tetraphenylmethane_C4,I_direct,S4,D2d,nonplanar,150.758232744894,original_remaining,2.1683567109247237,4.842825352394711,1116,cof_001116,cof_symmetry_pipeline/output/xyz/aug_001273.xyz,45,29,48,0,0,train,train
O=[N+]([O-])c1ccc(C(c2ccc([N+](=O)[O-])cc2)(c2ccc([N+](=O)[O-])cc2)c2ccc([N+](=O)[O-])cc2)cc1,tetraphenylmethane_C4,NO2_direct,S4,D2d,nonplanar,286.68978136982645,original_remaining,2.3794465491668264,4.9035118869597,1117,cof_001117,cof_symmetry_pipeline/output/xyz/aug_001275.xyz,53,37,56,0,0,train,train
O=COc1ccc(C(c2ccc(OC=O)cc2)(c2ccc(OC=O)cc2)c2ccc(OC=O)cc2)cc1,tetraphenylmethane_C4,OCHO_direct,S4,S4,nonplanar,184.4694140145972,original_remaining,2.526098696193446,4.130345757259353,1118,cof_001118,cof_symmetry_pipeline/output/xyz/aug_001276.xyz,57,37,60,0,0,train,train
C#Cc1ccc(C(c2ccc(C#C)cc2)(c2ccc(C#C)cc2)c2ccc(C#C)cc2)cc1,tetraphenylmethane_C4,ethynyl_direct,S4,D2d,nonplanar,149.11299251633343,original_remaining,2.5056920644117286,5.331177702729217,1119,cof_001119,cof_symmetry_pipeline/output/xyz/aug_001279.xyz,53,33,56,0,0,val,train
Cc1ccc(C(c2ccc(C)cc2)(c2ccc(C)cc2)c2ccc(C)cc2)cc1,tetraphenylmethane_C4,methyl_direct,S4,D2d,nonplanar,157.82443595736785,original_remaining,2.452667913353246,4.588142120609177,1120,cof_001120,cof_symmetry_pipeline/output/xyz/aug_001280.xyz,57,29,60,0,0,test,train
C=Cc1ccc(C(c2ccc(C=C)cc2)(c2ccc(C=C)cc2)c2ccc(C=C)cc2)cc1,tetraphenylmethane_C4,vinyl_direct,S4,S4,nonplanar,172.71199144330396,original_remaining,2.712398703609761,5.509892171979831,1121,cof_001121,cof_symmetry_pipeline/output/xyz/aug_001281.xyz,61,33,64,0,0,test,train
N#CC#CNc1nc(NC#CC#N)nc(NC#CC#N)n1,triaminotriazine_C3,CCCN_direct,C3,C3,nonplanar,-218.39835210590783,original_remaining,0.7083417507685409,1.300955088323058,1122,cof_001122,cof_symmetry_pipeline/output/xyz/aug_001284.xyz,24,21,24,0,0,val,train
O=CNc1nc(NC=O)nc(NC=O)n1,triaminotriazine_C3,CHO_direct,C3,C3h,planar,-321.6280281682481,original_remaining,0.0001755795686642,0.0004804786081505,1123,cof_001123,cof_symmetry_pipeline/output/xyz/aug_001287.xyz,21,15,21,0,0,train,train
N#CNc1nc(NC#N)nc(NC#N)n1,triaminotriazine_C3,CN_direct,C3,C3,planar,-398.3263230892567,original_remaining,0.4398538768309651,0.8625658821870077,1124,cof_001124,cof_symmetry_pipeline/output/xyz/aug_001288.xyz,18,15,18,0,0,train,train
O=C(Cl)Nc1nc(NC(=O)Cl)nc(NC(=O)Cl)n1,triaminotriazine_C3,COCl_direct,C3,C3h,planar,-376.5136838883824,original_remaining,0.0002605464487053,0.0008173210501758,1125,cof_001125,cof_symmetry_pipeline/output/xyz/aug_001290.xyz,21,18,21,0,0,train,train
NC(=O)Nc1nc(NC(N)=O)nc(NC(N)=O)n1,triaminotriazine_C3,CONH2_direct,C3,C3,planar,-508.11528647444914,original_remaining,0.2052255164945252,0.5588729720189991,1126,cof_001126,cof_symmetry_pipeline/output/xyz/aug_001291.xyz,27,18,27,0,0,train,train
O=C(O)Nc1nc(NC(=O)O)nc(NC(=O)O)n1,triaminotriazine_C3,COOH_direct,C3,C3h,planar,-505.087280630269,original_remaining,0.0004239397904072,0.0007873078596435,1127,cof_001127,cof_symmetry_pipeline/output/xyz/aug_001292.xyz,24,18,24,0,0,train,train
COC(=O)Nc1nc(NC(=O)OC)nc(NC(=O)OC)n1,triaminotriazine_C3,COOMe_direct,C3,C3h,planar,-425.67545277095127,original_remaining,0.3842873013501406,0.9021043200780596,1128,cof_001128,cof_symmetry_pipeline/output/xyz/aug_001293.xyz,33,21,33,0,0,train,train
ClNc1nc(NCl)nc(NCl)n1,triaminotriazine_C3,Cl_direct,C3,C3,planar,-200.0502153736795,original_remaining,0.3497759292263054,0.6832344522151166,1129,cof_001129,cof_symmetry_pipeline/output/xyz/aug_001294.xyz,15,12,15,0,0,val,train
Clc1ccc(Nc2nc(Nc3ccc(Cl)cc3)nc(Nc3ccc(Cl)cc3)n2)cc1,triaminotriazine_C3,Cl_ph,C3,C3,planar,-189.6895488548901,original_remaining,0.0703660305274873,0.1806738499270877,1130,cof_001130,cof_symmetry_pipeline/output/xyz/aug_001295.xyz,45,30,48,0,0,train,train
O=CNNc1nc(NNC=O)nc(NNC=O)n1,triaminotriazine_C3,NHCHO_direct,C3,C3,nonplanar,-133.46626900990967,original_remaining,1.0397134779408972,1.7016795272054135,1131,cof_001131,cof_symmetry_pipeline/output/xyz/aug_001296.xyz,27,18,27,0,0,train,train
O=[N+]([O-])Nc1nc(N[N+](=O)[O-])nc(N[N+](=O)[O-])n1,triaminotriazine_C3,NO2_direct,C3,C3,nonplanar,-412.72387139122617,original_remaining,0.6135827205791692,1.3426050096618705,1132,cof_001132,cof_symmetry_pipeline/output/xyz/aug_001297.xyz,21,18,21,0,0,test,train
CC(=O)Nc1nc(NC(C)=O)nc(NC(C)=O)n1,triaminotriazine_C3,acetyl_direct,C3,C3,planar,-313.1308836155213,original_remaining,0.4002985246291733,1.0138561573092155,1133,cof_001133,cof_symmetry_pipeline/output/xyz/aug_001302.xyz,30,18,30,0,0,val,train
C#CNc1nc(NC#C)nc(NC#C)n1,triaminotriazine_C3,ethynyl_direct,C3,C3,nonplanar,-237.52266837843425,original_remaining,0.5496929040075388,1.0061518740720723,1134,cof_001134,cof_symmetry_pipeline/output/xyz/aug_001304.xyz,21,15,21,0,0,train,train
Brc1nc(Br)nc(Br)n1,triazine_C3,Br_direct,C3,D3h,planar,-126.9844866950771,original_remaining,2.562335838849673e-05,4.694492511063755e-05,1135,cof_001135,cof_symmetry_pipeline/output/xyz/aug_001308.xyz,9,9,9,0,0,train,train
N#CC#Cc1nc(C#CC#N)nc(C#CC#N)n1,triazine_C3,CCCN_direct,C3,D3h,planar,-125.72073395342724,original_remaining,0.0004926288555699,0.0008332176501153,1136,cof_001136,cof_symmetry_pipeline/output/xyz/aug_001309.xyz,18,18,18,0,0,train,train
O=C(O)C#Cc1nc(C#CC(=O)O)nc(C#CC(=O)O)n1,triazine_C3,CCCOOH_direct,C3,C3v,nonplanar,-218.93161728948385,original_remaining,0.6572356584498548,1.171141875317995,1137,cof_001137,cof_symmetry_pipeline/output/xyz/aug_001310.xyz,24,21,24,0,0,train,train
COC(=O)C#Cc1nc(C#CC(=O)OC)nc(C#CC(=O)OC)n1,triazine_C3,CCCOOMe_direct,C3,C3v,nonplanar,-156.09899344024248,original_remaining,0.8782796701311902,1.85047648375366,1138,cof_001138,cof_symmetry_pipeline/output/xyz/aug_001311.xyz,33,24,33,0,0,test,train
C#Cc1ccc(-c2nc(-c3ccc(C#C)cc3)nc(-c3ccc(C#C)cc3)n2)cc1,triazine_C3,CCH_ph,C3,D3h,planar,0.5663408584711682,original_remaining,2.2617154036047688e-05,4.249011077143983e-05,1139,cof_001139,cof_symmetry_pipeline/output/xyz/aug_001312.xyz,45,30,48,0,0,train,train
O=C=NC#Cc1nc(C#CN=C=O)nc(C#CN=C=O)n1,triazine_C3,CCNCO_direct,C3,C3,nonplanar,-125.41721744073782,original_remaining,0.7618029741506647,1.6493422297622229,1140,cof_001140,cof_symmetry_pipeline/output/xyz/aug_001314.xyz,21,21,21,0,0,train,train
O=[N+]([O-])C#Cc1nc(C#C[N+](=O)[O-])nc(C#C[N+](=O)[O-])n1,triazine_C3,CCNO2_direct,C3,D3h,nonplanar,-141.36935709546765,original_remaining,0.59170660405841,1.1086416503588017,1141,cof_001141,cof_symmetry_pipeline/output/xyz/aug_001316.xyz,21,21,21,0,0,test,train
OC#Cc1nc(C#CO)nc(C#CO)n1,triazine_C3,CCOH_direct,C3,C3h,planar,-111.33085750771367,original_remaining,0.0015866066958252,0.0038355000316281,1142,cof_001142,cof_symmetry_pipeline/output/xyz/aug_001317.xyz,18,15,18,0,0,train,train
FC(F)(F)c1nc(C(F)(F)F)nc(C(F)(F)F)n1,triazine_C3,CF3_direct,C3,C3v,nonplanar,207.6254853495536,original_remaining,0.62916173157832,1.2753231031855594,1143,cof_001143,cof_symmetry_pipeline/output/xyz/aug_001318.xyz,18,18,18,0,0,train,train
O=Cc1ccc(-c2nc(-c3ccc(C=O)cc3)nc(-c3ccc(C=O)cc3)n2)cc1,triazine_C3,CHO_ph,C3,C3h,planar,47.30163389995471,original_remaining,9.93618306012238e-05,0.0001911115013325,1144,cof_001144,cof_symmetry_pipeline/output/xyz/aug_001321.xyz,45,30,48,0,0,train,train
N#Cc1nc(C#N)nc(C#N)n1,triazine_C3,CN_direct,C3,D3h,planar,14.362381423134934,original_remaining,5.630698424958708e-07,1.57479269632943e-06,1145,cof_001145,cof_symmetry_pipeline/output/xyz/aug_001322.xyz,12,12,12,0,0,val,train
N#Cc1ccc(-c2nc(-c3ccc(C#N)cc3)nc(-c3ccc(C#N)cc3)n2)cc1,triazine_C3,CN_ph,C3,D3h,planar,43.39614022653646,original_remaining,0.0002365948553714,0.0005965657642992,1146,cof_001146,cof_symmetry_pipeline/output/xyz/aug_001323.xyz,42,30,45,0,0,train,train
O=C(Cl)c1nc(C(=O)Cl)nc(C(=O)Cl)n1,triazine_C3,COCl_direct,C3,C3h,planar,81.29262115791495,original_remaining,2.9100526099612065e-05,6.271725938167272e-05,1147,cof_001147,cof_symmetry_pipeline/output/xyz/aug_001325.xyz,15,15,15,0,0,train,train
Clc1nc(Cl)nc(Cl)n1,triazine_C3,Cl_direct,C3,D3h,planar,-148.747650370112,original_remaining,2.437597861296086e-06,3.6525323413583166e-06,1148,cof_001148,cof_symmetry_pipeline/output/xyz/aug_001330.xyz,9,9,9,0,0,train,train
Clc1ccc(-c2nc(-c3ccc(Cl)cc3)nc(-c3ccc(Cl)cc3)n2)cc1,triazine_C3,Cl_ph,C3,D3h,planar,-1.7261574839487892,original_remaining,0.0001122715032184,0.0002438178219821,1149,cof_001149,cof_symmetry_pipeline/output/xyz/aug_001331.xyz,39,27,42,0,0,train,train
Ic1nc(I)nc(I)n1,triazine_C3,I_direct,C3,D3h,planar,-117.88858126307542,original_remaining,1.774209314001509e-06,3.2662205362576917e-06,1150,cof_001150,cof_symmetry_pipeline/output/xyz/aug_001332.xyz,9,9,9,0,0,train,train
[N-]=[N+]=Nc1nc(N=[N+]=[N-])nc(N=[N+]=[N-])n1,triazine_C3,N3_direct,C3,C3,planar,-262.4398274552774,original_remaining,0.4252640190482547,0.7443540840739427,1151,cof_001151,cof_symmetry_pipeline/output/xyz/aug_001333.xyz,15,15,15,0,0,train,train
[N-]=[N+]=Nc1ccc(-c2nc(-c3ccc(N=[N+]=[N-])cc3)nc(-c3ccc(N=[N+]=[N-])cc3)n2)cc1,triazine_C3,N3_ph,C3,C3v,nonplanar,-19.834280546644244,original_remaining,0.5997995030561388,1.9728571653088696,1152,cof_001152,cof_symmetry_pipeline/output/xyz/aug_001334.xyz,45,33,48,0,0,train,train
O=C=Nc1nc(N=C=O)nc(N=C=O)n1,triazine_C3,NCO_direct,C3,C3v,nonplanar,-272.5295931875662,original_remaining,0.83695513285095,1.47558175986713,1153,cof_001153,cof_symmetry_pipeline/output/xyz/aug_001335.xyz,15,15,15,0,0,val,train
S=C=Nc1nc(N=C=S)nc(N=C=S)n1,triazine_C3,NCS_direct,C3,C3,nonplanar,-241.1412048702165,original_remaining,1.0175765275944728,1.8831128139054176,1154,cof_001154,cof_symmetry_pipeline/output/xyz/aug_001336.xyz,15,15,15,0,0,train,train
Nc1ccc(-c2nc(-c3ccc(N)cc3)nc(-c3ccc(N)cc3)n2)cc1,triazine_C3,NH2_ph,C3,C3v,planar,-28.6142134653928,original_remaining,0.1061814594363008,0.2628224503385519,1155,cof_001155,cof_symmetry_pipeline/output/xyz/aug_001338.xyz,45,27,48,0,0,train,train
O=[N+]([O-])c1nc([N+](=O)[O-])nc([N+](=O)[O-])n1,triazine_C3,NO2_direct,C3,D3h,planar,125.57525550425284,original_remaining,3.901480437833518e-06,8.177341554449491e-06,1156,cof_001156,cof_symmetry_pipeline/output/xyz/aug_001339.xyz,15,15,15,0,0,train,train
O=[N+]([O-])c1ccc(-c2nc(-c3ccc([N+](=O)[O-])cc3)nc(-c3ccc([N+](=O)[O-])cc3)n2)cc1,triazine_C3,NO2_ph,C3,D3h,planar,104.10117422107471,original_remaining,4.227259855620866e-05,0.0001197249267332,1157,cof_001157,cof_symmetry_pipeline/output/xyz/aug_001340.xyz,45,33,48,0,0,train,train
O=COc1nc(OC=O)nc(OC=O)n1,triazine_C3,OCHO_direct,C3,C3,nonplanar,-171.58656025352172,original_remaining,0.8090405490680469,1.483260328503257,1158,cof_001158,cof_symmetry_pipeline/output/xyz/aug_001342.xyz,18,15,18,0,0,train,train
N#COc1nc(OC#N)nc(OC#N)n1,triazine_C3,OCN_direct,C3,C3h,planar,-171.87718005080518,original_remaining,0.0020244996170111,0.0042039687864225,1159,cof_001159,cof_symmetry_pipeline/output/xyz/aug_001343.xyz,15,15,15,0,0,train,train
Oc1nc(O)nc(O)n1,triazine_C3,OH_direct,C3,C3h,planar,-244.65986676641185,original_remaining,3.4329680906580464e-05,5.5182959211891314e-05,1160,cof_001160,cof_symmetry_pipeline/output/xyz/aug_001344.xyz,12,9,12,0,0,test,train
Oc1ccc(-c2nc(-c3ccc(O)cc3)nc(-c3ccc(O)cc3)n2)cc1,triazine_C3,OH_ph,C3,C3h,planar,-31.35676559547373,original_remaining,1.009847548391254e-05,2.181870759354609e-05,1161,cof_001161,cof_symmetry_pipeline/output/xyz/aug_001345.xyz,42,27,45,0,0,val,train
COc1ccc(-c2nc(-c3ccc(OC)cc3)nc(-c3ccc(OC)cc3)n2)cc1,triazine_C3,OMe_ph,C3,C3h,planar,12.83995837362296,original_remaining,0.3099103730223306,0.9035601186376568,1162,cof_001162,cof_symmetry_pipeline/output/xyz/aug_001347.xyz,51,30,54,0,0,train,train
CC(=O)Oc1nc(OC(C)=O)nc(OC(C)=O)n1,triazine_C3,Oacetyl_direct,C3,C3,nonplanar,-172.49060471141763,original_remaining,0.7804313728826141,1.4288810428779657,1163,cof_001163,cof_symmetry_pipeline/output/xyz/aug_001348.xyz,27,18,27,0,0,train,train
O=S(=O)(O)c1nc(S(=O)(=O)O)nc(S(=O)(=O)O)n1,triazine_C3,SO3H_direct,C3,C3,nonplanar,121.06256672016389,original_remaining,0.6732220936933087,1.4108314049620778,1164,cof_001164,cof_symmetry_pipeline/output/xyz/aug_001352.xyz,21,18,21,0,0,train,train
C#Cc1nc(C#C)nc(C#C)n1,triazine_C3,ethynyl_direct,C3,D3h,planar,-97.01560029880956,original_remaining,3.328548702809775e-05,5.272706834524854e-05,1165,cof_001165,cof_symmetry_pipeline/output/xyz/aug_001355.xyz,15,12,15,0,0,train,train
Cc1nc(C)nc(C)n1,triazine_C3,methyl_direct,C3,C3v,nonplanar,-53.48809814653659,original_remaining,0.5143593497273702,1.0441624561595992,1166,cof_001166,cof_symmetry_pipeline/output/xyz/aug_001356.xyz,18,9,18,0,0,train,train
Cc1ccc(-c2nc(-c3ccc(C)cc3)nc(-c3ccc(C)cc3)n2)cc1,triazine_C3,methyl_ph,C3,C3v,planar,8.249304709946458,original_remaining,0.3159130527060654,1.049845872548811,1167,cof_001167,cof_symmetry_pipeline/output/xyz/aug_001357.xyz,48,27,51,0,0,train,train
Brc1ccc(-c2nc(-c3ccc(Br)cc3)nc(-c3ccc(Br)cc3)n2)cc1,triazine_triphenyl_C3,Br_direct,C3,D3h,planar,0.0311555473492326,original_remaining,4.5960288263522434e-05,8.50483193117757e-05,1168,cof_001168,cof_symmetry_pipeline/output/xyz/aug_001359.xyz,39,27,42,0,0,train,train
FC(F)(F)C#Cc1ccc(-c2nc(-c3ccc(C#CC(F)(F)F)cc3)nc(-c3ccc(C#CC(F)(F)F)cc3)n2)cc1,triazine_triphenyl_C3,CCCF3_direct,C3,C3,planar,15.33887196700778,original_remaining,0.3645406794717677,1.1771305169039223,1169,cof_001169,cof_symmetry_pipeline/output/xyz/aug_001360.xyz,54,42,57,0,0,train,train
N#CC#Cc1ccc(-c2nc(-c3ccc(C#CC#N)cc3)nc(-c3ccc(C#CC#N)cc3)n2)cc1,triazine_triphenyl_C3,CCCN_direct,C3,D3h,planar,7.283642985579688,original_remaining,3.304732220697136e-06,7.95598382929974e-06,1170,cof_001170,cof_symmetry_pipeline/output/xyz/aug_001362.xyz,48,36,51,0,0,val,train
O=[N+]([O-])C#Cc1ccc(-c2nc(-c3ccc(C#C[N+](=O)[O-])cc3)nc(-c3ccc(C#C[N+](=O)[O-])cc3)n2)cc1,triazine_triphenyl_C3,CCNO2_direct,C3,D3h,planar,14.31766278772441,original_remaining,0.0208115712856385,0.0728398175875506,1171,cof_001171,cof_symmetry_pipeline/output/xyz/aug_001364.xyz,51,39,54,0,0,train,train
OC#Cc1ccc(-c2nc(-c3ccc(C#CO)cc3)nc(-c3ccc(C#CO)cc3)n2)cc1,triazine_triphenyl_C3,CCOH_direct,C3,C3v,planar,-5.060733676590049,original_remaining,0.216536664818878,0.8444717875169652,1172,cof_001172,cof_symmetry_pipeline/output/xyz/aug_001365.xyz,48,33,51,0,0,train,train
O=C(Cl)c1ccc(-c2nc(-c3ccc(C(=O)Cl)cc3)nc(-c3ccc(C(=O)Cl)cc3)n2)cc1,triazine_triphenyl_C3,COCl_direct,C3,C3h,planar,79.57421981977348,original_remaining,8.44161560860062e-05,0.0002185183526887,1173,cof_001173,cof_symmetry_pipeline/output/xyz/aug_001367.xyz,45,33,48,0,0,train,train
NC(=O)c1ccc(-c2nc(-c3ccc(C(N)=O)cc3)nc(-c3ccc(C(N)=O)cc3)n2)cc1,triazine_triphenyl_C3,CONH2_direct,C3,C3,planar,-33.21030283334201,original_remaining,0.2729975100521894,0.8228192919235484,1174,cof_001174,cof_symmetry_pipeline/output/xyz/aug_001368.xyz,51,33,54,0,0,train,train
COC(=O)c1ccc(-c2nc(-c3ccc(C(=O)OC)cc3)nc(-c3ccc(C(=O)OC)cc3)n2)cc1,triazine_triphenyl_C3,COOMe_direct,C3,C3h,planar,43.62757868885878,original_remaining,0.2923057998274796,0.9010291850544032,1175,cof_001175,cof_symmetry_pipeline/output/xyz/aug_001369.xyz,57,36,60,0,0,train,train
Ic1ccc(-c2nc(-c3ccc(I)cc3)nc(-c3ccc(I)cc3)n2)cc1,triazine_triphenyl_C3,I_direct,C3,D3h,planar,2.2220018751994,original_remaining,3.633419415026846e-05,8.997489370576872e-05,1176,cof_001176,cof_symmetry_pipeline/output/xyz/aug_001371.xyz,39,27,42,0,0,train,train
O=C=Nc1ccc(-c2nc(-c3ccc(N=C=O)cc3)nc(-c3ccc(N=C=O)cc3)n2)cc1,triazine_triphenyl_C3,NCO_direct,C3,C3v,nonplanar,-17.06551624048066,original_remaining,0.5821315098701942,1.935948138006365,1177,cof_001177,cof_symmetry_pipeline/output/xyz/aug_001373.xyz,45,33,48,0,0,train,train
S=C=Nc1ccc(-c2nc(-c3ccc(N=C=S)cc3)nc(-c3ccc(N=C=S)cc3)n2)cc1,triazine_triphenyl_C3,NCS_direct,C3,C3v,nonplanar,-11.782752215412351,original_remaining,0.7130171477746508,2.471695342131545,1178,cof_001178,cof_symmetry_pipeline/output/xyz/aug_001374.xyz,45,33,48,0,0,test,train
O=CNc1ccc(-c2nc(-c3ccc(NC=O)cc3)nc(-c3ccc(NC=O)cc3)n2)cc1,triazine_triphenyl_C3,NHCHO_direct,C3,C3,planar,-59.39385366612652,original_remaining,0.1201105431789387,0.2380053925671957,1179,cof_001179,cof_symmetry_pipeline/output/xyz/aug_001375.xyz,51,33,54,0,0,test,train
CS(=O)(=O)Nc1ccc(-c2nc(-c3ccc(NS(C)(=O)=O)cc3)nc(-c3ccc(NS(C)(=O)=O)cc3)n2)cc1,triazine_triphenyl_C3,NHSO2_direct,C3,C3,nonplanar,-160.42925262116964,original_remaining,1.1710232553079731,2.851707342523293,1180,cof_001180,cof_symmetry_pipeline/output/xyz/aug_001377.xyz,63,39,66,0,0,train,train
N#COc1ccc(-c2nc(-c3ccc(OC#N)cc3)nc(-c3ccc(OC#N)cc3)n2)cc1,triazine_triphenyl_C3,OCN_direct,C3,C3h,planar,22.06586862319756,original_remaining,3.0458977556676475e-05,5.480116809081226e-05,1181,cof_001181,cof_symmetry_pipeline/output/xyz/aug_001379.xyz,45,33,48,0,0,train,train
O=S(=O)(Cl)c1ccc(-c2nc(-c3ccc(S(=O)(=O)Cl)cc3)nc(-c3ccc(S(=O)(=O)Cl)cc3)n2)cc1,triazine_triphenyl_C3,SO2Cl_direct,C3,C3v,nonplanar,98.92095171260765,original_remaining,0.5263693925583549,1.926225780082504,1182,cof_001182,cof_symmetry_pipeline/output/xyz/aug_001383.xyz,48,36,51,0,0,val,train
BrC#Cc1cc(C#CBr)cc(C#CBr)c1,triethynylbenzene_C3,Br_direct,C3,D3h,planar,5.448380867038446,original_remaining,2.618447820995099e-05,5.354025040915644e-05,1183,cof_001183,cof_symmetry_pipeline/output/xyz/aug_001387.xyz,18,15,18,0,0,train,train
O=CC#CC#Cc1cc(C#CC#CC=O)cc(C#CC#CC=O)c1,triethynylbenzene_C3,CCCHO_direct,C3,C3h,planar,4.298088233242827,original_remaining,0.0519832303698474,0.1310275886440481,1184,cof_001184,cof_symmetry_pipeline/output/xyz/aug_001388.xyz,30,24,30,0,0,train,train
N#CC#CC#Cc1cc(C#CC#CC#N)cc(C#CC#CC#N)c1,triethynylbenzene_C3,CCCN_direct,C3,D3h,planar,4.667472197208846,original_remaining,4.072709476234272e-06,8.317212922576145e-06,1185,cof_001185,cof_symmetry_pipeline/output/xyz/aug_001389.xyz,27,24,27,0,0,train,train
O=[N+]([O-])C#CC#Cc1cc(C#CC#C[N+](=O)[O-])cc(C#CC#C[N+](=O)[O-])c1,triethynylbenzene_C3,CCNO2_direct,C3,D3h,planar,5.23144785359138,original_remaining,0.0281396403155321,0.0868638271421283,1186,cof_001186,cof_symmetry_pipeline/output/xyz/aug_001391.xyz,30,27,30,0,0,train,train
OC#CC#Cc1cc(C#CC#CO)cc(C#CC#CO)c1,triethynylbenzene_C3,CCOH_direct,C3,C3h,planar,5.2159303855173205,original_remaining,0.0264614235501905,0.0951154969184049,1187,cof_001187,cof_symmetry_pipeline/output/xyz/aug_001392.xyz,27,21,27,0,0,test,train
O=CC#Cc1cc(C#CC=O)cc(C#CC=O)c1,triethynylbenzene_C3,CHO_direct,C3,C3h,planar,11.457792700361257,original_remaining,0.0304013542977075,0.082875644096497,1188,cof_001188,cof_symmetry_pipeline/output/xyz/aug_001393.xyz,24,18,24,0,0,train,train
N#CC#Cc1cc(C#CC#N)cc(C#CC#N)c1,triethynylbenzene_C3,CN_direct,C3,D3h,planar,13.462868002493453,original_remaining,1.0670741084404206e-05,2.2264579621844582e-05,1189,cof_001189,cof_symmetry_pipeline/output/xyz/aug_001394.xyz,21,18,21,0,0,train,train
O=C(Cl)C#Cc1cc(C#CC(=O)Cl)cc(C#CC(=O)Cl)c1,triethynylbenzene_C3,COCl_direct,C3,C3h,planar,15.95566637767264,original_remaining,5.638841418790047e-06,1.5127296796868528e-05,1190,cof_001190,cof_symmetry_pipeline/output/xyz/aug_001395.xyz,24,21,24,0,0,train,train
NC(=O)C#Cc1cc(C#CC(N)=O)cc(C#CC(N)=O)c1,triethynylbenzene_C3,CONH2_direct,C3,C3h,planar,-114.37249425752242,original_remaining,0.0228981548081018,0.0748921756275013,1191,cof_001191,cof_symmetry_pipeline/output/xyz/aug_001396.xyz,30,21,30,0,0,train,train
ClC#Cc1cc(C#CCl)cc(C#CCl)c1,triethynylbenzene_C3,Cl_direct,C3,D3h,planar,6.183477358819143,original_remaining,1.737288335520397e-05,3.568216386584666e-05,1192,cof_001192,cof_symmetry_pipeline/output/xyz/aug_001397.xyz,18,15,18,0,0,train,train
IC#Cc1cc(C#CI)cc(C#CI)c1,triethynylbenzene_C3,I_direct,C3,D3h,planar,4.939887927940973,original_remaining,1.00180675169014e-06,2.688483664581298e-06,1193,cof_001193,cof_symmetry_pipeline/output/xyz/aug_001399.xyz,18,15,18,0,0,train,train
O=CNC#Cc1cc(C#CNC=O)cc(C#CNC=O)c1,triethynylbenzene_C3,NHCHO_direct,C3,C3h,planar,-43.5021597914238,original_remaining,0.0158251759346136,0.0469887811502833,1194,cof_001194,cof_symmetry_pipeline/output/xyz/aug_001401.xyz,30,21,30,0,0,train,train
O=[N+]([O-])C#Cc1cc(C#C[N+](=O)[O-])cc(C#C[N+](=O)[O-])c1,triethynylbenzene_C3,NO2_direct,C3,D3h,planar,21.29839775429326,original_remaining,0.0006222086682737,0.0019858077067516,1195,cof_001195,cof_symmetry_pipeline/output/xyz/aug_001402.xyz,24,21,24,0,0,train,train
OC#Cc1cc(C#CO)cc(C#CO)c1,triethynylbenzene_C3,OH_direct,C3,C3,planar,-0.0547268307045389,original_remaining,0.2715109451419721,0.6972216221446096,1196,cof_001196,cof_symmetry_pipeline/output/xyz/aug_001405.xyz,21,15,21,0,0,train,train
COC#Cc1cc(C#COC)cc(C#COC)c1,triethynylbenzene_C3,OMe_direct,C3,C3v,nonplanar,11.190123512487858,original_remaining,0.7928945806533299,1.3176487611576524,1197,cof_001197,cof_symmetry_pipeline/output/xyz/aug_001406.xyz,30,18,30,0,0,train,train
O=P(Cl)(Cl)C#Cc1cc(C#CP(=O)(Cl)Cl)cc(C#CP(=O)(Cl)Cl)c1,triethynylbenzene_C3,POCl2_direct,C3,C3,nonplanar,46.6872205417499,original_remaining,0.7574674602225906,1.6854381714445863,1198,cof_001198,cof_symmetry_pipeline/output/xyz/aug_001407.xyz,27,24,27,0,0,train,train
SC#Cc1cc(C#CS)cc(C#CS)c1,triethynylbenzene_C3,SH_direct,C3,C3,planar,2.8663346451803404,original_remaining,0.3866364341362843,0.9613999378563948,1199,cof_001199,cof_symmetry_pipeline/output/xyz/aug_001408.xyz,21,15,21,0,0,val,train
C#CC#Cc1cc(C#CC#C)cc(C#CC#C)c1,triethynylbenzene_C3,ethynyl_direct,C3,D3h,planar,4.651443535358489,original_remaining,2.4648143394594435e-06,6.138659662202617e-06,1200,cof_001200,cof_symmetry_pipeline/output/xyz/aug_001412.xyz,24,18,24,0,0,train,train
C=CC#Cc1cc(C#CC=C)cc(C#CC=C)c1,triethynylbenzene_C3,vinyl_direct,C3,C3v,nonplanar,11.988355329805824,original_remaining,0.820970411225981,1.7690458592707514,1201,cof_001201,cof_symmetry_pipeline/output/xyz/aug_001414.xyz,30,18,30,0,0,train,train
BrC#Cc1nc(C#CBr)nc(C#CBr)n1,triethynyltriazine_C3,Br_direct,C3,D3h,planar,-119.42779623762762,original_remaining,0.0001609351904869,0.0002852179884613,1202,cof_001202,cof_symmetry_pipeline/output/xyz/aug_001415.xyz,15,15,15,0,0,train,train
FC(F)(F)C#CC#Cc1nc(C#CC#CC(F)(F)F)nc(C#CC#CC(F)(F)F)n1,triethynyltriazine_C3,CCCF3_direct,C3,C3,planar,-114.5481322361491,original_remaining,0.4890974385179791,1.2370136709644737,1203,cof_001203,cof_symmetry_pipeline/output/xyz/aug_001416.xyz,30,30,30,0,0,train,train
N#CC#CC#Cc1nc(C#CC#CC#N)nc(C#CC#CC#N)n1,triethynyltriazine_C3,CCCN_direct,C3,D3h,planar,-115.86856706305151,original_remaining,1.3831172893986498e-05,3.519391330253363e-05,1204,cof_001204,cof_symmetry_pipeline/output/xyz/aug_001418.xyz,24,24,24,0,0,train,train
O=C(O)C#CC#Cc1nc(C#CC#CC(=O)O)nc(C#CC#CC(=O)O)n1,triethynyltriazine_C3,CCCOOH_direct,C3,C3v,nonplanar,-213.0479938307236,original_remaining,0.5844604694555242,1.1323515179417112,1205,cof_001205,cof_symmetry_pipeline/output/xyz/aug_001419.xyz,30,27,30,0,0,train,train
C#Cc1ccc(C#Cc2nc(C#Cc3ccc(C#C)cc3)nc(C#Cc3ccc(C#C)cc3)n2)cc1,triethynyltriazine_C3,CCH_ph,C3,D3d,planar,-64.32824311230935,original_remaining,0.071910331314217,0.1977250386993654,1206,cof_001206,cof_symmetry_pipeline/output/xyz/aug_001420.xyz,51,36,54,0,0,train,train
O=[N+]([O-])C#CC#Cc1nc(C#CC#C[N+](=O)[O-])nc(C#CC#C[N+](=O)[O-])n1,triethynyltriazine_C3,CCNO2_direct,C3,D3h,nonplanar,-115.09083881582688,original_remaining,0.5183896361943408,1.103115643193307,1207,cof_001207,cof_symmetry_pipeline/output/xyz/aug_001422.xyz,27,27,27,0,0,train,train
OC#CC#Cc1nc(C#CC#CO)nc(C#CC#CO)n1,triethynyltriazine_C3,CCOH_direct,C3,C3h,planar,-115.6501557648876,original_remaining,0.0153996317489312,0.0553070866398726,1208,cof_001208,cof_symmetry_pipeline/output/xyz/aug_001423.xyz,24,21,24,0,0,train,train
ClC#Cc1nc(C#CCl)nc(C#CCl)n1,triethynyltriazine_C3,Cl_direct,C3,D3h,planar,-125.79897976368947,original_remaining,5.13084416569355e-05,9.070923847875888e-05,1209,cof_001209,cof_symmetry_pipeline/output/xyz/aug_001424.xyz,15,15,15,0,0,train,train
IC#Cc1nc(C#CI)nc(C#CI)n1,triethynyltriazine_C3,I_direct,C3,D3h,planar,-116.65557190582406,original_remaining,4.5959636742354384e-05,8.319717714400099e-05,1210,cof_001210,cof_symmetry_pipeline/output/xyz/aug_001425.xyz,15,15,15,0,0,train,train
O=COC#Cc1nc(C#COC=O)nc(C#COC=O)n1,triethynyltriazine_C3,OCHO_direct,C3,C3,nonplanar,-109.35265067526912,original_remaining,0.7716902321459028,1.6581529793930725,1211,cof_001211,cof_symmetry_pipeline/output/xyz/aug_001427.xyz,24,21,24,0,0,test,train
CC(=O)OC#Cc1nc(C#COC(C)=O)nc(C#COC(C)=O)n1,triethynyltriazine_C3,Oacetyl_direct,C3,C3,nonplanar,-110.46279822488468,original_remaining,0.7878740426017885,1.5910274048046018,1212,cof_001212,cof_symmetry_pipeline/output/xyz/aug_001429.xyz,33,24,33,0,0,train,train
SC#Cc1nc(C#CS)nc(C#CS)n1,triethynyltriazine_C3,SH_direct,C3,C3h,planar,-115.85954183731528,original_remaining,0.0354890133559818,0.094929900470746,1213,cof_001213,cof_symmetry_pipeline/output/xyz/aug_001431.xyz,18,15,18,0,0,test,train
C#CC#Cc1nc(C#CC#C)nc(C#CC#C)n1,triethynyltriazine_C3,ethynyl_direct,C3,D3h,planar,-116.37695838497577,original_remaining,2.4643479109630805e-05,5.815694044408737e-05,1214,cof_001214,cof_symmetry_pipeline/output/xyz/aug_001434.xyz,21,18,21,0,0,train,train
BrOc1cc(OBr)cc(OBr)c1,trihydroxybenzene_C3,Br_direct,C3,C3v,nonplanar,25.4430251965198,original_remaining,0.6552830693422195,1.3102484957985867,1215,cof_001215,cof_symmetry_pipeline/output/xyz/aug_001435.xyz,15,12,15,0,0,val,train
O=COc1cc(OC=O)cc(OC=O)c1,trihydroxybenzene_C3,CHO_direct,C3,C3,nonplanar,36.84217777236785,original_remaining,0.6107458573142561,1.245023671311636,1216,cof_001216,cof_symmetry_pipeline/output/xyz/aug_001437.xyz,21,15,21,0,0,train,train
N#COc1cc(OC#N)cc(OC#N)c1,trihydroxybenzene_C3,CN_direct,C3,C3h,planar,30.343824452865032,original_remaining,0.0064503547524431,0.0153220599642023,1217,cof_001217,cof_symmetry_pipeline/output/xyz/aug_001438.xyz,18,15,18,0,0,train,train
O=C(Cl)Oc1cc(OC(=O)Cl)cc(OC(=O)Cl)c1,trihydroxybenzene_C3,COCl_direct,C3,C3,nonplanar,41.378225933991736,original_remaining,0.6823880138935207,1.381688780805007,1218,cof_001218,cof_symmetry_pipeline/output/xyz/aug_001439.xyz,21,18,21,0,0,train,train
NC(=O)Oc1cc(OC(N)=O)cc(OC(N)=O)c1,trihydroxybenzene_C3,CONH2_direct,C3,C3,nonplanar,-112.0740141176498,original_remaining,0.612788408113182,1.1840218409871963,1219,cof_001219,cof_symmetry_pipeline/output/xyz/aug_001440.xyz,27,18,27,0,0,train,train
O=C(O)Oc1cc(OC(=O)O)cc(OC(=O)O)c1,trihydroxybenzene_C3,COOH_direct,C3,C3,nonplanar,-75.52559188177659,original_remaining,0.7990405013224234,1.3548388195426182,1220,cof_001220,cof_symmetry_pipeline/output/xyz/aug_001441.xyz,24,18,24,0,0,train,train
COC(=O)Oc1cc(OC(=O)OC)cc(OC(=O)OC)c1,trihydroxybenzene_C3,COOMe_direct,C3,C3,nonplanar,-5.757386482594853,original_remaining,0.9408587959262332,1.698404010448093,1221,cof_001221,cof_symmetry_pipeline/output/xyz/aug_001442.xyz,33,21,33,0,0,train,train
IOc1cc(OI)cc(OI)c1,trihydroxybenzene_C3,I_direct,C3,C3v,nonplanar,26.796344747696192,original_remaining,0.691244423574089,1.3818948706696523,1222,cof_001222,cof_symmetry_pipeline/output/xyz/aug_001443.xyz,15,12,15,0,0,train,train
[N-]=[N+]=NOc1cc(ON=[N+]=[N-])cc(ON=[N+]=[N-])c1,trihydroxybenzene_C3,N3_direct,C3,C3h,planar,27.23702136059268,original_remaining,2.0811175873659272e-05,3.655996956569707e-05,1223,cof_001223,cof_symmetry_pipeline/output/xyz/aug_001444.xyz,21,18,21,0,0,test,train
O=C=NOc1cc(ON=C=O)cc(ON=C=O)c1,trihydroxybenzene_C3,NCO_direct,C3,C3h,planar,28.82003237376568,original_remaining,0.0039627375408202,0.008033875696264,1224,cof_001224,cof_symmetry_pipeline/output/xyz/aug_001445.xyz,21,18,21,0,0,train,train
S=C=NOc1cc(ON=C=S)cc(ON=C=S)c1,trihydroxybenzene_C3,NCS_direct,C3,C3h,planar,27.91525460018976,original_remaining,0.0005607819129092,0.0012172584171297,1225,cof_001225,cof_symmetry_pipeline/output/xyz/aug_001446.xyz,21,18,21,0,0,train,train
O=[N+]([O-])Oc1cc(O[N+](=O)[O-])cc(O[N+](=O)[O-])c1,trihydroxybenzene_C3,NO2_direct,C3,C3,nonplanar,59.293468926926266,original_remaining,0.8046329260424757,1.5511221884509954,1226,cof_001226,cof_symmetry_pipeline/output/xyz/aug_001449.xyz,21,18,21,0,0,train,train
N#COOc1cc(OOC#N)cc(OOC#N)c1,trihydroxybenzene_C3,OCN_direct,C3,C3,nonplanar,30.283431934753143,original_remaining,0.9758405595111648,1.8486929882628664,1227,cof_001227,cof_symmetry_pipeline/output/xyz/aug_001450.xyz,21,18,21,0,0,train,train
COOc1cc(OOC)cc(OOC)c1,trihydroxybenzene_C3,OMe_direct,C3,C3,nonplanar,19.54503001171528,original_remaining,0.9717584559258472,1.5047643377389526,1228,cof_001228,cof_symmetry_pipeline/output/xyz/aug_001452.xyz,27,15,27,0,0,test,train
COc1cc(OC)cc(OC)c1,trihydroxybenzene_C3,methyl_direct,C3,C3h,planar,24.184673796821592,original_remaining,0.4518837364783155,0.903964766533614,1229,cof_001229,cof_symmetry_pipeline/output/xyz/aug_001457.xyz,24,12,24,0,0,train,train
O=C(O)C#COC(=O)c1cc(C(=O)OC#CC(=O)O)cc(C(=O)OC#CC(=O)O)c1,trimesic_ester_C3,CCCOOH_direct,C3,C3,nonplanar,-32.07721410540659,original_remaining,0.5312611515056115,1.1330428121227558,1230,cof_001230,cof_symmetry_pipeline/output/xyz/aug_001461.xyz,36,30,36,0,0,train,train
O=C=NC#COC(=O)c1cc(C(=O)OC#CN=C=O)cc(C(=O)OC#CN=C=O)c1,trimesic_ester_C3,CCNCO_direct,C3,C3,nonplanar,54.95483084939185,original_remaining,0.5911188710693603,1.6785736234100068,1231,cof_001231,cof_symmetry_pipeline/output/xyz/aug_001462.xyz,33,30,33,0,0,train,train
O=C(OC#C[N+](=O)[O-])c1cc(C(=O)OC#C[N+](=O)[O-])cc(C(=O)OC#C[N+](=O)[O-])c1,trimesic_ester_C3,CCNO2_direct,C3,C3h,planar,65.17385519678862,original_remaining,0.471946093955668,1.106844878119582,1232,cof_001232,cof_symmetry_pipeline/output/xyz/aug_001464.xyz,33,30,33,0,0,train,train
O=C(OC(F)(F)F)c1cc(C(=O)OC(F)(F)F)cc(C(=O)OC(F)(F)F)c1,trimesic_ester_C3,CF3_direct,C3,C3h,planar,-103.7191511632218,original_remaining,0.4954650731831056,1.1079999688956508,1233,cof_001233,cof_symmetry_pipeline/output/xyz/aug_001466.xyz,30,27,30,0,0,train,train
O=COC(=O)c1cc(C(=O)OC=O)cc(C(=O)OC=O)c1,trimesic_ester_C3,CHO_direct,C3,C3h,planar,2.9553422192536978,original_remaining,1.9939063419137468e-05,4.332198744649851e-05,1234,cof_001234,cof_symmetry_pipeline/output/xyz/aug_001468.xyz,27,21,27,0,0,train,train
COC(=O)OC(=O)c1cc(C(=O)OC(=O)OC)cc(C(=O)OC(=O)OC)c1,trimesic_ester_C3,COOMe_direct,C3,C3h,planar,-69.05897586440528,original_remaining,0.3534252491362165,0.9011138206742376,1235,cof_001235,cof_symmetry_pipeline/output/xyz/aug_001473.xyz,39,27,39,0,0,train,train
O=C(OCl)c1cc(C(=O)OCl)cc(C(=O)OCl)c1,trimesic_ester_C3,Cl_direct,C3,C3h,planar,80.8673642697174,original_remaining,2.312381167625079e-05,5.402683153482579e-05,1236,cof_001236,cof_symmetry_pipeline/output/xyz/aug_001474.xyz,21,18,21,0,0,train,train
O=C(Oc1ccc(Cl)cc1)c1cc(C(=O)Oc2ccc(Cl)cc2)cc(C(=O)Oc2ccc(Cl)cc2)c1,trimesic_ester_C3,Cl_ph,C3,C3h,nonplanar,127.72704309514135,original_remaining,1.2000799720301902,2.163880837016327,1237,cof_001237,cof_symmetry_pipeline/output/xyz/aug_001475.xyz,51,36,54,0,0,train,train
O=C(OI)c1cc(C(=O)OI)cc(C(=O)OI)c1,trimesic_ester_C3,I_direct,C3,C3h,planar,71.86861806210041,original_remaining,2.82639840314436e-05,7.892512721083267e-05,1238,cof_001238,cof_symmetry_pipeline/output/xyz/aug_001476.xyz,21,18,21,0,0,test,train
[N-]=[N+]=NOC(=O)c1cc(C(=O)ON=[N+]=[N-])cc(C(=O)ON=[N+]=[N-])c1,trimesic_ester_C3,N3_direct,C3,C3h,planar,126.92870585976742,original_remaining,4.881407265319367e-05,0.0001180784253831,1239,cof_001239,cof_symmetry_pipeline/output/xyz/aug_001477.xyz,27,24,27,0,0,train,train
O=C=NOC(=O)c1cc(C(=O)ON=C=O)cc(C(=O)ON=C=O)c1,trimesic_ester_C3,NCO_direct,C3,C3h,planar,124.06356105315618,original_remaining,0.0002021104420869,0.0005921747411614,1240,cof_001240,cof_symmetry_pipeline/output/xyz/aug_001478.xyz,27,24,27,0,0,train,train
O=C(Oc1ccc([N+](=O)[O-])cc1)c1cc(C(=O)Oc2ccc([N+](=O)[O-])cc2)cc(C(=O)Oc2ccc([N+](=O)[O-])cc2)c1,trimesic_ester_C3,NO2_ph,C3,C3h,nonplanar,232.88083619647773,original_remaining,1.1939016699296805,2.1730731629285964,1241,cof_001241,cof_symmetry_pipeline/output/xyz/aug_001480.xyz,57,42,60,0,0,train,train
N#COOC(=O)c1cc(C(=O)OOC#N)cc(C(=O)OOC#N)c1,trimesic_ester_C3,OCN_direct,C3,C3,nonplanar,74.21750878401282,original_remaining,0.846015642976119,2.0636938016306785,1242,cof_001242,cof_symmetry_pipeline/output/xyz/aug_001481.xyz,27,24,27,0,0,train,train
O=C(OO)c1cc(C(=O)OO)cc(C(=O)OO)c1,trimesic_ester_C3,OH_direct,C3,C3,planar,120.37551140595666,original_remaining,0.1189397303015491,0.2771312505780661,1243,cof_001243,cof_symmetry_pipeline/output/xyz/aug_001482.xyz,24,18,24,0,0,train,train
O=C(OS)c1cc(C(=O)OS)cc(C(=O)OS)c1,trimesic_ester_C3,SH_direct,C3,C3,planar,84.22755116674838,original_remaining,0.3836183954217669,0.9975167771454392,1244,cof_001244,cof_symmetry_pipeline/output/xyz/aug_001485.xyz,24,18,24,0,0,val,train
C#COC(=O)c1cc(C(=O)OC#C)cc(C(=O)OC#C)c1,trimesic_ester_C3,ethynyl_direct,C3,C3h,planar,63.20566402053244,original_remaining,0.0002975016707966,0.0006058408869569,1245,cof_001245,cof_symmetry_pipeline/output/xyz/aug_001487.xyz,27,21,27,0,0,train,train
COC(=O)c1cc(C(=O)OC)cc(C(=O)OC)c1,trimesic_ester_C3,methyl_direct,C3,C3h,planar,28.9287125352759,original_remaining,0.4028907304907335,0.9009013518303702,1246,cof_001246,cof_symmetry_pipeline/output/xyz/aug_001488.xyz,30,18,30,0,0,train,train
O=C(Cl)NC(=O)c1cc(C(=O)NC(=O)Cl)cc(C(=O)NC(=O)Cl)c1,trimesic_tris_amide_C3,COCl_direct,C3,C3h,planar,-125.89380488642465,original_remaining,0.0001928793163374,0.0004425797744826,1247,cof_001247,cof_symmetry_pipeline/output/xyz/aug_001492.xyz,30,24,30,0,0,train,train
O=C(NO)c1cc(C(=O)NO)cc(C(=O)NO)c1,trimesic_tris_amide_C3,OH_direct,C3,C3,planar,98.27259230404708,original_remaining,0.2853597152762872,0.6102349121141173,1248,cof_001248,cof_symmetry_pipeline/output/xyz/aug_001495.xyz,27,18,27,0,0,test,train
O=C(NS)c1cc(C(=O)NS)cc(C(=O)NS)c1,trimesic_tris_amide_C3,SH_direct,C3,C3,planar,44.83493730624264,original_remaining,0.3199004841705493,0.6378940584371255,1249,cof_001249,cof_symmetry_pipeline/output/xyz/aug_001496.xyz,27,18,27,0,0,val,train
C#Cc1ccc(-c2ccc(-c3cc(-c4ccc(-c5ccc(C#C)cc5)cc4)cc(-c4ccc(-c5ccc(C#C)cc5)cc4)c3)cc2)cc1,triphenylbenzene_C3,CCH_ph,C3,D3,nonplanar,145.2811538597426,original_remaining,1.2073803351145669,2.082552593979015,1250,cof_001250,cof_symmetry_pipeline/output/xyz/aug_001499.xyz,78,48,84,0,0,train,train
OC#Cc1ccc(-c2cc(-c3ccc(C#CO)cc3)cc(-c3ccc(C#CO)cc3)c2)cc1,triphenylbenzene_C3,CCOH_direct,C3,C3,nonplanar,71.95277251490151,original_remaining,0.9723133190028443,1.777069877016754,1251,cof_001251,cof_symmetry_pipeline/output/xyz/aug_001501.xyz,51,33,54,0,0,train,train
O=Cc1ccc(-c2cc(-c3ccc(C=O)cc3)cc(-c3ccc(C=O)cc3)c2)cc1,triphenylbenzene_C3,CHO_direct,C3,C3,nonplanar,123.96829747107373,original_remaining,1.0350099215823991,1.7425052034329926,1252,cof_001252,cof_symmetry_pipeline/output/xyz/aug_001502.xyz,48,30,51,0,0,train,train
N#Cc1ccc(-c2cc(-c3ccc(C#N)cc3)cc(-c3ccc(C#N)cc3)c2)cc1,triphenylbenzene_C3,CN_direct,C3,D3,nonplanar,119.6358957975695,original_remaining,1.0363653089623266,1.7556433527414996,1253,cof_001253,cof_symmetry_pipeline/output/xyz/aug_001504.xyz,45,30,48,0,0,train,train
COC(=O)c1ccc(-c2cc(-c3ccc(C(=O)OC)cc3)cc(-c3ccc(C(=O)OC)cc3)c2)cc1,triphenylbenzene_C3,COOMe_direct,C3,C3,nonplanar,120.24690911365624,original_remaining,1.0569000030607996,1.9547170942745744,1254,cof_001254,cof_symmetry_pipeline/output/xyz/aug_001506.xyz,60,36,63,0,0,val,train
Clc1ccc(-c2ccc(-c3cc(-c4ccc(-c5ccc(Cl)cc5)cc4)cc(-c4ccc(-c5ccc(Cl)cc5)cc4)c3)cc2)cc1,triphenylbenzene_C3,Cl_ph,C3,D3,nonplanar,142.1802965717337,original_remaining,1.256010404071663,2.091040782430009,1255,cof_001255,cof_symmetry_pipeline/output/xyz/aug_001508.xyz,72,45,78,0,0,train,train
Ic1ccc(-c2cc(-c3ccc(I)cc3)cc(-c3ccc(I)cc3)c2)cc1,triphenylbenzene_C3,I_direct,C3,D3,nonplanar,79.11386835224894,original_remaining,1.0674898449642831,1.7465492303324577,1256,cof_001256,cof_symmetry_pipeline/output/xyz/aug_001509.xyz,42,27,45,0,0,train,train
O=[N+]([O-])c1ccc(-c2ccc(-c3cc(-c4ccc(-c5ccc([N+](=O)[O-])cc5)cc4)cc(-c4ccc(-c5ccc([N+](=O)[O-])cc5)cc4)c3)cc2)cc1,triphenylbenzene_C3,NO2_ph,C3,D3,nonplanar,246.6585124906893,original_remaining,1.2474476718599643,2.1134485963532708,1257,cof_001257,cof_symmetry_pipeline/output/xyz/aug_001516.xyz,78,51,84,0,0,train,train
C#Cc1ccc(-c2cc(-c3ccc(C#C)cc3)cc(-c3ccc(C#C)cc3)c2)cc1,triphenylbenzene_C3,ethynyl_direct,C3,D3,nonplanar,77.7029426562925,original_remaining,0.994804702489278,1.742227070203544,1258,cof_001258,cof_symmetry_pipeline/output/xyz/aug_001519.xyz,48,30,51,0,0,train,train
BrC#Cc1ccc(-c2cc(-c3ccc(C#CBr)cc3)cc(-c3ccc(C#CBr)cc3)c2)cc1,tris_ethynyl_triphenyl_C3,Br_direct,C3,D3,nonplanar,77.24857741282345,original_remaining,0.9968752389622434,1.745332864652628,1259,cof_001259,cof_symmetry_pipeline/output/xyz/aug_001521.xyz,48,33,51,0,0,train,train
N#CC#CC#Cc1ccc(-c2cc(-c3ccc(C#CC#CC#N)cc3)cc(-c3ccc(C#CC#CC#N)cc3)c2)cc1,tris_ethynyl_triphenyl_C3,CCCN_direct,C3,D3,nonplanar,76.24088423936601,original_remaining,0.9159488220449804,1.7472593873916242,1260,cof_001260,cof_symmetry_pipeline/output/xyz/aug_001522.xyz,57,42,60,0,0,val,train
CNC(=O)C(=O)Nc1nc(NC(=O)C(=O)NC)nc(NC(=O)C(=O)NC)n1,triazine__oxamide,methyl_direct,C3,C3,planar,-240.8341004831448,hierarchical_v1,0.3385632114370644,1.0941596583802429,1261,cof_001261,cof_symmetry_pipeline/output/hierarchical/xyz/mol_000003.xyz,42,27,42,0,0,train,train
O=C(NCl)C(=O)Nc1nc(NC(=O)C(=O)NCl)nc(NC(=O)C(=O)NCl)n1,triazine__oxamide,Cl_direct,C3,C3h,planar,-226.4179779619354,hierarchical_v1,0.000376059669494,0.0007976551927889,1262,cof_001262,cof_symmetry_pipeline/output/hierarchical/xyz/mol_000004.xyz,33,27,33,0,0,test,train
O=C(NBr)C(=O)Nc1nc(NC(=O)C(=O)NBr)nc(NC(=O)C(=O)NBr)n1,triazine__oxamide,Br_direct,C3,C3h,planar,-227.85125557586787,hierarchical_v1,0.0002923133457833,0.0006412817120562,1263,cof_001263,cof_symmetry_pipeline/output/hierarchical/xyz/mol_000005.xyz,33,27,33,0,0,test,train
O=C(NI)C(=O)Nc1nc(NC(=O)C(=O)NI)nc(NC(=O)C(=O)NI)n1,triazine__oxamide,I_direct,C3,C3h,planar,-228.60387496159632,hierarchical_v1,0.0003044435882314,0.0008860917925648,1264,cof_001264,cof_symmetry_pipeline/output/hierarchical/xyz/mol_000006.xyz,33,27,33,0,0,train,train
O=CNC(=O)C(=O)Nc1nc(NC(=O)C(=O)NC=O)nc(NC(=O)C(=O)NC=O)n1,triazine__oxamide,CHO_direct,C3,C3h,planar,-342.2718052571861,hierarchical_v1,0.0002605727915177,0.0006522600089269,1265,cof_001265,cof_symmetry_pipeline/output/hierarchical/xyz/mol_000014.xyz,39,30,39,0,0,train,train
C=CNC(=O)C(=O)Nc1nc(NC(=O)C(=O)NC=C)nc(NC(=O)C(=O)NC=C)n1,triazine__oxamide,vinyl_direct,C3,C3h,planar,-200.50660716019587,hierarchical_v1,0.0056104698253744,0.0127472884817905,1266,cof_001266,cof_symmetry_pipeline/output/hierarchical/xyz/mol_000016.xyz,45,30,45,0,0,train,train
C#CNC(=O)C(=O)Nc1nc(NC(=O)C(=O)NC#C)nc(NC(=O)C(=O)NC#C)n1,triazine__oxamide,ethynyl_direct,C3,C3h,planar,-241.98325285080963,hierarchical_v1,0.0005006737143676,0.0012176667035885,1267,cof_001267,cof_symmetry_pipeline/output/hierarchical/xyz/mol_000017.xyz,39,30,39,0,0,train,train
O=C(Nc1nc(NC(=O)C(=O)N[N+](=O)[O-])nc(NC(=O)C(=O)N[N+](=O)[O-])n1)C(=O)N[N+](=O)[O-],triazine__oxamide,NO2_direct,C3,C3h,planar,-482.7346453858155,hierarchical_v1,0.0004216460603976,0.0010860365901922,1268,cof_001268,cof_symmetry_pipeline/output/hierarchical/xyz/mol_000033.xyz,39,33,39,0,0,train,train
[N-]=[N+]=NNC(=O)C(=O)Nc1nc(NC(=O)C(=O)NN=[N+]=[N-])nc(NC(=O)C(=O)NN=[N+]=[N-])n1,triazine__oxamide,N3_direct,C3,C3h,planar,-109.6144469696111,hierarchical_v1,0.0013357907014323,0.0043569297334955,1269,cof_001269,cof_symmetry_pipeline/output/hierarchical/xyz/mol_000034.xyz,39,33,39,0,0,train,train
O=C=NNC(=O)C(=O)Nc1nc(NC(=O)C(=O)NN=C=O)nc(NC(=O)C(=O)NN=C=O)n1,triazine__oxamide,NCO_direct,C3,C3h,planar,-105.94858867685674,hierarchical_v1,0.0042761900380442,0.010844997590699,1270,cof_001270,cof_symmetry_pipeline/output/hierarchical/xyz/mol_000035.xyz,39,33,39,0,0,train,train
O=C(NN=C=S)C(=O)Nc1nc(NC(=O)C(=O)NN=C=S)nc(NC(=O)C(=O)NN=C=S)n1,triazine__oxamide,NCS_direct,C3,C3h,planar,-115.5246462341903,hierarchical_v1,0.001176776935899,0.002985531919097,1271,cof_001271,cof_symmetry_pipeline/output/hierarchical/xyz/mol_000036.xyz,39,33,39,0,0,train,train
NC(=O)NC(=O)C(=O)Nc1nc(NC(=O)C(=O)NC(N)=O)nc(NC(=O)C(=O)NC(N)=O)n1,triazine__oxamide,CONH2_direct,C3,C3,nonplanar,-534.1216952741538,hierarchical_v1,0.5299004840038147,1.2097299046869006,1272,cof_001272,cof_symmetry_pipeline/output/hierarchical/xyz/mol_000037.xyz,45,33,45,0,0,train,train
O=C(NC#CO)C(=O)Nc1nc(NC(=O)C(=O)NC#CO)nc(NC(=O)C(=O)NC#CO)n1,triazine__oxamide,CCOH_direct,C3,C3h,planar,-236.07534165774345,hierarchical_v1,0.0200783365065458,0.1000133087966081,1273,cof_001273,cof_symmetry_pipeline/output/hierarchical/xyz/mol_000041.xyz,42,33,42,0,0,train,train
N#CSNC(=O)C(=O)Nc1nc(NC(=O)C(=O)NSC#N)nc(NC(=O)C(=O)NSC#N)n1,triazine__oxamide,SCN_direct,C3,C3,nonplanar,-188.4358659496292,hierarchical_v1,0.8266263280545456,2.4335426758350405,1274,cof_001274,cof_symmetry_pipeline/output/hierarchical/xyz/mol_000046.xyz,39,33,39,0,0,train,train
O=C(NBr)C(=O)NC#Cc1cc(C#CNC(=O)C(=O)NBr)cc(C#CNC(=O)C(=O)NBr)c1,triethynylbenzene__oxamide,Br_direct,C3,C3,planar,69.44964253964228,hierarchical_v1,0.0890716206083611,0.265925294603432,1275,cof_001275,cof_symmetry_pipeline/output/hierarchical/xyz/mol_000052.xyz,42,33,42,0,0,train,train
O=C(NCl)C(=O)NC#Cc1nc(C#CNC(=O)C(=O)NCl)nc(C#CNC(=O)C(=O)NCl)n1,triethynyltriazine__oxamide,Cl_direct,C3,C3v,nonplanar,-38.56807057248571,hierarchical_v1,1.0529187840743697,1.9936391136568097,1276,cof_001276,cof_symmetry_pipeline/output/hierarchical/xyz/mol_000058.xyz,39,33,39,0,0,train,train
O=C(NBr)C(=O)NC#Cc1nc(C#CNC(=O)C(=O)NBr)nc(C#CNC(=O)C(=O)NBr)n1,triethynyltriazine__oxamide,Br_direct,C3,C3,nonplanar,-39.62802374136313,hierarchical_v1,0.9264420961961142,1.774489456079798,1277,cof_001277,cof_symmetry_pipeline/output/hierarchical/xyz/mol_000059.xyz,39,33,39,0,0,train,train
O=C(NI)C(=O)NC#Cc1nc(C#CNC(=O)C(=O)NI)nc(C#CNC(=O)C(=O)NI)n1,triethynyltriazine__oxamide,I_direct,C3,C3,nonplanar,-40.195946482342,hierarchical_v1,0.989706097454486,1.8464172054599264,1278,cof_001278,cof_symmetry_pipeline/output/hierarchical/xyz/mol_000060.xyz,39,33,39,0,0,test,train
NC(=O)NC(=O)C(=O)NNc1nc(NNC(=O)C(=O)NC(N)=O)nc(NNC(=O)C(=O)NC(N)=O)n1,triaminotriazine__oxamide,CONH2_direct,C3,C3,nonplanar,-299.8359468332126,hierarchical_v1,2.027664656842066,3.478186132983337,1279,cof_001279,cof_symmetry_pipeline/output/hierarchical/xyz/mol_000079.xyz,51,36,51,0,0,train,val
O=C(Nc1nc(NC(=O)C(=O)NC(F)(F)F)nc(NC(=O)C(=O)NC(F)(F)F)n1)C(=O)NC(F)(F)F,triazine__oxamide,CF3_direct,C3,C3,planar,-501.27791555800354,hierarchical_v1,0.4262042358355398,1.407090214578146,1280,cof_001280,cof_symmetry_pipeline/output/hierarchical/xyz/mol_000091.xyz,42,36,42,0,0,train,train
N#CC#CNC(=O)C(=O)Nc1nc(NC(=O)C(=O)NC#CC#N)nc(NC(=O)C(=O)NC#CC#N)n1,triazine__oxamide,CCCN_direct,C3,C3h,planar,-222.08999220131108,hierarchical_v1,0.0034263420522015,0.0084405368330857,1281,cof_001281,cof_symmetry_pipeline/output/hierarchical/xyz/mol_000095.xyz,42,36,42,0,0,train,train
CC(=O)ONC(=O)C(=O)Nc1nc(NC(=O)C(=O)NOC(C)=O)nc(NC(=O)C(=O)NOC(C)=O)n1,triazine__oxamide,Oacetyl_direct,C3,C3,nonplanar,-159.52681723112835,hierarchical_v1,0.8287799357669611,1.80404346162755,1282,cof_001282,cof_symmetry_pipeline/output/hierarchical/xyz/mol_000096.xyz,51,36,51,0,0,train,train
O=C(Nc1nc(NC(=O)C(=O)NS(=O)(=O)Cl)nc(NC(=O)C(=O)NS(=O)(=O)Cl)n1)C(=O)NS(=O)(=O)Cl,triazine__oxamide,SO2Cl_direct,C3,C3,nonplanar,-622.6318130501974,hierarchical_v1,0.5275633442501995,1.6778094365547889,1283,cof_001283,cof_symmetry_pipeline/output/hierarchical/xyz/mol_000100.xyz,42,36,42,0,0,test,train
O=CNC(=O)C(=O)NC#Cc1nc(C#CNC(=O)C(=O)NC=O)nc(C#CNC(=O)C(=O)NC=O)n1,triethynyltriazine__oxamide,CHO_direct,C3,C3v,nonplanar,-153.85441236266314,hierarchical_v1,1.1086012694587704,1.8777999223411124,1284,cof_001284,cof_symmetry_pipeline/output/hierarchical/xyz/mol_000107.xyz,45,36,45,0,0,train,train
N#CNC(=O)C(=O)NC#Cc1nc(C#CNC(=O)C(=O)NC#N)nc(C#CNC(=O)C(=O)NC#N)n1,triethynyltriazine__oxamide,CN_direct,C3,C3,nonplanar,-164.48757618802588,hierarchical_v1,1.0291715639397163,2.003784226061586,1285,cof_001285,cof_symmetry_pipeline/output/hierarchical/xyz/mol_000108.xyz,42,36,42,0,0,val,train
C=CNC(=O)C(=O)NC#Cc1nc(C#CNC(=O)C(=O)NC=C)nc(C#CNC(=O)C(=O)NC=C)n1,triethynyltriazine__oxamide,vinyl_direct,C3,C3,nonplanar,-11.70761267479263,hierarchical_v1,1.1894672743045556,2.407166337571559,1286,cof_001286,cof_symmetry_pipeline/output/hierarchical/xyz/mol_000109.xyz,51,36,51,0,0,train,train
C#CNC(=O)C(=O)NC#Cc1nc(C#CNC(=O)C(=O)NC#C)nc(C#CNC(=O)C(=O)NC#C)n1,triethynyltriazine__oxamide,ethynyl_direct,C3,C3,nonplanar,-53.56603794438738,hierarchical_v1,0.9880392624694688,1.7186850304682944,1287,cof_001287,cof_symmetry_pipeline/output/hierarchical/xyz/mol_000110.xyz,45,36,45,0,0,train,train
O=C(NCl)C(=O)NNC(=O)c1cc(C(=O)NNC(=O)C(=O)NCl)cc(C(=O)NNC(=O)C(=O)NCl)c1,trimesic_tris_amide__oxamide,Cl_direct,C3,C3,nonplanar,216.77242326811427,hierarchical_v1,1.2045212841563713,2.201915521589695,1288,cof_001288,cof_symmetry_pipeline/output/hierarchical/xyz/mol_000139.xyz,48,36,48,0,0,train,train
O=C(NBr)C(=O)NNC(=O)c1cc(C(=O)NNC(=O)C(=O)NBr)cc(C(=O)NNC(=O)C(=O)NBr)c1,trimesic_tris_amide__oxamide,Br_direct,C3,C3,nonplanar,215.70116780287967,hierarchical_v1,1.2230602413595837,2.2775693045333822,1289,cof_001289,cof_symmetry_pipeline/output/hierarchical/xyz/mol_000140.xyz,48,36,48,0,0,train,train
N#CC#CNC(=O)C(=O)NNc1nc(NNC(=O)C(=O)NC#CC#N)nc(NNC(=O)C(=O)NC#CC#N)n1,triaminotriazine__oxamide,CCCN_direct,C3,C3,nonplanar,11.080530749279315,hierarchical_v1,2.4514614202116163,4.866566649345848,1290,cof_001290,cof_symmetry_pipeline/output/hierarchical/xyz/mol_000155.xyz,48,39,48,0,0,train,val
OC#Cc1ccc(C#Cc2nc(C#Cc3ccc(C#CO)cc3)nc(C#Cc3ccc(C#CO)cc3)n2)cc1,triazine__diethynylbenzene,OH_direct,C3,C3,planar,-69.9576614904142,hierarchical_v1,0.2633807492135776,0.8596437625097275,1291,cof_001291,cof_symmetry_pipeline/output/hierarchical/xyz/mol_000177.xyz,54,39,57,0,0,train,train
SC#Cc1ccc(C#Cc2nc(C#Cc3ccc(C#CS)cc3)nc(C#Cc3ccc(C#CS)cc3)n2)cc1,triazine__diethynylbenzene,SH_direct,C3,C3,planar,-67.12255201900128,hierarchical_v1,0.3187670386772931,1.2695749044651097,1292,cof_001292,cof_symmetry_pipeline/output/hierarchical/xyz/mol_000178.xyz,54,39,57,0,0,train,train
ClC#Cc1ccc(C#Cc2nc(C#Cc3ccc(C#CCl)cc3)nc(C#Cc3ccc(C#CCl)cc3)n2)cc1,triazine__diethynylbenzene,Cl_direct,C3,D3d,planar,-64.19800330210181,hierarchical_v1,0.0845203392840551,0.1962861652635895,1293,cof_001293,cof_symmetry_pipeline/output/hierarchical/xyz/mol_000180.xyz,51,39,54,0,0,train,train
BrC#Cc1ccc(C#Cc2nc(C#Cc3ccc(C#CBr)cc3)nc(C#Cc3ccc(C#CBr)cc3)n2)cc1,triazine__diethynylbenzene,Br_direct,C3,D3,planar,-64.60264114372426,hierarchical_v1,0.1896438737151498,0.5048287527710018,1294,cof_001294,cof_symmetry_pipeline/output/hierarchical/xyz/mol_000181.xyz,51,39,54,0,0,train,train
IC#Cc1ccc(C#Cc2nc(C#Cc3ccc(C#CI)cc3)nc(C#Cc3ccc(C#CI)cc3)n2)cc1,triazine__diethynylbenzene,I_direct,C3,D3h,planar,-64.97121170794942,hierarchical_v1,0.0574251480445911,0.1361066370158363,1295,cof_001295,cof_symmetry_pipeline/output/hierarchical/xyz/mol_000182.xyz,51,39,54,0,0,train,train
Nc1c(F)c(F)c(-c2nc(-c3c(F)c(F)c(N)c(F)c3F)nc(-c3c(F)c(F)c(N)c(F)c3F)n2)c(F)c1F,triazine__tetrafluorobenzene,NH2_direct,C3,C3,nonplanar,38.58797860819183,hierarchical_v1,1.034116834725033,1.7848389954263912,1296,cof_001296,cof_symmetry_pipeline/output/hierarchical/xyz/mol_000188.xyz,45,39,48,0,0,val,train
Oc1c(F)c(F)c(-c2nc(-c3c(F)c(F)c(O)c(F)c3F)nc(-c3c(F)c(F)c(O)c(F)c3F)n2)c(F)c1F,triazine__tetrafluorobenzene,OH_direct,C3,C3,nonplanar,-21.68636300416157,hierarchical_v1,1.0440005669120431,1.7783561791678602,1297,cof_001297,cof_symmetry_pipeline/output/hierarchical/xyz/mol_000189.xyz,42,39,45,0,0,train,train
Fc1c(F)c(-c2nc(-c3c(F)c(F)c(S)c(F)c3F)nc(-c3c(F)c(F)c(S)c(F)c3F)n2)c(F)c(F)c1S,triazine__tetrafluorobenzene,SH_direct,C3,C3,nonplanar,-48.10090601702964,hierarchical_v1,1.0586985083868132,1.7986263449585,1298,cof_001298,cof_symmetry_pipeline/output/hierarchical/xyz/mol_000190.xyz,42,39,45,0,0,train,train
[N-]=[N+]=NNC(=O)C(=O)NC#Cc1nc(C#CNC(=O)C(=O)NN=[N+]=[N-])nc(C#CNC(=O)C(=O)NN=[N+]=[N-])n1,triethynyltriazine__oxamide,N3_direct,C3,C3v,nonplanar,78.13306167296287,hierarchical_v1,1.2801790895295804,2.5303046444784068,1299,cof_001299,cof_symmetry_pipeline/output/hierarchical/xyz/mol_000214.xyz,45,39,45,0,0,train,train
O=C(NC#Cc1nc(C#CNC(=O)C(=O)NN=C=S)nc(C#CNC(=O)C(=O)NN=C=S)n1)C(=O)NN=C=S,triethynyltriazine__oxamide,NCS_direct,C3,C3v,nonplanar,72.25622402369086,hierarchical_v1,1.3466147832373874,3.0016332519790105,1300,cof_001300,cof_symmetry_pipeline/output/hierarchical/xyz/mol_000216.xyz,45,39,45,0,0,train,train
C=CNC(=O)C(=O)NNC(=O)c1cc(C(=O)NNC(=O)C(=O)NC=C)cc(C(=O)NNC(=O)C(=O)NC=C)c1,trimesic_tris_amide__oxamide,vinyl_direct,C3,C3,nonplanar,243.37482614826013,hierarchical_v1,1.820993493627382,3.420185381867275,1301,cof_001301,cof_symmetry_pipeline/output/hierarchical/xyz/mol_000247.xyz,60,39,60,0,0,train,train
N#CC#Cc1ccc(C#Cc2nc(C#Cc3ccc(C#CC#N)cc3)nc(C#Cc3ccc(C#CC#N)cc3)n2)cc1,triazine__diethynylbenzene,CN_direct,C3,D3h,planar,-57.6769827646234,hierarchical_v1,0.0437568625489583,0.1170790747154977,1302,cof_001302,cof_symmetry_pipeline/output/hierarchical/xyz/mol_000304.xyz,54,42,57,0,0,train,train
C#CC#Cc1ccc(C#Cc2nc(C#Cc3ccc(C#CC#C)cc3)nc(C#Cc3ccc(C#CC#C)cc3)n2)cc1,triazine__diethynylbenzene,ethynyl_direct,C3,D3h,planar,-65.16519130126996,hierarchical_v1,0.0358384360856998,0.111363173831315,1303,cof_001303,cof_symmetry_pipeline/output/hierarchical/xyz/mol_000306.xyz,57,42,60,0,0,train,train
COc1c(F)c(F)c(-c2nc(-c3c(F)c(F)c(OC)c(F)c3F)nc(-c3c(F)c(F)c(OC)c(F)c3F)n2)c(F)c1F,triazine__tetrafluorobenzene,OMe_direct,C3,C3,nonplanar,-4.222703821487187,hierarchical_v1,1.0507914240017668,1.9610618276787075,1304,cof_001304,cof_symmetry_pipeline/output/hierarchical/xyz/mol_000314.xyz,51,42,54,0,0,train,train
N#CC#CNC(=O)C(=O)NC#Cc1nc(C#CNC(=O)C(=O)NC#CC#N)nc(C#CNC(=O)C(=O)NC#CC#N)n1,triethynyltriazine__oxamide,CCCN_direct,C3,C3,nonplanar,-33.59843173938055,hierarchical_v1,1.0031785082827724,1.711276820752858,1305,cof_001305,cof_symmetry_pipeline/output/hierarchical/xyz/mol_000334.xyz,48,42,48,0,0,test,train
Brc1ccc(-c2ccc(Oc3cc(Oc4ccc(-c5ccc(Br)s5)s4)cc(Oc4ccc(-c5ccc(Br)s5)s4)c3)s2)s1,trihydroxybenzene__bithiophene,Br_direct,C3,C3,nonplanar,72.17621898298826,hierarchical_v1,2.7854013900177166,5.957671306946823,1306,cof_001306,cof_symmetry_pipeline/output/hierarchical/xyz/mol_000353.xyz,57,42,63,0,0,train,train
N#CNNC(=O)C(=O)NOC(=O)c1cc(C(=O)ONC(=O)C(=O)NNC#N)cc(C(=O)ONC(=O)C(=O)NNC#N)c1,trimesic_ester__oxamide,NHCN_direct,C3,C3,nonplanar,314.58932732562306,hierarchical_v1,1.568895724745864,3.110180510205161,1307,cof_001307,cof_symmetry_pipeline/output/hierarchical/xyz/mol_000388.xyz,54,42,54,0,0,train,train
O=C(Cl)NC(=O)C(=O)NNC(=O)c1cc(C(=O)NNC(=O)C(=O)NC(=O)Cl)cc(C(=O)NNC(=O)C(=O)NC(=O)Cl)c1,trimesic_tris_amide__oxamide,COCl_direct,C3,C3,nonplanar,32.76190712225591,hierarchical_v1,1.524137868392922,3.5599709183136383,1308,cof_001308,cof_symmetry_pipeline/output/hierarchical/xyz/mol_000397.xyz,54,42,54,0,0,train,train
Sc1ccc(-c2ccc(-c3nc(-c4ccc(-c5ccc(S)cc5)cc4)nc(-c4ccc(-c5ccc(S)cc5)cc4)n3)cc2)cc1,triazine__biphenyl,SH_direct,C3,C3,nonplanar,57.999070327530106,hierarchical_v1,0.8486484877521727,1.8137269725226075,1309,cof_001309,cof_symmetry_pipeline/output/hierarchical/xyz/mol_000478.xyz,72,45,78,0,0,train,train
Clc1ccc(-c2ccc(-c3nc(-c4ccc(-c5ccc(Cl)cc5)cc4)nc(-c4ccc(-c5ccc(Cl)cc5)cc4)n3)cc2)cc1,triazine__biphenyl,Cl_direct,C3,D3,nonplanar,64.81411183447419,hierarchical_v1,0.837196050114812,1.771855854926061,1310,cof_001310,cof_symmetry_pipeline/output/xyz/mol_003285.xyz,69,45,75,0,0,test,train
Brc1ccc(-c2ccc(-c3nc(-c4ccc(-c5ccc(Br)cc5)cc4)nc(-c4ccc(-c5ccc(Br)cc5)cc4)n3)cc2)cc1,triazine__biphenyl,Br_direct,C3,D3,nonplanar,66.90583887339801,hierarchical_v1,0.8378634199060079,1.7618614177786385,1311,cof_001311,cof_symmetry_pipeline/output/hierarchical/xyz/mol_000481.xyz,69,45,75,0,0,train,train
Ic1ccc(-c2ccc(-c3nc(-c4ccc(-c5ccc(I)cc5)cc4)nc(-c4ccc(-c5ccc(I)cc5)cc4)n3)cc2)cc1,triazine__biphenyl,I_direct,C3,D3,nonplanar,69.24933210283879,hierarchical_v1,0.8385918737204908,1.7600333052562205,1312,cof_001312,cof_symmetry_pipeline/output/hierarchical/xyz/mol_000482.xyz,69,45,75,0,0,train,train
Brc1ccc(-c2ccc(-c3nc(-c4ccc(-c5ccc(Br)cn5)nc4)nc(-c4ccc(-c5ccc(Br)cn5)nc4)n3)cn2)nc1,triazine__bipyridine,Br_direct,C3,C3h,planar,135.16547672651114,hierarchical_v1,6.349273943337967e-05,0.0001862755455057,1313,cof_001313,cof_symmetry_pipeline/output/hierarchical/xyz/mol_000488.xyz,63,45,69,0,0,train,train
Cc1cnc(-c2cnc(-c3nc(-c4cnc(-c5cnc(C)cn5)cn4)nc(-c4cnc(-c5cnc(C)cn5)cn4)n3)cn2)cn1,triazine__pyrazine_phenyl,methyl_direct,C3,C3h,planar,426.7609581808273,hierarchical_v1,0.2689329065649933,0.8956861401842594,1314,cof_001314,cof_symmetry_pipeline/output/hierarchical/xyz/mol_000543.xyz,66,45,72,0,0,train,train
Brc1cnc(-c2cnc(-c3nc(-c4cnc(-c5cnc(Br)cn5)cn4)nc(-c4cnc(-c5cnc(Br)cn5)cn4)n3)cn2)cn1,triazine__pyrazine_phenyl,Br_direct,C3,C3h,planar,439.672199062614,hierarchical_v1,3.0544026396869355e-05,7.715577774822235e-05,1315,cof_001315,cof_symmetry_pipeline/output/hierarchical/xyz/mol_000545.xyz,57,45,63,0,0,train,train
O=[N+]([O-])c1c(F)c(F)c(-c2nc(-c3c(F)c(F)c([N+](=O)[O-])c(F)c3F)nc(-c3c(F)c(F)c([N+](=O)[O-])c(F)c3F)n2)c(F)c1F,triazine__tetrafluorobenzene,NO2_direct,C3,D3,nonplanar,-126.20271573448136,hierarchical_v1,1.026882760824546,1.7267846116781262,1316,cof_001316,cof_symmetry_pipeline/output/hierarchical/xyz/mol_000549.xyz,45,45,48,0,0,train,train
NC(=O)c1c(F)c(F)c(-c2nc(-c3c(F)c(F)c(C(N)=O)c(F)c3F)nc(-c3c(F)c(F)c(C(N)=O)c(F)c3F)n2)c(F)c1F,triazine__tetrafluorobenzene,CONH2_direct,C3,C3,nonplanar,-169.13765743391554,hierarchical_v1,1.009085462998924,1.8313137246317024,1317,cof_001317,cof_symmetry_pipeline/output/hierarchical/xyz/mol_000553.xyz,51,45,54,0,0,train,train
Oc1c(F)c(F)c(C#Cc2cc(C#Cc3c(F)c(F)c(O)c(F)c3F)cc(C#Cc3c(F)c(F)c(O)c(F)c3F)c2)c(F)c1F,triethynylbenzene__tetrafluorobenzene,OH_direct,C3,C3h,planar,102.88406855657816,hierarchical_v1,0.0306829547613792,0.0651455402962799,1318,cof_001318,cof_symmetry_pipeline/output/hierarchical/xyz/mol_000597.xyz,51,45,54,0,0,val,train
Fc1c(F)c(C#Cc2cc(C#Cc3c(F)c(F)c(S)c(F)c3F)cc(C#Cc3c(F)c(F)c(S)c(F)c3F)c2)c(F)c(F)c1S,triethynylbenzene__tetrafluorobenzene,SH_direct,C3,C3,planar,76.4730219185909,hierarchical_v1,0.2907923535221723,0.5719662563159185,1319,cof_001319,cof_symmetry_pipeline/output/hierarchical/xyz/mol_000598.xyz,51,45,54,0,0,train,train
Fc1c(F)c(C#Cc2cc(C#Cc3c(F)c(F)c(Cl)c(F)c3F)cc(C#Cc3c(F)c(F)c(Cl)c(F)c3F)c2)c(F)c(F)c1Cl,triethynylbenzene__tetrafluorobenzene,Cl_direct,C3,D3,planar,61.01147213863271,hierarchical_v1,0.1722046252834948,0.4311500950499742,1320,cof_001320,cof_symmetry_pipeline/output/hierarchical/xyz/mol_000600.xyz,48,45,51,0,0,val,train
Oc1c(F)c(F)c(C#Cc2nc(C#Cc3c(F)c(F)c(O)c(F)c3F)nc(C#Cc3c(F)c(F)c(O)c(F)c3F)n2)c(F)c1F,triethynyltriazine__tetrafluorobenzene,OH_direct,C3,C3,nonplanar,-9.21865193947433,hierarchical_v1,1.3410442593814296,2.426228639358395,1321,cof_001321,cof_symmetry_pipeline/output/hierarchical/xyz/mol_000630.xyz,48,45,51,0,0,test,train
Fc1c(F)c(C#Cc2nc(C#Cc3c(F)c(F)c(S)c(F)c3F)nc(C#Cc3c(F)c(F)c(S)c(F)c3F)n2)c(F)c(F)c1S,triethynyltriazine__tetrafluorobenzene,SH_direct,C3,C3,nonplanar,-35.63240199167803,hierarchical_v1,1.3635913126231416,2.4495153137493757,1322,cof_001322,cof_symmetry_pipeline/output/hierarchical/xyz/mol_000631.xyz,48,45,51,0,0,train,train
Fc1c(F)c(C#Cc2nc(C#Cc3c(F)c(F)c(Cl)c(F)c3F)nc(C#Cc3c(F)c(F)c(Cl)c(F)c3F)n2)c(F)c(F)c1Cl,triethynyltriazine__tetrafluorobenzene,Cl_direct,C3,D3h,nonplanar,-51.02864966652252,hierarchical_v1,1.371803406990776,2.3762246328881207,1323,cof_001323,cof_symmetry_pipeline/output/hierarchical/xyz/mol_000633.xyz,45,45,48,0,0,train,train
Fc1c(F)c(C#Cc2nc(C#Cc3c(F)c(F)c(Br)c(F)c3F)nc(C#Cc3c(F)c(F)c(Br)c(F)c3F)n2)c(F)c(F)c1Br,triethynyltriazine__tetrafluorobenzene,Br_direct,C3,D3,nonplanar,-51.56203502310056,hierarchical_v1,1.3698192130957725,2.3780253545739822,1324,cof_001324,cof_symmetry_pipeline/output/hierarchical/xyz/mol_000634.xyz,45,45,48,0,0,train,train
Fc1c(F)c(C#Cc2nc(C#Cc3c(F)c(F)c(I)c(F)c3F)nc(C#Cc3c(F)c(F)c(I)c(F)c3F)n2)c(F)c(F)c1I,triethynyltriazine__tetrafluorobenzene,I_direct,C3,D3,nonplanar,-49.73067168351719,hierarchical_v1,1.3659556108179716,2.3886227209191064,1325,cof_001325,cof_symmetry_pipeline/output/hierarchical/xyz/mol_000635.xyz,45,45,48,0,0,train,train
O=C(NOC(=O)c1cc(C(=O)ONC(=O)C(=O)NC(F)(F)F)cc(C(=O)ONC(=O)C(=O)NC(F)(F)F)c1)C(=O)NC(F)(F)F,trimesic_ester__oxamide,CF3_direct,C3,C3,nonplanar,-64.57764964017886,hierarchical_v1,1.4302175871334726,2.8873494887402438,1326,cof_001326,cof_symmetry_pipeline/output/hierarchical/xyz/mol_000660.xyz,54,45,54,0,0,train,train
O=Cc1ccc(-c2ccc(-c3nc(-c4ccc(-c5ccc(C=O)cc5)cc4)nc(-c4ccc(-c5ccc(C=O)cc5)cc4)n3)cc2)cc1,triazine__biphenyl,CHO_direct,C3,C3,nonplanar,113.88660674811136,hierarchical_v1,0.8192550805855073,1.7295560799771883,1327,cof_001327,cof_symmetry_pipeline/output/hierarchical/xyz/mol_000820.xyz,75,48,81,0,0,train,train
C#Cc1ccc(-c2ccc(-c3nc(-c4ccc(-c5ccc(C#C)cc5)cc4)nc(-c4ccc(-c5ccc(C#C)cc5)cc4)n3)cc2)cc1,triazine__biphenyl,ethynyl_direct,C3,D3,nonplanar,67.84935749367938,hierarchical_v1,0.7809887970678819,1.7177797725321864,1328,cof_001328,cof_symmetry_pipeline/output/xyz/mol_001128_s1151.xyz,75,48,81,0,0,train,train
C#Cc1ccc(-c2ccc(-c3nc(-c4ccc(-c5ccc(C#C)cn5)nc4)nc(-c4ccc(-c5ccc(C#C)cn5)nc4)n3)cn2)nc1,triazine__bipyridine,ethynyl_direct,C3,C3h,planar,134.88276713235922,hierarchical_v1,0.0004475169410006,0.0010977306754587,1329,cof_001329,cof_symmetry_pipeline/output/hierarchical/xyz/mol_000828.xyz,69,48,75,0,0,train,train
C=Cc1cnc(-c2cnc(-c3nc(-c4cnc(-c5cnc(C=C)cn5)cn4)nc(-c4cnc(-c5cnc(C=C)cn5)cn4)n3)cn2)cn1,triazine__pyrazine_phenyl,vinyl_direct,C3,C3h,planar,456.96859221315583,hierarchical_v1,0.0026931446560723,0.0065800114465286,1330,cof_001330,cof_symmetry_pipeline/output/hierarchical/xyz/mol_000872.xyz,69,48,75,0,0,test,train
N#CC#Cc1c(F)c(F)c(-c2nc(-c3c(F)c(F)c(C#CC#N)c(F)c3F)nc(-c3c(F)c(F)c(C#CC#N)c(F)c3F)n2)c(F)c1F,triazine__tetrafluorobenzene,CCCN_direct,C3,D3,nonplanar,-55.7128877538393,hierarchical_v1,0.9584252981328324,1.7238254488449476,1331,cof_001331,cof_symmetry_pipeline/output/hierarchical/xyz/mol_000881.xyz,48,48,51,0,0,train,train
CC(=O)Nc1c(F)c(F)c(-c2nc(-c3c(F)c(F)c(NC(C)=O)c(F)c3F)nc(-c3c(F)c(F)c(NC(C)=O)c(F)c3F)n2)c(F)c1F,triazine__tetrafluorobenzene,NHacetyl_direct,C3,C3,nonplanar,-52.49555999882636,hierarchical_v1,0.9389985527289496,1.7911987860429597,1332,cof_001332,cof_symmetry_pipeline/output/hierarchical/xyz/mol_000883.xyz,60,48,63,0,0,train,train
O=S(=O)(Cl)c1c(F)c(F)c(-c2nc(-c3c(F)c(F)c(S(=O)(=O)Cl)c(F)c3F)nc(-c3c(F)c(F)c(S(=O)(=O)Cl)c(F)c3F)n2)c(F)c1F,triazine__tetrafluorobenzene,SO2Cl_direct,C3,C3,nonplanar,-188.21033514567984,hierarchical_v1,1.045280988736995,1.7079245314170235,1333,cof_001333,cof_symmetry_pipeline/output/hierarchical/xyz/mol_000886.xyz,48,48,51,0,0,train,train
O=CNC(=O)C(=O)Nc1ccc(-c2nc(-c3ccc(NC(=O)C(=O)NC=O)cc3)nc(-c3ccc(NC(=O)C(=O)NC=O)cc3)n2)cc1,triazine_triphenyl__oxamide,CHO_direct,C3,C3h,planar,-53.574285432769926,hierarchical_v1,0.0003846348144806,0.0008604312846958,1334,cof_001334,cof_symmetry_pipeline/output/hierarchical/xyz/mol_000888.xyz,69,48,72,0,0,train,train
N#Cc1c(F)c(F)c(C#Cc2cc(C#Cc3c(F)c(F)c(C#N)c(F)c3F)cc(C#Cc3c(F)c(F)c(C#N)c(F)c3F)c2)c(F)c1F,triethynylbenzene__tetrafluorobenzene,CN_direct,C3,D3,planar,11.095197498497027,hierarchical_v1,0.1052103293306443,0.1967038239601008,1335,cof_001335,cof_symmetry_pipeline/output/hierarchical/xyz/mol_000911.xyz,51,48,54,0,0,train,train
N#Cc1c(F)c(F)c(C#Cc2nc(C#Cc3c(F)c(F)c(C#N)c(F)c3F)nc(C#Cc3c(F)c(F)c(C#N)c(F)c3F)n2)c(F)c1F,triethynyltriazine__tetrafluorobenzene,CN_direct,C3,D3,nonplanar,-100.84056323730636,hierarchical_v1,1.3212243805617057,2.3653020585936573,1336,cof_001336,cof_symmetry_pipeline/output/hierarchical/xyz/mol_000933.xyz,48,48,51,0,0,train,train
C#Cc1c(F)c(F)c(C#Cc2nc(C#Cc3c(F)c(F)c(C#C)c(F)c3F)nc(C#Cc3c(F)c(F)c(C#C)c(F)c3F)n2)c(F)c1F,triethynyltriazine__tetrafluorobenzene,ethynyl_direct,C3,D3,nonplanar,-45.540111965247696,hierarchical_v1,1.276960301217037,2.3833453596076484,1337,cof_001337,cof_symmetry_pipeline/output/hierarchical/xyz/mol_000935.xyz,51,48,54,0,0,train,train
Nc1c(F)c(F)c(OC(=O)c2cc(C(=O)Oc3c(F)c(F)c(N)c(F)c3F)cc(C(=O)Oc3c(F)c(F)c(N)c(F)c3F)c2)c(F)c1F,trimesic_ester__tetrafluorobenzene,NH2_direct,C3,C3h,nonplanar,239.4530352054511,hierarchical_v1,1.2491072662519087,2.3937356808942223,1338,cof_001338,cof_symmetry_pipeline/output/hierarchical/xyz/mol_001066.xyz,57,48,60,0,0,train,train
O=C(Oc1c(F)c(F)c(O)c(F)c1F)c1cc(C(=O)Oc2c(F)c(F)c(O)c(F)c2F)cc(C(=O)Oc2c(F)c(F)c(O)c(F)c2F)c1,trimesic_ester__tetrafluorobenzene,OH_direct,C3,C3,nonplanar,179.61370995285955,hierarchical_v1,1.2685704957455148,2.450694660230717,1339,cof_001339,cof_symmetry_pipeline/output/hierarchical/xyz/mol_001067.xyz,54,48,57,0,0,train,train
O=C(Oc1c(F)c(F)c(S)c(F)c1F)c1cc(C(=O)Oc2c(F)c(F)c(S)c(F)c2F)cc(C(=O)Oc2c(F)c(F)c(S)c(F)c2F)c1,trimesic_ester__tetrafluorobenzene,SH_direct,C3,C3,nonplanar,153.0372172885746,hierarchical_v1,1.288765177287425,2.470275752715106,1340,cof_001340,cof_symmetry_pipeline/output/hierarchical/xyz/mol_001068.xyz,54,48,57,0,0,train,train
O=C(Oc1c(F)c(F)c(Br)c(F)c1F)c1cc(C(=O)Oc2c(F)c(F)c(Br)c(F)c2F)cc(C(=O)Oc2c(F)c(F)c(Br)c(F)c2F)c1,trimesic_ester__tetrafluorobenzene,Br_direct,C3,C3h,nonplanar,136.9527260256339,hierarchical_v1,1.290118115219573,2.3770393331455044,1341,cof_001341,cof_symmetry_pipeline/output/hierarchical/xyz/mol_001071.xyz,51,48,54,0,0,train,train
O=C(Oc1c(F)c(F)c(I)c(F)c1F)c1cc(C(=O)Oc2c(F)c(F)c(I)c(F)c2F)cc(C(=O)Oc2c(F)c(F)c(I)c(F)c2F)c1,trimesic_ester__tetrafluorobenzene,I_direct,C3,C3h,nonplanar,138.84473549668834,hierarchical_v1,1.2907266865835636,2.3816385534076776,1342,cof_001342,cof_symmetry_pipeline/output/hierarchical/xyz/mol_001072.xyz,51,48,54,0,0,train,train
O=C(Nc1c(F)c(F)c(I)c(F)c1F)c1cc(C(=O)Nc2c(F)c(F)c(I)c(F)c2F)cc(C(=O)Nc2c(F)c(F)c(I)c(F)c2F)c1,trimesic_tris_amide__tetrafluorobenzene,I_direct,C3,C3,nonplanar,112.76147384638357,hierarchical_v1,0.9539496669342336,1.85550072672178,1343,cof_001343,cof_symmetry_pipeline/output/hierarchical/xyz/mol_001105.xyz,54,48,57,0,0,val,train
O=[N+]([O-])c1ccc(-c2ccc(-c3nc(-c4ccc(-c5ccc([N+](=O)[O-])cc5)cc4)nc(-c4ccc(-c5ccc([N+](=O)[O-])cc5)cc4)n3)cc2)cc1,triazine__biphenyl,NO2_direct,C3,D3,nonplanar,169.41376581334902,hierarchical_v1,0.8154924861855342,1.7277545679034234,1344,cof_001344,cof_symmetry_pipeline/output/xyz/mol_000068.xyz,75,51,81,0,0,train,train
[N-]=[N+]=Nc1ccc(-c2ccc(-c3nc(-c4ccc(-c5ccc(N=[N+]=[N-])cc5)cc4)nc(-c4ccc(-c5ccc(N=[N+]=[N-])cc5)cc4)n3)cc2)cc1,triazine__biphenyl,N3_direct,C3,C3,nonplanar,46.83504147461405,hierarchical_v1,0.8358648894456417,1.820461138102954,1345,cof_001345,cof_symmetry_pipeline/output/xyz/mol_003310.xyz,75,51,81,0,0,train,train
O=C=Nc1ccc(-c2ccc(-c3nc(-c4ccc(-c5ccc(N=C=O)cn5)nc4)nc(-c4ccc(-c5ccc(N=C=O)cn5)nc4)n3)cn2)nc1,triazine__bipyridine,NCO_direct,C3,C3,nonplanar,161.3351133258068,hierarchical_v1,0.7373965241289183,1.9692592721110644,1346,cof_001346,cof_symmetry_pipeline/output/hierarchical/xyz/mol_001237.xyz,69,51,75,0,0,train,train
NC#Cc1cnc(-c2cnc(-c3nc(-c4cnc(-c5cnc(C#CN)cn5)cn4)nc(-c4cnc(-c5cnc(C#CN)cn5)cn4)n3)cn2)cn1,triazine__pyrazine_phenyl,CCNH2_direct,C3,C3,planar,431.5061654903061,hierarchical_v1,0.2440732729192389,0.921510619211196,1347,cof_001347,cof_symmetry_pipeline/output/hierarchical/xyz/mol_001334.xyz,69,51,75,0,0,val,train
Ic1ccc(/C=C/c2ccc(-c3nc(-c4ccc(/C=C/c5ccc(I)cc5)cc4)nc(-c4ccc(/C=C/c5ccc(I)cc5)cc4)n3)cc2)cc1,triazine__stilbene,I_direct,C3,C3,planar,66.98567004193995,hierarchical_v1,0.3539179764456377,0.8849149370383131,1348,cof_001348,cof_symmetry_pipeline/output/hierarchical/xyz/mol_001347.xyz,81,51,87,0,0,train,train
CS(=O)(=O)Nc1c(F)c(F)c(-c2nc(-c3c(F)c(F)c(NS(C)(=O)=O)c(F)c3F)nc(-c3c(F)c(F)c(NS(C)(=O)=O)c(F)c3F)n2)c(F)c1F,triazine__tetrafluorobenzene,NHSO2_direct,C3,C3,nonplanar,-183.458034396133,hierarchical_v1,1.0939266344578686,1.876030389272758,1349,cof_001349,cof_symmetry_pipeline/output/hierarchical/xyz/mol_001352.xyz,63,51,66,0,0,train,train
N#COc1c(F)c(F)c(C#Cc2cc(C#Cc3c(F)c(F)c(OC#N)c(F)c3F)cc(C#Cc3c(F)c(F)c(OC#N)c(F)c3F)c2)c(F)c1F,triethynylbenzene__tetrafluorobenzene,OCN_direct,C3,C3,nonplanar,69.93538115070055,hierarchical_v1,0.614471338042863,2.015646445487824,1350,cof_001350,cof_symmetry_pipeline/output/hierarchical/xyz/mol_001468.xyz,54,51,57,0,0,train,train
O=C(NI)C(=O)NC#Cc1ccc(-c2cc(-c3ccc(C#CNC(=O)C(=O)NI)cc3)cc(-c3ccc(C#CNC(=O)C(=O)NI)cc3)c2)cc1,tris_ethynyl_triphenyl__oxamide,I_direct,C3,C3,nonplanar,141.1393771327855,hierarchical_v1,1.1638379153963754,2.2562721867544298,1351,cof_001351,cof_symmetry_pipeline/output/hierarchical/xyz/mol_001722.xyz,72,51,75,0,0,train,train
N#CC#Cc1ccc(-c2ccc(-c3nc(-c4ccc(-c5ccc(C#CC#N)cc5)cc4)nc(-c4ccc(-c5ccc(C#CC#N)cc5)cc4)n3)cc2)cc1,triazine__biphenyl,CCCN_direct,C3,D3,nonplanar,74.1136338298425,hierarchical_v1,0.76711727802639,1.716208573741686,1352,cof_001352,cof_symmetry_pipeline/output/hierarchical/xyz/mol_001971.xyz,78,54,84,0,0,test,train
O=CC#Cc1cnc(-c2cnc(-c3nc(-c4cnc(-c5cnc(C#CC=O)cn5)cn4)nc(-c4cnc(-c5cnc(C#CC=O)cn5)cn4)n3)cn2)cn1,triazine__pyrazine_phenyl,CCCHO_direct,C3,C3h,planar,440.1609106502478,hierarchical_v1,0.0287474420659147,0.1030797701063384,1353,cof_001353,cof_symmetry_pipeline/output/hierarchical/xyz/mol_002047.xyz,69,54,75,0,0,train,train
N#CC#Cc1c(F)c(F)c(C#Cc2cc(C#Cc3c(F)c(F)c(C#CC#N)c(F)c3F)cc(C#Cc3c(F)c(F)c(C#CC#N)c(F)c3F)c2)c(F)c1F,triethynylbenzene__tetrafluorobenzene,CCCN_direct,C3,D3,planar,68.93013286615043,hierarchical_v1,0.1364773607221474,0.4156131786906236,1354,cof_001354,cof_symmetry_pipeline/output/hierarchical/xyz/mol_002149.xyz,57,54,60,0,0,train,train
[N-]=[N+]=Nc1ccc(/C=C/c2ccc(-c3nc(-c4ccc(/C=C/c5ccc(N=[N+]=[N-])cc5)cc4)nc(-c4ccc(/C=C/c5ccc(N=[N+]=[N-])cc5)cc4)n3)cc2)cc1,triazine__stilbene,N3_direct,C3,C3,nonplanar,44.42397276585983,hierarchical_v1,0.5298027100500599,2.001337601857012,1355,cof_001355,cof_symmetry_pipeline/output/hierarchical/xyz/mol_002899.xyz,87,57,93,0,0,train,train
Oc1c(F)c(F)c(-c2ccc(-c3nc(-c4ccc(-c5c(F)c(F)c(O)c(F)c5F)cc4)nc(-c4ccc(-c5c(F)c(F)c(O)c(F)c5F)cc4)n3)cc2)c(F)c1F,triazine_triphenyl__tetrafluorobenzene,OH_direct,C3,C3,nonplanar,129.5431357183347,hierarchical_v1,0.8912222283954423,1.964925560218264,1356,cof_001356,cof_symmetry_pipeline/output/hierarchical/xyz/mol_002941.xyz,72,57,78,0,0,test,train
Fc1c(F)c(-c2ccc(-c3nc(-c4ccc(-c5c(F)c(F)c(Cl)c(F)c5F)cc4)nc(-c4ccc(-c5c(F)c(F)c(Cl)c(F)c5F)cc4)n3)cc2)c(F)c(F)c1Cl,triazine_triphenyl__tetrafluorobenzene,Cl_direct,C3,D3,nonplanar,87.65244456552453,hierarchical_v1,1.0040452191606692,2.185075474626468,1357,cof_001357,cof_symmetry_pipeline/output/hierarchical/xyz/mol_002944.xyz,69,57,75,0,0,train,train
O=C(Oc1c(F)c(F)c(C(F)(F)F)c(F)c1F)c1cc(C(=O)Oc2c(F)c(F)c(C(F)(F)F)c(F)c2F)cc(C(=O)Oc2c(F)c(F)c(C(F)(F)F)c(F)c2F)c1,trimesic_ester__tetrafluorobenzene,CF3_direct,C3,C3h,nonplanar,47.406504474890966,hierarchical_v1,1.2340512994247348,2.376665015740252,1358,cof_001358,cof_symmetry_pipeline/output/hierarchical/xyz/mol_003413.xyz,60,57,63,0,0,test,train
N#CC#Cc1c(F)c(F)c(OC(=O)c2cc(C(=O)Oc3c(F)c(F)c(C#CC#N)c(F)c3F)cc(C(=O)Oc3c(F)c(F)c(C#CC#N)c(F)c3F)c2)c(F)c1F,trimesic_ester__tetrafluorobenzene,CCCN_direct,C3,C3h,nonplanar,145.3384694033413,hierarchical_v1,1.1886588268804534,2.3734890689097803,1359,cof_001359,cof_symmetry_pipeline/output/hierarchical/xyz/mol_003417.xyz,60,57,63,0,0,train,train
O=C(Nc1c(F)c(F)c(S(=O)(=O)Cl)c(F)c1F)c1cc(C(=O)Nc2c(F)c(F)c(S(=O)(=O)Cl)c(F)c2F)cc(C(=O)Nc2c(F)c(F)c(S(=O)(=O)Cl)c(F)c2F)c1,trimesic_tris_amide__tetrafluorobenzene,SO2Cl_direct,C3,C3,nonplanar,-13.194538155289957,hierarchical_v1,0.9666843067415416,1.7997544647288806,1360,cof_001360,cof_symmetry_pipeline/output/hierarchical/xyz/mol_003503.xyz,63,57,66,0,0,train,train
Fc1c(F)c(-c2ccc(-c3cc(-c4ccc(-c5c(F)c(F)c(Cl)c(F)c5F)cc4)cc(-c4ccc(-c5c(F)c(F)c(Cl)c(F)c5F)cc4)c3)cc2)c(F)c(F)c1Cl,triphenylbenzene__tetrafluorobenzene,Cl_direct,C3,D3,nonplanar,164.3971038355936,hierarchical_v1,1.339623455644705,2.322990125190917,1361,cof_001361,cof_symmetry_pipeline/output/hierarchical/xyz/mol_003535.xyz,72,57,78,0,0,train,train
Fc1c(F)c(-c2ccc(-c3cc(-c4ccc(-c5c(F)c(F)c(Br)c(F)c5F)cc4)cc(-c4ccc(-c5c(F)c(F)c(Br)c(F)c5F)cc4)c3)cc2)c(F)c(F)c1Br,triphenylbenzene__tetrafluorobenzene,Br_direct,C3,D3,nonplanar,163.80525162549736,hierarchical_v1,1.3390826760956729,2.323884356974168,1362,cof_001362,cof_symmetry_pipeline/output/hierarchical/xyz/mol_003536.xyz,72,57,78,0,0,train,train
Fc1c(F)c(-c2ccc(-c3cc(-c4ccc(-c5c(F)c(F)c(I)c(F)c5F)cc4)cc(-c4ccc(-c5c(F)c(F)c(I)c(F)c5F)cc4)c3)cc2)c(F)c(F)c1I,triphenylbenzene__tetrafluorobenzene,I_direct,C3,D3,nonplanar,165.5857433571246,hierarchical_v1,1.3394039928376655,2.323576524994484,1363,cof_001363,cof_symmetry_pipeline/output/hierarchical/xyz/mol_003537.xyz,72,57,78,0,0,train,train
C#Cc1c(F)c(F)c(-c2ccc(-c3nc(-c4ccc(-c5c(F)c(F)c(C#C)c(F)c5F)cc4)nc(-c4ccc(-c5c(F)c(F)c(C#C)c(F)c5F)cc4)n3)cc2)c(F)c1F,triazine_triphenyl__tetrafluorobenzene,ethynyl_direct,C3,D3,nonplanar,92.9891805185659,hierarchical_v1,0.8782665856601758,1.983570700860922,1364,cof_001364,cof_symmetry_pipeline/output/hierarchical/xyz/mol_003944.xyz,75,60,81,0,0,test,train
N#Cc1c(F)c(F)c(-c2ccc(-c3cc(-c4ccc(-c5c(F)c(F)c(C#N)c(F)c5F)cc4)cc(-c4ccc(-c5c(F)c(F)c(C#N)c(F)c5F)cc4)c3)cc2)c(F)c1F,triphenylbenzene__tetrafluorobenzene,CN_direct,C3,D3,nonplanar,113.43984098072453,hierarchical_v1,1.3122884664041174,2.323893933893688,1365,cof_001365,cof_symmetry_pipeline/output/hierarchical/xyz/mol_004608.xyz,75,60,81,0,0,train,train
C#Cc1c(F)c(F)c(-c2ccc(-c3cc(-c4ccc(-c5c(F)c(F)c(C#C)c(F)c5F)cc4)cc(-c4ccc(-c5c(F)c(F)c(C#C)c(F)c5F)cc4)c3)cc2)c(F)c1F,triphenylbenzene__tetrafluorobenzene,ethynyl_direct,C3,D3,nonplanar,170.07156362392047,hierarchical_v1,1.2859983734344456,2.3263724603925384,1366,cof_001366,cof_symmetry_pipeline/output/hierarchical/xyz/mol_004610.xyz,78,60,84,0,0,train,train
O=[N+]([O-])c1c(F)c(F)c(-c2ccc(-c3nc(-c4ccc(-c5c(F)c(F)c([N+](=O)[O-])c(F)c5F)cc4)nc(-c4ccc(-c5c(F)c(F)c([N+](=O)[O-])c(F)c5F)cc4)n3)cc2)c(F)c1F,triazine_triphenyl__tetrafluorobenzene,NO2_direct,C3,D3,nonplanar,22.694331436946044,hierarchical_v1,0.8928922060592487,1.9768223758349488,1367,cof_001367,cof_symmetry_pipeline/output/hierarchical/xyz/mol_005069.xyz,75,63,81,0,0,train,train
O=C=Nc1c(F)c(F)c(-c2ccc(-c3nc(-c4ccc(-c5c(F)c(F)c(N=C=O)c(F)c5F)cc4)nc(-c4ccc(-c5c(F)c(F)c(N=C=O)c(F)c5F)cc4)n3)cc2)c(F)c1F,triazine_triphenyl__tetrafluorobenzene,NCO_direct,C3,C3,nonplanar,106.2335574700386,hierarchical_v1,0.8881617061943851,1.983346716065506,1368,cof_001368,cof_symmetry_pipeline/output/hierarchical/xyz/mol_005071.xyz,75,63,81,0,0,train,train
NC#Cc1c(F)c(F)c(-c2ccc(-c3nc(-c4ccc(-c5c(F)c(F)c(C#CN)c(F)c5F)cc4)nc(-c4ccc(-c5c(F)c(F)c(C#CN)c(F)c5F)cc4)n3)cc2)c(F)c1F,triazine_triphenyl__tetrafluorobenzene,CCNH2_direct,C3,C3,nonplanar,69.75699570618423,hierarchical_v1,0.8868147017511243,2.01727041332404,1369,cof_001369,cof_symmetry_pipeline/output/hierarchical/xyz/mol_005076.xyz,81,63,87,0,0,train,train
N#COc1c(F)c(F)c(-c2ccc(-c3cc(-c4ccc(-c5c(F)c(F)c(OC#N)c(F)c5F)cc4)cc(-c4ccc(-c5c(F)c(F)c(OC#N)c(F)c5F)cc4)c3)cc2)c(F)c1F,triphenylbenzene__tetrafluorobenzene,OCN_direct,C3,C3,nonplanar,172.7337861075244,hierarchical_v1,1.2975755130175712,2.3659303507207983,1370,cof_001370,cof_symmetry_pipeline/output/hierarchical/xyz/mol_005782.xyz,78,63,84,0,0,train,train
Fc1c(F)c(C(F)(F)F)c(F)c(F)c1-c1ccc(-c2cc(-c3ccc(-c4c(F)c(F)c(C(F)(F)F)c(F)c4F)cc3)cc(-c3ccc(-c4c(F)c(F)c(C(F)(F)F)c(F)c4F)cc3)c2)cc1,triphenylbenzene__tetrafluorobenzene,CF3_direct,C3,C3,nonplanar,72.5472797604259,hierarchical_v1,1.295399063631248,2.327218569571988,1371,cof_001371,cof_symmetry_pipeline/output/hierarchical/xyz/mol_006962.xyz,81,66,87,0,0,train,train
Fc1c(F)c(-c2ccc(C(c3ccc(-c4c(F)c(F)c(I)c(F)c4F)cc3)(c3ccc(-c4c(F)c(F)c(I)c(F)c4F)cc3)c3ccc(-c4c(F)c(F)c(I)c(F)c4F)cc3)cc2)c(F)c(F)c1I,tetraphenylmethane__tetrafluorobenzene,I_direct,S4,S4,nonplanar,264.6735034853353,hierarchical_v1,3.3676382988936147,6.268214132237986,1372,cof_001372,cof_symmetry_pipeline/output/hierarchical/xyz/mol_007376.xyz,85,69,92,0,0,train,test
C#Cc1c(F)c(F)c(-c2ccc(C(c3ccc(-c4c(F)c(F)c(C#C)c(F)c4F)cc3)(c3ccc(-c4c(F)c(F)c(C#C)c(F)c4F)cc3)c3ccc(-c4c(F)c(F)c(C#C)c(F)c4F)cc3)cc2)c(F)c1F,tetraphenylmethane__tetrafluorobenzene,ethynyl_direct,S4,S4,nonplanar,270.71642191103155,hierarchical_v1,3.718020772474057,8.639989689746065,1373,cof_001373,cof_symmetry_pipeline/output/hierarchical/xyz/mol_009712.xyz,93,73,100,0,0,val,test
[O]C(=O)NC(=O)C(=O)Nc1nc(NC(=O)C(=O)NC([O])=O)nc(NC(=O)C(=O)NC([O])=O)n1,triazine__oxamide,PB_COOH,C3,C3h,planar,-448.9879174047567,hierarchical_v2,0.000626639855557,0.0013057399528914,1374,cof_001374,cof_symmetry_pipeline/output/hierarchical_supplement/xyz/mol_000051.xyz,39,33,39,0,3,train,train
CNC(=O)C(=O)NC#Cc1nc(C#CNC(=O)C(=O)NC)nc(C#CNC(=O)C(=O)NC)n1,triethynyltriazine__oxamide,methyl_direct,C3,C3,nonplanar,-51.12273939027713,hierarchical_v2,1.0187445543104057,1.8091248604537524,1375,cof_001375,cof_symmetry_pipeline/output/hierarchical_supplement/xyz/mol_000062.xyz,48,33,48,0,0,train,train
C#CNC(=O)C(=O)NOc1cc(ONC(=O)C(=O)NC#C)cc(ONC(=O)C(=O)NC#C)c1,trihydroxybenzene__oxamide,ethynyl_direct,C3,C3,nonplanar,100.14508100549526,hierarchical_v2,2.135980809281228,4.235844515378523,1376,cof_001376,cof_symmetry_pipeline/output/hierarchical_supplement/xyz/mol_000069.xyz,45,33,45,0,0,test,train
[O]C(=O)NC(=O)C(=O)NNc1nc(NNC(=O)C(=O)NC([O])=O)nc(NNC(=O)C(=O)NC([O])=O)n1,triaminotriazine__oxamide,PB_COOH,C3,C3,nonplanar,-218.0592343537448,hierarchical_v2,0.613541009797058,1.0434029102279314,1377,cof_001377,cof_symmetry_pipeline/output/hierarchical_supplement/xyz/mol_000097.xyz,45,36,45,0,3,val,val
NNC(=O)NC(=O)C(=O)Nc1nc(NC(=O)C(=O)NC(=O)NN)nc(NC(=O)C(=O)NC(=O)NN)n1,triazine__oxamide,PB_CONHNH2,C3,C3,nonplanar,-286.2512772530363,hierarchical_v2,0.7910796532684881,2.005472584466163,1378,cof_001378,cof_symmetry_pipeline/output/hierarchical_supplement/xyz/mol_000111.xyz,51,36,51,0,0,train,train
O=C(NI)C(=O)NC#CC(C#CNC(=O)C(=O)NI)(C#CNC(=O)C(=O)NI)C#CNC(=O)C(=O)NI,tetra_ethynyl_methane__oxamide,I_direct,S4,S4,nonplanar,88.07229014443915,hierarchical_v2,2.706259786691609,4.320913222290519,1379,cof_001379,cof_symmetry_pipeline/output/hierarchical_supplement/xyz/mol_000163.xyz,45,37,44,0,0,train,val
Ic1ccc(-c2ccc(-c3nc(-c4ccc(-c5ccc(I)o5)o4)nc(-c4ccc(-c5ccc(I)o5)o4)n3)o2)o1,triazine__bifuran,I_direct,C3,C3h,planar,-16.576049657901816,hierarchical_v2,0.00682573950429,0.0225063806755732,1380,cof_001380,cof_symmetry_pipeline/output/hierarchical_supplement/xyz/mol_000184.xyz,51,39,57,0,0,train,test
O=C(Cl)NC(=O)C(=O)NC#Cc1nc(C#CNC(=O)C(=O)NC(=O)Cl)nc(C#CNC(=O)C(=O)NC(=O)Cl)n1,triethynyltriazine__oxamide,COCl_direct,C3,C3,nonplanar,-223.96042774786824,hierarchical_v2,1.1918775781338586,2.49437049570378,1381,cof_001381,cof_symmetry_pipeline/output/hierarchical_supplement/xyz/mol_000238.xyz,45,39,45,0,0,train,train
[O]C(=O)NC(=O)C(=O)NC#Cc1nc(C#CNC(=O)C(=O)NC([O])=O)nc(C#CNC(=O)C(=O)NC([O])=O)n1,triethynyltriazine__oxamide,PB_COOH,C3,C3v,nonplanar,-278.9764891547614,hierarchical_v2,0.9678116656861012,1.6336360123456228,1382,cof_001382,cof_symmetry_pipeline/output/hierarchical_supplement/xyz/mol_000249.xyz,45,39,45,0,3,train,train
Fc1c(F)c(Nc2nc(Nc3c(F)c(F)c(Br)c(F)c3F)nc(Nc3c(F)c(F)c(Br)c(F)c3F)n2)c(F)c(F)c1Br,triaminotriazine__tetrafluorobenzene,Br_direct,C3,C3,nonplanar,-116.35101143371573,hierarchical_v2,0.5364162361488589,1.0090103456374255,1383,cof_001383,cof_symmetry_pipeline/output/hierarchical_supplement/xyz/mol_000320.xyz,45,42,48,0,0,train,train
Fc1c(F)c(Nc2nc(Nc3c(F)c(F)c(I)c(F)c3F)nc(Nc3c(F)c(F)c(I)c(F)c3F)n2)c(F)c(F)c1I,triaminotriazine__tetrafluorobenzene,I_direct,C3,C3,nonplanar,-114.3614752330147,hierarchical_v2,0.5358183642285534,1.006768407703332,1384,cof_001384,cof_symmetry_pipeline/output/hierarchical_supplement/xyz/mol_000321.xyz,45,42,48,0,0,train,train
COC#Cc1ccc(C#Cc2nc(C#Cc3ccc(C#COC)cc3)nc(C#Cc3ccc(C#COC)cc3)n2)cc1,triazine__diethynylbenzene,OMe_direct,C3,C3,nonplanar,-58.71626231206094,hierarchical_v2,0.6337537881191612,1.794959021091431,1385,cof_001385,cof_symmetry_pipeline/output/hierarchical_supplement/xyz/mol_000338.xyz,63,42,66,0,0,train,train
[O]C(=O)NC(=O)C(=O)NOC(=O)c1cc(C(=O)ONC(=O)C(=O)NC([O])=O)cc(C(=O)ONC(=O)C(=O)NC([O])=O)c1,trimesic_ester__oxamide,PB_COOH,C3,C3,nonplanar,-28.65414937424518,hierarchical_v2,0.943341416551865,1.781494809140075,1386,cof_001386,cof_symmetry_pipeline/output/hierarchical_supplement/xyz/mol_000428.xyz,51,42,51,0,3,train,train
N#Cc1c(F)c(F)c(Nc2nc(Nc3c(F)c(F)c(C#N)c(F)c3F)nc(Nc3c(F)c(F)c(C#N)c(F)c3F)n2)c(F)c1F,triaminotriazine__tetrafluorobenzene,CN_direct,C3,C3,nonplanar,-166.1353115629549,hierarchical_v2,0.5108383673658082,1.0122104386830757,1387,cof_001387,cof_symmetry_pipeline/output/hierarchical_supplement/xyz/mol_000507.xyz,48,45,51,0,0,train,train
C#Cc1c(F)c(F)c(Nc2nc(Nc3c(F)c(F)c(C#C)c(F)c3F)nc(Nc3c(F)c(F)c(C#C)c(F)c3F)n2)c(F)c1F,triaminotriazine__tetrafluorobenzene,ethynyl_direct,C3,C3,nonplanar,-109.88749223792529,hierarchical_v2,0.501203338035756,1.048074945182042,1388,cof_001388,cof_symmetry_pipeline/output/hierarchical_supplement/xyz/mol_000509.xyz,51,45,54,0,0,val,train
Oc1ccc(-c2ccc(-c3nc(-c4ccc(-c5ccc(O)cc5)cc4)nc(-c4ccc(-c5ccc(O)cc5)cc4)n3)cc2)cc1,triazine__biphenyl,OH_direct,C3,C3,nonplanar,36.188977961185785,hierarchical_v2,0.8147803947423411,1.7573084635911638,1389,cof_001389,cof_symmetry_pipeline/output/xyz/mol_002712_s2531.xyz,72,45,78,0,0,train,train
Cc1ccc(-c2ccc(-c3nc(-c4ccc(-c5ccc(C)cc5)cc4)nc(-c4ccc(-c5ccc(C)cc5)cc4)n3)cc2)cc1,triazine__biphenyl,methyl_direct,C3,C3,nonplanar,76.30376349105576,hierarchical_v2,0.7997170263095834,1.71053578616151,1390,cof_001390,cof_symmetry_pipeline/output/xyz/mol_002190.xyz,78,45,84,0,0,train,train
Ic1ccc(-c2ccc(-c3nc(-c4ccc(-c5ccc(I)cn5)nc4)nc(-c4ccc(-c5ccc(I)cn5)nc4)n3)cn2)nc1,triazine__bipyridine,I_direct,C3,C3h,planar,134.2625269655212,hierarchical_v2,0.0008910432715085,0.0026144244982999,1391,cof_001391,cof_symmetry_pipeline/output/hierarchical_supplement/xyz/mol_000544.xyz,63,45,69,0,0,test,train
O=CNC#Cc1ccc(C#Cc2nc(C#Cc3ccc(C#CNC=O)cc3)nc(C#Cc3ccc(C#CNC=O)cc3)n2)cc1,triazine__diethynylbenzene,NHCHO_direct,C3,C3,planar,-112.34397305016348,hierarchical_v2,0.4370698846554517,0.8536833979816301,1392,cof_001392,cof_symmetry_pipeline/output/hierarchical_supplement/xyz/mol_000591.xyz,63,45,66,0,0,test,train
Clc1cnc(-c2cnc(-c3nc(-c4cnc(-c5cnc(Cl)cn5)cn4)nc(-c4cnc(-c5cnc(Cl)cn5)cn4)n3)cn2)cn1,triazine__pyrazine_phenyl,Cl_direct,C3,C3h,planar,475.9555111845698,hierarchical_v2,0.0005676139076691,0.0021255969935145,1393,cof_001393,cof_symmetry_pipeline/output/hierarchical_supplement/xyz/mol_000605.xyz,57,45,63,0,0,train,train
[N-]=[N+]=Nc1c(F)c(F)c(-c2nc(-c3c(F)c(F)c(N=[N+]=[N-])c(F)c3F)nc(-c3c(F)c(F)c(N=[N+]=[N-])c(F)c3F)n2)c(F)c1F,triazine__tetrafluorobenzene,N3_direct,C3,C3,nonplanar,-39.337177043588746,hierarchical_v2,1.0330348240335463,1.840472442013525,1394,cof_001394,cof_symmetry_pipeline/output/hierarchical_supplement/xyz/mol_000611.xyz,45,45,48,0,0,train,train
O=C=Nc1c(F)c(F)c(-c2nc(-c3c(F)c(F)c(N=C=O)c(F)c3F)nc(-c3c(F)c(F)c(N=C=O)c(F)c3F)n2)c(F)c1F,triazine__tetrafluorobenzene,NCO_direct,C3,C3,nonplanar,-43.91375185440577,hierarchical_v2,1.067754177076203,1.872682592280262,1395,cof_001395,cof_symmetry_pipeline/output/hierarchical_supplement/xyz/mol_000612.xyz,45,45,48,0,0,train,train
Fc1c(F)c(-c2nc(-c3c(F)c(F)c(N=C=S)c(F)c3F)nc(-c3c(F)c(F)c(N=C=S)c(F)c3F)n2)c(F)c(F)c1N=C=S,triazine__tetrafluorobenzene,NCS_direct,C3,C3,nonplanar,-29.20754930466056,hierarchical_v2,1.1045556256873073,1.904188260442103,1396,cof_001396,cof_symmetry_pipeline/output/hierarchical_supplement/xyz/mol_000613.xyz,45,45,48,0,0,train,train
Fc1c(F)c(C#Cc2cc(C#Cc3c(F)c(F)c(Br)c(F)c3F)cc(C#Cc3c(F)c(F)c(Br)c(F)c3F)c2)c(F)c(F)c1Br,triethynylbenzene__tetrafluorobenzene,Br_direct,C3,D3h,planar,60.52136056193162,hierarchical_v2,0.0792629019545493,0.1711941945352051,1397,cof_001397,cof_symmetry_pipeline/output/hierarchical_supplement/xyz/mol_000666.xyz,48,45,51,0,0,val,train
Fc1c(F)c(C#Cc2cc(C#Cc3c(F)c(F)c(I)c(F)c3F)cc(C#Cc3c(F)c(F)c(I)c(F)c3F)c2)c(F)c(F)c1I,triethynylbenzene__tetrafluorobenzene,I_direct,C3,D3h,planar,62.372389363256055,hierarchical_v2,0.0819894158459706,0.1713989310071195,1398,cof_001398,cof_symmetry_pipeline/output/hierarchical_supplement/xyz/mol_000667.xyz,48,45,51,0,0,train,train
O=Cc1ccc(-c2ccc(Oc3cc(Oc4ccc(-c5ccc(C=O)s5)s4)cc(Oc4ccc(-c5ccc(C=O)s5)s4)c3)s2)s1,trihydroxybenzene__bithiophene,CHO_direct,C3,C3,nonplanar,103.26673815783442,hierarchical_v2,2.50810191670387,5.693431953386268,1399,cof_001399,cof_symmetry_pipeline/output/hierarchical_supplement/xyz/mol_000708.xyz,63,45,69,0,0,train,train
O=[N+]([O-])c1ccc(-c2ccc(Nc3nc(Nc4ccc(-c5ccc([N+](=O)[O-])s5)s4)nc(Nc4ccc(-c5ccc([N+](=O)[O-])s5)s4)n3)s2)s1,triaminotriazine__bithiophene,NO2_direct,C3,C3h,planar,-122.61447948225376,hierarchical_v2,0.0049197425027738,0.018267058362305,1400,cof_001400,cof_symmetry_pipeline/output/hierarchical_supplement/xyz/mol_000826.xyz,63,48,69,0,0,train,test
N#Cc1ccc(-c2ccc(-c3nc(-c4ccc(-c5ccc(C#N)cc5)cc4)nc(-c4ccc(-c5ccc(C#N)cc5)cc4)n3)cc2)cc1,triazine__biphenyl,CN_direct,C3,D3,nonplanar,109.42722586406848,hierarchical_v2,0.8193752118538736,1.7674019102644083,1401,cof_001401,cof_symmetry_pipeline/output/xyz/mol_002681_s2531.xyz,72,48,78,0,0,train,train
N#Cc1ccc(NC(=O)C(=O)Nc2nc(NC(=O)C(=O)Nc3ccc(C#N)cc3)nc(NC(=O)C(=O)Nc3ccc(C#N)cc3)n2)cc1,triazine__oxamide,CN_ph,C3,C3,planar,-150.8868592775276,hierarchical_v2,0.2541712252530036,0.5208286208518975,1402,cof_001402,cof_symmetry_pipeline/output/hierarchical_supplement/xyz/mol_000960.xyz,66,48,69,0,0,val,train
N#Cc1cnc(-c2cnc(-c3nc(-c4cnc(-c5cnc(C#N)cn5)cn4)nc(-c4cnc(-c5cnc(C#N)cn5)cn4)n3)cn2)cn1,triazine__pyrazine_phenyl,CN_direct,C3,C3h,planar,507.7584419713708,hierarchical_v2,0.0008752807110595,0.0020466769380096,1403,cof_001403,cof_symmetry_pipeline/output/hierarchical_supplement/xyz/mol_000963.xyz,60,48,66,0,0,train,train
CC(=O)Oc1c(F)c(F)c(-c2nc(-c3c(F)c(F)c(OC(C)=O)c(F)c3F)nc(-c3c(F)c(F)c(OC(C)=O)c(F)c3F)n2)c(F)c1F,triazine__tetrafluorobenzene,Oacetyl_direct,C3,C3,nonplanar,-42.7126953267129,hierarchical_v2,1.054196388170176,2.111721069208421,1404,cof_001404,cof_symmetry_pipeline/output/hierarchical_supplement/xyz/mol_000975.xyz,57,48,60,0,0,train,train
C#Cc1c(F)c(F)c(C#Cc2cc(C#Cc3c(F)c(F)c(C#C)c(F)c3F)cc(C#Cc3c(F)c(F)c(C#C)c(F)c3F)c2)c(F)c1F,triethynylbenzene__tetrafluorobenzene,ethynyl_direct,C3,D3d,planar,66.62110924587874,hierarchical_v2,0.0673236124962105,0.1717360257744713,1405,cof_001405,cof_symmetry_pipeline/output/hierarchical_supplement/xyz/mol_001011.xyz,54,48,57,0,0,train,train
Cc1ccc(-c2ccc(OC(=O)c3cc(C(=O)Oc4ccc(-c5ccc(C)s5)s4)cc(C(=O)Oc4ccc(-c5ccc(C)s5)s4)c3)s2)s1,trimesic_ester__bithiophene,methyl_direct,C3,C3,nonplanar,130.24581544250674,hierarchical_v2,1.820561939143476,3.971585211110864,1406,cof_001406,cof_symmetry_pipeline/output/hierarchical_supplement/xyz/mol_001165.xyz,72,48,78,0,0,train,train
O=C(Oc1c(F)c(F)c(Cl)c(F)c1F)c1cc(C(=O)Oc2c(F)c(F)c(Cl)c(F)c2F)cc(C(=O)Oc2c(F)c(F)c(Cl)c(F)c2F)c1,trimesic_ester__tetrafluorobenzene,Cl_direct,C3,C3h,nonplanar,137.33487742975365,hierarchical_v2,1.2899507052950692,2.376220773331087,1407,cof_001407,cof_symmetry_pipeline/output/hierarchical_supplement/xyz/mol_001186.xyz,51,48,54,0,0,val,train
NC(=O)c1cnc(-c2cnc(-c3nc(-c4cnc(-c5cnc(C(N)=O)cn5)cn4)nc(-c4cnc(-c5cnc(C(N)=O)cn5)cn4)n3)cn2)cn1,triazine__pyrazine_phenyl,CONH2_direct,C3,C3h,planar,466.46508114479394,hierarchical_v2,0.0257354262389789,0.0625935920399896,1408,cof_001408,cof_symmetry_pipeline/output/hierarchical_supplement/xyz/mol_001474.xyz,69,51,75,0,0,train,train
C#Cc1c(F)c(F)c(OC(=O)c2cc(C(=O)Oc3c(F)c(F)c(C#C)c(F)c3F)cc(C(=O)Oc3c(F)c(F)c(C#C)c(F)c3F)c2)c(F)c1F,trimesic_ester__tetrafluorobenzene,ethynyl_direct,C3,C3h,nonplanar,143.2456363985222,hierarchical_v2,1.2200059602481743,2.376058445136288,1409,cof_001409,cof_symmetry_pipeline/output/hierarchical_supplement/xyz/mol_001862.xyz,57,51,60,0,0,train,train
Fc1c(F)c(C#CC(C#Cc2c(F)c(F)c(Cl)c(F)c2F)(C#Cc2c(F)c(F)c(Cl)c(F)c2F)C#Cc2c(F)c(F)c(Cl)c(F)c2F)c(F)c(F)c1Cl,tetra_ethynyl_methane__tetrafluorobenzene,Cl_direct,S4,D2d,nonplanar,96.27624948492225,hierarchical_v2,3.1483799596954083,4.95138777385943,1410,cof_001410,cof_symmetry_pipeline/output/hierarchical_supplement/xyz/mol_001989.xyz,53,53,56,0,0,train,val
N#CC#Cc1c(F)c(F)c(C#Cc2nc(C#Cc3c(F)c(F)c(C#CC#N)c(F)c3F)nc(C#Cc3c(F)c(F)c(C#CC#N)c(F)c3F)n2)c(F)c1F,triethynyltriazine__tetrafluorobenzene,CCCN_direct,C3,D3,nonplanar,-43.11727826964725,hierarchical_v2,1.2490141094215437,2.3658797409627117,1411,cof_001411,cof_symmetry_pipeline/output/hierarchical_supplement/xyz/mol_002474.xyz,54,54,57,0,0,val,train
O=C(Oc1c(F)c(F)c([N+](=O)[O-])c(F)c1F)c1cc(C(=O)Oc2c(F)c(F)c([N+](=O)[O-])c(F)c2F)cc(C(=O)Oc2c(F)c(F)c([N+](=O)[O-])c(F)c2F)c1,trimesic_ester__tetrafluorobenzene,NO2_direct,C3,C3h,nonplanar,73.54934617722677,hierarchical_v2,1.2216268428173025,2.3843374157426926,1412,cof_001412,cof_symmetry_pipeline/output/hierarchical_supplement/xyz/mol_002747.xyz,57,54,60,0,0,train,train
Fc1c(F)c(-c2ccc(-c3nc(-c4ccc(-c5c(F)c(F)c(I)c(F)c5F)cc4)nc(-c4ccc(-c5c(F)c(F)c(I)c(F)c5F)cc4)n3)cc2)c(F)c(F)c1I,triazine_triphenyl__tetrafluorobenzene,I_direct,C3,D3,nonplanar,88.5944190843387,hierarchical_v2,0.9465017534716912,2.0897776468699605,1413,cof_001413,cof_symmetry_pipeline/output/hierarchical_supplement/xyz/mol_003282.xyz,69,57,75,0,0,train,train
Nc1c(F)c(F)c(-c2ccc(-c3cc(-c4ccc(-c5c(F)c(F)c(N)c(F)c5F)cc4)cc(-c4ccc(-c5c(F)c(F)c(N)c(F)c5F)cc4)c3)cc2)c(F)c1F,triphenylbenzene__tetrafluorobenzene,NH2_direct,C3,C3,nonplanar,267.23159565128606,hierarchical_v2,1.3050534985672717,2.3319806283003097,1414,cof_001414,cof_symmetry_pipeline/output/hierarchical_supplement/xyz/mol_003935.xyz,78,57,84,0,0,test,train
Oc1c(F)c(F)c(-c2ccc(-c3cc(-c4ccc(-c5c(F)c(F)c(O)c(F)c5F)cc4)cc(-c4ccc(-c5c(F)c(F)c(O)c(F)c5F)cc4)c3)cc2)c(F)c1F,triphenylbenzene__tetrafluorobenzene,OH_direct,C3,C3,nonplanar,206.6893126728341,hierarchical_v2,1.3226271345698926,2.35715831675762,1415,cof_001415,cof_symmetry_pipeline/output/hierarchical_supplement/xyz/mol_003936.xyz,75,57,81,0,0,train,train
N#Cc1c(F)c(F)c(-c2ccc(-c3nc(-c4ccc(-c5c(F)c(F)c(C#N)c(F)c5F)cc4)nc(-c4ccc(-c5c(F)c(F)c(C#N)c(F)c5F)cc4)n3)cc2)c(F)c1F,triazine_triphenyl__tetrafluorobenzene,CN_direct,C3,D3,nonplanar,36.45502918020151,hierarchical_v2,0.8850284477613408,1.947447711993364,1416,cof_001416,cof_symmetry_pipeline/output/hierarchical_supplement/xyz/mol_004397.xyz,72,60,78,0,0,train,train
S=C=Nc1ccc(-c2ccc(-c3ccc(-c4nc(-c5ccc(-c6ccc(-c7ccc(N=C=S)o7)o6)cc5)nc(-c5ccc(-c6ccc(-c7ccc(N=C=S)o7)o6)cc5)n4)cc3)o2)o1,triazine_triphenyl__bifuran,NCS_direct,C3,C3,planar,3.5771109042823426,hierarchical_v2,0.173870349365306,0.6911258349397329,1417,cof_001417,cof_symmetry_pipeline/output/hierarchical_supplement/xyz/mol_005572.xyz,87,63,96,0,0,train,train
N#CC#Cc1c(F)c(F)c(-c2ccc(-c3nc(-c4ccc(-c5c(F)c(F)c(C#CC#N)c(F)c5F)cc4)nc(-c4ccc(-c5c(F)c(F)c(C#CC#N)c(F)c5F)cc4)n3)cc2)c(F)c1F,triazine_triphenyl__tetrafluorobenzene,CCCN_direct,C3,C3,nonplanar,94.9212268700456,hierarchical_v2,0.8091950133339246,1.920892040579803,1418,cof_001418,cof_symmetry_pipeline/output/hierarchical_supplement/xyz/mol_006994.xyz,78,66,84,0,0,train,train
N#CC#Cc1c(F)c(F)c(-c2ccc(-c3cc(-c4ccc(-c5c(F)c(F)c(C#CC#N)c(F)c5F)cc4)cc(-c4ccc(-c5c(F)c(F)c(C#CC#N)c(F)c5F)cc4)c3)cc2)c(F)c1F,triphenylbenzene__tetrafluorobenzene,CCCN_direct,C3,D3,nonplanar,172.00553959004824,hierarchical_v2,1.2627591490545056,2.329990182566512,1419,cof_001419,cof_symmetry_pipeline/output/hierarchical_supplement/xyz/mol_007764.xyz,81,66,87,0,0,train,train
Fc1c(F)c(-c2ccc(C(c3ccc(-c4c(F)c(F)c(Cl)c(F)c4F)cc3)(c3ccc(-c4c(F)c(F)c(Cl)c(F)c4F)cc3)c3ccc(-c4c(F)c(F)c(Cl)c(F)c4F)cc3)cc2)c(F)c(F)c1Cl,tetraphenylmethane__tetrafluorobenzene,Cl_direct,S4,S4,nonplanar,263.0430345346635,hierarchical_v2,3.335878657115126,6.456357943620926,1420,cof_001420,cof_symmetry_pipeline/output/hierarchical_supplement/xyz/mol_008221.xyz,85,69,92,0,0,train,test
NC(=O)c1c(F)c(F)c(-c2ccc(C(c3ccc(-c4c(F)c(F)c(C(N)=O)c(F)c4F)cc3)(c3ccc(-c4c(F)c(F)c(C(N)=O)c(F)c4F)cc3)c3ccc(-c4c(F)c(F)c(C(N)=O)c(F)c4F)cc3)cc2)c(F)c1F,tetraphenylmethane__tetrafluorobenzene,CONH2_direct,S4,S4,nonplanar,122.12984242005793,hierarchical_v2,3.9948836461097255,8.572164606030467,1421,cof_001421,cof_symmetry_pipeline/output/hierarchical_supplement/xyz/mol_012531.xyz,101,77,108,0,0,train,test
O=Cc1ccc(-c2ccc(C=O)nc2)cn1,pb_3BPD_L2,CHO_direct,C2,C2,nonplanar,104.09805512087128,pycofbuilder,0.5638440534750676,0.9352837186988714,1422,cof_001422,cof_symmetry_pipeline/output/pycofbuilder/xyz/mol_000000.xyz,24,16,25,0,0,train,train
O=Cc1ccc(-c2ccc(-c3ccc(-c4ccc(C=O)cc4)nc3)cn2)cc1,pb_3BPD_L2,CHO_ph,C2,C2,planar,131.15297743606095,pycofbuilder,0.4288416920496452,0.9945961062608504,1423,cof_001423,cof_symmetry_pipeline/output/pycofbuilder/xyz/mol_000001.xyz,44,28,47,0,0,train,train
O=Cc1ccc(-c2ccc(-c3ccc(-c4ccc(-c5ccc(-c6ccc(C=O)cc6)cc5)nc4)cn3)cc2)cc1,pb_3BPD_L2,CHO_phph,C2,D2,nonplanar,176.88276216754542,pycofbuilder,0.7716484977239292,1.6678176690303284,1424,cof_001424,cof_symmetry_pipeline/output/pycofbuilder/xyz/mol_000002.xyz,64,40,69,0,0,train,train
Nc1ccc(-c2ccc(N)nc2)cn1,pb_3BPD_L2,NH2_direct,C2,C2,nonplanar,-53.22252610904168,pycofbuilder,0.5762227715543365,0.9433771418777828,1425,cof_001425,cof_symmetry_pipeline/output/pycofbuilder/xyz/mol_000003.xyz,24,14,25,0,0,train,train
Nc1ccc(-c2ccc(-c3ccc(-c4ccc(N)cc4)nc3)cn2)cc1,pb_3BPD_L2,NH2_ph,C2,C2,planar,81.85963355710986,pycofbuilder,0.4335205735715227,0.9687177929717372,1426,cof_001426,cof_symmetry_pipeline/output/pycofbuilder/xyz/mol_000004.xyz,44,26,47,0,0,test,train
Nc1ccc(-c2ccc(-c3ccc(-c4ccc(-c5ccc(-c6ccc(N)cc6)cc5)nc4)cn3)cc2)cc1,pb_3BPD_L2,NH2_phph,C2,C2,nonplanar,127.07868524807996,pycofbuilder,0.7481312182011115,1.6134647761200824,1427,cof_001427,cof_symmetry_pipeline/output/pycofbuilder/xyz/mol_000005.xyz,64,38,69,0,0,train,train
OB(O)c1ccc(-c2ccc(-c3ccc(-c4ccc(B(O)O)cc4)nc3)cn2)cc1,pb_3BPD_L2,BOH2_ph,C2,C2,planar,61.92373178531746,pycofbuilder,0.4280349852501043,0.9819086938971188,1428,cof_001428,cof_symmetry_pipeline/output/pycofbuilder/xyz/mol_000007.xyz,48,30,51,0,0,test,train
C#Cc1ccc(-c2ccc(-c3ccc(-c4ccc(C#C)cc4)nc3)cn2)cc1,pb_3BPD_L2,CCH_ph,C2,C2,planar,101.19008306535564,pycofbuilder,0.4312010248967589,0.9855509512856668,1429,cof_001429,cof_symmetry_pipeline/output/pycofbuilder/xyz/mol_000008.xyz,44,28,47,0,0,train,train
N#Cc1ccc(-c2ccc(C#N)nc2)cn1,pb_3BPD_L2,CN_direct,C2,C2,nonplanar,110.47424296245283,pycofbuilder,0.5592919634499542,0.9807971928060768,1430,cof_001430,cof_symmetry_pipeline/output/pycofbuilder/xyz/mol_000010.xyz,22,16,23,0,0,train,train
N#Cc1ccc(-c2ccc(-c3ccc(-c4ccc(C#N)cc4)nc3)cn2)cc1,pb_3BPD_L2,CN_ph,C2,C2,planar,128.71792317093568,pycofbuilder,0.4284857622512862,0.9570433542179232,1431,cof_001431,cof_symmetry_pipeline/output/pycofbuilder/xyz/mol_000011.xyz,42,28,45,0,0,train,train
O=C(O)c1ccc(-c2ccc(C(=O)O)nc2)cn1,pb_3BPD_L2,COOH_direct,C2,C2,nonplanar,110.230474906907,pycofbuilder,0.5472455818343724,0.9403659902867896,1432,cof_001432,cof_symmetry_pipeline/output/pycofbuilder/xyz/mol_000012.xyz,26,18,27,0,0,train,train
O=C(O)c1ccc(-c2ccc(-c3ccc(-c4ccc(C(=O)O)cc4)nc3)cn2)cc1,pb_3BPD_L2,COOH_ph,C2,C2,planar,92.34713279839062,pycofbuilder,0.4294457176438498,0.9983148919170188,1433,cof_001433,cof_symmetry_pipeline/output/pycofbuilder/xyz/mol_000013.xyz,46,30,49,0,0,train,train
O=[N+]([O-])c1ccc(-c2ccc([N+](=O)[O-])nc2)cn1,pb_3BPD_L2,NO2_direct,C2,C2,nonplanar,183.29763380183635,pycofbuilder,0.5579648063875932,0.9280445306271444,1434,cof_001434,cof_symmetry_pipeline/output/pycofbuilder/xyz/mol_000014.xyz,24,18,25,0,0,train,train
O=[N+]([O-])c1ccc(-c2ccc(-c3ccc(-c4ccc([N+](=O)[O-])cc4)nc3)cn2)cc1,pb_3BPD_L2,NO2_ph,C2,C2,planar,168.7625223285022,pycofbuilder,0.4350618768528359,0.9898714492467348,1435,cof_001435,cof_symmetry_pipeline/output/pycofbuilder/xyz/mol_000015.xyz,44,30,47,0,0,train,train
Oc1ccc(-c2ccc(O)nc2)cn1,pb_3BPD_L2,OH_direct,C2,C2,nonplanar,-29.38946003386974,pycofbuilder,0.5819880089809446,0.9269675673691552,1436,cof_001436,cof_symmetry_pipeline/output/pycofbuilder/xyz/mol_000016.xyz,22,14,23,0,0,train,train
Oc1ccc(-c2ccc(-c3ccc(-c4ccc(O)cc4)nc3)cn2)cc1,pb_3BPD_L2,OH_ph,C2,C2,planar,80.55365646314868,pycofbuilder,0.4457914314850022,0.9736901636844286,1437,cof_001437,cof_symmetry_pipeline/output/pycofbuilder/xyz/mol_000017.xyz,42,26,45,0,0,test,train
Sc1ccc(-c2ccc(S)nc2)cn1,pb_3BPD_L2,SH_direct,C2,C2,nonplanar,18.42882204264584,pycofbuilder,0.5890992457232521,0.9188811384560324,1438,cof_001438,cof_symmetry_pipeline/output/pycofbuilder/xyz/mol_000018.xyz,22,14,23,0,0,train,train
[N-]=[N+]=Nc1ccc(-c2ccc(N=[N+]=[N-])nc2)cn1,pb_3BPD_L2,N3_direct,C2,C2,nonplanar,-15.550252281104214,pycofbuilder,0.5936214929866358,1.0076585817927286,1439,cof_001439,cof_symmetry_pipeline/output/pycofbuilder/xyz/mol_000019.xyz,24,18,25,0,0,train,train
C=Cc1ccc(-c2ccc(C=C)nc2)cn1,pb_3BPD_L2,vinyl_direct,C2,C2,nonplanar,51.69872951002773,pycofbuilder,0.5952697939763121,0.9806519590124808,1440,cof_001440,cof_symmetry_pipeline/output/pycofbuilder/xyz/mol_000020.xyz,28,16,29,0,0,val,train
C#Cc1ccc(-c2ccc(C#C)nc2)cn1,pb_3BPD_L2,ethynyl_direct,C2,C2,nonplanar,50.42095107162428,pycofbuilder,0.5396074946528733,0.9576678840069895,1441,cof_001441,cof_symmetry_pipeline/output/pycofbuilder/xyz/mol_000021.xyz,24,16,25,0,0,val,train
Cc1ccc(-c2ccc(C)nc2)cn1,pb_3BPD_L2,methyl_direct,C2,C2,nonplanar,52.01200395050319,pycofbuilder,0.621368397668657,0.9261554078108378,1442,cof_001442,cof_symmetry_pipeline/output/pycofbuilder/xyz/mol_000022.xyz,26,14,27,0,0,train,train
Cc1ccc(-c2ccc(-c3ccc(-c4ccc(C)cc4)nc3)cn2)cc1,pb_3BPD_L2,methyl_ph,C2,C2,planar,106.733440340807,pycofbuilder,0.4984721254704765,1.219139942563909,1443,cof_001443,cof_symmetry_pipeline/output/pycofbuilder/xyz/mol_000023.xyz,46,26,49,0,0,train,train
O=C=Nc1ccc(-c2ccc(N=C=O)nc2)cn1,pb_3BPD_L2,NCO_direct,C2,C2,nonplanar,-16.42299831116392,pycofbuilder,0.7460263776644297,1.3062888257451473,1444,cof_001444,cof_symmetry_pipeline/output/pycofbuilder/xyz/mol_000024.xyz,24,18,25,0,0,train,train
S=C=Nc1ccc(-c2ccc(N=C=S)nc2)cn1,pb_3BPD_L2,NCS_direct,C2,C2,nonplanar,-4.940581275491283,pycofbuilder,0.5869440204481715,0.9910445323729308,1445,cof_001445,cof_symmetry_pipeline/output/pycofbuilder/xyz/mol_000025.xyz,24,18,25,0,0,train,train
O=S(=O)(O)c1ccc(-c2ccc(S(=O)(=O)O)nc2)cn1,pb_3BPD_L2,SO3H_direct,C2,C2,nonplanar,103.37549272016392,pycofbuilder,0.7705702295765852,1.3143723111058128,1446,cof_001446,cof_symmetry_pipeline/output/pycofbuilder/xyz/mol_000026.xyz,28,20,29,0,0,train,train
O=P(O)(O)c1ccc(-c2ccc(P(=O)(O)O)nc2)cn1,pb_3BPD_L2,PO3H2_direct,C2,C2,nonplanar,-71.31137237387199,pycofbuilder,0.8069390462028597,1.3924442043545782,1447,cof_001447,cof_symmetry_pipeline/output/pycofbuilder/xyz/mol_000027.xyz,30,20,31,0,0,train,train
FC(F)(F)c1ccc(-c2ccc(C(F)(F)F)nc2)cn1,pb_3BPD_L2,CF3_direct,C2,C2,nonplanar,175.7028206914624,pycofbuilder,0.6677833644287171,1.1685610154781765,1448,cof_001448,cof_symmetry_pipeline/output/pycofbuilder/xyz/mol_000028.xyz,26,20,27,0,0,test,train
FC(F)(F)c1ccc(-c2ccc(-c3ccc(-c4ccc(C(F)(F)F)cc4)nc3)cn2)cc1,pb_3BPD_L2,CF3_ph,C2,C2,nonplanar,155.92143794275742,pycofbuilder,0.5209636960710194,1.3245836514240386,1449,cof_001449,cof_symmetry_pipeline/output/pycofbuilder/xyz/mol_000029.xyz,46,32,49,0,0,train,train
Clc1ccc(-c2ccc(Cl)nc2)cn1,pb_3BPD_L2,Cl_direct,C2,C2,nonplanar,41.3921598553658,pycofbuilder,0.5827402604984692,0.9539489098118268,1450,cof_001450,cof_symmetry_pipeline/output/pycofbuilder/xyz/mol_000030.xyz,20,14,21,0,0,train,train
Clc1ccc(-c2ccc(-c3ccc(-c4ccc(Cl)cc4)nc3)cn2)cc1,pb_3BPD_L2,Cl_ph,C2,C2,planar,99.11126591011686,pycofbuilder,0.4385691852351332,0.950382990842167,1451,cof_001451,cof_symmetry_pipeline/output/pycofbuilder/xyz/mol_000031.xyz,40,26,43,0,0,test,train
COC(=O)c1ccc(-c2ccc(C(=O)OC)nc2)cn1,pb_3BPD_L2,COOMe_direct,C2,C2,nonplanar,140.07469402053366,pycofbuilder,0.5986410949937707,1.0477137839704291,1452,cof_001452,cof_symmetry_pipeline/output/pycofbuilder/xyz/mol_000032.xyz,32,20,33,0,0,train,train
NC(=O)c1ccc(-c2ccc(C(N)=O)nc2)cn1,pb_3BPD_L2,CONH2_direct,C2,C2,nonplanar,77.21890650486955,pycofbuilder,0.6216177963250273,1.0220328421534377,1453,cof_001453,cof_symmetry_pipeline/output/pycofbuilder/xyz/mol_000033.xyz,28,18,29,0,0,train,train
COc1ccc(-c2ccc(OC)nc2)cn1,pb_3BPD_L2,OMe_direct,C2,C2,nonplanar,20.8648153716466,pycofbuilder,0.6486901933576279,1.291196710520894,1454,cof_001454,cof_symmetry_pipeline/output/pycofbuilder/xyz/mol_000034.xyz,28,16,29,0,0,train,train
COc1ccc(-c2ccc(-c3ccc(-c4ccc(OC)cc4)nc3)cn2)cc1,pb_3BPD_L2,OMe_ph,C2,C2,nonplanar,109.90897215627568,pycofbuilder,0.5044567880935529,1.2472810892502708,1455,cof_001455,cof_symmetry_pipeline/output/pycofbuilder/xyz/mol_000035.xyz,48,28,51,0,0,train,train
O=C(Cl)c1ccc(-c2ccc(C(=O)Cl)nc2)cn1,pb_3BPD_L2,COCl_direct,C2,C2,nonplanar,145.31088710147907,pycofbuilder,0.5843506194742336,0.9499672336308482,1456,cof_001456,cof_symmetry_pipeline/output/pycofbuilder/xyz/mol_000036.xyz,24,18,25,0,0,train,train
CC(=O)c1ccc(-c2ccc(C(C)=O)nc2)cn1,pb_3BPD_L2,acetyl_direct,C2,C2,nonplanar,109.75908267390572,pycofbuilder,0.6585518369037491,1.3972379373113082,1457,cof_001457,cof_symmetry_pipeline/output/pycofbuilder/xyz/mol_000037.xyz,30,18,31,0,0,train,train
CC(=O)c1ccc(-c2ccc(-c3ccc(-c4ccc(C(C)=O)cc4)nc3)cn2)cc1,pb_3BPD_L2,acetyl_ph,C2,C2,planar,139.2110309955087,pycofbuilder,0.4785483769344461,1.0164933931760822,1458,cof_001458,cof_symmetry_pipeline/output/pycofbuilder/xyz/mol_000038.xyz,50,30,53,0,0,test,train
NS(=O)(=O)c1ccc(-c2ccc(S(N)(=O)=O)nc2)cn1,pb_3BPD_L2,SO2NH2_direct,C2,C2,nonplanar,20.07539673658392,pycofbuilder,0.7673703139906329,1.4871544218754489,1459,cof_001459,cof_symmetry_pipeline/output/pycofbuilder/xyz/mol_000039.xyz,30,20,31,0,0,train,train
O=CC#Cc1ccc(-c2ccc(C#CC=O)nc2)cn1,pb_3BPD_L2,CCCHO_direct,C2,C2,nonplanar,44.04194386314391,pycofbuilder,0.5358884719391758,0.926445473361738,1460,cof_001460,cof_symmetry_pipeline/output/pycofbuilder/xyz/mol_000040.xyz,28,20,29,0,0,train,train
NC#Cc1ccc(-c2ccc(C#CN)nc2)cn1,pb_3BPD_L2,CCNH2_direct,C2,C2,nonplanar,41.3756403615901,pycofbuilder,0.5833357236530612,0.959544917067079,1461,cof_001461,cof_symmetry_pipeline/output/pycofbuilder/xyz/mol_000041.xyz,28,18,29,0,0,test,train
N#CC#Cc1ccc(-c2ccc(C#CC#N)nc2)cn1,pb_3BPD_L2,CCCN_direct,C2,C2,nonplanar,41.61330168758806,pycofbuilder,0.5229947633650138,0.9217013725428648,1462,cof_001462,cof_symmetry_pipeline/output/pycofbuilder/xyz/mol_000042.xyz,26,20,27,0,0,train,train
O=C(O)C#Cc1ccc(-c2ccc(C#CC(=O)O)nc2)cn1,pb_3BPD_L2,CCCOOH_direct,C2,C2,nonplanar,-20.56109140351427,pycofbuilder,0.5463985539614186,0.961323162918004,1463,cof_001463,cof_symmetry_pipeline/output/pycofbuilder/xyz/mol_000043.xyz,30,22,31,0,0,train,train
O=[N+]([O-])C#Cc1ccc(-c2ccc(C#C[N+](=O)[O-])nc2)cn1,pb_3BPD_L2,CCNO2_direct,C2,C2,nonplanar,38.332580677161744,pycofbuilder,0.6039464921025063,1.075714837126392,1464,cof_001464,cof_symmetry_pipeline/output/pycofbuilder/xyz/mol_000044.xyz,28,22,29,0,0,train,train
OC#Cc1ccc(-c2ccc(C#CO)nc2)cn1,pb_3BPD_L2,CCOH_direct,C2,C2,nonplanar,42.2203803656284,pycofbuilder,0.5349616415907531,0.9286166089962088,1465,cof_001465,cof_symmetry_pipeline/output/pycofbuilder/xyz/mol_000045.xyz,26,18,27,0,0,test,train
FC(F)(F)C#Cc1ccc(-c2ccc(C#CC(F)(F)F)nc2)cn1,pb_3BPD_L2,CCCF3_direct,C2,C2,nonplanar,48.97325155427125,pycofbuilder,0.6311685552928893,1.3580511167520584,1466,cof_001466,cof_symmetry_pipeline/output/pycofbuilder/xyz/mol_000046.xyz,30,24,31,0,0,train,train
O=C=NC#Cc1ccc(-c2ccc(C#CN=C=O)nc2)cn1,pb_3BPD_L2,CCNCO_direct,C2,C2,nonplanar,35.591036644978686,pycofbuilder,0.5787292468857274,0.9938745938560486,1467,cof_001467,cof_symmetry_pipeline/output/pycofbuilder/xyz/mol_000047.xyz,28,22,29,0,0,train,train
CC(=O)C#Cc1ccc(-c2ccc(C#CC(C)=O)nc2)cn1,pb_3BPD_L2,CCacetyl_direct,C2,C2,nonplanar,47.48305368509305,pycofbuilder,0.619476422187154,1.3824877464121577,1468,cof_001468,cof_symmetry_pipeline/output/pycofbuilder/xyz/mol_000048.xyz,34,22,35,0,0,val,train
COC(=O)C#Cc1ccc(-c2ccc(C#CC(=O)OC)nc2)cn1,pb_3BPD_L2,CCCOOMe_direct,C2,C2,nonplanar,20.73682461407921,pycofbuilder,0.5599214761204954,1.0066752664920895,1469,cof_001469,cof_symmetry_pipeline/output/pycofbuilder/xyz/mol_000049.xyz,36,24,37,0,0,train,train
O=COc1ccc(-c2ccc(OC=O)nc2)cn1,pb_3BPD_L2,OCHO_direct,C2,C2,nonplanar,30.506942383428488,pycofbuilder,0.8220778080783963,1.8100195190016688,1470,cof_001470,cof_symmetry_pipeline/output/pycofbuilder/xyz/mol_000050.xyz,26,18,27,0,0,train,train
N#COc1ccc(-c2ccc(OC#N)nc2)cn1,pb_3BPD_L2,OCN_direct,C2,C2,nonplanar,27.469030057262568,pycofbuilder,0.5978361639785773,0.94751305482855,1471,cof_001471,cof_symmetry_pipeline/output/pycofbuilder/xyz/mol_000051.xyz,24,18,25,0,0,val,train
O=CNc1ccc(-c2ccc(NC=O)nc2)cn1,pb_3BPD_L2,NHCHO_direct,C2,C2,nonplanar,-59.72457153256972,pycofbuilder,0.544195435487064,0.99026827169056,1472,cof_001472,cof_symmetry_pipeline/output/pycofbuilder/xyz/mol_000053.xyz,28,18,29,0,0,train,train
CC(=O)Nc1ccc(-c2ccc(NC(C)=O)nc2)cn1,pb_3BPD_L2,NHacetyl_direct,C2,C2,nonplanar,-54.11790386573048,pycofbuilder,0.5826032332035962,0.9196085428137544,1473,cof_001473,cof_symmetry_pipeline/output/pycofbuilder/xyz/mol_000054.xyz,34,20,35,0,0,test,train
N#CNc1ccc(-c2ccc(NC#N)nc2)cn1,pb_3BPD_L2,NHCN_direct,C2,C2,nonplanar,-88.62226933101645,pycofbuilder,0.6108104250912958,1.028379598109773,1474,cof_001474,cof_symmetry_pipeline/output/pycofbuilder/xyz/mol_000055.xyz,26,18,27,0,0,train,train
N#CSc1ccc(-c2ccc(SC#N)nc2)cn1,pb_3BPD_L2,SCN_direct,C2,C2,nonplanar,22.971434220352773,pycofbuilder,0.7489735048520161,1.4939108858728762,1475,cof_001475,cof_symmetry_pipeline/output/pycofbuilder/xyz/mol_000057.xyz,24,18,25,0,0,train,train
[N-]=[N+]=Nc1ccc(-c2ccc(-c3ccc(-c4ccc(N=[N+]=[N-])cc4)nc3)cn2)cc1,pb_3BPD_L2,N3_ph,C2,C2,nonplanar,87.19148298219085,pycofbuilder,0.6131581186268884,1.8317742788365636,1476,cof_001476,cof_symmetry_pipeline/output/pycofbuilder/xyz/mol_000058.xyz,44,30,47,0,0,train,train
Brc1ccc(-c2ccc(Br)nc2)cn1,pb_3BPD_L2,Br_direct,C2,C2,nonplanar,43.093089108125525,pycofbuilder,0.5794758411027969,0.951060482727872,1477,cof_001477,cof_symmetry_pipeline/output/pycofbuilder/xyz/mol_000059.xyz,20,14,21,0,0,train,train
Ic1ccc(-c2ccc(I)nc2)cn1,pb_3BPD_L2,I_direct,C2,C2,nonplanar,44.37576201630163,pycofbuilder,0.5809231290738277,0.9506429460147992,1478,cof_001478,cof_symmetry_pipeline/output/pycofbuilder/xyz/mol_000060.xyz,20,14,21,0,0,train,train
C[Si](C)(C)c1ccc(-c2ccc([Si](C)(C)C)nc2)cn1,pb_3BPD_L2,SiMe3_direct,C2,C2,nonplanar,76.3805034316315,pycofbuilder,1.1945643490887607,2.324886796684404,1479,cof_001479,cof_symmetry_pipeline/output/pycofbuilder/xyz/mol_000061.xyz,44,20,45,0,0,train,train
O=S(=O)(Cl)c1ccc(-c2ccc(S(=O)(=O)Cl)nc2)cn1,pb_3BPD_L2,SO2Cl_direct,C2,C2,nonplanar,212.05958200138323,pycofbuilder,0.7282907551081026,1.4829900927293145,1480,cof_001480,cof_symmetry_pipeline/output/pycofbuilder/xyz/mol_000064.xyz,26,20,27,0,0,train,train
O=P(Cl)(Cl)c1ccc(-c2ccc(P(=O)(Cl)Cl)nc2)cn1,pb_3BPD_L2,POCl2_direct,C2,D2,nonplanar,204.3477662650405,pycofbuilder,0.7888277210705644,1.763845819999875,1481,cof_001481,cof_symmetry_pipeline/output/pycofbuilder/xyz/mol_000065.xyz,26,20,27,0,0,train,train
O=[N+]([O-])c1ccc(-c2ccc(-c3ccc(-c4ccc(-c5ccc(-c6ccc([N+](=O)[O-])cc6)cc5)nc4)cn3)cc2)cc1,pb_3BPD_L2,NO2_phph,C2,D2,nonplanar,213.6242197335289,pycofbuilder,0.7835742624376316,1.811054906673852,1482,cof_001482,cof_symmetry_pipeline/output/pycofbuilder/xyz/mol_000068.xyz,64,42,69,0,0,train,train
Oc1ccc(-c2ccc(-c3ccc(-c4ccc(-c5ccc(-c6ccc(O)cc6)cc5)nc4)cn3)cc2)cc1,pb_3BPD_L2,OH_phph,C2,D2,nonplanar,125.156186738949,pycofbuilder,0.822683623042002,1.8687728110985269,1483,cof_001483,cof_symmetry_pipeline/output/pycofbuilder/xyz/mol_000069.xyz,62,38,67,0,0,train,train
N#CCc1ccc(-c2ccc(CC#N)nc2)cn1,pb_3BPD_L2,PB_CHCN,C2,C2,nonplanar,73.53816648570803,pycofbuilder,0.7545263896392325,1.5175791267207968,1484,cof_001484,cof_symmetry_pipeline/output/pycofbuilder/xyz/mol_000070.xyz,28,18,29,0,0,train,train
NNCc1ccc(-c2ccc(CNN)nc2)cn1,pb_3BPD_L2,PB_NHNH2,C2,D2,nonplanar,194.7107438716638,pycofbuilder,1.089750535884202,1.8954856082615508,1485,cof_001485,cof_symmetry_pipeline/output/pycofbuilder/xyz/mol_000071.xyz,34,18,35,0,0,train,train
O=C(CCO)c1ccc(-c2ccc(C(=O)CCO)nc2)cn1,pb_3BPD_L2,PB_COCHCHOH,C2,C2,nonplanar,105.02580309728413,pycofbuilder,1.045838862648226,1.952678212808,1486,cof_001486,cof_symmetry_pipeline/output/pycofbuilder/xyz/mol_000072.xyz,38,22,39,0,0,train,train
NNC(=O)c1ccc(-c2ccc(C(=O)NN)nc2)cn1,pb_3BPD_L2,PB_CONHNH2,C2,C2,nonplanar,210.9799198328718,pycofbuilder,0.633127472423939,1.0652758794656885,1487,cof_001487,cof_symmetry_pipeline/output/pycofbuilder/xyz/mol_000073.xyz,32,20,33,0,0,train,train
[O]C(=O)c1ccc(-c2ccc(C([O])=O)nc2)cn1,pb_3BPD_L2,PB_COOH,C2,C2,nonplanar,228.7134557333941,pycofbuilder,0.5448052685750433,0.8983805808286928,1488,cof_001488,cof_symmetry_pipeline/output/pycofbuilder/xyz/mol_000074.xyz,24,18,25,0,2,val,train
ONc1ccc(-c2ccc(NO)nc2)cn1,pb_3BPD_L2,PB_NHOH,C2,C2,nonplanar,40.42277717032131,pycofbuilder,0.6373496773894689,0.9388214317140188,1489,cof_001489,cof_symmetry_pipeline/output/pycofbuilder/xyz/mol_000075.xyz,26,16,27,0,0,train,train
O=Cc1ccc2cc3cc(C=O)ccc3cc2c1,pb_ANTR_L2,CHO_direct,C2,C2h,planar,65.69532636769405,pycofbuilder,2.209535223342269e-06,5.216477554526033e-06,1490,cof_001490,cof_symmetry_pipeline/output/pycofbuilder/xyz/mol_000228.xyz,28,18,30,0,0,val,train
O=Cc1ccc(-c2ccc3cc4cc(-c5ccc(C=O)cc5)ccc4cc3c2)cc1,pb_ANTR_L2,CHO_ph,C2,C2,nonplanar,114.89790401683656,pycofbuilder,0.863478685614074,1.7808316873502477,1491,cof_001491,cof_symmetry_pipeline/output/pycofbuilder/xyz/mol_000229.xyz,48,30,52,0,0,train,train
Nc1ccc2cc3cc(N)ccc3cc2c1,pb_ANTR_L2,NH2_direct,C2,C2,planar,23.51840568705669,pycofbuilder,0.1101633341205656,0.2695186358048552,1492,cof_001492,cof_symmetry_pipeline/output/pycofbuilder/xyz/mol_000231.xyz,28,16,30,0,0,val,train
Nc1ccc(-c2ccc3cc4cc(-c5ccc(N)cc5)ccc4cc3c2)cc1,pb_ANTR_L2,NH2_ph,C2,C2,nonplanar,65.06784986098793,pycofbuilder,0.8489068156029348,1.7993448609532812,1493,cof_001493,cof_symmetry_pipeline/output/pycofbuilder/xyz/mol_000232.xyz,48,28,52,0,0,train,train
Nc1ccc(-c2ccc(-c3ccc4cc5cc(-c6ccc(-c7ccc(N)cc7)cc6)ccc5cc4c3)cc2)cc1,pb_ANTR_L2,NH2_phph,C2,D2,nonplanar,110.1235248849916,pycofbuilder,1.0758456113883943,2.0777192527134005,1494,cof_001494,cof_symmetry_pipeline/output/pycofbuilder/xyz/mol_000233.xyz,68,40,74,0,0,val,train
OB(O)c1ccc2cc3cc(B(O)O)ccc3cc2c1,pb_ANTR_L2,BOH2_direct,C2,C2,planar,34.58681803480576,pycofbuilder,0.314444949255706,0.8325836646406178,1495,cof_001495,cof_symmetry_pipeline/output/pycofbuilder/xyz/mol_000234.xyz,32,20,34,0,0,train,train
C#Cc1ccc(-c2ccc3cc4cc(-c5ccc(C#C)cc5)ccc4cc3c2)cc1,pb_ANTR_L2,CCH_ph,C2,C2,nonplanar,84.24031717737515,pycofbuilder,0.8280087371086984,1.7751971570366518,1496,cof_001496,cof_symmetry_pipeline/output/pycofbuilder/xyz/mol_000236.xyz,48,30,52,0,0,val,train
N#Cc1ccc2cc3cc(C#N)ccc3cc2c1,pb_ANTR_L2,CN_direct,C2,C2h,planar,62.699169365573184,pycofbuilder,7.247090337073094e-05,0.0001809635246057,1497,cof_001497,cof_symmetry_pipeline/output/pycofbuilder/xyz/mol_000238.xyz,26,18,28,0,0,val,train
N#Cc1ccc(-c2ccc3cc4cc(-c5ccc(C#N)cc5)ccc4cc3c2)cc1,pb_ANTR_L2,CN_ph,C2,C2,nonplanar,111.8801521191869,pycofbuilder,0.8475472907071557,1.777558221024311,1498,cof_001498,cof_symmetry_pipeline/output/pycofbuilder/xyz/mol_000239.xyz,46,30,50,0,0,train,train
O=C(O)c1ccc2cc3cc(C(=O)O)ccc3cc2c1,pb_ANTR_L2,COOH_direct,C2,C2h,planar,24.50030613520658,pycofbuilder,7.913618898643743e-06,2.2652600883008023e-05,1499,cof_001499,cof_symmetry_pipeline/output/pycofbuilder/xyz/mol_000240.xyz,30,20,32,0,0,val,train
O=C(O)c1ccc(-c2ccc3cc4cc(-c5ccc(C(=O)O)cc5)ccc4cc3c2)cc1,pb_ANTR_L2,COOH_ph,C2,C2,nonplanar,75.306350491044,pycofbuilder,0.8643736690176068,1.805622713234988,1500,cof_001500,cof_symmetry_pipeline/output/pycofbuilder/xyz/mol_000241.xyz,50,32,54,0,0,test,train
O=[N+]([O-])c1ccc2cc3cc([N+](=O)[O-])ccc3cc2c1,pb_ANTR_L2,NO2_direct,C2,C2h,planar,98.7494745140417,pycofbuilder,2.5542988810544963e-06,5.516029916052823e-06,1501,cof_001501,cof_symmetry_pipeline/output/pycofbuilder/xyz/mol_000242.xyz,28,20,30,0,0,train,train
O=[N+]([O-])c1ccc(-c2ccc3cc4cc(-c5ccc([N+](=O)[O-])cc5)ccc4cc3c2)cc1,pb_ANTR_L2,NO2_ph,C2,C2,nonplanar,151.84777518839323,pycofbuilder,0.8702751283420526,1.782717482249552,1502,cof_001502,cof_symmetry_pipeline/output/pycofbuilder/xyz/mol_000243.xyz,48,32,52,0,0,train,train
Oc1ccc2cc3cc(O)ccc3cc2c1,pb_ANTR_L2,OH_direct,C2,C2h,planar,19.74938681998883,pycofbuilder,2.3190358595184e-06,8.523589381859153e-06,1503,cof_001503,cof_symmetry_pipeline/output/pycofbuilder/xyz/mol_000244.xyz,26,16,28,0,0,train,train
Oc1ccc(-c2ccc3cc4cc(-c5ccc(O)cc5)ccc4cc3c2)cc1,pb_ANTR_L2,OH_ph,C2,C2,nonplanar,63.12922562734492,pycofbuilder,0.8585889945807376,1.807618990465673,1504,cof_001504,cof_symmetry_pipeline/output/pycofbuilder/xyz/mol_000245.xyz,46,28,50,0,0,train,train
Sc1ccc2cc3cc(S)ccc3cc2c1,pb_ANTR_L2,SH_direct,C2,C2,planar,32.09463155461942,pycofbuilder,0.2263451348783803,0.7839733064741925,1505,cof_001505,cof_symmetry_pipeline/output/pycofbuilder/xyz/mol_000246.xyz,26,16,28,0,0,train,train
[N-]=[N+]=Nc1ccc2cc3cc(N=[N+]=[N-])ccc3cc2c1,pb_ANTR_L2,N3_direct,C2,C2,nonplanar,24.36552206958054,pycofbuilder,0.6183320048194211,1.9581071276602533,1506,cof_001506,cof_symmetry_pipeline/output/pycofbuilder/xyz/mol_000247.xyz,28,20,30,0,0,val,train
C=Cc1ccc2cc3cc(C=C)ccc3cc2c1,pb_ANTR_L2,vinyl_direct,C2,C2h,planar,52.611303964069634,pycofbuilder,4.645466612576604e-05,0.0001618692662661,1507,cof_001507,cof_symmetry_pipeline/output/pycofbuilder/xyz/mol_000248.xyz,32,18,34,0,0,val,train
C#Cc1ccc2cc3cc(C#C)ccc3cc2c1,pb_ANTR_L2,ethynyl_direct,C2,C2h,planar,38.00150880819916,pycofbuilder,3.793545765508256e-06,8.730335294068747e-06,1508,cof_001508,cof_symmetry_pipeline/output/pycofbuilder/xyz/mol_000249.xyz,28,18,30,0,0,train,train
Cc1ccc2cc3cc(C)ccc3cc2c1,pb_ANTR_L2,methyl_direct,C2,C2,planar,47.41985696525151,pycofbuilder,0.3263064323579657,1.0498232517932342,1509,cof_001509,cof_symmetry_pipeline/output/pycofbuilder/xyz/mol_000250.xyz,30,16,32,0,0,train,train
Cc1ccc(-c2ccc3cc4cc(-c5ccc(C)cc5)ccc4cc3c2)cc1,pb_ANTR_L2,methyl_ph,C2,C2,nonplanar,89.8931333415425,pycofbuilder,0.8484355645587186,1.7732613047283228,1510,cof_001510,cof_symmetry_pipeline/output/pycofbuilder/xyz/mol_000251.xyz,50,28,54,0,0,train,train
O=C=Nc1ccc2cc3cc(N=C=O)ccc3cc2c1,pb_ANTR_L2,NCO_direct,C2,C2,nonplanar,26.106997302482853,pycofbuilder,0.6002523175921498,1.9221057341897456,1511,cof_001511,cof_symmetry_pipeline/output/pycofbuilder/xyz/mol_000252.xyz,28,20,30,0,0,train,train
S=C=Nc1ccc2cc3cc(N=C=S)ccc3cc2c1,pb_ANTR_L2,NCS_direct,C2,C2,nonplanar,29.583475287048177,pycofbuilder,0.73554927993851,2.4559237088610573,1512,cof_001512,cof_symmetry_pipeline/output/pycofbuilder/xyz/mol_000253.xyz,28,20,30,0,0,train,train
O=S(=O)(O)c1ccc2cc3cc(S(=O)(=O)O)ccc3cc2c1,pb_ANTR_L2,SO3H_direct,C2,C2,nonplanar,-23.040278614128432,pycofbuilder,0.6103084420133746,1.6030197093088168,1513,cof_001513,cof_symmetry_pipeline/output/pycofbuilder/xyz/mol_000254.xyz,32,22,34,0,0,test,train
FC(F)(F)c1ccc2cc3cc(C(F)(F)F)ccc3cc2c1,pb_ANTR_L2,CF3_direct,C2,C2,planar,90.64958270606157,pycofbuilder,0.397132648508452,1.2747035504345825,1514,cof_001514,cof_symmetry_pipeline/output/pycofbuilder/xyz/mol_000256.xyz,30,22,32,0,0,train,train
FC(F)(F)c1ccc(-c2ccc3cc4cc(-c5ccc(C(F)(F)F)cc5)ccc4cc3c2)cc1,pb_ANTR_L2,CF3_ph,C2,C2,nonplanar,139.10858256828857,pycofbuilder,0.8687832418299034,1.7776706253834242,1515,cof_001515,cof_symmetry_pipeline/output/pycofbuilder/xyz/mol_000257.xyz,50,34,54,0,0,train,train
Clc1ccc2cc3cc(Cl)ccc3cc2c1,pb_ANTR_L2,Cl_direct,C2,C2h,planar,34.24805466011884,pycofbuilder,1.1790486800294664e-06,2.2348983632625163e-06,1516,cof_001516,cof_symmetry_pipeline/output/pycofbuilder/xyz/mol_000258.xyz,24,16,26,0,0,train,train
Clc1ccc(-c2ccc3cc4cc(-c5ccc(Cl)cc5)ccc4cc3c2)cc1,pb_ANTR_L2,Cl_ph,C2,C2,nonplanar,82.18585372827029,pycofbuilder,0.8655969021929759,1.77792497688469,1517,cof_001517,cof_symmetry_pipeline/output/pycofbuilder/xyz/mol_000259.xyz,44,28,48,0,0,train,train
COC(=O)c1ccc2cc3cc(C(=O)OC)ccc3cc2c1,pb_ANTR_L2,COOMe_direct,C2,C2h,planar,61.59873820160263,pycofbuilder,0.3003167382446631,0.9009647006560249,1518,cof_001518,cof_symmetry_pipeline/output/pycofbuilder/xyz/mol_000260.xyz,36,22,38,0,0,train,train
COc1ccc2cc3cc(OC)ccc3cc2c1,pb_ANTR_L2,OMe_direct,C2,C2h,planar,48.15328338681658,pycofbuilder,0.3194802299485723,0.9036363159095208,1519,cof_001519,cof_symmetry_pipeline/output/pycofbuilder/xyz/mol_000262.xyz,32,18,34,0,0,test,train
COc1ccc(-c2ccc3cc4cc(-c5ccc(OC)cc5)ccc4cc3c2)cc1,pb_ANTR_L2,OMe_ph,C2,C2,nonplanar,92.62714602973767,pycofbuilder,0.9028030331160888,1.932409713436454,1520,cof_001520,cof_symmetry_pipeline/output/pycofbuilder/xyz/mol_000263.xyz,52,30,56,0,0,train,train
O=C(Cl)c1ccc2cc3cc(C(=O)Cl)ccc3cc2c1,pb_ANTR_L2,COCl_direct,C2,C2h,planar,85.46441656754662,pycofbuilder,6.995580606372704e-06,2.0923114134485665e-05,1521,cof_001521,cof_symmetry_pipeline/output/pycofbuilder/xyz/mol_000264.xyz,28,20,30,0,0,test,train
CC(=O)c1ccc2cc3cc(C(C)=O)ccc3cc2c1,pb_ANTR_L2,acetyl_direct,C2,C2h,planar,73.35504909357083,pycofbuilder,0.3089521029050839,0.9008111894264148,1522,cof_001522,cof_symmetry_pipeline/output/pycofbuilder/xyz/mol_000265.xyz,34,20,36,0,0,val,train
CC(=O)c1ccc(-c2ccc3cc4cc(-c5ccc(C(C)=O)cc5)ccc4cc3c2)cc1,pb_ANTR_L2,acetyl_ph,C2,C2,nonplanar,123.03284811768916,pycofbuilder,0.9316618069482104,1.91600697743412,1523,cof_001523,cof_symmetry_pipeline/output/pycofbuilder/xyz/mol_000266.xyz,54,32,58,0,0,train,train
NS(=O)(=O)c1ccc2cc3cc(S(N)(=O)=O)ccc3cc2c1,pb_ANTR_L2,SO2NH2_direct,C2,C2,nonplanar,-109.98714395559549,pycofbuilder,0.7922820602607029,1.9424862317749536,1524,cof_001524,cof_symmetry_pipeline/output/pycofbuilder/xyz/mol_000267.xyz,34,22,36,0,0,train,train
FC(F)(F)C#Cc1ccc2cc3cc(C#CC(F)(F)F)ccc3cc2c1,pb_ANTR_L2,CCCF3_direct,C2,C2h,planar,47.78435283891604,pycofbuilder,0.3751059460225801,1.228619399902946,1525,cof_001525,cof_symmetry_pipeline/output/xyz/mol_000517.xyz,34,26,36,0,0,train,train
CC(=O)C#Cc1ccc2cc3cc(C#CC(C)=O)ccc3cc2c1,pb_ANTR_L2,CCacetyl_direct,C2,C2,planar,45.61356922140316,pycofbuilder,0.4807195211617557,1.6679559126510588,1526,cof_001526,cof_symmetry_pipeline/output/xyz/mol_000526.xyz,38,24,40,0,0,train,train
COC(=O)C#Cc1ccc2cc3cc(C#CC(=O)OC)ccc3cc2c1,pb_ANTR_L2,CCCOOMe_direct,C2,C2,planar,20.07786163694713,pycofbuilder,0.33583448153763,1.0200137542539534,1527,cof_001527,cof_symmetry_pipeline/output/xyz/mol_000521.xyz,40,26,42,0,0,train,train
O=COc1ccc2cc3cc(OC=O)ccc3cc2c1,pb_ANTR_L2,OCHO_direct,C2,C2,nonplanar,57.41477151871416,pycofbuilder,0.5606530120427383,1.7336640097270637,1528,cof_001528,cof_symmetry_pipeline/output/pycofbuilder/xyz/mol_000278.xyz,30,20,32,0,0,val,train
N#COc1ccc2cc3cc(OC#N)ccc3cc2c1,pb_ANTR_L2,OCN_direct,C2,C2h,planar,52.40397175464827,pycofbuilder,0.0003073588923608,0.0012674577481479,1529,cof_001529,cof_symmetry_pipeline/output/pycofbuilder/xyz/mol_000279.xyz,28,20,30,0,0,val,train
CC(=O)Oc1ccc2cc3cc(OC(C)=O)ccc3cc2c1,pb_ANTR_L2,Oacetyl_direct,C2,C2,nonplanar,56.34683229090549,pycofbuilder,0.6087263864363106,1.6390394138939577,1530,cof_001530,cof_symmetry_pipeline/output/pycofbuilder/xyz/mol_000280.xyz,36,22,38,0,0,test,train
O=CNc1ccc2cc3cc(NC=O)ccc3cc2c1,pb_ANTR_L2,NHCHO_direct,C2,C2h,planar,0.11040237034954,pycofbuilder,1.25417682052052e-06,2.5716657505725493e-06,1531,cof_001531,cof_symmetry_pipeline/output/pycofbuilder/xyz/mol_000281.xyz,32,20,34,0,0,train,train
CC(=O)Nc1ccc2cc3cc(NC(C)=O)ccc3cc2c1,pb_ANTR_L2,NHacetyl_direct,C2,C2,planar,6.077376777875047,pycofbuilder,0.2908346894660182,1.0269955657007102,1532,cof_001532,cof_symmetry_pipeline/output/pycofbuilder/xyz/mol_000282.xyz,38,22,40,0,0,val,train
N#CNc1ccc2cc3cc(NC#N)ccc3cc2c1,pb_ANTR_L2,NHCN_direct,C2,C2,planar,-15.914650055736184,pycofbuilder,0.4072477464948828,1.3297571610368728,1533,cof_001533,cof_symmetry_pipeline/output/pycofbuilder/xyz/mol_000283.xyz,30,20,32,0,0,train,train
CS(=O)(=O)Nc1ccc2cc3cc(NS(C)(=O)=O)ccc3cc2c1,pb_ANTR_L2,NHSO2_direct,C2,C2,nonplanar,-68.67630162762039,pycofbuilder,1.191772649259159,2.823994200592669,1534,cof_001534,cof_symmetry_pipeline/output/pycofbuilder/xyz/mol_000284.xyz,40,24,42,0,0,val,train
N#CSc1ccc2cc3cc(SC#N)ccc3cc2c1,pb_ANTR_L2,SCN_direct,C2,D2,nonplanar,40.69830124754448,pycofbuilder,0.8138847681267947,2.495855324556561,1535,cof_001535,cof_symmetry_pipeline/output/pycofbuilder/xyz/mol_000285.xyz,28,20,30,0,0,train,train
[N-]=[N+]=Nc1ccc(-c2ccc3cc4cc(-c5ccc(N=[N+]=[N-])cc5)ccc4cc3c2)cc1,pb_ANTR_L2,N3_ph,C2,C2,nonplanar,70.18213625673071,pycofbuilder,0.8703137309206814,1.8571724410931127,1536,cof_001536,cof_symmetry_pipeline/output/pycofbuilder/xyz/mol_000286.xyz,48,32,52,0,0,train,train
Brc1ccc2cc3cc(Br)ccc3cc2c1,pb_ANTR_L2,Br_direct,C2,C2h,planar,36.73282093094788,pycofbuilder,2.5379709413162165e-06,7.507662171502005e-06,1537,cof_001537,cof_symmetry_pipeline/output/pycofbuilder/xyz/mol_000287.xyz,24,16,26,0,0,train,train
Ic1ccc2cc3cc(I)ccc3cc2c1,pb_ANTR_L2,I_direct,C2,C2h,planar,38.79745587224905,pycofbuilder,1.859094817609268e-06,5.108830358646621e-06,1538,cof_001538,cof_symmetry_pipeline/output/pycofbuilder/xyz/mol_000288.xyz,24,16,26,0,0,train,train
C[Si](C)(C)c1ccc2cc3cc([Si](C)(C)C)ccc3cc2c1,pb_ANTR_L2,SiMe3_direct,C2,C2h,nonplanar,57.94840235411802,pycofbuilder,1.0777741339088065,2.4406405078121254,1539,cof_001539,cof_symmetry_pipeline/output/pycofbuilder/xyz/mol_000289.xyz,48,22,50,0,0,train,train
O=S(=O)(Cl)c1ccc2cc3cc(S(=O)(=O)Cl)ccc3cc2c1,pb_ANTR_L2,SO2Cl_direct,C2,C2,nonplanar,95.74282250973252,pycofbuilder,0.5436444483563918,1.9245192661937656,1540,cof_001540,cof_symmetry_pipeline/output/pycofbuilder/xyz/mol_000292.xyz,30,22,32,0,0,val,train
O=P(Cl)(Cl)c1ccc2cc3cc(P(=O)(Cl)Cl)ccc3cc2c1,pb_ANTR_L2,POCl2_direct,C2,C2h,nonplanar,103.50752789321626,pycofbuilder,0.5754728423277068,1.576037089371477,1541,cof_001541,cof_symmetry_pipeline/output/pycofbuilder/xyz/mol_000293.xyz,30,22,32,0,0,train,train
O=C(O)c1ccc(-c2ccc(-c3ccc4cc5cc(-c6ccc(-c7ccc(C(=O)O)cc7)cc6)ccc5cc4c3)cc2)cc1,pb_ANTR_L2,COOH_phph,C2,C2,nonplanar,120.38617851213156,pycofbuilder,0.6850807811414277,1.7818361595624548,1542,cof_001542,cof_symmetry_pipeline/output/pycofbuilder/xyz/mol_000294.xyz,70,44,76,0,0,train,train
N#Cc1ccc(-c2ccc(-c3ccc4cc5cc(-c6ccc(-c7ccc(C#N)cc7)cc6)ccc5cc4c3)cc2)cc1,pb_ANTR_L2,CN_phph,C2,C2,nonplanar,156.92120373637027,pycofbuilder,0.7056279276362283,1.773741545076298,1543,cof_001543,cof_symmetry_pipeline/output/pycofbuilder/xyz/mol_000295.xyz,66,42,72,0,0,train,train
O=[N+]([O-])c1ccc(-c2ccc(-c3ccc4cc5cc(-c6ccc(-c7ccc([N+](=O)[O-])cc7)cc6)ccc5cc4c3)cc2)cc1,pb_ANTR_L2,NO2_phph,C2,C2,nonplanar,196.8465954285287,pycofbuilder,0.694392878736771,1.777015728688235,1544,cof_001544,cof_symmetry_pipeline/output/pycofbuilder/xyz/mol_000296.xyz,68,44,74,0,0,train,train
Oc1ccc(-c2ccc(-c3ccc4cc5cc(-c6ccc(-c7ccc(O)cc7)cc6)ccc5cc4c3)cc2)cc1,pb_ANTR_L2,OH_phph,C2,D2,nonplanar,108.18256898075634,pycofbuilder,1.0845045380746698,2.064955846882201,1545,cof_001545,cof_symmetry_pipeline/output/pycofbuilder/xyz/mol_000297.xyz,66,40,72,0,0,train,train
N#CCc1ccc2cc3cc(CC#N)ccc3cc2c1,pb_ANTR_L2,PB_CHCN,C2,C2,nonplanar,76.55382099837956,pycofbuilder,0.7023829463118059,2.2575842143021774,1546,cof_001546,cof_symmetry_pipeline/output/pycofbuilder/xyz/mol_000298.xyz,32,20,34,0,0,train,train
NNCc1ccc2cc3cc(CNN)ccc3cc2c1,pb_ANTR_L2,PB_NHNH2,C2,C2,nonplanar,150.8006995647719,pycofbuilder,1.0412278689043075,2.522083121747188,1547,cof_001547,cof_symmetry_pipeline/output/pycofbuilder/xyz/mol_000299.xyz,38,20,40,0,0,train,train
NNC(=O)c1ccc2cc3cc(C(=O)NN)ccc3cc2c1,pb_ANTR_L2,PB_CONHNH2,C2,C2,planar,151.29989851039784,pycofbuilder,0.3840443273007386,0.9808768267461756,1548,cof_001548,cof_symmetry_pipeline/output/pycofbuilder/xyz/mol_000301.xyz,36,22,38,0,0,train,train
[O]C(=O)c1ccc2cc3cc(C([O])=O)ccc3cc2c1,pb_ANTR_L2,PB_COOH,C2,C2h,planar,104.904555018806,pycofbuilder,5.78847659712574e-06,1.3749292819831282e-05,1549,cof_001549,cof_symmetry_pipeline/output/pycofbuilder/xyz/mol_000302.xyz,28,20,30,0,2,test,train
ONc1ccc2cc3cc(NO)ccc3cc2c1,pb_ANTR_L2,PB_NHOH,C2,C2,planar,66.59339999248562,pycofbuilder,0.2248958312345278,0.6948231778924844,1550,cof_001550,cof_symmetry_pipeline/output/pycofbuilder/xyz/mol_000303.xyz,30,18,32,0,0,train,train
O=Cc1nc2cc3sc(C=O)nc3cc2s1,pb_BBTZ_L2,CHO_direct,C2,C2h,planar,54.64329216370426,pycofbuilder,2.866870524655796e-06,6.218495154086678e-06,1551,cof_001551,cof_symmetry_pipeline/output/pycofbuilder/xyz/mol_000304.xyz,20,16,22,0,0,val,train
O=Cc1ccc(-c2nc3cc4sc(-c5ccc(C=O)cc5)nc4cc3s2)cc1,pb_BBTZ_L2,CHO_ph,C2,C2h,planar,95.55191255452132,pycofbuilder,8.307462578098465e-05,0.0002104215718647,1552,cof_001552,cof_symmetry_pipeline/output/pycofbuilder/xyz/mol_000305.xyz,40,28,44,0,0,val,train
O=Cc1ccc(-c2ccc(-c3nc4cc5sc(-c6ccc(-c7ccc(C=O)cc7)cc6)nc5cc4s3)cc2)cc1,pb_BBTZ_L2,CHO_phph,C2,C2,nonplanar,139.49110652971194,pycofbuilder,0.7290765319978862,1.7033579209648213,1553,cof_001553,cof_symmetry_pipeline/output/pycofbuilder/xyz/mol_000306.xyz,60,40,66,0,0,train,train
Nc1nc2cc3sc(N)nc3cc2s1,pb_BBTZ_L2,NH2_direct,C2,C2,planar,-73.97137480228295,pycofbuilder,0.1290253083300602,0.2973896381918394,1554,cof_001554,cof_symmetry_pipeline/output/pycofbuilder/xyz/mol_000307.xyz,20,14,22,0,0,train,train
Nc1ccc(-c2nc3cc4sc(-c5ccc(N)cc5)nc4cc3s2)cc1,pb_BBTZ_L2,NH2_ph,C2,C2,planar,44.02239749214093,pycofbuilder,0.0947875376226526,0.2802957223946812,1555,cof_001555,cof_symmetry_pipeline/output/pycofbuilder/xyz/mol_000308.xyz,40,26,44,0,0,train,train
Nc1ccc(-c2ccc(-c3nc4cc5sc(-c6ccc(-c7ccc(N)cc7)cc6)nc5cc4s3)cc2)cc1,pb_BBTZ_L2,NH2_phph,C2,C2,nonplanar,89.59924480407483,pycofbuilder,0.6217116424348458,1.3874032033420578,1556,cof_001556,cof_symmetry_pipeline/output/pycofbuilder/xyz/mol_000309.xyz,60,38,66,0,0,train,train
OB(O)c1nc2cc3sc(B(O)O)nc3cc2s1,pb_BBTZ_L2,BOH2_direct,C2,C2,planar,86.1841809426043,pycofbuilder,0.3545424596810188,0.7938200479931723,1557,cof_001557,cof_symmetry_pipeline/output/pycofbuilder/xyz/mol_000310.xyz,24,18,26,0,0,test,train
OB(O)c1ccc(-c2nc3cc4sc(-c5ccc(B(O)O)cc5)nc4cc3s2)cc1,pb_BBTZ_L2,BOH2_ph,C2,C2,planar,115.36997834124254,pycofbuilder,0.3254735351692918,1.0970490833261688,1558,cof_001558,cof_symmetry_pipeline/output/pycofbuilder/xyz/mol_000311.xyz,44,30,48,0,0,train,train
C#Cc1ccc(-c2nc3cc4sc(-c5ccc(C#C)cc5)nc4cc3s2)cc1,pb_BBTZ_L2,CCH_ph,C2,C2h,planar,63.76003395499672,pycofbuilder,0.0003745705435836,0.0007725617134379,1559,cof_001559,cof_symmetry_pipeline/output/pycofbuilder/xyz/mol_000312.xyz,40,28,44,0,0,train,train
C#Cc1ccc(-c2ccc(-c3nc4cc5sc(-c6ccc(-c7ccc(C#C)cc7)cc6)nc5cc4s3)cc2)cc1,pb_BBTZ_L2,CCH_phph,C2,C2,nonplanar,108.74976212340684,pycofbuilder,0.6905311663953876,1.6710642069682198,1560,cof_001560,cof_symmetry_pipeline/output/pycofbuilder/xyz/mol_000313.xyz,60,40,66,0,0,train,train
N#Cc1nc2cc3sc(C#N)nc3cc2s1,pb_BBTZ_L2,CN_direct,C2,C2h,planar,55.04838154680496,pycofbuilder,8.361096387527248e-06,1.8196418288004765e-05,1561,cof_001561,cof_symmetry_pipeline/output/pycofbuilder/xyz/mol_000314.xyz,18,16,20,0,0,train,train
N#Cc1ccc(-c2nc3cc4sc(-c5ccc(C#N)cc5)nc4cc3s2)cc1,pb_BBTZ_L2,CN_ph,C2,C2h,planar,92.38525359033255,pycofbuilder,0.0040873261591203,0.0094166131557353,1562,cof_001562,cof_symmetry_pipeline/output/pycofbuilder/xyz/mol_000315.xyz,38,28,42,0,0,val,train
O=C(O)c1nc2cc3sc(C(=O)O)nc3cc2s1,pb_BBTZ_L2,COOH_direct,C2,C2h,planar,39.98039447211941,pycofbuilder,7.508450716421146e-06,1.7581113590181552e-05,1563,cof_001563,cof_symmetry_pipeline/output/pycofbuilder/xyz/mol_000316.xyz,22,18,24,0,0,train,train
O=C(O)c1ccc(-c2nc3cc4sc(-c5ccc(C(=O)O)cc5)nc4cc3s2)cc1,pb_BBTZ_L2,COOH_ph,C2,C2h,planar,55.34742959059732,pycofbuilder,0.0005346715428044,0.0013889332301532,1564,cof_001564,cof_symmetry_pipeline/output/pycofbuilder/xyz/mol_000317.xyz,42,30,46,0,0,test,train
O=[N+]([O-])c1nc2cc3sc([N+](=O)[O-])nc3cc2s1,pb_BBTZ_L2,NO2_direct,C2,C2h,planar,118.05348319157504,pycofbuilder,9.427245845324356e-06,1.801587398768401e-05,1565,cof_001565,cof_symmetry_pipeline/output/pycofbuilder/xyz/mol_000318.xyz,20,18,22,0,0,train,train
O=[N+]([O-])c1ccc(-c2nc3cc4sc(-c5ccc([N+](=O)[O-])cc5)nc4cc3s2)cc1,pb_BBTZ_L2,NO2_ph,C2,C2h,planar,132.75719973975978,pycofbuilder,2.841616265462709e-05,6.317344328254926e-05,1566,cof_001566,cof_symmetry_pipeline/output/pycofbuilder/xyz/mol_000319.xyz,40,30,44,0,0,train,train
Oc1nc2cc3sc(O)nc3cc2s1,pb_BBTZ_L2,OH_direct,C2,C2h,planar,-41.969804973454856,pycofbuilder,1.5387802279457832e-06,3.8152624793896805e-06,1567,cof_001567,cof_symmetry_pipeline/output/pycofbuilder/xyz/mol_000320.xyz,18,14,20,0,0,train,train
Oc1ccc(-c2nc3cc4sc(-c5ccc(O)cc5)nc4cc3s2)cc1,pb_BBTZ_L2,OH_ph,C2,C2h,planar,42.77673272430241,pycofbuilder,2.4650889249572828e-05,5.895648470666259e-05,1568,cof_001568,cof_symmetry_pipeline/output/pycofbuilder/xyz/mol_000321.xyz,38,26,42,0,0,val,train
Sc1nc2cc3sc(S)nc3cc2s1,pb_BBTZ_L2,SH_direct,C2,C2h,planar,-15.345725990217304,pycofbuilder,2.0629775573928253e-05,4.948164326079585e-05,1569,cof_001569,cof_symmetry_pipeline/output/pycofbuilder/xyz/mol_000322.xyz,18,14,20,0,0,train,train
[N-]=[N+]=Nc1nc2cc3sc(N=[N+]=[N-])nc3cc2s1,pb_BBTZ_L2,N3_direct,C2,C2h,planar,-46.66595690298874,pycofbuilder,5.879699102493798e-06,1.3700746469336169e-05,1570,cof_001570,cof_symmetry_pipeline/output/pycofbuilder/xyz/mol_000323.xyz,20,18,22,0,0,train,train
C=Cc1nc2cc3sc(C=C)nc3cc2s1,pb_BBTZ_L2,vinyl_direct,C2,C2h,planar,19.26397168605621,pycofbuilder,7.344201773912452e-06,1.2444857569585133e-05,1571,cof_001571,cof_symmetry_pipeline/output/pycofbuilder/xyz/mol_000324.xyz,24,16,26,0,0,val,train
C#Cc1nc2cc3sc(C#C)nc3cc2s1,pb_BBTZ_L2,ethynyl_direct,C2,C2h,planar,12.693541852436828,pycofbuilder,2.0869406833127157e-05,4.72162250234956e-05,1572,cof_001572,cof_symmetry_pipeline/output/pycofbuilder/xyz/mol_000325.xyz,20,16,22,0,0,train,train
Cc1nc2cc3sc(C)nc3cc2s1,pb_BBTZ_L2,methyl_direct,C2,C2h,planar,12.086625706588354,pycofbuilder,0.3795176368948803,0.8900481366046281,1573,cof_001573,cof_symmetry_pipeline/output/pycofbuilder/xyz/mol_000326.xyz,22,14,24,0,0,train,train
Cc1ccc(-c2nc3cc4sc(-c5ccc(C)cc5)nc4cc3s2)cc1,pb_BBTZ_L2,methyl_ph,C2,C2,planar,69.20614995531523,pycofbuilder,0.278971944715202,1.0426433507690294,1574,cof_001574,cof_symmetry_pipeline/output/pycofbuilder/xyz/mol_000327.xyz,42,26,46,0,0,val,train
O=C=Nc1nc2cc3sc(N=C=O)nc3cc2s1,pb_BBTZ_L2,NCO_direct,C2,C2h,planar,-50.66173417438945,pycofbuilder,2.1476156113859377e-05,6.00281676278458e-05,1575,cof_001575,cof_symmetry_pipeline/output/pycofbuilder/xyz/mol_000328.xyz,20,18,22,0,0,train,train
S=C=Nc1nc2cc3sc(N=C=S)nc3cc2s1,pb_BBTZ_L2,NCS_direct,C2,C2h,planar,-36.94601506558686,pycofbuilder,8.388535401789365e-07,2.070909740137239e-06,1576,cof_001576,cof_symmetry_pipeline/output/pycofbuilder/xyz/mol_000329.xyz,20,18,22,0,0,train,train
O=S(=O)(O)c1nc2cc3sc(S(=O)(=O)O)nc3cc2s1,pb_BBTZ_L2,SO3H_direct,C2,C2,nonplanar,41.08835864461084,pycofbuilder,0.5197045804970998,1.379249840105878,1577,cof_001577,cof_symmetry_pipeline/output/pycofbuilder/xyz/mol_000330.xyz,24,20,26,0,0,train,train
O=P(O)(O)c1nc2cc3sc(P(=O)(O)O)nc3cc2s1,pb_BBTZ_L2,PO3H2_direct,C2,C2,nonplanar,-103.33089266998084,pycofbuilder,0.7769167870590682,1.808966034180123,1578,cof_001578,cof_symmetry_pipeline/output/pycofbuilder/xyz/mol_000331.xyz,26,20,28,0,0,test,train
FC(F)(F)c1nc2cc3sc(C(F)(F)F)nc3cc2s1,pb_BBTZ_L2,CF3_direct,C2,C2h,planar,107.55856178269543,pycofbuilder,0.4651565206034485,1.090903785813228,1579,cof_001579,cof_symmetry_pipeline/output/pycofbuilder/xyz/mol_000332.xyz,22,20,24,0,0,train,train
FC(F)(F)c1ccc(-c2nc3cc4sc(-c5ccc(C(F)(F)F)cc5)nc4cc3s2)cc1,pb_BBTZ_L2,CF3_ph,C2,C2,planar,119.50099533010938,pycofbuilder,0.3361543562529568,1.2734081793622836,1580,cof_001580,cof_symmetry_pipeline/output/pycofbuilder/xyz/mol_000333.xyz,42,32,46,0,0,train,train
Clc1nc2cc3sc(Cl)nc3cc2s1,pb_BBTZ_L2,Cl_direct,C2,C2h,planar,1.2147842113005485,pycofbuilder,3.324655327093192e-06,7.576517150331696e-06,1581,cof_001581,cof_symmetry_pipeline/output/pycofbuilder/xyz/mol_000334.xyz,16,14,18,0,0,train,train
Clc1ccc(-c2nc3cc4sc(-c5ccc(Cl)cc5)nc4cc3s2)cc1,pb_BBTZ_L2,Cl_ph,C2,C2h,planar,62.08660992574441,pycofbuilder,2.5229037064336523e-05,5.957390417132835e-05,1582,cof_001582,cof_symmetry_pipeline/output/pycofbuilder/xyz/mol_000335.xyz,36,26,40,0,0,train,train
COC(=O)c1nc2cc3sc(C(=O)OC)nc3cc2s1,pb_BBTZ_L2,COOMe_direct,C2,C2h,planar,70.86000556488233,pycofbuilder,0.3405119306801285,0.9009301067982788,1583,cof_001583,cof_symmetry_pipeline/output/pycofbuilder/xyz/mol_000336.xyz,28,20,30,0,0,train,train
NC(=O)c1nc2cc3sc(C(N)=O)nc3cc2s1,pb_BBTZ_L2,CONH2_direct,C2,C2h,planar,15.279198689003223,pycofbuilder,5.786573245047216e-07,1.5961382380247358e-06,1584,cof_001584,cof_symmetry_pipeline/output/pycofbuilder/xyz/mol_000337.xyz,24,18,26,0,0,train,train
COc1nc2cc3sc(OC)nc3cc2s1,pb_BBTZ_L2,OMe_direct,C2,C2h,planar,-3.5436166764097834,pycofbuilder,0.3685514868600584,0.9027656375765928,1585,cof_001585,cof_symmetry_pipeline/output/pycofbuilder/xyz/mol_000338.xyz,24,16,26,0,0,train,train
COc1ccc(-c2nc3cc4sc(-c5ccc(OC)cc5)nc4cc3s2)cc1,pb_BBTZ_L2,OMe_ph,C2,C2h,planar,71.62449927738005,pycofbuilder,0.2724311532695951,0.904499199019374,1586,cof_001586,cof_symmetry_pipeline/output/pycofbuilder/xyz/mol_000339.xyz,44,28,48,0,0,train,train
O=C(Cl)c1nc2cc3sc(C(=O)Cl)nc3cc2s1,pb_BBTZ_L2,COCl_direct,C2,C2h,planar,87.00689626917229,pycofbuilder,5.249513737661979e-06,1.1952308512030996e-05,1587,cof_001587,cof_symmetry_pipeline/output/pycofbuilder/xyz/mol_000340.xyz,20,18,22,0,0,train,train
CC(=O)c1nc2cc3sc(C(C)=O)nc3cc2s1,pb_BBTZ_L2,acetyl_direct,C2,C2h,planar,61.279210605425625,pycofbuilder,0.3519153268670205,0.8973865027284833,1588,cof_001588,cof_symmetry_pipeline/output/pycofbuilder/xyz/mol_000341.xyz,26,18,28,0,0,train,train
CC(=O)c1ccc(-c2nc3cc4sc(-c5ccc(C(C)=O)cc5)nc4cc3s2)cc1,pb_BBTZ_L2,acetyl_ph,C2,C2h,planar,102.75788357184636,pycofbuilder,0.265594183345587,0.9007493531168111,1589,cof_001589,cof_symmetry_pipeline/output/pycofbuilder/xyz/mol_000342.xyz,46,30,50,0,0,train,train
NS(=O)(=O)c1nc2cc3sc(S(N)(=O)=O)nc3cc2s1,pb_BBTZ_L2,SO2NH2_direct,C2,C2,nonplanar,-25.15535770006592,pycofbuilder,0.5889214867762521,1.3310795559451387,1590,cof_001590,cof_symmetry_pipeline/output/pycofbuilder/xyz/mol_000343.xyz,26,20,28,0,0,train,train
O=CC#Cc1nc2cc3sc(C#CC=O)nc3cc2s1,pb_BBTZ_L2,CCCHO_direct,C2,C2h,planar,2.57782676671488,pycofbuilder,8.750031305039297e-05,0.0002751295339225,1591,cof_001591,cof_symmetry_pipeline/output/pycofbuilder/xyz/mol_000344.xyz,24,20,26,0,0,train,train
NC#Cc1nc2cc3sc(C#CN)nc3cc2s1,pb_BBTZ_L2,CCNH2_direct,C2,C2h,planar,9.120259538780298,pycofbuilder,0.3358310399028343,0.8226165115527786,1592,cof_001592,cof_symmetry_pipeline/output/pycofbuilder/xyz/mol_000345.xyz,24,18,26,0,0,train,train
N#CC#Cc1nc2cc3sc(C#CC#N)nc3cc2s1,pb_BBTZ_L2,CCCN_direct,C2,C2h,planar,-1.3910898097446245,pycofbuilder,1.5672349920878137e-05,3.6005086170576295e-05,1593,cof_001593,cof_symmetry_pipeline/output/pycofbuilder/xyz/mol_000346.xyz,22,20,24,0,0,train,train
O=C(O)C#Cc1nc2cc3sc(C#CC(=O)O)nc3cc2s1,pb_BBTZ_L2,CCCOOH_direct,C2,C2,planar,-64.13032621836852,pycofbuilder,0.4806546020974638,1.04443861123567,1594,cof_001594,cof_symmetry_pipeline/output/pycofbuilder/xyz/mol_000347.xyz,26,22,28,0,0,val,train
O=[N+]([O-])C#Cc1nc2cc3sc(C#C[N+](=O)[O-])nc3cc2s1,pb_BBTZ_L2,CCNO2_direct,C2,C2h,planar,-9.53213037521714,pycofbuilder,0.4518231838732683,1.1073640871891737,1595,cof_001595,cof_symmetry_pipeline/output/pycofbuilder/xyz/mol_000348.xyz,24,22,26,0,0,train,train
OC#Cc1nc2cc3sc(C#CO)nc3cc2s1,pb_BBTZ_L2,CCOH_direct,C2,C2h,planar,6.9958525653462384,pycofbuilder,1.840408009507884e-06,6.686387032939223e-06,1596,cof_001596,cof_symmetry_pipeline/output/pycofbuilder/xyz/mol_000349.xyz,22,18,24,0,0,train,train
FC(F)(F)C#Cc1nc2cc3sc(C#CC(F)(F)F)nc3cc2s1,pb_BBTZ_L2,CCCF3_direct,C2,C2,planar,3.307301643990449,pycofbuilder,0.4291186353579962,1.192313253765762,1597,cof_001597,cof_symmetry_pipeline/output/pycofbuilder/xyz/mol_000350.xyz,26,24,28,0,0,train,train
O=C=NC#Cc1nc2cc3sc(C#CN=C=O)nc3cc2s1,pb_BBTZ_L2,CCNCO_direct,C2,C2h,planar,-1.6100103936787002,pycofbuilder,0.0222629065555571,0.0824735671581624,1598,cof_001598,cof_symmetry_pipeline/output/pycofbuilder/xyz/mol_000351.xyz,24,22,26,0,0,train,train
CC(=O)C#Cc1nc2cc3sc(C#CC(C)=O)nc3cc2s1,pb_BBTZ_L2,CCacetyl_direct,C2,C2h,planar,6.100076067198171,pycofbuilder,0.3270969241856647,0.8992147715452012,1599,cof_001599,cof_symmetry_pipeline/output/pycofbuilder/xyz/mol_000352.xyz,30,22,32,0,0,train,train
COC(=O)C#Cc1nc2cc3sc(C#CC(=O)OC)nc3cc2s1,pb_BBTZ_L2,CCCOOMe_direct,C2,C2,planar,-22.93241977700138,pycofbuilder,0.4814390304029148,1.0713076362124343,1600,cof_001600,cof_symmetry_pipeline/output/pycofbuilder/xyz/mol_000353.xyz,32,24,34,0,0,train,train
O=COc1nc2cc3sc(OC=O)nc3cc2s1,pb_BBTZ_L2,OCHO_direct,C2,C2,nonplanar,-10.737767098668732,pycofbuilder,0.7517010795697784,1.8901798635642093,1601,cof_001601,cof_symmetry_pipeline/output/pycofbuilder/xyz/mol_000354.xyz,22,18,24,0,0,test,train
N#COc1nc2cc3sc(OC#N)nc3cc2s1,pb_BBTZ_L2,OCN_direct,C2,C2h,planar,-20.85196407638538,pycofbuilder,2.320919027410688e-06,4.93927083866641e-06,1602,cof_001602,cof_symmetry_pipeline/output/pycofbuilder/xyz/mol_000355.xyz,20,18,22,0,0,train,train
CC(=O)Oc1nc2cc3sc(OC(C)=O)nc3cc2s1,pb_BBTZ_L2,Oacetyl_direct,C2,C2,nonplanar,-11.360700324415989,pycofbuilder,0.8003065253466193,1.7354448280226211,1603,cof_001603,cof_symmetry_pipeline/output/pycofbuilder/xyz/mol_000356.xyz,28,20,30,0,0,test,train
O=CNc1nc2cc3sc(NC=O)nc3cc2s1,pb_BBTZ_L2,NHCHO_direct,C2,C2h,planar,-78.82630662833391,pycofbuilder,7.637770558887319e-06,1.3584390674004077e-05,1604,cof_001604,cof_symmetry_pipeline/output/pycofbuilder/xyz/mol_000357.xyz,24,18,26,0,0,train,train
CC(=O)Nc1nc2cc3sc(NC(C)=O)nc3cc2s1,pb_BBTZ_L2,NHacetyl_direct,C2,C2,planar,-72.91088610588511,pycofbuilder,0.327280644520895,1.0356194285216598,1605,cof_001605,cof_symmetry_pipeline/output/pycofbuilder/xyz/mol_000358.xyz,30,20,32,0,0,train,train
N#CNc1nc2cc3sc(NC#N)nc3cc2s1,pb_BBTZ_L2,NHCN_direct,C2,C2,planar,-117.53222540471124,pycofbuilder,0.3499752525161199,0.9665641094865438,1606,cof_001606,cof_symmetry_pipeline/output/pycofbuilder/xyz/mol_000359.xyz,22,18,24,0,0,train,train
N#CSc1nc2cc3sc(SC#N)nc3cc2s1,pb_BBTZ_L2,SCN_direct,C2,C2,nonplanar,-21.08894379959476,pycofbuilder,0.5865746724888632,1.492116239744561,1607,cof_001607,cof_symmetry_pipeline/output/pycofbuilder/xyz/mol_000361.xyz,20,18,22,0,0,train,train
[N-]=[N+]=Nc1ccc(-c2nc3cc4sc(-c5ccc(N=[N+]=[N-])cc5)nc4cc3s2)cc1,pb_BBTZ_L2,N3_ph,C2,C2,nonplanar,49.96949754903503,pycofbuilder,0.5238782136247705,2.0101521308532067,1608,cof_001608,cof_symmetry_pipeline/output/pycofbuilder/xyz/mol_000362.xyz,40,30,44,0,0,train,train
Brc1nc2cc3sc(Br)nc3cc2s1,pb_BBTZ_L2,Br_direct,C2,C2h,planar,2.931036792700532,pycofbuilder,1.1662124345485696e-06,2.7835318907598605e-06,1609,cof_001609,cof_symmetry_pipeline/output/pycofbuilder/xyz/mol_000363.xyz,16,14,18,0,0,train,train
Ic1nc2cc3sc(I)nc3cc2s1,pb_BBTZ_L2,I_direct,C2,C2h,planar,3.381112388784046,pycofbuilder,1.0256425302079753e-06,2.591474233870628e-06,1610,cof_001610,cof_symmetry_pipeline/output/pycofbuilder/xyz/mol_000364.xyz,16,14,18,0,0,val,train
C[Si](C)(C)c1nc2cc3sc([Si](C)(C)C)nc3cc2s1,pb_BBTZ_L2,SiMe3_direct,C2,C2h,nonplanar,30.23473101424104,pycofbuilder,1.1865553647936773,2.439559426585323,1611,cof_001611,cof_symmetry_pipeline/output/pycofbuilder/xyz/mol_000365.xyz,40,20,42,0,0,val,train
O=S(=O)(Cl)c1nc2cc3sc(S(=O)(=O)Cl)nc3cc2s1,pb_BBTZ_L2,SO2Cl_direct,C2,C2,nonplanar,140.94803806498516,pycofbuilder,0.6145849773489124,1.7041776027987607,1612,cof_001612,cof_symmetry_pipeline/output/pycofbuilder/xyz/mol_000368.xyz,22,20,24,0,0,train,train
O=P(Cl)(Cl)c1nc2cc3sc(P(=O)(Cl)Cl)nc3cc2s1,pb_BBTZ_L2,POCl2_direct,C2,C2h,nonplanar,130.68117001349424,pycofbuilder,0.6755674923691736,1.5848815912753924,1613,cof_001613,cof_symmetry_pipeline/output/pycofbuilder/xyz/mol_000369.xyz,22,20,24,0,0,train,train
O=C(O)c1ccc(-c2ccc(-c3nc4cc5sc(-c6ccc(-c7ccc(C(=O)O)cc7)cc6)nc5cc4s3)cc2)cc1,pb_BBTZ_L2,COOH_phph,C2,C2,nonplanar,99.83575009398824,pycofbuilder,0.712452939985068,1.6691367152653962,1614,cof_001614,cof_symmetry_pipeline/output/pycofbuilder/xyz/mol_000370.xyz,62,42,68,0,0,test,train
N#Cc1ccc(-c2ccc(-c3nc4cc5sc(-c6ccc(-c7ccc(C#N)cc7)cc6)nc5cc4s3)cc2)cc1,pb_BBTZ_L2,CN_phph,C2,C2,nonplanar,136.45172500311074,pycofbuilder,0.7286465277652505,1.7192108287294576,1615,cof_001615,cof_symmetry_pipeline/output/pycofbuilder/xyz/mol_000371.xyz,58,40,64,0,0,train,train
O=[N+]([O-])c1ccc(-c2ccc(-c3nc4cc5sc(-c6ccc(-c7ccc([N+](=O)[O-])cc7)cc6)nc5cc4s3)cc2)cc1,pb_BBTZ_L2,NO2_phph,C2,C2,nonplanar,176.4365107994327,pycofbuilder,0.7168283529709272,1.6628133766418784,1616,cof_001616,cof_symmetry_pipeline/output/pycofbuilder/xyz/mol_000372.xyz,60,42,66,0,0,train,train
Oc1ccc(-c2ccc(-c3nc4cc5sc(-c6ccc(-c7ccc(O)cc7)cc6)nc5cc4s3)cc2)cc1,pb_BBTZ_L2,OH_phph,C2,C2,nonplanar,87.59684020996971,pycofbuilder,0.7155187747417724,1.6908947830432857,1617,cof_001617,cof_symmetry_pipeline/output/pycofbuilder/xyz/mol_000373.xyz,58,38,64,0,0,train,train
N#CCc1nc2cc3sc(CC#N)nc3cc2s1,pb_BBTZ_L2,PB_CHCN,C2,C2,nonplanar,21.96026854807605,pycofbuilder,0.7996045885160514,2.19045602986461,1618,cof_001618,cof_symmetry_pipeline/output/pycofbuilder/xyz/mol_000374.xyz,24,18,26,0,0,train,train
O=C(CCO)c1nc2cc3sc(C(=O)CCO)nc3cc2s1,pb_BBTZ_L2,PB_COCHCHOH,C2,C2,nonplanar,51.30101389721962,pycofbuilder,0.8612433889823714,1.7084310586235096,1619,cof_001619,cof_symmetry_pipeline/output/pycofbuilder/xyz/mol_000376.xyz,34,22,36,0,0,train,train
NNC(=O)c1nc2cc3sc(C(=O)NN)nc3cc2s1,pb_BBTZ_L2,PB_CONHNH2,C2,C2,planar,189.02651515880183,pycofbuilder,0.2922427715274096,0.8568023471008996,1620,cof_001620,cof_symmetry_pipeline/output/pycofbuilder/xyz/mol_000377.xyz,28,20,30,0,0,train,train
[O]C(=O)c1nc2cc3sc(C([O])=O)nc3cc2s1,pb_BBTZ_L2,PB_COOH,C2,C2h,planar,175.95961731977908,pycofbuilder,1.4191868733952874e-05,3.3318810075871896e-05,1621,cof_001621,cof_symmetry_pipeline/output/pycofbuilder/xyz/mol_000378.xyz,20,18,22,0,2,test,train
ONc1nc2cc3sc(NO)nc3cc2s1,pb_BBTZ_L2,PB_NHOH,C2,C2,planar,16.181093215113798,pycofbuilder,0.1309358473967354,0.3178342020078402,1622,cof_001622,cof_symmetry_pipeline/output/pycofbuilder/xyz/mol_000379.xyz,22,16,24,0,0,train,train
O=Cc1cc2cc3oc(C=O)cc3cc2o1,pb_BDFN_L2,CHO_direct,C2,C2h,planar,34.88690965146033,pycofbuilder,6.81461526271631e-07,1.6525026846903046e-06,1623,cof_001623,cof_symmetry_pipeline/output/pycofbuilder/xyz/mol_000380.xyz,22,16,24,0,0,train,train
O=Cc1ccc(-c2cc3cc4oc(-c5ccc(C=O)cc5)cc4cc3o2)cc1,pb_BDFN_L2,CHO_ph,C2,C2h,planar,78.57190193928075,pycofbuilder,1.5795651769515187e-05,3.535500870611996e-05,1624,cof_001624,cof_symmetry_pipeline/output/pycofbuilder/xyz/mol_000381.xyz,42,28,46,0,0,train,train
O=Cc1ccc(-c2ccc(-c3cc4cc5oc(-c6ccc(-c7ccc(C=O)cc7)cc6)cc5cc4o3)cc2)cc1,pb_BDFN_L2,CHO_phph,C2,D2,nonplanar,122.95407555270866,pycofbuilder,0.7397780922557402,1.7403683566491992,1625,cof_001625,cof_symmetry_pipeline/output/pycofbuilder/xyz/mol_000382.xyz,62,40,68,0,0,train,train
Nc1cc2cc3oc(N)cc3cc2o1,pb_BDFN_L2,NH2_direct,C2,C2,planar,-48.33881359423421,pycofbuilder,0.1097355418886592,0.26858662992913,1626,cof_001626,cof_symmetry_pipeline/output/pycofbuilder/xyz/mol_000383.xyz,22,14,24,0,0,test,train
Nc1ccc(-c2cc3cc4oc(-c5ccc(N)cc5)cc4cc3o2)cc1,pb_BDFN_L2,NH2_ph,C2,C2,planar,27.762427581701537,pycofbuilder,0.0933098192703803,0.2894222000214245,1627,cof_001627,cof_symmetry_pipeline/output/pycofbuilder/xyz/mol_000384.xyz,42,26,46,0,0,test,train
Nc1ccc(-c2ccc(-c3cc4cc5oc(-c6ccc(-c7ccc(N)cc7)cc6)cc5cc4o3)cc2)cc1,pb_BDFN_L2,NH2_phph,C2,C2,nonplanar,73.16791321105725,pycofbuilder,0.7368140228549986,1.7794621252278953,1628,cof_001628,cof_symmetry_pipeline/output/pycofbuilder/xyz/mol_000385.xyz,62,38,68,0,0,train,train
OB(O)c1cc2cc3oc(B(O)O)cc3cc2o1,pb_BDFN_L2,BOH2_direct,C2,C2,planar,86.8654038505608,pycofbuilder,0.3430192902352454,0.8067634435641708,1629,cof_001629,cof_symmetry_pipeline/output/pycofbuilder/xyz/mol_000386.xyz,26,18,28,0,0,train,train
OB(O)c1ccc(-c2cc3cc4oc(-c5ccc(B(O)O)cc5)cc4cc3o2)cc1,pb_BDFN_L2,BOH2_ph,C2,C2,planar,116.0846030895223,pycofbuilder,0.3595715938536927,1.2553005953263874,1630,cof_001630,cof_symmetry_pipeline/output/pycofbuilder/xyz/mol_000387.xyz,46,30,50,0,0,train,train
C#Cc1ccc(-c2cc3cc4oc(-c5ccc(C#C)cc5)cc4cc3o2)cc1,pb_BDFN_L2,CCH_ph,C2,C2h,planar,47.24979983447756,pycofbuilder,3.558892223658561e-05,0.0001271748264528,1631,cof_001631,cof_symmetry_pipeline/output/pycofbuilder/xyz/mol_000388.xyz,42,28,46,0,0,train,train
C#Cc1ccc(-c2ccc(-c3cc4cc5oc(-c6ccc(-c7ccc(C#C)cc7)cc6)cc5cc4o3)cc2)cc1,pb_BDFN_L2,CCH_phph,C2,D2,nonplanar,92.37417011899342,pycofbuilder,0.718033664075827,1.7527499065006027,1632,cof_001632,cof_symmetry_pipeline/output/pycofbuilder/xyz/mol_000389.xyz,62,40,68,0,0,train,train
N#Cc1cc2cc3oc(C#N)cc3cc2o1,pb_BDFN_L2,CN_direct,C2,C2h,planar,36.5876078573665,pycofbuilder,1.6711572372294608e-06,3.986838866820719e-06,1633,cof_001633,cof_symmetry_pipeline/output/pycofbuilder/xyz/mol_000390.xyz,20,16,22,0,0,train,train
N#Cc1ccc(-c2cc3cc4oc(-c5ccc(C#N)cc5)cc4cc3o2)cc1,pb_BDFN_L2,CN_ph,C2,C2h,planar,75.35392991863027,pycofbuilder,0.0001209105405971,0.0002582688851899,1634,cof_001634,cof_symmetry_pipeline/output/pycofbuilder/xyz/mol_000391.xyz,40,28,44,0,0,train,train
O=C(O)c1cc2cc3oc(C(=O)O)cc3cc2o1,pb_BDFN_L2,COOH_direct,C2,C2h,planar,-5.811363515279046,pycofbuilder,4.854321418712369e-07,1.4156558161282362e-06,1635,cof_001635,cof_symmetry_pipeline/output/pycofbuilder/xyz/mol_000392.xyz,24,18,26,0,0,train,train
O=C(O)c1ccc(-c2cc3cc4oc(-c5ccc(C(=O)O)cc5)cc4cc3o2)cc1,pb_BDFN_L2,COOH_ph,C2,C2h,planar,38.62443485932509,pycofbuilder,0.0001332496712687,0.0002906097440777,1636,cof_001636,cof_symmetry_pipeline/output/pycofbuilder/xyz/mol_000393.xyz,44,30,48,0,0,train,train
O=[N+]([O-])c1cc2cc3oc([N+](=O)[O-])cc3cc2o1,pb_BDFN_L2,NO2_direct,C2,C2h,planar,78.15359201659525,pycofbuilder,4.177305467923117e-05,9.449735940698922e-05,1637,cof_001637,cof_symmetry_pipeline/output/pycofbuilder/xyz/mol_000394.xyz,22,18,24,0,0,train,train
O=[N+]([O-])c1ccc(-c2cc3cc4oc(-c5ccc([N+](=O)[O-])cc5)cc4cc3o2)cc1,pb_BDFN_L2,NO2_ph,C2,C2h,planar,115.4243641730656,pycofbuilder,2.0613539910504943e-05,5.2540121664890194e-05,1638,cof_001638,cof_symmetry_pipeline/output/pycofbuilder/xyz/mol_000395.xyz,42,30,46,0,0,train,train
Oc1cc2cc3oc(O)cc3cc2o1,pb_BDFN_L2,OH_direct,C2,C2h,planar,-33.975163767820106,pycofbuilder,1.6267723827218887e-06,4.086163642558205e-06,1639,cof_001639,cof_symmetry_pipeline/output/pycofbuilder/xyz/mol_000396.xyz,20,14,22,0,0,train,train
Oc1ccc(-c2cc3cc4oc(-c5ccc(O)cc5)cc4cc3o2)cc1,pb_BDFN_L2,OH_ph,C2,C2h,planar,26.31905888667196,pycofbuilder,2.268273347293177e-05,5.00096610354106e-05,1640,cof_001640,cof_symmetry_pipeline/output/pycofbuilder/xyz/mol_000397.xyz,40,26,44,0,0,train,train
Sc1cc2cc3oc(S)cc3cc2o1,pb_BDFN_L2,SH_direct,C2,C2h,planar,-10.272529391598871,pycofbuilder,2.296011371722386e-06,7.278998044424334e-06,1641,cof_001641,cof_symmetry_pipeline/output/pycofbuilder/xyz/mol_000398.xyz,20,14,22,0,0,train,train
[N-]=[N+]=Nc1cc2cc3oc(N=[N+]=[N-])cc3cc2o1,pb_BDFN_L2,N3_direct,C2,C2h,planar,-25.54599099017072,pycofbuilder,1.6042402915470055e-05,4.510692315018439e-05,1642,cof_001642,cof_symmetry_pipeline/output/pycofbuilder/xyz/mol_000399.xyz,22,18,24,0,0,val,train
C=Cc1cc2cc3oc(C=C)cc3cc2o1,pb_BDFN_L2,vinyl_direct,C2,C2h,planar,12.574002872704414,pycofbuilder,5.414079030395143e-06,1.3153156798062504e-05,1643,cof_001643,cof_symmetry_pipeline/output/pycofbuilder/xyz/mol_000400.xyz,26,16,28,0,0,train,train
C#Cc1cc2cc3oc(C#C)cc3cc2o1,pb_BDFN_L2,ethynyl_direct,C2,C2h,planar,5.791108129123515,pycofbuilder,1.2899936076685245e-06,2.6768221972339745e-06,1644,cof_001644,cof_symmetry_pipeline/output/pycofbuilder/xyz/mol_000401.xyz,22,16,24,0,0,train,train
Cc1cc2cc3oc(C)cc3cc2o1,pb_BDFN_L2,methyl_direct,C2,C2h,planar,10.69452054383499,pycofbuilder,0.3624541079238317,0.8878357155019774,1645,cof_001645,cof_symmetry_pipeline/output/pycofbuilder/xyz/mol_000402.xyz,24,14,26,0,0,train,train
Cc1ccc(-c2cc3cc4oc(-c5ccc(C)cc5)cc4cc3o2)cc1,pb_BDFN_L2,methyl_ph,C2,C2,planar,53.09257684803544,pycofbuilder,0.269468756824727,1.0526234301432054,1646,cof_001646,cof_symmetry_pipeline/output/pycofbuilder/xyz/mol_000403.xyz,44,26,48,0,0,train,train
O=C=Nc1cc2cc3oc(N=C=O)cc3cc2o1,pb_BDFN_L2,NCO_direct,C2,C2h,planar,-25.55653342039632,pycofbuilder,6.009550875248667e-06,2.0928843350191684e-05,1647,cof_001647,cof_symmetry_pipeline/output/pycofbuilder/xyz/mol_000404.xyz,22,18,24,0,0,train,train
S=C=Nc1cc2cc3oc(N=C=S)cc3cc2o1,pb_BDFN_L2,NCS_direct,C2,C2h,planar,-19.45392509437588,pycofbuilder,9.963416988706229e-06,3.461369289947669e-05,1648,cof_001648,cof_symmetry_pipeline/output/pycofbuilder/xyz/mol_000405.xyz,22,18,24,0,0,train,train
O=S(=O)(O)c1cc2cc3oc(S(=O)(=O)O)cc3cc2o1,pb_BDFN_L2,SO3H_direct,C2,C2,nonplanar,-23.816897017184623,pycofbuilder,0.5154860633145243,1.3633610012498485,1649,cof_001649,cof_symmetry_pipeline/output/pycofbuilder/xyz/mol_000406.xyz,26,20,28,0,0,val,train
O=P(O)(O)c1cc2cc3oc(P(=O)(O)O)cc3cc2o1,pb_BDFN_L2,PO3H2_direct,C2,C2,nonplanar,-195.2071853304888,pycofbuilder,0.6284586348896527,1.4483734411955596,1650,cof_001650,cof_symmetry_pipeline/output/pycofbuilder/xyz/mol_000407.xyz,28,20,30,0,0,test,train
FC(F)(F)c1cc2cc3oc(C(F)(F)F)cc3cc2o1,pb_BDFN_L2,CF3_direct,C2,C2h,planar,71.33749361096136,pycofbuilder,0.4458018453861996,1.0920299653452112,1651,cof_001651,cof_symmetry_pipeline/output/pycofbuilder/xyz/mol_000408.xyz,24,20,26,0,0,train,train
FC(F)(F)c1ccc(-c2cc3cc4oc(-c5ccc(C(F)(F)F)cc5)cc4cc3o2)cc1,pb_BDFN_L2,CF3_ph,C2,C2,planar,102.8369993096837,pycofbuilder,0.3279545274376496,1.2772324710124994,1652,cof_001652,cof_symmetry_pipeline/output/pycofbuilder/xyz/mol_000409.xyz,44,32,48,0,0,train,train
Clc1cc2cc3oc(Cl)cc3cc2o1,pb_BDFN_L2,Cl_direct,C2,C2h,planar,-0.8805961000745417,pycofbuilder,7.852989947341253e-07,1.5991293597084066e-06,1653,cof_001653,cof_symmetry_pipeline/output/pycofbuilder/xyz/mol_000410.xyz,18,14,20,0,0,train,train
Clc1ccc(-c2cc3cc4oc(-c5ccc(Cl)cc5)cc4cc3o2)cc1,pb_BDFN_L2,Cl_ph,C2,C2h,planar,45.233234491592896,pycofbuilder,1.9702755373329782e-05,4.886781821684949e-05,1654,cof_001654,cof_symmetry_pipeline/output/pycofbuilder/xyz/mol_000411.xyz,38,26,42,0,0,test,train
COC(=O)c1cc2cc3oc(C(=O)OC)cc3cc2o1,pb_BDFN_L2,COOMe_direct,C2,C2h,planar,34.53977167446482,pycofbuilder,0.32904653541466,0.9011427328200844,1655,cof_001655,cof_symmetry_pipeline/output/pycofbuilder/xyz/mol_000412.xyz,30,20,32,0,0,train,train
NC(=O)c1cc2cc3oc(C(N)=O)cc3cc2o1,pb_BDFN_L2,CONH2_direct,C2,C2h,planar,-20.439039359742004,pycofbuilder,1.5562514719834105e-05,4.388494225437967e-05,1656,cof_001656,cof_symmetry_pipeline/output/pycofbuilder/xyz/mol_000413.xyz,26,18,28,0,0,train,train
COc1cc2cc3oc(OC)cc3cc2o1,pb_BDFN_L2,OMe_direct,C2,C2h,planar,-4.8159530998976425,pycofbuilder,0.3534452490545248,0.9011141687890748,1657,cof_001657,cof_symmetry_pipeline/output/pycofbuilder/xyz/mol_000414.xyz,26,16,28,0,0,train,train
COc1ccc(-c2cc3cc4oc(-c5ccc(OC)cc5)cc4cc3o2)cc1,pb_BDFN_L2,OMe_ph,C2,C2h,planar,55.2634865222348,pycofbuilder,0.266446325728847,0.9035875341697868,1658,cof_001658,cof_symmetry_pipeline/output/pycofbuilder/xyz/mol_000415.xyz,46,28,50,0,0,test,train
O=C(Cl)c1cc2cc3oc(C(=O)Cl)cc3cc2o1,pb_BDFN_L2,COCl_direct,C2,C2h,planar,62.07701924213945,pycofbuilder,9.389212952685966e-06,2.322162379586601e-05,1659,cof_001659,cof_symmetry_pipeline/output/pycofbuilder/xyz/mol_000416.xyz,22,18,24,0,0,train,train
CC(=O)c1cc2cc3oc(C(C)=O)cc3cc2o1,pb_BDFN_L2,acetyl_direct,C2,C2h,planar,41.22492904472202,pycofbuilder,0.3390541686051688,0.897068373436769,1660,cof_001660,cof_symmetry_pipeline/output/pycofbuilder/xyz/mol_000417.xyz,28,18,30,0,0,train,train
CC(=O)c1ccc(-c2cc3cc4oc(-c5ccc(C(C)=O)cc5)cc4cc3o2)cc1,pb_BDFN_L2,acetyl_ph,C2,C2h,planar,85.89947420272337,pycofbuilder,0.2600077782037445,0.9007986174403172,1661,cof_001661,cof_symmetry_pipeline/output/pycofbuilder/xyz/mol_000418.xyz,48,30,52,0,0,train,train
NS(=O)(=O)c1cc2cc3oc(S(N)(=O)=O)cc3cc2o1,pb_BDFN_L2,SO2NH2_direct,C2,C2h,nonplanar,-96.69410908204212,pycofbuilder,0.5794438999570071,1.2725245053010494,1662,cof_001662,cof_symmetry_pipeline/output/pycofbuilder/xyz/mol_000419.xyz,28,20,30,0,0,test,train
O=CC#Cc1cc2cc3oc(C#CC=O)cc3cc2o1,pb_BDFN_L2,CCCHO_direct,C2,C2h,planar,2.135349640478409,pycofbuilder,2.5228253053452303e-06,8.23929051918526e-06,1663,cof_001663,cof_symmetry_pipeline/output/pycofbuilder/xyz/mol_000420.xyz,26,20,28,0,0,val,train
NC#Cc1cc2cc3oc(C#CN)cc3cc2o1,pb_BDFN_L2,CCNH2_direct,C2,C2h,planar,3.2619894181452573,pycofbuilder,0.3226873691085429,0.8227023001057174,1664,cof_001664,cof_symmetry_pipeline/output/pycofbuilder/xyz/mol_000421.xyz,26,18,28,0,0,train,train
N#CC#Cc1cc2cc3oc(C#CC#N)cc3cc2o1,pb_BDFN_L2,CCCN_direct,C2,C2h,planar,1.5497578106241336,pycofbuilder,2.6256085860955e-06,5.668015548021543e-06,1665,cof_001665,cof_symmetry_pipeline/output/pycofbuilder/xyz/mol_000422.xyz,24,20,26,0,0,test,train
O=C(O)C#Cc1cc2cc3oc(C#CC(=O)O)cc3cc2o1,pb_BDFN_L2,CCCOOH_direct,C2,C2h,planar,-62.49856338316752,pycofbuilder,0.013144118763772,0.0393920737281805,1666,cof_001666,cof_symmetry_pipeline/output/pycofbuilder/xyz/mol_000423.xyz,28,22,30,0,0,train,train
O=[N+]([O-])C#Cc1cc2cc3oc(C#C[N+](=O)[O-])cc3cc2o1,pb_BDFN_L2,CCNO2_direct,C2,C2h,planar,-0.4028545157205143,pycofbuilder,3.340989820407045e-05,0.0001192899667785,1667,cof_001667,cof_symmetry_pipeline/output/pycofbuilder/xyz/mol_000424.xyz,26,22,28,0,0,train,train
OC#Cc1cc2cc3oc(C#CO)cc3cc2o1,pb_BDFN_L2,CCOH_direct,C2,C2h,planar,3.7557372577433625,pycofbuilder,3.138660512029381e-06,1.3343697905079945e-05,1668,cof_001668,cof_symmetry_pipeline/output/pycofbuilder/xyz/mol_000425.xyz,24,18,26,0,0,train,train
FC(F)(F)C#Cc1cc2cc3oc(C#CC(F)(F)F)cc3cc2o1,pb_BDFN_L2,CCCF3_direct,C2,C2h,planar,3.954446327823813,pycofbuilder,0.4134526421526247,1.113237025841197,1669,cof_001669,cof_symmetry_pipeline/output/pycofbuilder/xyz/mol_000426.xyz,28,24,30,0,0,val,train
O=C=NC#Cc1cc2cc3oc(C#CN=C=O)cc3cc2o1,pb_BDFN_L2,CCNCO_direct,C2,C2h,planar,-2.567841193514048,pycofbuilder,0.0148317965745156,0.0577976427258346,1670,cof_001670,cof_symmetry_pipeline/output/pycofbuilder/xyz/mol_000427.xyz,26,22,28,0,0,train,train
CC(=O)C#Cc1cc2cc3oc(C#CC(C)=O)cc3cc2o1,pb_BDFN_L2,CCacetyl_direct,C2,C2h,planar,5.7008061679588335,pycofbuilder,0.3170598754968092,0.9351821636775912,1671,cof_001671,cof_symmetry_pipeline/output/pycofbuilder/xyz/mol_000428.xyz,32,22,34,0,0,train,train
COC(=O)C#Cc1cc2cc3oc(C#CC(=O)OC)cc3cc2o1,pb_BDFN_L2,CCCOOMe_direct,C2,C2,planar,-21.40247782977817,pycofbuilder,0.3422470565770047,1.015593282279161,1672,cof_001672,cof_symmetry_pipeline/output/pycofbuilder/xyz/mol_000429.xyz,34,24,36,0,0,train,train
O=COc1cc2cc3oc(OC=O)cc3cc2o1,pb_BDFN_L2,OCHO_direct,C2,C2h,planar,1.8203199128295928,pycofbuilder,2.02954939382093e-06,5.886651749859029e-06,1673,cof_001673,cof_symmetry_pipeline/output/pycofbuilder/xyz/mol_000430.xyz,24,18,26,0,0,train,train
N#COc1cc2cc3oc(OC#N)cc3cc2o1,pb_BDFN_L2,OCN_direct,C2,C2h,planar,1.2524922740223143,pycofbuilder,5.817538492052406e-07,1.172450805775327e-06,1674,cof_001674,cof_symmetry_pipeline/output/pycofbuilder/xyz/mol_000431.xyz,22,18,24,0,0,train,train
CC(=O)Oc1cc2cc3oc(OC(C)=O)cc3cc2o1,pb_BDFN_L2,Oacetyl_direct,C2,C2h,planar,1.2741692086547545,pycofbuilder,0.3282406816269,0.8989316545970236,1675,cof_001675,cof_symmetry_pipeline/output/pycofbuilder/xyz/mol_000432.xyz,30,20,32,0,0,train,train
O=CNc1cc2cc3oc(NC=O)cc3cc2o1,pb_BDFN_L2,NHCHO_direct,C2,C2h,planar,-45.44609871479543,pycofbuilder,3.322700618290073e-06,8.346018604332706e-06,1676,cof_001676,cof_symmetry_pipeline/output/pycofbuilder/xyz/mol_000433.xyz,26,18,28,0,0,train,train
CC(=O)Nc1cc2cc3oc(NC(C)=O)cc3cc2o1,pb_BDFN_L2,NHacetyl_direct,C2,C2,planar,-39.39560328141195,pycofbuilder,0.3168372299795214,1.037134109573015,1677,cof_001677,cof_symmetry_pipeline/output/pycofbuilder/xyz/mol_000434.xyz,32,20,34,0,0,train,train
N#CNc1cc2cc3oc(NC#N)cc3cc2o1,pb_BDFN_L2,NHCN_direct,C2,C2,planar,-82.58494646965126,pycofbuilder,0.4135671720706424,1.1990251575652329,1678,cof_001678,cof_symmetry_pipeline/output/pycofbuilder/xyz/mol_000435.xyz,24,18,26,0,0,train,train
N#CSc1cc2cc3oc(SC#N)cc3cc2o1,pb_BDFN_L2,SCN_direct,C2,C2h,planar,-5.7189941023089785,pycofbuilder,1.299804317855938e-05,3.925211787075833e-05,1679,cof_001679,cof_symmetry_pipeline/output/pycofbuilder/xyz/mol_000437.xyz,22,18,24,0,0,train,train
[N-]=[N+]=Nc1ccc(-c2cc3cc4oc(-c5ccc(N=[N+]=[N-])cc5)cc4cc3o2)cc1,pb_BDFN_L2,N3_ph,C2,C2,nonplanar,33.168266892013364,pycofbuilder,0.5154827072699983,2.029717350320522,1680,cof_001680,cof_symmetry_pipeline/output/pycofbuilder/xyz/mol_000438.xyz,42,30,46,0,0,train,train
Brc1cc2cc3oc(Br)cc3cc2o1,pb_BDFN_L2,Br_direct,C2,C2h,planar,1.351616537343446,pycofbuilder,1.5661919017282365e-06,4.005794430342324e-06,1681,cof_001681,cof_symmetry_pipeline/output/pycofbuilder/xyz/mol_000439.xyz,18,14,20,0,0,train,train
Ic1cc2cc3oc(I)cc3cc2o1,pb_BDFN_L2,I_direct,C2,C2h,planar,2.4667908497186857,pycofbuilder,4.018808003113529e-06,1.043947933432321e-05,1682,cof_001682,cof_symmetry_pipeline/output/pycofbuilder/xyz/mol_000440.xyz,18,14,20,0,0,train,train
C[Si](C)(C)c1cc2cc3oc([Si](C)(C)C)cc3cc2o1,pb_BDFN_L2,SiMe3_direct,C2,C2h,nonplanar,25.134841430469656,pycofbuilder,1.1603468802079018,2.4482478368435725,1683,cof_001683,cof_symmetry_pipeline/output/pycofbuilder/xyz/mol_000441.xyz,42,20,44,0,0,train,train
[CH3][Sn]([CH3])([CH3])[c]1cc2cc3o[c]([Sn]([CH3])([CH3])[CH3])cc3cc2o1,pb_BDFN_L2,SnMe3_direct,C2,C2,nonplanar,83.01579554214636,pycofbuilder,1.2739002715860126,2.6855952883533494,1684,cof_001684,cof_symmetry_pipeline/output/pycofbuilder/xyz/mol_000442.xyz,42,20,44,0,0,train,train
O=S(=O)(Cl)c1cc2cc3oc(S(=O)(=O)Cl)cc3cc2o1,pb_BDFN_L2,SO2Cl_direct,C2,C2,nonplanar,86.81444729723358,pycofbuilder,0.5329486640769607,1.421348593498051,1685,cof_001685,cof_symmetry_pipeline/output/pycofbuilder/xyz/mol_000444.xyz,24,20,26,0,0,train,train
O=P(Cl)(Cl)c1cc2cc3oc(P(=O)(Cl)Cl)cc3cc2o1,pb_BDFN_L2,POCl2_direct,C2,D2h,nonplanar,88.28774093429361,pycofbuilder,0.6475618842867524,1.586230571176443,1686,cof_001686,cof_symmetry_pipeline/output/pycofbuilder/xyz/mol_000445.xyz,24,20,26,0,0,train,train
O=C(O)c1ccc(-c2ccc(-c3cc4cc5oc(-c6ccc(-c7ccc(C(=O)O)cc7)cc6)cc5cc4o3)cc2)cc1,pb_BDFN_L2,COOH_phph,C2,D2,nonplanar,83.44310609888615,pycofbuilder,0.7488810720211676,1.761904094473067,1687,cof_001687,cof_symmetry_pipeline/output/pycofbuilder/xyz/mol_000446.xyz,64,42,70,0,0,train,train
N#Cc1ccc(-c2ccc(-c3cc4cc5oc(-c6ccc(-c7ccc(C#N)cc7)cc6)cc5cc4o3)cc2)cc1,pb_BDFN_L2,CN_phph,C2,D2,nonplanar,119.98725151237522,pycofbuilder,0.7321404019536046,1.7542305053821758,1688,cof_001688,cof_symmetry_pipeline/output/pycofbuilder/xyz/mol_000447.xyz,60,40,66,0,0,train,train
O=[N+]([O-])c1ccc(-c2ccc(-c3cc4cc5oc(-c6ccc(-c7ccc([N+](=O)[O-])cc7)cc6)cc5cc4o3)cc2)cc1,pb_BDFN_L2,NO2_phph,C2,D2,nonplanar,159.94051596174168,pycofbuilder,0.7554193862801771,1.768920483886996,1689,cof_001689,cof_symmetry_pipeline/output/pycofbuilder/xyz/mol_000448.xyz,62,42,68,0,0,train,train
Oc1ccc(-c2ccc(-c3cc4cc5oc(-c6ccc(-c7ccc(O)cc7)cc6)cc5cc4o3)cc2)cc1,pb_BDFN_L2,OH_phph,C2,C2,nonplanar,71.23336906671955,pycofbuilder,0.7358740856093112,1.762835672893467,1690,cof_001690,cof_symmetry_pipeline/output/pycofbuilder/xyz/mol_000449.xyz,60,38,66,0,0,train,train
N#CCc1cc2cc3oc(CC#N)cc3cc2o1,pb_BDFN_L2,PB_CHCN,C2,C2,nonplanar,32.46468416940304,pycofbuilder,0.7031922093916618,1.9632849014550355,1691,cof_001691,cof_symmetry_pipeline/output/pycofbuilder/xyz/mol_000450.xyz,26,18,28,0,0,train,train
NNCc1cc2cc3oc(CNN)cc3cc2o1,pb_BDFN_L2,PB_NHNH2,C2,C2,nonplanar,131.1674801398232,pycofbuilder,0.9804502434037692,2.157674846897028,1692,cof_001692,cof_symmetry_pipeline/output/pycofbuilder/xyz/mol_000451.xyz,32,18,34,0,0,train,train
NNC(=O)c1cc2cc3oc(C(=O)NN)cc3cc2o1,pb_BDFN_L2,PB_CONHNH2,C2,C2,planar,132.49990712522933,pycofbuilder,0.2848450020994482,0.8577911096822455,1693,cof_001693,cof_symmetry_pipeline/output/pycofbuilder/xyz/mol_000453.xyz,30,20,32,0,0,train,train
[O]C(=O)c1cc2cc3oc(C([O])=O)cc3cc2o1,pb_BDFN_L2,PB_COOH,C2,C2h,planar,105.82296899415884,pycofbuilder,1.5792580084113984e-05,2.8803204823513173e-05,1694,cof_001694,cof_symmetry_pipeline/output/pycofbuilder/xyz/mol_000454.xyz,22,18,24,0,2,train,train
ONc1cc2cc3oc(NO)cc3cc2o1,pb_BDFN_L2,PB_NHOH,C2,C2,planar,16.511347131298567,pycofbuilder,0.189753525112178,0.4520991546254234,1695,cof_001695,cof_symmetry_pipeline/output/pycofbuilder/xyz/mol_000455.xyz,24,16,26,0,0,train,train
O=Cc1cc2cc3sc(C=O)cc3cc2s1,pb_BDTP_L2,CHO_direct,C2,C2h,planar,38.53176364659814,pycofbuilder,2.601144894652596e-06,5.471727735159408e-06,1696,cof_001696,cof_symmetry_pipeline/output/pycofbuilder/xyz/mol_000456.xyz,22,16,24,0,0,test,train
O=Cc1ccc(-c2cc3cc4sc(-c5ccc(C=O)cc5)cc4cc3s2)cc1,pb_BDTP_L2,CHO_ph,C2,C2h,planar,94.48046661435993,pycofbuilder,9.9673392213431e-05,0.0002158476383939,1697,cof_001697,cof_symmetry_pipeline/output/pycofbuilder/xyz/mol_000457.xyz,42,28,46,0,0,train,train
O=Cc1ccc(-c2ccc(-c3cc4cc5sc(-c6ccc(-c7ccc(C=O)cc7)cc6)cc5cc4s3)cc2)cc1,pb_BDTP_L2,CHO_phph,C2,C2,nonplanar,136.74091926126874,pycofbuilder,0.6541448873584627,1.6053577243200472,1698,cof_001698,cof_symmetry_pipeline/output/pycofbuilder/xyz/mol_000458.xyz,62,40,68,0,0,train,train
Nc1cc2cc3sc(N)cc3cc2s1,pb_BDTP_L2,NH2_direct,C2,C2,planar,-6.746230738799115,pycofbuilder,0.1029797519323418,0.2428793476432805,1699,cof_001699,cof_symmetry_pipeline/output/pycofbuilder/xyz/mol_000459.xyz,22,14,24,0,0,test,train
Nc1ccc(-c2cc3cc4sc(-c5ccc(N)cc5)cc4cc3s2)cc1,pb_BDTP_L2,NH2_ph,C2,C2,nonplanar,41.30306881842076,pycofbuilder,0.8042632499673602,1.6101887506872894,1700,cof_001700,cof_symmetry_pipeline/output/pycofbuilder/xyz/mol_000460.xyz,42,26,46,0,0,train,train
Nc1ccc(-c2ccc(-c3cc4cc5sc(-c6ccc(-c7ccc(N)cc7)cc6)cc5cc4s3)cc2)cc1,pb_BDTP_L2,NH2_phph,C2,C2,nonplanar,86.89113406190717,pycofbuilder,0.639769647348458,1.5463810576380692,1701,cof_001701,cof_symmetry_pipeline/output/pycofbuilder/xyz/mol_000461.xyz,62,38,68,0,0,train,train
OB(O)c1cc2cc3sc(B(O)O)cc3cc2s1,pb_BDTP_L2,BOH2_direct,C2,C2,planar,81.12472166329755,pycofbuilder,0.3435186015500747,0.8070503665864229,1702,cof_001702,cof_symmetry_pipeline/output/pycofbuilder/xyz/mol_000462.xyz,26,18,28,0,0,test,train
OB(O)c1ccc(-c2cc3cc4sc(-c5ccc(B(O)O)cc5)cc4cc3s2)cc1,pb_BDTP_L2,BOH2_ph,C2,C2,planar,112.73350221645202,pycofbuilder,0.3322482911496438,1.1029195096876951,1703,cof_001703,cof_symmetry_pipeline/output/pycofbuilder/xyz/mol_000463.xyz,46,30,50,0,0,val,train
C#Cc1ccc(-c2cc3cc4sc(-c5ccc(C#C)cc5)cc4cc3s2)cc1,pb_BDTP_L2,CCH_ph,C2,C2h,planar,63.17406166721694,pycofbuilder,0.0005881261920908,0.0013150008414322,1704,cof_001704,cof_symmetry_pipeline/output/pycofbuilder/xyz/mol_000464.xyz,42,28,46,0,0,test,train
C#Cc1ccc(-c2ccc(-c3cc4cc5sc(-c6ccc(-c7ccc(C#C)cc7)cc6)cc5cc4s3)cc2)cc1,pb_BDTP_L2,CCH_phph,C2,C2,nonplanar,106.04363846731046,pycofbuilder,0.6541379414161856,1.6116497901818203,1705,cof_001705,cof_symmetry_pipeline/output/pycofbuilder/xyz/mol_000465.xyz,62,40,68,0,0,train,train
N#Cc1cc2cc3sc(C#N)cc3cc2s1,pb_BDTP_L2,CN_direct,C2,C2h,planar,31.875499426009547,pycofbuilder,8.299122401433695e-05,0.0001893164646089,1706,cof_001706,cof_symmetry_pipeline/output/pycofbuilder/xyz/mol_000466.xyz,20,16,22,0,0,test,train
N#Cc1ccc(-c2cc3cc4sc(-c5ccc(C#N)cc5)cc4cc3s2)cc1,pb_BDTP_L2,CN_ph,C2,C2h,planar,91.40131086062344,pycofbuilder,0.0005939869698642,0.0013714504095503,1707,cof_001707,cof_symmetry_pipeline/output/pycofbuilder/xyz/mol_000467.xyz,40,28,44,0,0,train,train
O=C(O)c1cc2cc3sc(C(=O)O)cc3cc2s1,pb_BDTP_L2,COOH_direct,C2,C2h,planar,-20.85057497114745,pycofbuilder,4.622522035946298e-06,1.1885353081275696e-05,1708,cof_001708,cof_symmetry_pipeline/output/pycofbuilder/xyz/mol_000468.xyz,24,18,26,0,0,train,train
O=C(O)c1ccc(-c2cc3cc4sc(-c5ccc(C(=O)O)cc5)cc4cc3s2)cc1,pb_BDTP_L2,COOH_ph,C2,C2,nonplanar,52.2334552542499,pycofbuilder,0.8075267843038844,1.602020563095336,1709,cof_001709,cof_symmetry_pipeline/output/pycofbuilder/xyz/mol_000469.xyz,44,30,48,0,0,train,train
O=[N+]([O-])c1cc2cc3sc([N+](=O)[O-])cc3cc2s1,pb_BDTP_L2,NO2_direct,C2,C2h,planar,57.35656189450733,pycofbuilder,2.093750470343664e-05,5.824682049659913e-05,1710,cof_001710,cof_symmetry_pipeline/output/pycofbuilder/xyz/mol_000470.xyz,22,18,24,0,0,train,train
O=[N+]([O-])c1ccc(-c2cc3cc4sc(-c5ccc([N+](=O)[O-])cc5)cc4cc3s2)cc1,pb_BDTP_L2,NO2_ph,C2,C2h,planar,131.53025595370067,pycofbuilder,0.0002705390623074,0.0006124570277084,1711,cof_001711,cof_symmetry_pipeline/output/pycofbuilder/xyz/mol_000471.xyz,42,30,46,0,0,train,train
Oc1cc2cc3sc(O)cc3cc2s1,pb_BDTP_L2,OH_direct,C2,C2h,planar,4.080180799120837,pycofbuilder,8.419785314468892e-07,2.4803028781938963e-06,1712,cof_001712,cof_symmetry_pipeline/output/pycofbuilder/xyz/mol_000472.xyz,20,14,22,0,0,train,train
Oc1ccc(-c2cc3cc4sc(-c5ccc(O)cc5)cc4cc3s2)cc1,pb_BDTP_L2,OH_ph,C2,C2,nonplanar,39.553657537289006,pycofbuilder,0.8017767519555027,1.5890516866120716,1713,cof_001713,cof_symmetry_pipeline/output/pycofbuilder/xyz/mol_000473.xyz,40,26,44,0,0,test,train
Sc1cc2cc3sc(S)cc3cc2s1,pb_BDTP_L2,SH_direct,C2,C2h,planar,8.639879556923065,pycofbuilder,3.1139407394783763e-06,6.569297379632744e-06,1714,cof_001714,cof_symmetry_pipeline/output/pycofbuilder/xyz/mol_000474.xyz,20,14,22,0,0,train,train
[N-]=[N+]=Nc1cc2cc3sc(N=[N+]=[N-])cc3cc2s1,pb_BDTP_L2,N3_direct,C2,C2,planar,8.985649494435766,pycofbuilder,0.3902709671147935,1.07962195409301,1715,cof_001715,cof_symmetry_pipeline/output/pycofbuilder/xyz/mol_000475.xyz,22,18,24,0,0,train,train
C=Cc1cc2cc3sc(C=C)cc3cc2s1,pb_BDTP_L2,vinyl_direct,C2,C2h,planar,32.91986333193941,pycofbuilder,8.25350209138981e-06,2.567265973763e-05,1716,cof_001716,cof_symmetry_pipeline/output/pycofbuilder/xyz/mol_000476.xyz,26,16,28,0,0,train,train
C#Cc1cc2cc3sc(C#C)cc3cc2s1,pb_BDTP_L2,ethynyl_direct,C2,C2h,planar,15.64777011394009,pycofbuilder,8.552751546242314e-07,1.9378805591330206e-06,1717,cof_001717,cof_symmetry_pipeline/output/pycofbuilder/xyz/mol_000477.xyz,22,16,24,0,0,train,train
Cc1cc2cc3sc(C)cc3cc2s1,pb_BDTP_L2,methyl_direct,C2,C2h,planar,22.16912386620793,pycofbuilder,0.3631302729564366,0.889493247094904,1718,cof_001718,cof_symmetry_pipeline/output/pycofbuilder/xyz/mol_000478.xyz,24,14,26,0,0,train,train
O=C=Nc1cc2cc3sc(N=C=O)cc3cc2s1,pb_BDTP_L2,NCO_direct,C2,C2,planar,9.465621531921894,pycofbuilder,0.3972650722639234,1.110492143531888,1719,cof_001719,cof_symmetry_pipeline/output/pycofbuilder/xyz/mol_000480.xyz,22,18,24,0,0,train,train
S=C=Nc1cc2cc3sc(N=C=S)cc3cc2s1,pb_BDTP_L2,NCS_direct,C2,D2,nonplanar,13.565819317874167,pycofbuilder,0.7594729280589811,2.2194038161248666,1720,cof_001720,cof_symmetry_pipeline/output/pycofbuilder/xyz/mol_000481.xyz,22,18,24,0,0,val,train
O=S(=O)(O)c1cc2cc3sc(S(=O)(=O)O)cc3cc2s1,pb_BDTP_L2,SO3H_direct,C2,C2,nonplanar,-53.57688999262013,pycofbuilder,0.7088134385085972,1.7586945122903377,1721,cof_001721,cof_symmetry_pipeline/output/pycofbuilder/xyz/mol_000482.xyz,26,20,28,0,0,train,train
O=P(O)(O)c1cc2cc3sc(P(=O)(O)O)cc3cc2s1,pb_BDTP_L2,PO3H2_direct,C2,C2,nonplanar,-223.9933110696396,pycofbuilder,0.6808590449340549,1.4213733006886635,1722,cof_001722,cof_symmetry_pipeline/output/pycofbuilder/xyz/mol_000483.xyz,28,20,30,0,0,val,train
FC(F)(F)c1cc2cc3sc(C(F)(F)F)cc3cc2s1,pb_BDTP_L2,CF3_direct,C2,C2h,planar,51.29021981339764,pycofbuilder,0.4458480132377541,1.0921066088439897,1723,cof_001723,cof_symmetry_pipeline/output/pycofbuilder/xyz/mol_000484.xyz,24,20,26,0,0,train,train
Clc1cc2cc3sc(Cl)cc3cc2s1,pb_BDTP_L2,Cl_direct,C2,C2h,planar,11.59116079646466,pycofbuilder,1.334038685871662e-06,3.0599965304897725e-06,1724,cof_001724,cof_symmetry_pipeline/output/pycofbuilder/xyz/mol_000486.xyz,18,14,20,0,0,test,train
Clc1ccc(-c2cc3cc4sc(-c5ccc(Cl)cc5)cc4cc3s2)cc1,pb_BDTP_L2,Cl_ph,C2,C2h,planar,61.213629629507125,pycofbuilder,0.0001246770434204,0.000246852167799,1725,cof_001725,cof_symmetry_pipeline/output/pycofbuilder/xyz/mol_000487.xyz,38,26,42,0,0,train,train
COC(=O)c1cc2cc3sc(C(=O)OC)cc3cc2s1,pb_BDTP_L2,COOMe_direct,C2,C2h,planar,23.590581646264454,pycofbuilder,0.329007041989539,0.9010249920171832,1726,cof_001726,cof_symmetry_pipeline/output/pycofbuilder/xyz/mol_000488.xyz,30,20,32,0,0,train,train
NC(=O)c1cc2cc3sc(C(N)=O)cc3cc2s1,pb_BDTP_L2,CONH2_direct,C2,C2,planar,-34.807748096675404,pycofbuilder,0.1667662633549421,0.4526799751071799,1727,cof_001727,cof_symmetry_pipeline/output/pycofbuilder/xyz/mol_000489.xyz,26,18,28,0,0,train,train
COc1cc2cc3sc(OC)cc3cc2s1,pb_BDTP_L2,OMe_direct,C2,C2h,planar,20.92409627931783,pycofbuilder,0.3533778960972966,0.900956783293327,1728,cof_001728,cof_symmetry_pipeline/output/pycofbuilder/xyz/mol_000490.xyz,26,16,28,0,0,train,train
O=C(Cl)c1cc2cc3sc(C(=O)Cl)cc3cc2s1,pb_BDTP_L2,COCl_direct,C2,C2h,planar,52.113368937262734,pycofbuilder,6.184062251813146e-06,1.130931185311379e-05,1729,cof_001729,cof_symmetry_pipeline/output/pycofbuilder/xyz/mol_000492.xyz,22,18,24,0,0,train,train
CC(=O)c1cc2cc3sc(C(C)=O)cc3cc2s1,pb_BDTP_L2,acetyl_direct,C2,C2h,planar,46.29920104094828,pycofbuilder,0.3394275625679149,0.8980639305160056,1730,cof_001730,cof_symmetry_pipeline/output/pycofbuilder/xyz/mol_000493.xyz,28,18,30,0,0,train,train
NS(=O)(=O)c1cc2cc3sc(S(N)(=O)=O)cc3cc2s1,pb_BDTP_L2,SO2NH2_direct,C2,C2,nonplanar,-126.95912597265124,pycofbuilder,0.7425566115089959,1.865533124621844,1731,cof_001731,cof_symmetry_pipeline/output/pycofbuilder/xyz/mol_000495.xyz,28,20,30,0,0,val,train
O=CC#Cc1cc2cc3sc(C#CC=O)cc3cc2s1,pb_BDTP_L2,CCCHO_direct,C2,C2h,planar,14.991954633285085,pycofbuilder,0.0147405539403211,0.0507889191156718,1732,cof_001732,cof_symmetry_pipeline/output/pycofbuilder/xyz/mol_000496.xyz,26,20,28,0,0,train,train
NC#Cc1cc2cc3sc(C#CN)cc3cc2s1,pb_BDTP_L2,CCNH2_direct,C2,C2h,planar,12.518293450288544,pycofbuilder,0.3228548973092943,0.8231266082882485,1733,cof_001733,cof_symmetry_pipeline/output/pycofbuilder/xyz/mol_000497.xyz,26,18,28,0,0,train,train
N#CC#Cc1cc2cc3sc(C#CC#N)cc3cc2s1,pb_BDTP_L2,CCCN_direct,C2,C2h,planar,15.439091684521737,pycofbuilder,1.5049477374873595e-06,4.45372936974664e-06,1734,cof_001734,cof_symmetry_pipeline/output/pycofbuilder/xyz/mol_000498.xyz,24,20,26,0,0,train,train
O=C(O)C#Cc1cc2cc3sc(C#CC(=O)O)cc3cc2s1,pb_BDTP_L2,CCCOOH_direct,C2,C2h,planar,-49.16582217191325,pycofbuilder,0.0071455395849576,0.0201021230572679,1735,cof_001735,cof_symmetry_pipeline/output/pycofbuilder/xyz/mol_000499.xyz,28,22,30,0,0,train,train
O=[N+]([O-])C#Cc1cc2cc3sc(C#C[N+](=O)[O-])cc3cc2s1,pb_BDTP_L2,CCNO2_direct,C2,C2h,planar,15.996125092322462,pycofbuilder,0.0027034025687715,0.0089757265655987,1736,cof_001736,cof_symmetry_pipeline/output/pycofbuilder/xyz/mol_000500.xyz,26,22,28,0,0,train,train
OC#Cc1cc2cc3sc(C#CO)cc3cc2s1,pb_BDTP_L2,CCOH_direct,C2,C2h,planar,14.424063098632104,pycofbuilder,3.079975516448928e-06,9.047258144434522e-06,1737,cof_001737,cof_symmetry_pipeline/output/pycofbuilder/xyz/mol_000501.xyz,24,18,26,0,0,test,train
FC(F)(F)C#Cc1cc2cc3sc(C#CC(F)(F)F)cc3cc2s1,pb_BDTP_L2,CCCF3_direct,C2,C2,planar,17.557937502032104,pycofbuilder,0.4134326796676114,1.199218830416653,1738,cof_001738,cof_symmetry_pipeline/output/pycofbuilder/xyz/mol_000502.xyz,28,24,30,0,0,train,train
O=C=NC#Cc1cc2cc3sc(C#CN=C=O)cc3cc2s1,pb_BDTP_L2,CCNCO_direct,C2,C2h,planar,9.01345213448145,pycofbuilder,0.004026257865709,0.0152104349425423,1739,cof_001739,cof_symmetry_pipeline/output/pycofbuilder/xyz/mol_000503.xyz,26,22,28,0,0,train,train
CC(=O)C#Cc1cc2cc3sc(C#CC(C)=O)cc3cc2s1,pb_BDTP_L2,CCacetyl_direct,C2,C2h,planar,18.511971046273583,pycofbuilder,0.3171173857935772,0.9371493570519452,1740,cof_001740,cof_symmetry_pipeline/output/pycofbuilder/xyz/mol_000504.xyz,32,22,34,0,0,train,train
O=COc1cc2cc3sc(OC=O)cc3cc2s1,pb_BDTP_L2,OCHO_direct,C2,C2h,planar,29.494215824584845,pycofbuilder,7.303381689732142e-05,0.0002317722504717,1741,cof_001741,cof_symmetry_pipeline/output/pycofbuilder/xyz/mol_000506.xyz,24,18,26,0,0,train,train
N#COc1cc2cc3sc(OC#N)cc3cc2s1,pb_BDTP_L2,OCN_direct,C2,C2h,planar,27.24658496759628,pycofbuilder,0.0002166810933398,0.0007306497919223,1742,cof_001742,cof_symmetry_pipeline/output/pycofbuilder/xyz/mol_000507.xyz,22,18,24,0,0,test,train
CC(=O)Oc1cc2cc3sc(OC(C)=O)cc3cc2s1,pb_BDTP_L2,Oacetyl_direct,C2,C2h,planar,28.85965888481309,pycofbuilder,0.3282367845942877,0.898960105398761,1743,cof_001743,cof_symmetry_pipeline/output/pycofbuilder/xyz/mol_000508.xyz,30,20,32,0,0,val,train
O=CNc1cc2cc3sc(NC=O)cc3cc2s1,pb_BDTP_L2,NHCHO_direct,C2,C2h,planar,-8.058402316866779,pycofbuilder,1.281148286742139e-06,3.1978492762430037e-06,1744,cof_001744,cof_symmetry_pipeline/output/pycofbuilder/xyz/mol_000509.xyz,26,18,28,0,0,train,train
CC(=O)Nc1cc2cc3sc(NC(C)=O)cc3cc2s1,pb_BDTP_L2,NHacetyl_direct,C2,C2,planar,-1.855624635061794,pycofbuilder,0.3170461177499956,1.0202978224142658,1745,cof_001745,cof_symmetry_pipeline/output/pycofbuilder/xyz/mol_000510.xyz,32,20,34,0,0,val,train
N#CNc1cc2cc3sc(NC#N)cc3cc2s1,pb_BDTP_L2,NHCN_direct,C2,C2,planar,-40.67324919012427,pycofbuilder,0.3620287839359241,1.0497809880487208,1746,cof_001746,cof_symmetry_pipeline/output/pycofbuilder/xyz/mol_000511.xyz,24,18,26,0,0,train,train
CS(=O)(=O)Nc1cc2cc3sc(NS(C)(=O)=O)cc3cc2s1,pb_BDTP_L2,NHSO2_direct,C2,C2,nonplanar,-96.97654018507748,pycofbuilder,0.8231096277336485,1.9674217005272032,1747,cof_001747,cof_symmetry_pipeline/output/pycofbuilder/xyz/mol_000512.xyz,34,22,36,0,0,train,train
N#CSc1cc2cc3sc(SC#N)cc3cc2s1,pb_BDTP_L2,SCN_direct,C2,C2,nonplanar,16.46555168934021,pycofbuilder,0.7380965539731162,1.9747862316477112,1748,cof_001748,cof_symmetry_pipeline/output/pycofbuilder/xyz/mol_000513.xyz,22,18,24,0,0,test,train
[N-]=[N+]=Nc1ccc(-c2cc3cc4sc(-c5ccc(N=[N+]=[N-])cc5)cc4cc3s2)cc1,pb_BDTP_L2,N3_ph,C2,C2,nonplanar,46.80522820532354,pycofbuilder,0.8625811399796962,1.700066796932756,1749,cof_001749,cof_symmetry_pipeline/output/pycofbuilder/xyz/mol_000514.xyz,42,30,46,0,0,train,train
Brc1cc2cc3sc(Br)cc3cc2s1,pb_BDTP_L2,Br_direct,C2,C2h,planar,13.084323002870509,pycofbuilder,1.4334721085836251e-06,3.4077220758543803e-06,1750,cof_001750,cof_symmetry_pipeline/output/pycofbuilder/xyz/mol_000515.xyz,18,14,20,0,0,train,train
Ic1cc2cc3sc(I)cc3cc2s1,pb_BDTP_L2,I_direct,C2,C2h,planar,13.929882748823992,pycofbuilder,8.076537037279433e-07,1.3965566540985463e-06,1751,cof_001751,cof_symmetry_pipeline/output/pycofbuilder/xyz/mol_000516.xyz,18,14,20,0,0,val,train
C[Si](C)(C)c1cc2cc3sc([Si](C)(C)C)cc3cc2s1,pb_BDTP_L2,SiMe3_direct,C2,C2h,nonplanar,29.23563260892245,pycofbuilder,1.162750191682652,2.436240609010488,1752,cof_001752,cof_symmetry_pipeline/output/pycofbuilder/xyz/mol_000517.xyz,42,20,44,0,0,train,train
O=S(=O)(Cl)c1cc2cc3sc(S(=O)(=O)Cl)cc3cc2s1,pb_BDTP_L2,SO2Cl_direct,C2,C2,nonplanar,59.51091313489008,pycofbuilder,0.5786479256126003,1.5554039489004867,1753,cof_001753,cof_symmetry_pipeline/output/pycofbuilder/xyz/mol_000520.xyz,24,20,26,0,0,train,train
O=P(Cl)(Cl)c1cc2cc3sc(P(=O)(Cl)Cl)cc3cc2s1,pb_BDTP_L2,POCl2_direct,C2,D2h,nonplanar,64.20575653971228,pycofbuilder,0.6481295874638965,1.587619052468244,1754,cof_001754,cof_symmetry_pipeline/output/pycofbuilder/xyz/mol_000521.xyz,24,20,26,0,0,train,train
O=C(O)c1ccc(-c2ccc(-c3cc4cc5sc(-c6ccc(-c7ccc(C(=O)O)cc7)cc6)cc5cc4s3)cc2)cc1,pb_BDTP_L2,COOH_phph,C2,C2,nonplanar,97.11003974372996,pycofbuilder,0.6407152687689422,1.5799741664864393,1755,cof_001755,cof_symmetry_pipeline/output/pycofbuilder/xyz/mol_000522.xyz,64,42,70,0,0,train,train
N#Cc1ccc(-c2ccc(-c3cc4cc5sc(-c6ccc(-c7ccc(C#N)cc7)cc6)cc5cc4s3)cc2)cc1,pb_BDTP_L2,CN_phph,C2,C2,nonplanar,133.68867920011672,pycofbuilder,0.6631990606752579,1.6009741108983229,1756,cof_001756,cof_symmetry_pipeline/output/pycofbuilder/xyz/mol_000523.xyz,60,40,66,0,0,train,train
O=[N+]([O-])c1ccc(-c2ccc(-c3cc4cc5sc(-c6ccc(-c7ccc([N+](=O)[O-])cc7)cc6)cc5cc4s3)cc2)cc1,pb_BDTP_L2,NO2_phph,C2,C2,nonplanar,173.65484673758158,pycofbuilder,0.6428008841594793,1.5609540043178207,1757,cof_001757,cof_symmetry_pipeline/output/pycofbuilder/xyz/mol_000524.xyz,62,42,68,0,0,val,train
Oc1ccc(-c2ccc(-c3cc4cc5sc(-c6ccc(-c7ccc(O)cc7)cc6)cc5cc4s3)cc2)cc1,pb_BDTP_L2,OH_phph,C2,C2,nonplanar,84.97450383178439,pycofbuilder,0.6620435308164437,1.5874577841610915,1758,cof_001758,cof_symmetry_pipeline/output/pycofbuilder/xyz/mol_000525.xyz,60,38,66,0,0,train,train
N#CCc1cc2cc3sc(CC#N)cc3cc2s1,pb_BDTP_L2,PB_CHCN,C2,C2,nonplanar,44.6025146018155,pycofbuilder,0.7737407115048733,2.219453765736868,1759,cof_001759,cof_symmetry_pipeline/output/pycofbuilder/xyz/mol_000526.xyz,26,18,28,0,0,train,train
NNCc1cc2cc3sc(CNN)cc3cc2s1,pb_BDTP_L2,PB_NHNH2,C2,C2,nonplanar,127.58925796083952,pycofbuilder,0.9977369569261372,1.892540767658488,1760,cof_001760,cof_symmetry_pipeline/output/pycofbuilder/xyz/mol_000527.xyz,32,18,34,0,0,train,train
O=C(CCO)c1cc2cc3sc(C(=O)CCO)cc3cc2s1,pb_BDTP_L2,PB_COCHCHOH,C2,C2,nonplanar,40.26495829842364,pycofbuilder,0.8565365250703851,1.767406915012424,1761,cof_001761,cof_symmetry_pipeline/output/pycofbuilder/xyz/mol_000528.xyz,36,22,38,0,0,train,train
NNC(=O)c1cc2cc3sc(C(=O)NN)cc3cc2s1,pb_BDTP_L2,PB_CONHNH2,C2,C2,planar,125.83163272526868,pycofbuilder,0.2849002454298557,0.8562618879028485,1762,cof_001762,cof_symmetry_pipeline/output/pycofbuilder/xyz/mol_000529.xyz,30,20,32,0,0,test,train
[O]C(=O)c1cc2cc3sc(C([O])=O)cc3cc2s1,pb_BDTP_L2,PB_COOH,C2,C2h,planar,76.66197899328375,pycofbuilder,4.534975736583909e-06,9.97874239114932e-06,1763,cof_001763,cof_symmetry_pipeline/output/pycofbuilder/xyz/mol_000530.xyz,22,18,24,0,2,train,train
ONc1cc2cc3sc(NO)cc3cc2s1,pb_BDTP_L2,PB_NHOH,C2,C2,planar,42.43783959223924,pycofbuilder,0.1905366608725274,0.4743326644476897,1764,cof_001764,cof_symmetry_pipeline/output/pycofbuilder/xyz/mol_000531.xyz,24,16,26,0,0,train,train
O=Cc1ccc(C=O)cc1,pb_BENZ_L2,CHO_direct,C2,C2v,planar,47.1838835515389,pycofbuilder,1.5672652150419555e-05,4.247695507469951e-05,1765,cof_001765,cof_symmetry_pipeline/output/pycofbuilder/xyz/mol_000532.xyz,16,10,16,0,0,val,train
O=Cc1ccc(-c2ccc(-c3ccc(C=O)cc3)cc2)cc1,pb_BENZ_L2,CHO_ph,C2,D2,nonplanar,90.9985594691424,pycofbuilder,0.9783766537526536,1.7462967304550554,1766,cof_001766,cof_symmetry_pipeline/output/pycofbuilder/xyz/mol_000533.xyz,36,22,38,0,0,test,train
O=Cc1ccc(-c2ccc(-c3ccc(-c4ccc(-c5ccc(C=O)cc5)cc4)cc3)cc2)cc1,pb_BENZ_L2,CHO_phph,C2,C2,nonplanar,136.06521910528886,pycofbuilder,0.7526254098489542,1.7447718236609684,1767,cof_001767,cof_symmetry_pipeline/output/pycofbuilder/xyz/mol_000534.xyz,56,34,60,0,0,train,train
Nc1ccc(N)cc1,pb_BENZ_L2,NH2_direct,C2,C2h,planar,-4.048131831751817,pycofbuilder,0.1057579880455727,0.2055151137600823,1768,cof_001768,cof_symmetry_pipeline/output/pycofbuilder/xyz/mol_000535.xyz,16,8,16,0,0,train,train
Nc1ccc(-c2ccc(-c3ccc(N)cc3)cc2)cc1,pb_BENZ_L2,NH2_ph,C2,D2,nonplanar,41.202339836826894,pycofbuilder,0.96433819028178,1.771509797703415,1769,cof_001769,cof_symmetry_pipeline/output/pycofbuilder/xyz/mol_000536.xyz,36,20,38,0,0,train,train
Nc1ccc(-c2ccc(-c3ccc(-c4ccc(-c5ccc(N)cc5)cc4)cc3)cc2)cc1,pb_BENZ_L2,NH2_phph,C2,C2,nonplanar,86.32443504390997,pycofbuilder,0.7553050723111255,1.760808940115876,1770,cof_001770,cof_symmetry_pipeline/output/pycofbuilder/xyz/mol_000537.xyz,56,32,60,0,0,train,train
OB(O)c1ccc(B(O)O)cc1,pb_BENZ_L2,BOH2_direct,C2,C2v,planar,12.336227894597425,pycofbuilder,0.3804518425620484,0.7608862546805025,1771,cof_001771,cof_symmetry_pipeline/output/pycofbuilder/xyz/mol_000538.xyz,20,12,20,0,0,val,train
C#Cc1ccc(-c2ccc(-c3ccc(C#C)cc3)cc2)cc1,pb_BENZ_L2,CCH_ph,C2,D2,nonplanar,60.35667468249241,pycofbuilder,0.9401246642609008,1.7460570198377878,1772,cof_001772,cof_symmetry_pipeline/output/pycofbuilder/xyz/mol_000540.xyz,36,22,38,0,0,train,train
C#Cc1ccc(-c2ccc(-c3ccc(-c4ccc(-c5ccc(C#C)cc5)cc4)cc3)cc2)cc1,pb_BENZ_L2,CCH_phph,C2,C2,nonplanar,105.44829249299738,pycofbuilder,0.9550918010203164,2.0869855290969723,1773,cof_001773,cof_symmetry_pipeline/output/pycofbuilder/xyz/mol_000541.xyz,56,34,60,0,0,train,train
N#Cc1ccc(C#N)cc1,pb_BENZ_L2,CN_direct,C2,D2h,planar,44.43381970231451,pycofbuilder,5.194189539065705e-06,1.0378428035945351e-05,1774,cof_001774,cof_symmetry_pipeline/output/pycofbuilder/xyz/mol_000542.xyz,14,10,14,0,0,test,train
N#Cc1ccc(-c2ccc(-c3ccc(C#N)cc3)cc2)cc1,pb_BENZ_L2,CN_ph,C2,C2h,nonplanar,88.04095262136981,pycofbuilder,0.6186587743521632,1.3761653990594347,1775,cof_001775,cof_symmetry_pipeline/output/pycofbuilder/xyz/mol_000543.xyz,34,22,36,0,0,train,train
O=C(O)c1ccc(C(=O)O)cc1,pb_BENZ_L2,COOH_direct,C2,C2h,planar,6.866925303274414,pycofbuilder,2.058921856615663e-06,5.487522515279508e-06,1776,cof_001776,cof_symmetry_pipeline/output/pycofbuilder/xyz/mol_000544.xyz,18,12,18,0,0,train,train
O=C(O)c1ccc(-c2ccc(-c3ccc(C(=O)O)cc3)cc2)cc1,pb_BENZ_L2,COOH_ph,C2,D2,nonplanar,51.403683736289175,pycofbuilder,0.975071145031754,1.7879404400656855,1777,cof_001777,cof_symmetry_pipeline/output/pycofbuilder/xyz/mol_000545.xyz,38,24,40,0,0,train,train
O=[N+]([O-])c1ccc([N+](=O)[O-])cc1,pb_BENZ_L2,NO2_direct,C2,D2h,planar,85.59492874787902,pycofbuilder,2.0319782098604944e-05,3.726295158595905e-05,1778,cof_001778,cof_symmetry_pipeline/output/pycofbuilder/xyz/mol_000546.xyz,16,12,16,0,0,train,train
O=[N+]([O-])c1ccc(-c2ccc(-c3ccc([N+](=O)[O-])cc3)cc2)cc1,pb_BENZ_L2,NO2_ph,C2,C2h,nonplanar,128.01573812945907,pycofbuilder,0.6071928754881702,1.413511468061018,1779,cof_001779,cof_symmetry_pipeline/output/pycofbuilder/xyz/mol_000547.xyz,36,24,38,0,0,train,train
Oc1ccc(O)cc1,pb_BENZ_L2,OH_direct,C2,C2h,planar,-6.270828981026975,pycofbuilder,1.5485539865616502e-06,4.498456360857439e-06,1780,cof_001780,cof_symmetry_pipeline/output/pycofbuilder/xyz/mol_000548.xyz,14,8,14,0,0,test,train
Oc1ccc(-c2ccc(-c3ccc(O)cc3)cc2)cc1,pb_BENZ_L2,OH_ph,C2,D2,nonplanar,39.2594725912085,pycofbuilder,0.9812477188974554,1.78731021498074,1781,cof_001781,cof_symmetry_pipeline/output/pycofbuilder/xyz/mol_000549.xyz,34,20,36,0,0,train,train
Sc1ccc(S)cc1,pb_BENZ_L2,SH_direct,C2,C2,planar,8.676404314728002,pycofbuilder,0.244992391823174,0.4921298909748242,1782,cof_001782,cof_symmetry_pipeline/output/pycofbuilder/xyz/mol_000550.xyz,14,8,14,0,0,train,train
[N-]=[N+]=Nc1ccc(N=[N+]=[N-])cc1,pb_BENZ_L2,N3_direct,C2,C2v,nonplanar,1.0808765762206305,pycofbuilder,0.769402035425948,1.7760157087835409,1783,cof_001783,cof_symmetry_pipeline/output/pycofbuilder/xyz/mol_000551.xyz,16,12,16,0,0,train,train
C=Cc1ccc(C=C)cc1,pb_BENZ_L2,vinyl_direct,C2,C2h,planar,28.03871633624272,pycofbuilder,3.948844140391156e-05,9.550996446694436e-05,1784,cof_001784,cof_symmetry_pipeline/output/pycofbuilder/xyz/mol_000552.xyz,20,10,20,0,0,train,train
C#Cc1ccc(C#C)cc1,pb_BENZ_L2,ethynyl_direct,C2,D2h,planar,15.196786057781178,pycofbuilder,6.742980959503944e-06,1.4664328252589344e-05,1785,cof_001785,cof_symmetry_pipeline/output/pycofbuilder/xyz/mol_000553.xyz,16,10,16,0,0,train,train
Cc1ccc(C)cc1,pb_BENZ_L2,methyl_direct,C2,C2h,planar,20.617412287483376,pycofbuilder,0.4211125792318315,1.0386574661823094,1786,cof_001786,cof_symmetry_pipeline/output/pycofbuilder/xyz/mol_000554.xyz,18,8,18,0,0,train,train
Cc1ccc(-c2ccc(-c3ccc(C)cc3)cc2)cc1,pb_BENZ_L2,methyl_ph,C2,D2,nonplanar,66.04512911966395,pycofbuilder,0.9582350062676934,1.7439283193205328,1787,cof_001787,cof_symmetry_pipeline/output/pycofbuilder/xyz/mol_000555.xyz,38,20,40,0,0,train,train
O=C=Nc1ccc(N=C=O)cc1,pb_BENZ_L2,NCO_direct,C2,C2v,nonplanar,3.0511802728344275,pycofbuilder,0.7481045004475213,1.7474979898421803,1788,cof_001788,cof_symmetry_pipeline/output/pycofbuilder/xyz/mol_000556.xyz,16,12,16,0,0,train,train
S=C=Nc1ccc(N=C=S)cc1,pb_BENZ_L2,NCS_direct,C2,D2h,nonplanar,6.485870721538866,pycofbuilder,0.6167184446251496,1.1101221129169494,1789,cof_001789,cof_symmetry_pipeline/output/pycofbuilder/xyz/mol_000557.xyz,16,12,16,0,0,train,train
O=S(=O)(O)c1ccc(S(=O)(=O)O)cc1,pb_BENZ_L2,SO3H_direct,C2,C2,nonplanar,-37.8543677298518,pycofbuilder,0.7145777962838015,1.75076876408366,1790,cof_001790,cof_symmetry_pipeline/output/pycofbuilder/xyz/mol_000558.xyz,20,14,20,0,0,val,train
O=P(O)(O)c1ccc(P(=O)(O)O)cc1,pb_BENZ_L2,PO3H2_direct,C2,C2v,nonplanar,-220.1407583521629,pycofbuilder,0.7984172270998706,1.41835308773808,1791,cof_001791,cof_symmetry_pipeline/output/pycofbuilder/xyz/mol_000559.xyz,22,14,22,0,0,train,train
FC(F)(F)c1ccc(C(F)(F)F)cc1,pb_BENZ_L2,CF3_direct,C2,C2v,nonplanar,69.87501878356372,pycofbuilder,0.5127192594992955,1.2705837880719986,1792,cof_001792,cof_symmetry_pipeline/output/pycofbuilder/xyz/mol_000560.xyz,18,14,18,0,0,train,train
FC(F)(F)c1ccc(-c2ccc(-c3ccc(C(F)(F)F)cc3)cc2)cc1,pb_BENZ_L2,CF3_ph,C2,D2,nonplanar,115.22040512293418,pycofbuilder,0.9819138757318568,1.7482000946729652,1793,cof_001793,cof_symmetry_pipeline/output/pycofbuilder/xyz/mol_000561.xyz,38,26,40,0,0,train,train
Clc1ccc(Cl)cc1,pb_BENZ_L2,Cl_direct,C2,D2h,planar,13.211687446692494,pycofbuilder,1.245451156416891e-05,2.1457245766298705e-05,1794,cof_001794,cof_symmetry_pipeline/output/pycofbuilder/xyz/mol_000562.xyz,12,8,12,0,0,train,train
Clc1ccc(-c2ccc(-c3ccc(Cl)cc3)cc2)cc1,pb_BENZ_L2,Cl_ph,C2,D2,nonplanar,58.29064316795852,pycofbuilder,0.998045354287628,1.748229035829041,1795,cof_001795,cof_symmetry_pipeline/output/pycofbuilder/xyz/mol_000563.xyz,32,20,34,0,0,test,train
COC(=O)c1ccc(C(=O)OC)cc1,pb_BENZ_L2,COOMe_direct,C2,C2v,planar,44.25548074316074,pycofbuilder,0.367817937173763,0.900977637140564,1796,cof_001796,cof_symmetry_pipeline/output/pycofbuilder/xyz/mol_000564.xyz,24,14,24,0,0,train,train
NC(=O)c1ccc(C(N)=O)cc1,pb_BENZ_L2,CONH2_direct,C2,C2,planar,-6.755742419146422,pycofbuilder,0.3746713339798354,0.8117484950901324,1797,cof_001797,cof_symmetry_pipeline/output/pycofbuilder/xyz/mol_000565.xyz,20,12,20,0,0,test,train
COc1ccc(OC)cc1,pb_BENZ_L2,OMe_direct,C2,C2v,planar,23.62658666799556,pycofbuilder,0.4040695210307352,0.903533379741031,1798,cof_001798,cof_symmetry_pipeline/output/pycofbuilder/xyz/mol_000566.xyz,20,10,20,0,0,train,train
COc1ccc(-c2ccc(-c3ccc(OC)cc3)cc2)cc1,pb_BENZ_L2,OMe_ph,C2,D2,nonplanar,68.74820933373094,pycofbuilder,1.006090866169263,1.9450716386105615,1799,cof_001799,cof_symmetry_pipeline/output/pycofbuilder/xyz/mol_000567.xyz,40,22,42,0,0,train,train
O=C(Cl)c1ccc(C(=O)Cl)cc1,pb_BENZ_L2,COCl_direct,C2,C2v,planar,68.90677361804845,pycofbuilder,1.7963653033504517e-05,4.049415593865291e-05,1800,cof_001800,cof_symmetry_pipeline/output/pycofbuilder/xyz/mol_000568.xyz,16,12,16,0,0,train,train
CC(=O)c1ccc(C(C)=O)cc1,pb_BENZ_L2,acetyl_direct,C2,C2v,planar,55.2946542946623,pycofbuilder,0.384067349569654,0.9007246911666428,1801,cof_001801,cof_symmetry_pipeline/output/pycofbuilder/xyz/mol_000569.xyz,22,12,22,0,0,train,train
CC(=O)c1ccc(-c2ccc(-c3ccc(C(C)=O)cc3)cc2)cc1,pb_BENZ_L2,acetyl_ph,C2,D2,nonplanar,99.10729684467022,pycofbuilder,1.017566809899836,2.045322553259435,1802,cof_001802,cof_symmetry_pipeline/output/pycofbuilder/xyz/mol_000570.xyz,42,24,44,0,0,test,train
NS(=O)(=O)c1ccc(S(N)(=O)=O)cc1,pb_BENZ_L2,SO2NH2_direct,C2,C2,nonplanar,-124.9078037972154,pycofbuilder,0.8748257800147812,1.5456596916951482,1803,cof_001803,cof_symmetry_pipeline/output/pycofbuilder/xyz/mol_000571.xyz,22,14,22,0,0,train,train
CC(=O)C#Cc1ccc(C#CC(C)=O)cc1,pb_BENZ_L2,CCacetyl_direct,C2,C2h,planar,22.768000984016734,pycofbuilder,0.3771065428873021,1.112296460045406,1804,cof_001804,cof_symmetry_pipeline/output/xyz/mol_001050.xyz,26,16,26,0,0,train,train
O=COc1ccc(OC=O)cc1,pb_BENZ_L2,OCHO_direct,C2,C2,nonplanar,33.75776203116703,pycofbuilder,0.6282157055635387,1.4704755904160214,1805,cof_001805,cof_symmetry_pipeline/output/pycofbuilder/xyz/mol_000582.xyz,18,12,18,0,0,train,train
N#COc1ccc(OC#N)cc1,pb_BENZ_L2,OCN_direct,C2,C2v,planar,29.87112736808337,pycofbuilder,0.0014745806253523,0.0039338217151122,1806,cof_001806,cof_symmetry_pipeline/output/pycofbuilder/xyz/mol_000583.xyz,16,12,16,0,0,train,train
O=CNc1ccc(NC=O)cc1,pb_BENZ_L2,NHCHO_direct,C2,C2h,planar,-25.425178986101628,pycofbuilder,3.807767818896601e-06,7.319482812614964e-06,1807,cof_001807,cof_symmetry_pipeline/output/pycofbuilder/xyz/mol_000585.xyz,20,12,20,0,0,train,train
N#CNc1ccc(NC#N)cc1,pb_BENZ_L2,NHCN_direct,C2,C2,planar,-40.87949322369685,pycofbuilder,0.4656256098345804,1.143604906885601,1808,cof_001808,cof_symmetry_pipeline/output/pycofbuilder/xyz/mol_000587.xyz,18,12,18,0,0,val,train
N#CSc1ccc(SC#N)cc1,pb_BENZ_L2,SCN_direct,C2,C2,nonplanar,18.6200879128126,pycofbuilder,1.0045558709867757,2.238723392015484,1809,cof_001809,cof_symmetry_pipeline/output/pycofbuilder/xyz/mol_000589.xyz,16,12,16,0,0,val,train
[N-]=[N+]=Nc1ccc(-c2ccc(-c3ccc(N=[N+]=[N-])cc3)cc2)cc1,pb_BENZ_L2,N3_ph,C2,D2,nonplanar,46.28555104337512,pycofbuilder,0.9925797000784584,1.856586638823128,1810,cof_001810,cof_symmetry_pipeline/output/pycofbuilder/xyz/mol_000590.xyz,36,24,38,0,0,train,train
Brc1ccc(Br)cc1,pb_BENZ_L2,Br_direct,C2,D2h,planar,14.70338509211007,pycofbuilder,1.0385932179882064e-06,2.395180356384863e-06,1811,cof_001811,cof_symmetry_pipeline/output/pycofbuilder/xyz/mol_000591.xyz,12,8,12,0,0,train,train
Ic1ccc(I)cc1,pb_BENZ_L2,I_direct,C2,D2h,planar,16.293733840245554,pycofbuilder,7.44885121702616e-07,1.3276876760504042e-06,1812,cof_001812,cof_symmetry_pipeline/output/pycofbuilder/xyz/mol_000592.xyz,12,8,12,0,0,train,train
C[Si](C)(C)c1ccc([Si](C)(C)C)cc1,pb_BENZ_L2,SiMe3_direct,C2,C2h,nonplanar,30.650329420922883,pycofbuilder,1.2443974882050384,2.4407366869003004,1813,cof_001813,cof_symmetry_pipeline/output/pycofbuilder/xyz/mol_000593.xyz,36,14,36,0,0,train,train
O=S(=O)(Cl)c1ccc(S(=O)(=O)Cl)cc1,pb_BENZ_L2,SO2Cl_direct,C2,C2h,nonplanar,81.77693187683106,pycofbuilder,0.6892767529081195,1.7467445126243988,1814,cof_001814,cof_symmetry_pipeline/output/pycofbuilder/xyz/mol_000596.xyz,18,14,18,0,0,train,train
O=P(Cl)(Cl)c1ccc(P(=O)(Cl)Cl)cc1,pb_BENZ_L2,POCl2_direct,C2,C2h,nonplanar,84.78513627797781,pycofbuilder,0.7435341338215814,1.5773367640721505,1815,cof_001815,cof_symmetry_pipeline/output/pycofbuilder/xyz/mol_000597.xyz,18,14,18,0,0,train,train
O=C(O)c1ccc(-c2ccc(-c3ccc(-c4ccc(-c5ccc(C(=O)O)cc5)cc4)cc3)cc2)cc1,pb_BENZ_L2,COOH_phph,C2,C2,nonplanar,96.50021498898673,pycofbuilder,0.7396776226002248,1.7425151533555585,1816,cof_001816,cof_symmetry_pipeline/output/pycofbuilder/xyz/mol_000598.xyz,58,36,62,0,0,train,train
N#Cc1ccc(-c2ccc(-c3ccc(-c4ccc(-c5ccc(C#N)cc5)cc4)cc3)cc2)cc1,pb_BENZ_L2,CN_phph,C2,C2,nonplanar,133.00828222442237,pycofbuilder,0.9728925239122816,2.086156797994199,1817,cof_001817,cof_symmetry_pipeline/output/pycofbuilder/xyz/mol_000599.xyz,54,34,58,0,0,train,train
O=[N+]([O-])c1ccc(-c2ccc(-c3ccc(-c4ccc(-c5ccc([N+](=O)[O-])cc5)cc4)cc3)cc2)cc1,pb_BENZ_L2,NO2_phph,C2,C2,nonplanar,172.9403965822527,pycofbuilder,0.9727313839819124,2.096384918163457,1818,cof_001818,cof_symmetry_pipeline/output/pycofbuilder/xyz/mol_000600.xyz,56,36,60,0,0,train,train
Oc1ccc(-c2ccc(-c3ccc(-c4ccc(-c5ccc(O)cc5)cc4)cc3)cc2)cc1,pb_BENZ_L2,OH_phph,C2,C2,nonplanar,84.37384695102786,pycofbuilder,0.7665633143786446,1.7437400892366626,1819,cof_001819,cof_symmetry_pipeline/output/pycofbuilder/xyz/mol_000601.xyz,54,32,58,0,0,train,train
N#CCc1ccc(CC#N)cc1,pb_BENZ_L2,PB_CHCN,C2,C2h,nonplanar,50.11198983707608,pycofbuilder,0.7991931341030712,1.669933778344507,1820,cof_001820,cof_symmetry_pipeline/output/pycofbuilder/xyz/mol_000602.xyz,20,12,20,0,0,test,train
NNCc1ccc(CNN)cc1,pb_BENZ_L2,PB_NHNH2,C2,C2,nonplanar,125.7694628908162,pycofbuilder,1.155246540208448,2.2511792344036987,1821,cof_001821,cof_symmetry_pipeline/output/pycofbuilder/xyz/mol_000603.xyz,26,12,26,0,0,train,train
NNC(=O)c1ccc(C(=O)NN)cc1,pb_BENZ_L2,PB_CONHNH2,C2,C2,planar,133.34804458807224,pycofbuilder,0.4347726921437124,0.8739102245868561,1822,cof_001822,cof_symmetry_pipeline/output/pycofbuilder/xyz/mol_000605.xyz,24,14,24,0,0,val,train
[O]C(=O)c1ccc(C([O])=O)cc1,pb_BENZ_L2,PB_COOH,C2,D2h,planar,98.46921599565594,pycofbuilder,2.3121538402645103e-05,4.415242690906235e-05,1823,cof_001823,cof_symmetry_pipeline/output/pycofbuilder/xyz/mol_000606.xyz,16,12,16,0,2,train,train
ONc1ccc(NO)cc1,pb_BENZ_L2,PB_NHOH,C2,C2,planar,41.45501633592053,pycofbuilder,0.2877139230188988,0.6658949098117787,1824,cof_001824,cof_symmetry_pipeline/output/pycofbuilder/xyz/mol_000607.xyz,18,10,18,0,0,train,train
O=Cc1cc2cc3[nH]c(C=O)cc3cc2[nH]1,pb_DHPI_L2,CHO_direct,C2,C2h,planar,20.44370090888857,pycofbuilder,1.2958553240310614e-06,2.5019207275933653e-06,1825,cof_001825,cof_symmetry_pipeline/output/pycofbuilder/xyz/mol_000684.xyz,24,16,26,0,0,train,train
O=Cc1ccc(-c2cc3cc4[nH]c(-c5ccc(C=O)cc5)cc4cc3[nH]2)cc1,pb_DHPI_L2,CHO_ph,C2,C2h,planar,71.30154462243593,pycofbuilder,1.4146574868457351e-05,3.324085517008267e-05,1826,cof_001826,cof_symmetry_pipeline/output/pycofbuilder/xyz/mol_000685.xyz,44,28,48,0,0,train,train
O=Cc1ccc(-c2ccc(-c3cc4cc5[nH]c(-c6ccc(-c7ccc(C=O)cc7)cc6)cc5cc4[nH]3)cc2)cc1,pb_DHPI_L2,CHO_phph,C2,C2,nonplanar,115.47471604175516,pycofbuilder,0.5891275751280866,1.3087248919980294,1827,cof_001827,cof_symmetry_pipeline/output/pycofbuilder/xyz/mol_000686.xyz,64,40,70,0,0,train,train
Nc1ccc(-c2cc3cc4[nH]c(-c5ccc(N)cc5)cc4cc3[nH]2)cc1,pb_DHPI_L2,NH2_ph,C2,C2,nonplanar,20.21965414837868,pycofbuilder,0.636366405797096,1.3228394430846269,1828,cof_001828,cof_symmetry_pipeline/output/pycofbuilder/xyz/mol_000688.xyz,44,26,48,0,0,val,train
OB(O)c1cc2cc3[nH]c(B(O)O)cc3cc2[nH]1,pb_DHPI_L2,BOH2_direct,C2,C2,planar,86.77586917528242,pycofbuilder,0.3333556562406979,0.8165912607605845,1829,cof_001829,cof_symmetry_pipeline/output/pycofbuilder/xyz/mol_000690.xyz,28,18,30,0,0,train,train
C#Cc1ccc(-c2ccc(-c3cc4cc5[nH]c(-c6ccc(-c7ccc(C#C)cc7)cc6)cc5cc4[nH]3)cc2)cc1,pb_DHPI_L2,CCH_phph,C2,C2,nonplanar,84.78121374137018,pycofbuilder,0.5831796020200266,1.3133388674850508,1830,cof_001830,cof_symmetry_pipeline/output/pycofbuilder/xyz/mol_000693.xyz,64,40,70,0,0,train,train
N#Cc1cc2cc3[nH]c(C#N)cc3cc2[nH]1,pb_DHPI_L2,CN_direct,C2,C2h,planar,12.302956753576536,pycofbuilder,4.559597591815989e-06,1.1061548406909871e-05,1831,cof_001831,cof_symmetry_pipeline/output/pycofbuilder/xyz/mol_000694.xyz,22,16,24,0,0,train,train
O=[N+]([O-])c1cc2cc3[nH]c([N+](=O)[O-])cc3cc2[nH]1,pb_DHPI_L2,NO2_direct,C2,C2h,planar,19.65610836537475,pycofbuilder,2.025841010574716e-06,4.119922946077548e-06,1832,cof_001832,cof_symmetry_pipeline/output/pycofbuilder/xyz/mol_000698.xyz,24,18,26,0,0,train,train
O=[N+]([O-])c1ccc(-c2cc3cc4[nH]c(-c5ccc([N+](=O)[O-])cc5)cc4cc3[nH]2)cc1,pb_DHPI_L2,NO2_ph,C2,C2h,planar,108.71499639592804,pycofbuilder,0.0001693648169071,0.0003515498125845,1833,cof_001833,cof_symmetry_pipeline/output/pycofbuilder/xyz/mol_000699.xyz,44,30,48,0,0,val,train
Oc1cc2cc3[nH]c(O)cc3cc2[nH]1,pb_DHPI_L2,OH_direct,C2,C2h,planar,-2.378911497223561,pycofbuilder,1.6443362880838438e-06,4.764739976792498e-06,1834,cof_001834,cof_symmetry_pipeline/output/pycofbuilder/xyz/mol_000700.xyz,22,14,24,0,0,test,train
Sc1cc2cc3[nH]c(S)cc3cc2[nH]1,pb_DHPI_L2,SH_direct,C2,C2h,planar,1.1658798745933132,pycofbuilder,6.621843451498312e-07,1.72510586082808e-06,1835,cof_001835,cof_symmetry_pipeline/output/pycofbuilder/xyz/mol_000702.xyz,22,14,24,0,0,train,train
[N-]=[N+]=Nc1cc2cc3[nH]c(N=[N+]=[N-])cc3cc2[nH]1,pb_DHPI_L2,N3_direct,C2,C2h,planar,8.375394503452501,pycofbuilder,1.938964883610645e-06,4.469461591494195e-06,1836,cof_001836,cof_symmetry_pipeline/output/pycofbuilder/xyz/mol_000703.xyz,24,18,26,0,0,train,train
C#Cc1cc2cc3[nH]c(C#C)cc3cc2[nH]1,pb_DHPI_L2,ethynyl_direct,C2,C2h,planar,0.359174514434573,pycofbuilder,1.5256540114610369e-06,4.990693017514758e-06,1837,cof_001837,cof_symmetry_pipeline/output/pycofbuilder/xyz/mol_000705.xyz,24,16,26,0,0,val,train
Cc1cc2cc3[nH]c(C)cc3cc2[nH]1,pb_DHPI_L2,methyl_direct,C2,C2h,planar,15.877887669395616,pycofbuilder,0.3484413517006133,0.8883571312004399,1838,cof_001838,cof_symmetry_pipeline/output/pycofbuilder/xyz/mol_000706.xyz,26,14,28,0,0,train,train
Cc1ccc(-c2cc3cc4[nH]c(-c5ccc(C)cc5)cc4cc3[nH]2)cc1,pb_DHPI_L2,methyl_ph,C2,C2,nonplanar,45.58005036443346,pycofbuilder,0.6658095012529931,1.31186073423167,1839,cof_001839,cof_symmetry_pipeline/output/pycofbuilder/xyz/mol_000707.xyz,46,26,50,0,0,train,train
O=C=Nc1cc2cc3[nH]c(N=C=O)cc3cc2[nH]1,pb_DHPI_L2,NCO_direct,C2,C2h,planar,12.8897346101641,pycofbuilder,9.354550792430036e-07,3.542060805106217e-06,1840,cof_001840,cof_symmetry_pipeline/output/pycofbuilder/xyz/mol_000708.xyz,24,18,26,0,0,train,train
S=C=Nc1cc2cc3[nH]c(N=C=S)cc3cc2[nH]1,pb_DHPI_L2,NCS_direct,C2,C2h,planar,9.94910372143909,pycofbuilder,3.1855239623739605e-06,1.0854299145046651e-05,1841,cof_001841,cof_symmetry_pipeline/output/pycofbuilder/xyz/mol_000709.xyz,24,18,26,0,0,train,train
FC(F)(F)c1cc2cc3[nH]c(C(F)(F)F)cc3cc2[nH]1,pb_DHPI_L2,CF3_direct,C2,C2h,planar,23.24357220257585,pycofbuilder,0.4279842013675676,1.0911692197495737,1842,cof_001842,cof_symmetry_pipeline/output/pycofbuilder/xyz/mol_000712.xyz,26,20,28,0,0,train,train
FC(F)(F)c1ccc(-c2cc3cc4[nH]c(-c5ccc(C(F)(F)F)cc5)cc4cc3[nH]2)cc1,pb_DHPI_L2,CF3_ph,C2,C2,nonplanar,95.1016384042192,pycofbuilder,0.6900830581921675,1.3087639689753314,1843,cof_001843,cof_symmetry_pipeline/output/pycofbuilder/xyz/mol_000713.xyz,46,32,50,0,0,train,train
Clc1cc2cc3[nH]c(Cl)cc3cc2[nH]1,pb_DHPI_L2,Cl_direct,C2,C2h,planar,1.4040905619238129,pycofbuilder,1.1944661546352874e-06,2.6267137325231005e-06,1844,cof_001844,cof_symmetry_pipeline/output/pycofbuilder/xyz/mol_000714.xyz,20,14,22,0,0,train,train
COC(=O)c1cc2cc3[nH]c(C(=O)OC)cc3cc2[nH]1,pb_DHPI_L2,COOMe_direct,C2,C2h,planar,-14.43305705335922,pycofbuilder,0.3185021612866885,0.9008649409252308,1845,cof_001845,cof_symmetry_pipeline/output/pycofbuilder/xyz/mol_000716.xyz,32,20,34,0,0,train,train
NC(=O)c1cc2cc3[nH]c(C(N)=O)cc3cc2[nH]1,pb_DHPI_L2,CONH2_direct,C2,C2h,planar,-87.7656018586506,pycofbuilder,0.0002248126878852,0.0008385968206363,1846,cof_001846,cof_symmetry_pipeline/output/pycofbuilder/xyz/mol_000717.xyz,28,18,30,0,0,train,train
COc1cc2cc3[nH]c(OC)cc3cc2[nH]1,pb_DHPI_L2,OMe_direct,C2,C2h,planar,9.677808285653024,pycofbuilder,0.3403638487145493,0.9005255142089301,1847,cof_001847,cof_symmetry_pipeline/output/pycofbuilder/xyz/mol_000718.xyz,28,16,30,0,0,train,train
NS(=O)(=O)c1cc2cc3[nH]c(S(N)(=O)=O)cc3cc2[nH]1,pb_DHPI_L2,SO2NH2_direct,C2,C2,nonplanar,-191.49020957164447,pycofbuilder,0.7704220260497824,1.9830783259011129,1848,cof_001848,cof_symmetry_pipeline/output/pycofbuilder/xyz/mol_000723.xyz,30,20,32,0,0,train,train
O=CC#Cc1cc2cc3[nH]c(C#CC=O)cc3cc2[nH]1,pb_DHPI_L2,CCCHO_direct,C2,C2h,planar,4.768949982317288,pycofbuilder,0.0049201377845621,0.0167213712023546,1849,cof_001849,cof_symmetry_pipeline/output/pycofbuilder/xyz/mol_000724.xyz,28,20,30,0,0,train,train
NC#Cc1cc2cc3[nH]c(C#CN)cc3cc2[nH]1,pb_DHPI_L2,CCNH2_direct,C2,C2h,planar,-1.5058043481875494,pycofbuilder,0.3109947449469324,0.82290402844772,1850,cof_001850,cof_symmetry_pipeline/output/pycofbuilder/xyz/mol_000725.xyz,28,18,30,0,0,train,train
N#CC#Cc1cc2cc3[nH]c(C#CC#N)cc3cc2[nH]1,pb_DHPI_L2,CCCN_direct,C2,C2h,planar,8.70403960276572,pycofbuilder,1.891862438230849e-06,6.152121208580219e-06,1851,cof_001851,cof_symmetry_pipeline/output/pycofbuilder/xyz/mol_000726.xyz,26,20,28,0,0,train,train
O=C(O)C#Cc1cc2cc3[nH]c(C#CC(=O)O)cc3cc2[nH]1,pb_DHPI_L2,CCCOOH_direct,C2,C2h,planar,-57.49508891449192,pycofbuilder,0.0059567191603279,0.020852154884996,1852,cof_001852,cof_symmetry_pipeline/output/pycofbuilder/xyz/mol_000727.xyz,30,22,32,0,0,train,train
O=[N+]([O-])C#Cc1cc2cc3[nH]c(C#C[N+](=O)[O-])cc3cc2[nH]1,pb_DHPI_L2,CCNO2_direct,C2,C2h,planar,14.225663910982789,pycofbuilder,8.414072953029567e-06,3.0854784913270095e-05,1853,cof_001853,cof_symmetry_pipeline/output/pycofbuilder/xyz/mol_000728.xyz,28,22,30,0,0,train,train
OC#Cc1cc2cc3[nH]c(C#CO)cc3cc2[nH]1,pb_DHPI_L2,CCOH_direct,C2,C2h,planar,2.4807618175060595,pycofbuilder,1.3179481916390147e-06,4.870472431584005e-06,1854,cof_001854,cof_symmetry_pipeline/output/pycofbuilder/xyz/mol_000729.xyz,26,18,28,0,0,train,train
FC(F)(F)C#Cc1cc2cc3[nH]c(C#CC(F)(F)F)cc3cc2[nH]1,pb_DHPI_L2,CCCF3_direct,C2,C2h,planar,8.359813280116139,pycofbuilder,0.3994129839776041,1.1193656301716872,1855,cof_001855,cof_symmetry_pipeline/output/pycofbuilder/xyz/mol_000730.xyz,30,24,32,0,0,train,train
O=C=NC#Cc1cc2cc3[nH]c(C#CN=C=O)cc3cc2[nH]1,pb_DHPI_L2,CCNCO_direct,C2,C2h,planar,-0.7600317028261012,pycofbuilder,3.789009906168668e-05,0.0001067983660418,1856,cof_001856,cof_symmetry_pipeline/output/pycofbuilder/xyz/mol_000731.xyz,28,22,30,0,0,train,train
CC(=O)C#Cc1cc2cc3[nH]c(C#CC(C)=O)cc3cc2[nH]1,pb_DHPI_L2,CCacetyl_direct,C2,C2,planar,8.360950893898515,pycofbuilder,0.3316158212911647,1.17488847575018,1857,cof_001857,cof_symmetry_pipeline/output/pycofbuilder/xyz/mol_000732.xyz,34,22,36,0,0,train,train
O=COc1cc2cc3[nH]c(OC=O)cc3cc2[nH]1,pb_DHPI_L2,OCHO_direct,C2,C2h,planar,35.65607007296357,pycofbuilder,5.1643474815652e-06,1.0013632428917951e-05,1858,cof_001858,cof_symmetry_pipeline/output/pycofbuilder/xyz/mol_000734.xyz,26,18,28,0,0,train,train
N#COc1cc2cc3[nH]c(OC#N)cc3cc2[nH]1,pb_DHPI_L2,OCN_direct,C2,C2h,planar,25.835865127167665,pycofbuilder,4.965709331746976e-05,0.0001493873190941,1859,cof_001859,cof_symmetry_pipeline/output/pycofbuilder/xyz/mol_000735.xyz,24,18,26,0,0,train,train
O=CNc1cc2cc3[nH]c(NC=O)cc3cc2[nH]1,pb_DHPI_L2,NHCHO_direct,C2,C2h,planar,-17.210136460692862,pycofbuilder,2.181090520232662e-06,5.045193196107078e-06,1860,cof_001860,cof_symmetry_pipeline/output/pycofbuilder/xyz/mol_000737.xyz,28,18,30,0,0,train,train
CC(=O)Nc1cc2cc3[nH]c(NC(C)=O)cc3cc2[nH]1,pb_DHPI_L2,NHacetyl_direct,C2,C2,planar,-12.203261913889058,pycofbuilder,0.3069413773193024,0.9990131572341288,1861,cof_001861,cof_symmetry_pipeline/output/pycofbuilder/xyz/mol_000738.xyz,34,20,36,0,0,train,train
N#CNc1cc2cc3[nH]c(NC#N)cc3cc2[nH]1,pb_DHPI_L2,NHCN_direct,C2,C2,planar,-29.61098852786268,pycofbuilder,0.2313816721019464,0.6894237473178478,1862,cof_001862,cof_symmetry_pipeline/output/pycofbuilder/xyz/mol_000739.xyz,26,18,28,0,0,train,train
N#CSc1cc2cc3[nH]c(SC#N)cc3cc2[nH]1,pb_DHPI_L2,SCN_direct,C2,C2h,planar,19.550876229137582,pycofbuilder,0.0501900389716422,0.1428850339791698,1863,cof_001863,cof_symmetry_pipeline/output/pycofbuilder/xyz/mol_000741.xyz,24,18,26,0,0,train,train
Brc1cc2cc3[nH]c(Br)cc3cc2[nH]1,pb_DHPI_L2,Br_direct,C2,C2h,planar,3.090146239783416,pycofbuilder,1.6260315948230187e-06,3.4840479217201903e-06,1864,cof_001864,cof_symmetry_pipeline/output/pycofbuilder/xyz/mol_000743.xyz,20,14,22,0,0,train,train
Ic1cc2cc3[nH]c(I)cc3cc2[nH]1,pb_DHPI_L2,I_direct,C2,C2h,planar,4.464359827556088,pycofbuilder,1.7823489026363176e-06,5.185816845942881e-06,1865,cof_001865,cof_symmetry_pipeline/output/pycofbuilder/xyz/mol_000744.xyz,20,14,22,0,0,train,train
O=S(=O)(Cl)c1cc2cc3[nH]c(S(=O)(=O)Cl)cc3cc2[nH]1,pb_DHPI_L2,SO2Cl_direct,C2,D2,nonplanar,18.59493753117782,pycofbuilder,0.567318382205875,1.7081589166822595,1866,cof_001866,cof_symmetry_pipeline/output/pycofbuilder/xyz/mol_000748.xyz,26,20,28,0,0,train,train
O=C(O)c1ccc(-c2ccc(-c3cc4cc5[nH]c(-c6ccc(-c7ccc(C(=O)O)cc7)cc6)cc5cc4[nH]3)cc2)cc1,pb_DHPI_L2,COOH_phph,C2,C2,nonplanar,75.84920986561207,pycofbuilder,0.5849399677028452,1.3171384698460131,1867,cof_001867,cof_symmetry_pipeline/output/pycofbuilder/xyz/mol_000750.xyz,66,42,72,0,0,train,train
O=[N+]([O-])c1ccc(-c2ccc(-c3cc4cc5[nH]c(-c6ccc(-c7ccc([N+](=O)[O-])cc7)cc6)cc5cc4[nH]3)cc2)cc1,pb_DHPI_L2,NO2_phph,C2,C2,nonplanar,152.34027063705497,pycofbuilder,0.5895327396599569,1.3045335192275074,1868,cof_001868,cof_symmetry_pipeline/output/pycofbuilder/xyz/mol_000752.xyz,64,42,70,0,0,train,train
N#CCc1cc2cc3[nH]c(CC#N)cc3cc2[nH]1,pb_DHPI_L2,PB_CHCN,C2,C2,nonplanar,50.88899918478422,pycofbuilder,0.6185464493020713,1.7376177985331716,1869,cof_001869,cof_symmetry_pipeline/output/pycofbuilder/xyz/mol_000754.xyz,28,18,30,0,0,train,train
NNCc1cc2cc3[nH]c(CNN)cc3cc2[nH]1,pb_DHPI_L2,PB_NHNH2,C2,C2,nonplanar,95.47050368984816,pycofbuilder,1.061554753244683,2.3225901505397597,1870,cof_001870,cof_symmetry_pipeline/output/pycofbuilder/xyz/mol_000755.xyz,34,18,36,0,0,train,train
NNC(=O)c1cc2cc3[nH]c(C(=O)NN)cc3cc2[nH]1,pb_DHPI_L2,PB_CONHNH2,C2,C2,planar,96.09489051310264,pycofbuilder,0.3579189102937169,0.8110835490716874,1871,cof_001871,cof_symmetry_pipeline/output/pycofbuilder/xyz/mol_000757.xyz,32,20,34,0,0,train,train
[O]C(=O)c1cc2cc3[nH]c(C([O])=O)cc3cc2[nH]1,pb_DHPI_L2,PB_COOH,C2,C2h,planar,16.344663149704452,pycofbuilder,3.344584907926091e-07,7.912883032146212e-07,1872,cof_001872,cof_symmetry_pipeline/output/pycofbuilder/xyz/mol_000758.xyz,24,18,26,0,2,train,train
O=CC1=Cc2cc3c(cc2C1)CC(C=O)=C3,pb_DHSI_L2,CHO_direct,C2,C2v,planar,41.10380927575629,pycofbuilder,0.3534789624988225,0.9012198039212715,1873,cof_001873,cof_symmetry_pipeline/output/pycofbuilder/xyz/mol_000760.xyz,26,16,28,0,0,test,train
O=Cc1ccc(C2=Cc3cc4c(cc3C2)CC(c2ccc(C=O)cc2)=C4)cc1,pb_DHSI_L2,CHO_ph,C2,C2v,planar,110.49318026966324,pycofbuilder,0.2661736717794281,0.9082783788144966,1874,cof_001874,cof_symmetry_pipeline/output/pycofbuilder/xyz/mol_000761.xyz,46,28,50,0,0,train,train
Nc1ccc(C2=Cc3cc4c(cc3C2)CC(c2ccc(N)cc2)=C4)cc1,pb_DHSI_L2,NH2_ph,C2,C2,planar,60.63219746246416,pycofbuilder,0.3424892845604949,0.9106766472160348,1875,cof_001875,cof_symmetry_pipeline/output/pycofbuilder/xyz/mol_000764.xyz,46,26,50,0,0,train,train
Nc1ccc(-c2ccc(C3=Cc4cc5c(cc4C3)CC(c3ccc(-c4ccc(N)cc4)cc3)=C5)cc2)cc1,pb_DHSI_L2,NH2_phph,C2,C2,nonplanar,105.92934801830214,pycofbuilder,0.6681289736317765,1.5376354895201527,1876,cof_001876,cof_symmetry_pipeline/output/pycofbuilder/xyz/mol_000765.xyz,66,38,72,0,0,train,train
C#Cc1ccc(C2=Cc3cc4c(cc3C2)CC(c2ccc(C#C)cc2)=C4)cc1,pb_DHSI_L2,CCH_ph,C2,C2v,planar,79.96527008951549,pycofbuilder,0.2662516766189108,0.911949543698959,1877,cof_001877,cof_symmetry_pipeline/output/pycofbuilder/xyz/mol_000768.xyz,46,28,50,0,0,train,train
N#CC1=Cc2cc3c(cc2C1)CC(C#N)=C3,pb_DHSI_L2,CN_direct,C2,C2v,planar,31.900277035640062,pycofbuilder,0.3678464616749879,0.9010424580374912,1878,cof_001878,cof_symmetry_pipeline/output/pycofbuilder/xyz/mol_000770.xyz,24,16,26,0,0,train,train
N#Cc1ccc(C2=Cc3cc4c(cc3C2)CC(c2ccc(C#N)cc2)=C4)cc1,pb_DHSI_L2,CN_ph,C2,C2v,planar,107.68503289264076,pycofbuilder,0.2721369842696068,0.9088809650951052,1879,cof_001879,cof_symmetry_pipeline/output/pycofbuilder/xyz/mol_000771.xyz,44,28,48,0,0,train,train
O=C(O)C1=Cc2cc3c(cc2C1)CC(C(=O)O)=C3,pb_DHSI_L2,COOH_direct,C2,C2v,planar,-32.303756727867444,pycofbuilder,0.3406950832008373,0.9013952461603788,1880,cof_001880,cof_symmetry_pipeline/output/pycofbuilder/xyz/mol_000772.xyz,28,18,30,0,0,train,train
O=C(O)c1ccc(C2=Cc3cc4c(cc3C2)CC(c2ccc(C(=O)O)cc2)=C4)cc1,pb_DHSI_L2,COOH_ph,C2,C2v,planar,71.04864827316015,pycofbuilder,0.2605547780585807,0.9083898225842666,1881,cof_001881,cof_symmetry_pipeline/output/pycofbuilder/xyz/mol_000773.xyz,48,30,52,0,0,train,train
O=[N+]([O-])C1=Cc2cc3c(cc2C1)CC([N+](=O)[O-])=C3,pb_DHSI_L2,NO2_direct,C2,C2v,planar,44.46103200290468,pycofbuilder,0.3542753997797893,0.9032373213532215,1882,cof_001882,cof_symmetry_pipeline/output/pycofbuilder/xyz/mol_000774.xyz,26,18,28,0,0,train,train
O=[N+]([O-])c1ccc(C2=Cc3cc4c(cc3C2)CC(c2ccc([N+](=O)[O-])cc2)=C4)cc1,pb_DHSI_L2,NO2_ph,C2,C2v,planar,147.60371131637646,pycofbuilder,0.2661175641704242,0.9039547970954538,1883,cof_001883,cof_symmetry_pipeline/output/pycofbuilder/xyz/mol_000775.xyz,46,30,50,0,0,train,train
OC1=Cc2cc3c(cc2C1)CC(O)=C3,pb_DHSI_L2,OH_direct,C2,C2v,planar,52.96917345880432,pycofbuilder,0.36813572141117,0.9017485373915994,1884,cof_001884,cof_symmetry_pipeline/output/pycofbuilder/xyz/mol_000776.xyz,24,14,26,0,0,train,train
Oc1ccc(C2=Cc3cc4c(cc3C2)CC(c2ccc(O)cc2)=C4)cc1,pb_DHSI_L2,OH_ph,C2,C2v,planar,58.72562040278689,pycofbuilder,0.2754622401832426,0.9128331211191928,1885,cof_001885,cof_symmetry_pipeline/output/pycofbuilder/xyz/mol_000777.xyz,44,26,48,0,0,train,train
[N-]=[N+]=NC1=Cc2cc3c(cc2C1)CC(N=[N+]=[N-])=C3,pb_DHSI_L2,N3_direct,C2,C2v,planar,52.6002074314119,pycofbuilder,0.3540419847593167,0.9026397718643084,1886,cof_001886,cof_symmetry_pipeline/output/pycofbuilder/xyz/mol_000779.xyz,26,18,28,0,0,train,train
C=CC1=Cc2cc3c(cc2C1)CC(C=C)=C3,pb_DHSI_L2,vinyl_direct,C2,C2v,planar,51.45687187814743,pycofbuilder,0.3292941433304364,0.901843899019758,1887,cof_001887,cof_symmetry_pipeline/output/pycofbuilder/xyz/mol_000780.xyz,30,16,32,0,0,train,train
C#CC1=Cc2cc3c(cc2C1)CC(C#C)=C3,pb_DHSI_L2,ethynyl_direct,C2,C2v,planar,38.353956859421416,pycofbuilder,0.3534495964884042,0.9011279049770932,1888,cof_001888,cof_symmetry_pipeline/output/pycofbuilder/xyz/mol_000781.xyz,26,16,28,0,0,train,train
CC1=Cc2cc3c(cc2C1)CC(C)=C3,pb_DHSI_L2,methyl_direct,C2,C2v,planar,38.07903324816941,pycofbuilder,0.4783343163714088,0.9013893238988948,1889,cof_001889,cof_symmetry_pipeline/output/pycofbuilder/xyz/mol_000782.xyz,28,14,30,0,0,train,train
Cc1ccc(C2=Cc3cc4c(cc3C2)CC(c2ccc(C)cc2)=C4)cc1,pb_DHSI_L2,methyl_ph,C2,C2,planar,85.88144054071523,pycofbuilder,0.3794393181788209,1.045810591184045,1890,cof_001890,cof_symmetry_pipeline/output/pycofbuilder/xyz/mol_000783.xyz,48,26,52,0,0,train,train
O=C=NC1=Cc2cc3c(cc2C1)CC(N=C=O)=C3,pb_DHSI_L2,NCO_direct,C2,C2v,planar,53.98991125622814,pycofbuilder,0.3541633259619719,0.9029442215636528,1891,cof_001891,cof_symmetry_pipeline/output/pycofbuilder/xyz/mol_000784.xyz,26,18,28,0,0,val,train
FC(F)(F)C1=Cc2cc3c(cc2C1)CC(C(F)(F)F)=C3,pb_DHSI_L2,CF3_direct,C2,C2v,nonplanar,18.239281136523378,pycofbuilder,0.5342939729520304,1.0891948233821418,1892,cof_001892,cof_symmetry_pipeline/output/pycofbuilder/xyz/mol_000788.xyz,28,20,30,0,0,train,train
FC(F)(F)c1ccc(C2=Cc3cc4c(cc3C2)CC(c2ccc(C(F)(F)F)cc2)=C4)cc1,pb_DHSI_L2,CF3_ph,C2,C2,planar,135.19122868390957,pycofbuilder,0.4178891724983673,1.269946783609174,1893,cof_001893,cof_symmetry_pipeline/output/pycofbuilder/xyz/mol_000789.xyz,48,32,52,0,0,train,train
ClC1=Cc2cc3c(cc2C1)CC(Cl)=C3,pb_DHSI_L2,Cl_direct,C2,C2v,planar,40.89219064501857,pycofbuilder,0.3844629333881438,0.9016568366980632,1894,cof_001894,cof_symmetry_pipeline/output/pycofbuilder/xyz/mol_000790.xyz,22,14,24,0,0,val,train
Clc1ccc(C2=Cc3cc4c(cc3C2)CC(c2ccc(Cl)cc2)=C4)cc1,pb_DHSI_L2,Cl_ph,C2,C2v,planar,77.80634380932915,pycofbuilder,0.2785298090142055,0.9072799299769037,1895,cof_001895,cof_symmetry_pipeline/output/pycofbuilder/xyz/mol_000791.xyz,42,26,46,0,0,test,train
NC(=O)C1=Cc2cc3c(cc2C1)CC(C(N)=O)=C3,pb_DHSI_L2,CONH2_direct,C2,C2,planar,-45.16432349514183,pycofbuilder,0.3694234673854279,0.9791409435709028,1896,cof_001896,cof_symmetry_pipeline/output/pycofbuilder/xyz/mol_000793.xyz,30,18,32,0,0,train,train
COc1ccc(C2=Cc3cc4c(cc3C2)CC(c2ccc(OC)cc2)=C4)cc1,pb_DHSI_L2,OMe_ph,C2,C2v,planar,88.19397313886083,pycofbuilder,0.3612314409889241,0.910764859858654,1897,cof_001897,cof_symmetry_pipeline/output/pycofbuilder/xyz/mol_000795.xyz,50,28,54,0,0,train,train
CC(=O)c1ccc(C2=Cc3cc4c(cc3C2)CC(c2ccc(C(C)=O)cc2)=C4)cc1,pb_DHSI_L2,acetyl_ph,C2,C2v,planar,118.94734631218736,pycofbuilder,0.3549452057516509,0.938449076125396,1898,cof_001898,cof_symmetry_pipeline/output/pycofbuilder/xyz/mol_000798.xyz,52,30,56,0,0,test,train
NS(=O)(=O)C1=Cc2cc3c(cc2C1)CC(S(N)(=O)=O)=C3,pb_DHSI_L2,SO2NH2_direct,C2,C2,nonplanar,-172.7711411140018,pycofbuilder,0.784404983065098,1.7168287340053363,1899,cof_001899,cof_symmetry_pipeline/output/pycofbuilder/xyz/mol_000799.xyz,32,20,34,0,0,train,train
NC#CC1=Cc2cc3c(cc2C1)CC(C#CN)=C3,pb_DHSI_L2,CCNH2_direct,C2,C2v,planar,28.35497231004844,pycofbuilder,0.4457121220732304,0.9012404226399476,1900,cof_001900,cof_symmetry_pipeline/output/pycofbuilder/xyz/mol_000801.xyz,30,18,32,0,0,test,train
N#CC#CC1=Cc2cc3c(cc2C1)CC(C#CC#N)=C3,pb_DHSI_L2,CCCN_direct,C2,C2v,planar,46.45049481051284,pycofbuilder,0.3406080454497392,0.901177424222582,1901,cof_001901,cof_symmetry_pipeline/output/pycofbuilder/xyz/mol_000802.xyz,28,20,30,0,0,train,train
O=C(O)C#CC1=Cc2cc3c(cc2C1)CC(C#CC(=O)O)=C3,pb_DHSI_L2,CCCOOH_direct,C2,C2v,planar,-17.43374165788747,pycofbuilder,0.3186004968485077,0.9011433954128942,1902,cof_001902,cof_symmetry_pipeline/output/pycofbuilder/xyz/mol_000803.xyz,32,22,34,0,0,train,train
O=[N+]([O-])C#CC1=Cc2cc3c(cc2C1)CC(C#C[N+](=O)[O-])=C3,pb_DHSI_L2,CCNO2_direct,C2,C2v,planar,53.7914482340702,pycofbuilder,0.3290683693671474,0.9011935495276332,1903,cof_001903,cof_symmetry_pipeline/output/pycofbuilder/xyz/mol_000804.xyz,30,22,32,0,0,train,train
OC#CC1=Cc2cc3c(cc2C1)CC(C#CO)=C3,pb_DHSI_L2,CCOH_direct,C2,C2v,planar,34.72110292285087,pycofbuilder,0.3406222155250858,0.9023430830375804,1904,cof_001904,cof_symmetry_pipeline/output/pycofbuilder/xyz/mol_000805.xyz,28,18,30,0,0,train,train
FC(F)(F)C#CC1=Cc2cc3c(cc2C1)CC(C#CC(F)(F)F)=C3,pb_DHSI_L2,CCCF3_direct,C2,C2v,nonplanar,52.054630016627726,pycofbuilder,0.5009825922608913,1.1295559999306906,1905,cof_001905,cof_symmetry_pipeline/output/pycofbuilder/xyz/mol_000806.xyz,32,24,34,0,0,test,train
O=C=NC#CC1=Cc2cc3c(cc2C1)CC(C#CN=C=O)=C3,pb_DHSI_L2,CCNCO_direct,C2,C2v,planar,31.7219827034784,pycofbuilder,0.3290512336924849,0.901146939668705,1906,cof_001906,cof_symmetry_pipeline/output/pycofbuilder/xyz/mol_000807.xyz,30,22,32,0,0,val,train
CC(=O)C#CC1=Cc2cc3c(cc2C1)CC(C#CC(C)=O)=C3,pb_DHSI_L2,CCacetyl_direct,C2,C2,planar,48.409532436738594,pycofbuilder,0.4740884884159256,1.2810741600539013,1907,cof_001907,cof_symmetry_pipeline/output/pycofbuilder/xyz/mol_000808.xyz,36,22,38,0,0,train,train
COC(=O)C#CC1=Cc2cc3c(cc2C1)CC(C#CC(=O)OC)=C3,pb_DHSI_L2,CCCOOMe_direct,C2,C2,planar,24.03421060475216,pycofbuilder,0.4277042513596201,0.9491225169704988,1908,cof_001908,cof_symmetry_pipeline/output/pycofbuilder/xyz/mol_000809.xyz,38,24,40,0,0,train,train
O=CNC1=Cc2cc3c(cc2C1)CC(NC=O)=C3,pb_DHSI_L2,NHCHO_direct,C2,C2v,planar,26.49376426675484,pycofbuilder,0.3301058569498397,0.9040377099083248,1909,cof_001909,cof_symmetry_pipeline/output/pycofbuilder/xyz/mol_000813.xyz,30,18,32,0,0,train,train
N#CNC1=Cc2cc3c(cc2C1)CC(NC#N)=C3,pb_DHSI_L2,NHCN_direct,C2,C2v,planar,31.01791824189492,pycofbuilder,0.3470638952540709,0.9454466822240828,1910,cof_001910,cof_symmetry_pipeline/output/pycofbuilder/xyz/mol_000815.xyz,28,18,30,0,0,train,train
N#CSC1=Cc2cc3c(cc2C1)CC(SC#N)=C3,pb_DHSI_L2,SCN_direct,C2,C2v,planar,47.92403288049411,pycofbuilder,0.3542534515002856,0.9034373855618504,1911,cof_001911,cof_symmetry_pipeline/output/pycofbuilder/xyz/mol_000817.xyz,26,18,28,0,0,train,train
[N-]=[N+]=Nc1ccc(C2=Cc3cc4c(cc3C2)CC(c2ccc(N=[N+]=[N-])cc2)=C4)cc1,pb_DHSI_L2,N3_ph,C2,C2,nonplanar,65.78128736186599,pycofbuilder,0.5270908459402438,1.7484841933140711,1912,cof_001912,cof_symmetry_pipeline/output/pycofbuilder/xyz/mol_000818.xyz,46,30,50,0,0,val,train
BrC1=Cc2cc3c(cc2C1)CC(Br)=C3,pb_DHSI_L2,Br_direct,C2,C2v,planar,40.34815414966889,pycofbuilder,0.3844657563383413,0.9016552892675336,1913,cof_001913,cof_symmetry_pipeline/output/pycofbuilder/xyz/mol_000819.xyz,22,14,24,0,0,train,train
IC1=Cc2cc3c(cc2C1)CC(I)=C3,pb_DHSI_L2,I_direct,C2,C2v,planar,40.08579648381744,pycofbuilder,0.3843595094937469,0.9014044886576172,1914,cof_001914,cof_symmetry_pipeline/output/pycofbuilder/xyz/mol_000820.xyz,22,14,24,0,0,test,train
C[Si](C)(C)C1=Cc2cc3c(cc2C1)CC([Si](C)(C)C)=C3,pb_DHSI_L2,SiMe3_direct,C2,C2,nonplanar,38.180300731804365,pycofbuilder,1.129409519977701,2.4724964858484126,1915,cof_001915,cof_symmetry_pipeline/output/pycofbuilder/xyz/mol_000821.xyz,46,20,48,0,0,train,train
O=S(=O)(Cl)C1=Cc2cc3c(cc2C1)CC(S(=O)(=O)Cl)=C3,pb_DHSI_L2,SO2Cl_direct,C2,D2,nonplanar,18.521682200360985,pycofbuilder,0.6473504754322632,1.7820050773615503,1916,cof_001916,cof_symmetry_pipeline/output/pycofbuilder/xyz/mol_000824.xyz,28,20,30,0,0,train,train
Oc1ccc(-c2ccc(C3=Cc4cc5c(cc4C3)CC(c3ccc(-c4ccc(O)cc4)cc3)=C5)cc2)cc1,pb_DHSI_L2,OH_phph,C2,C2,nonplanar,103.9677923576971,pycofbuilder,0.6969415769776589,1.6423211524198025,1917,cof_001917,cof_symmetry_pipeline/output/pycofbuilder/xyz/mol_000829.xyz,64,38,70,0,0,train,train
N#CCC1=Cc2cc3c(cc2C1)CC(CC#N)=C3,pb_DHSI_L2,PB_CHCN,C2,C2v,planar,60.79232420829244,pycofbuilder,0.4603408427443277,0.9011661986976532,1918,cof_001918,cof_symmetry_pipeline/output/pycofbuilder/xyz/mol_000830.xyz,30,18,32,0,0,train,train
O=C(CCO)C1=Cc2cc3c(cc2C1)CC(C(=O)CCO)=C3,pb_DHSI_L2,PB_COCHCHOH,C2,C2,nonplanar,34.06344549511311,pycofbuilder,0.8655294037288035,2.0830842947983133,1919,cof_001919,cof_symmetry_pipeline/output/pycofbuilder/xyz/mol_000832.xyz,40,22,42,0,0,train,train
[O]C(=O)C1=Cc2cc3c(cc2C1)CC(C([O])=O)=C3,pb_DHSI_L2,PB_COOH,C2,C2v,planar,39.59663621361662,pycofbuilder,0.3535599001621861,0.9014072654892568,1920,cof_001920,cof_symmetry_pipeline/output/pycofbuilder/xyz/mol_000834.xyz,26,18,28,0,2,train,train
O=Cc1ccc2c(c1)C=c1sc3c4c(sc3c1-2)=Cc1cc(C=O)ccc1-4,pb_IITT_L2,CHO_direct,C2,C2h,planar,124.56928392435633,pycofbuilder,4.125412821956038e-06,9.0314879810649e-06,1921,cof_001921,cof_symmetry_pipeline/output/pycofbuilder/xyz/mol_000836.xyz,36,26,41,0,0,train,train
Nc1ccc2c(c1)C=c1sc3c4c(sc3c1-2)=Cc1cc(N)ccc1-4,pb_IITT_L2,NH2_direct,C2,C2,planar,83.1022273863124,pycofbuilder,0.0897794573769657,0.2473177864452358,1922,cof_001922,cof_symmetry_pipeline/output/pycofbuilder/xyz/mol_000839.xyz,36,24,41,0,0,val,train
Nc1ccc(-c2ccc3c(c2)C=c2sc4c5c(sc4c2-3)=Cc2cc(-c3ccc(N)cc3)ccc2-5)cc1,pb_IITT_L2,NH2_ph,C2,C2,nonplanar,124.48490081811688,pycofbuilder,0.7877686578373093,1.7958721063609002,1923,cof_001923,cof_symmetry_pipeline/output/pycofbuilder/xyz/mol_000840.xyz,56,36,63,0,0,train,train
OB(O)c1ccc2c(c1)C=c1sc3c4c(sc3c1-2)=Cc1cc(B(O)O)ccc1-4,pb_IITT_L2,BOH2_direct,C2,C2,planar,192.93666574355453,pycofbuilder,0.2890680017765435,0.9820272145984352,1924,cof_001924,cof_symmetry_pipeline/output/pycofbuilder/xyz/mol_000842.xyz,40,28,45,0,0,train,train
C#Cc1ccc(-c2ccc3c(c2)C=c2sc4c5c(sc4c2-3)=Cc2cc(-c3ccc(C#C)cc3)ccc2-5)cc1,pb_IITT_L2,CCH_ph,C2,C2,nonplanar,143.7230920578491,pycofbuilder,0.76827732417353,1.779491283232696,1925,cof_001925,cof_symmetry_pipeline/output/pycofbuilder/xyz/mol_000844.xyz,56,38,63,0,0,train,train
N#Cc1ccc2c(c1)C=c1sc3c4c(sc3c1-2)=Cc1cc(C#N)ccc1-4,pb_IITT_L2,CN_direct,C2,C2h,planar,122.36972599405564,pycofbuilder,1.866891039832793e-05,3.964135588785389e-05,1926,cof_001926,cof_symmetry_pipeline/output/pycofbuilder/xyz/mol_000846.xyz,34,26,39,0,0,train,train
O=C(O)c1ccc2c(c1)C=c1sc3c4c(sc3c1-2)=Cc1cc(C(=O)O)ccc1-4,pb_IITT_L2,COOH_direct,C2,C2h,planar,83.43581804626075,pycofbuilder,1.5314031108009333e-05,3.302506439295527e-05,1927,cof_001927,cof_symmetry_pipeline/output/pycofbuilder/xyz/mol_000848.xyz,38,28,43,0,0,train,train
O=[N+]([O-])c1ccc2c(c1)C=c1sc3c4c(sc3c1-2)=Cc1cc([N+](=O)[O-])ccc1-4,pb_IITT_L2,NO2_direct,C2,C2h,planar,157.782344755336,pycofbuilder,1.8201569773510389e-06,7.141308091485055e-06,1928,cof_001928,cof_symmetry_pipeline/output/pycofbuilder/xyz/mol_000850.xyz,36,28,41,0,0,train,train
O=[N+]([O-])c1ccc(-c2ccc3c(c2)C=c2sc4c5c(sc4c2-3)=Cc2cc(-c3ccc([N+](=O)[O-])cc3)ccc2-5)cc1,pb_IITT_L2,NO2_ph,C2,C2,nonplanar,211.59715455671585,pycofbuilder,0.8076778935974458,1.7879401313666563,1929,cof_001929,cof_symmetry_pipeline/output/pycofbuilder/xyz/mol_000851.xyz,56,40,63,0,0,train,train
Oc1ccc2c(c1)C=c1sc3c4c(sc3c1-2)=Cc1cc(O)ccc1-4,pb_IITT_L2,OH_direct,C2,C2h,planar,78.89018088632449,pycofbuilder,1.21800010160479e-05,2.6453964367734173e-05,1930,cof_001930,cof_symmetry_pipeline/output/pycofbuilder/xyz/mol_000852.xyz,34,24,39,0,0,train,train
Oc1ccc(-c2ccc3c(c2)C=c2sc4c5c(sc4c2-3)=Cc2cc(-c3ccc(O)cc3)ccc2-5)cc1,pb_IITT_L2,OH_ph,C2,C2,nonplanar,122.58238089408954,pycofbuilder,0.794017038714654,1.8048452404992208,1931,cof_001931,cof_symmetry_pipeline/output/pycofbuilder/xyz/mol_000853.xyz,54,36,61,0,0,train,train
Sc1ccc2c(c1)C=c1sc3c4c(sc3c1-2)=Cc1cc(S)ccc1-4,pb_IITT_L2,SH_direct,C2,C2,planar,91.6433332221586,pycofbuilder,0.194262894040605,0.776864076501319,1932,cof_001932,cof_symmetry_pipeline/output/pycofbuilder/xyz/mol_000854.xyz,34,24,39,0,0,val,train
C=Cc1ccc2c(c1)C=c1sc3c4c(sc3c1-2)=Cc1cc(C=C)ccc1-4,pb_IITT_L2,vinyl_direct,C2,C2h,planar,112.0734405217302,pycofbuilder,4.168242082895824e-05,0.000143632962787,1933,cof_001933,cof_symmetry_pipeline/output/pycofbuilder/xyz/mol_000856.xyz,40,26,45,0,0,train,train
C#Cc1ccc2c(c1)C=c1sc3c4c(sc3c1-2)=Cc1cc(C#C)ccc1-4,pb_IITT_L2,ethynyl_direct,C2,C2h,planar,97.2029902162481,pycofbuilder,1.252514467968656e-05,3.0152972071872952e-05,1934,cof_001934,cof_symmetry_pipeline/output/pycofbuilder/xyz/mol_000857.xyz,36,26,41,0,0,train,train
Cc1ccc2c(c1)C=c1sc3c4c(sc3c1-2)=Cc1cc(C)ccc1-4,pb_IITT_L2,methyl_direct,C2,C2,planar,107.0750363120724,pycofbuilder,0.2901083893652078,1.0571406392868652,1935,cof_001935,cof_symmetry_pipeline/output/pycofbuilder/xyz/mol_000858.xyz,38,24,43,0,0,train,train
S=C=Nc1ccc2c(c1)C=c1sc3c4c(sc3c1-2)=Cc1cc(N=C=S)ccc1-4,pb_IITT_L2,NCS_direct,C2,C2,nonplanar,89.30884726460962,pycofbuilder,0.6534716762343179,2.499917142266205,1936,cof_001936,cof_symmetry_pipeline/output/pycofbuilder/xyz/mol_000861.xyz,36,28,41,0,0,train,train
O=P(O)(O)c1ccc2c(c1)C=c1sc3c4c(sc3c1-2)=Cc1cc(P(=O)(O)O)ccc1-4,pb_IITT_L2,PO3H2_direct,C2,C2,nonplanar,-94.97942988825858,pycofbuilder,0.6215220771870489,1.506072286786163,1937,cof_001937,cof_symmetry_pipeline/output/pycofbuilder/xyz/mol_000863.xyz,42,30,47,0,0,train,train
FC(F)(F)c1ccc(-c2ccc3c(c2)C=c2sc4c5c(sc4c2-3)=Cc2cc(-c3ccc(C(F)(F)F)cc3)ccc2-5)cc1,pb_IITT_L2,CF3_ph,C2,C2,nonplanar,198.6847500496856,pycofbuilder,0.8085721926317565,1.7863397836127834,1938,cof_001938,cof_symmetry_pipeline/output/pycofbuilder/xyz/mol_000865.xyz,58,42,65,0,0,train,train
Clc1ccc2c(c1)C=c1sc3c4c(sc3c1-2)=Cc1cc(Cl)ccc1-4,pb_IITT_L2,Cl_direct,C2,C2h,planar,93.53603896471029,pycofbuilder,2.519914858926921e-06,4.98963164929922e-06,1939,cof_001939,cof_symmetry_pipeline/output/pycofbuilder/xyz/mol_000866.xyz,32,24,37,0,0,train,train
Clc1ccc(-c2ccc3c(c2)C=c2sc4c5c(sc4c2-3)=Cc2cc(-c3ccc(Cl)cc3)ccc2-5)cc1,pb_IITT_L2,Cl_ph,C2,C2,nonplanar,141.78817818552298,pycofbuilder,0.7978204128197859,1.7818954334345525,1940,cof_001940,cof_symmetry_pipeline/output/pycofbuilder/xyz/mol_000867.xyz,52,36,59,0,0,train,train
COc1ccc2c(c1)C=c1sc3c4c(sc3c1-2)=Cc1cc(OC)ccc1-4,pb_IITT_L2,OMe_direct,C2,C2h,planar,107.3553303368494,pycofbuilder,0.2857852940970646,0.9037388417507324,1941,cof_001941,cof_symmetry_pipeline/output/pycofbuilder/xyz/mol_000870.xyz,40,26,45,0,0,train,train
COc1ccc(-c2ccc3c(c2)C=c2sc4c5c(sc4c2-3)=Cc2cc(-c3ccc(OC)cc3)ccc2-5)cc1,pb_IITT_L2,OMe_ph,C2,C2,nonplanar,152.06087430261468,pycofbuilder,0.8428455845807951,1.9128098346475952,1942,cof_001942,cof_symmetry_pipeline/output/pycofbuilder/xyz/mol_000871.xyz,60,38,67,0,0,val,train
CC(=O)c1ccc2c(c1)C=c1sc3c4c(sc3c1-2)=Cc1cc(C(C)=O)ccc1-4,pb_IITT_L2,acetyl_direct,C2,C2h,planar,132.81727857201403,pycofbuilder,0.2780127904554966,0.9019092291149936,1943,cof_001943,cof_symmetry_pipeline/output/pycofbuilder/xyz/mol_000873.xyz,42,28,47,0,0,train,train
O=CC#Cc1ccc2c(c1)C=c1sc3c4c(sc3c1-2)=Cc1cc(C#CC=O)ccc1-4,pb_IITT_L2,CCCHO_direct,C2,C2h,planar,101.5441506144806,pycofbuilder,0.0189292755265451,0.0709908574010325,1944,cof_001944,cof_symmetry_pipeline/output/pycofbuilder/xyz/mol_000876.xyz,40,30,45,0,0,train,train
NC#Cc1ccc2c(c1)C=c1sc3c4c(sc3c1-2)=Cc1cc(C#CN)ccc1-4,pb_IITT_L2,CCNH2_direct,C2,C2,planar,88.4890028020377,pycofbuilder,0.2545353486754405,0.9358907499946268,1945,cof_001945,cof_symmetry_pipeline/output/pycofbuilder/xyz/mol_000877.xyz,40,28,45,0,0,train,train
N#CC#Cc1ccc2c(c1)C=c1sc3c4c(sc3c1-2)=Cc1cc(C#CC#N)ccc1-4,pb_IITT_L2,CCCN_direct,C2,C2h,planar,102.01082456119693,pycofbuilder,4.0525204976391576e-05,0.0001143970818149,1946,cof_001946,cof_symmetry_pipeline/output/pycofbuilder/xyz/mol_000878.xyz,38,30,43,0,0,train,train
O=[N+]([O-])C#Cc1ccc2c(c1)C=c1sc3c4c(sc3c1-2)=Cc1cc(C#C[N+](=O)[O-])ccc1-4,pb_IITT_L2,CCNO2_direct,C2,C2h,planar,106.800523679544,pycofbuilder,0.0030041684667831,0.0138581818436365,1947,cof_001947,cof_symmetry_pipeline/output/pycofbuilder/xyz/mol_000880.xyz,40,32,45,0,0,val,train
OC#Cc1ccc2c(c1)C=c1sc3c4c(sc3c1-2)=Cc1cc(C#CO)ccc1-4,pb_IITT_L2,CCOH_direct,C2,C2,planar,93.54369215253315,pycofbuilder,0.1986589960332413,0.842802072780318,1948,cof_001948,cof_symmetry_pipeline/output/pycofbuilder/xyz/mol_000881.xyz,38,28,43,0,0,train,train
FC(F)(F)C#Cc1ccc2c(c1)C=c1sc3c4c(sc3c1-2)=Cc1cc(C#CC(F)(F)F)ccc1-4,pb_IITT_L2,CCCF3_direct,C2,C2,planar,107.26627860258183,pycofbuilder,0.3375099256540327,1.251185048696928,1949,cof_001949,cof_symmetry_pipeline/output/pycofbuilder/xyz/mol_000882.xyz,42,34,47,0,0,train,train
CC(=O)C#Cc1ccc2c(c1)C=c1sc3c4c(sc3c1-2)=Cc1cc(C#CC(C)=O)ccc1-4,pb_IITT_L2,CCacetyl_direct,C2,C2,planar,104.94968565875531,pycofbuilder,0.2685206401722452,1.0470610509639768,1950,cof_001950,cof_symmetry_pipeline/output/pycofbuilder/xyz/mol_000884.xyz,46,32,51,0,0,val,train
O=COc1ccc2c(c1)C=c1sc3c4c(sc3c1-2)=Cc1cc(OC=O)ccc1-4,pb_IITT_L2,OCHO_direct,C2,C2,nonplanar,116.36298939226702,pycofbuilder,0.5488345713985225,1.909521109092802,1951,cof_001951,cof_symmetry_pipeline/output/pycofbuilder/xyz/mol_000886.xyz,38,28,43,0,0,train,train
CC(=O)Oc1ccc2c(c1)C=c1sc3c4c(sc3c1-2)=Cc1cc(OC(C)=O)ccc1-4,pb_IITT_L2,Oacetyl_direct,C2,C2,nonplanar,115.2481474548196,pycofbuilder,0.6038005297834781,1.7961407450570377,1952,cof_001952,cof_symmetry_pipeline/output/pycofbuilder/xyz/mol_000888.xyz,44,30,49,0,0,test,train
CC(=O)Nc1ccc2c(c1)C=c1sc3c4c(sc3c1-2)=Cc1cc(NC(C)=O)ccc1-4,pb_IITT_L2,NHacetyl_direct,C2,C2,planar,65.42545786709434,pycofbuilder,0.2643644560705833,1.029477831410247,1953,cof_001953,cof_symmetry_pipeline/output/pycofbuilder/xyz/mol_000890.xyz,46,30,51,0,0,train,train
N#CNc1ccc2c(c1)C=c1sc3c4c(sc3c1-2)=Cc1cc(NC#N)ccc1-4,pb_IITT_L2,NHCN_direct,C2,C2,planar,44.00411069804389,pycofbuilder,0.4017854540558156,1.486812752416834,1954,cof_001954,cof_symmetry_pipeline/output/pycofbuilder/xyz/mol_000891.xyz,38,28,43,0,0,train,train
Brc1ccc2c(c1)C=c1sc3c4c(sc3c1-2)=Cc1cc(Br)ccc1-4,pb_IITT_L2,Br_direct,C2,C2h,planar,96.08922988112414,pycofbuilder,6.901301688717188e-06,1.6277281527712906e-05,1955,cof_001955,cof_symmetry_pipeline/output/pycofbuilder/xyz/mol_000895.xyz,32,24,37,0,0,test,train
Ic1ccc2c(c1)C=c1sc3c4c(sc3c1-2)=Cc1cc(I)ccc1-4,pb_IITT_L2,I_direct,C2,C2h,planar,98.166889056443,pycofbuilder,3.0693053118035068e-06,6.96628883911643e-06,1956,cof_001956,cof_symmetry_pipeline/output/pycofbuilder/xyz/mol_000896.xyz,32,24,37,0,0,train,train
C[Si](C)(C)c1ccc2c(c1)C=c1sc3c4c(sc3c1-2)=Cc1cc([Si](C)(C)C)ccc1-4,pb_IITT_L2,SiMe3_direct,C2,C2,nonplanar,117.4801372395678,pycofbuilder,0.998607498476106,2.479247822871982,1957,cof_001957,cof_symmetry_pipeline/output/pycofbuilder/xyz/mol_000897.xyz,56,30,61,0,0,train,train
O=S(=O)(Cl)c1ccc2c(c1)C=c1sc3c4c(sc3c1-2)=Cc1cc(S(=O)(=O)Cl)ccc1-4,pb_IITT_L2,SO2Cl_direct,C2,C2,planar,154.9793548238252,pycofbuilder,0.4829016410957136,1.9278704539537077,1958,cof_001958,cof_symmetry_pipeline/output/pycofbuilder/xyz/mol_000900.xyz,38,30,43,0,0,train,train
O=P(Cl)(Cl)c1ccc2c(c1)C=c1sc3c4c(sc3c1-2)=Cc1cc(P(=O)(Cl)Cl)ccc1-4,pb_IITT_L2,POCl2_direct,C2,C2h,nonplanar,163.43604415669978,pycofbuilder,0.5117083436918807,1.577262409803751,1959,cof_001959,cof_symmetry_pipeline/output/pycofbuilder/xyz/mol_000901.xyz,38,30,43,0,0,train,train
N#CCc1ccc2c(c1)C=c1sc3c4c(sc3c1-2)=Cc1cc(CC#N)ccc1-4,pb_IITT_L2,PB_CHCN,C2,C2,nonplanar,136.72542703983052,pycofbuilder,0.634527388695626,2.303677245048746,1960,cof_001960,cof_symmetry_pipeline/output/pycofbuilder/xyz/mol_000906.xyz,40,28,45,0,0,val,train
NNCc1ccc2c(c1)C=c1sc3c4c(sc3c1-2)=Cc1cc(CNN)ccc1-4,pb_IITT_L2,PB_NHNH2,C2,C2,nonplanar,210.5725483621669,pycofbuilder,0.9647486963320848,2.59638304388346,1961,cof_001961,cof_symmetry_pipeline/output/pycofbuilder/xyz/mol_000907.xyz,46,28,51,0,0,train,train
NNC(=O)c1ccc2c(c1)C=c1sc3c4c(sc3c1-2)=Cc1cc(C(=O)NN)ccc1-4,pb_IITT_L2,PB_CONHNH2,C2,C2,planar,211.0784066171456,pycofbuilder,0.3594891515393942,1.0448067844914428,1962,cof_001962,cof_symmetry_pipeline/output/pycofbuilder/xyz/mol_000909.xyz,44,30,49,0,0,train,train
[O]C(=O)c1ccc2c(c1)C=c1sc3c4c(sc3c1-2)=Cc1cc(C([O])=O)ccc1-4,pb_IITT_L2,PB_COOH,C2,C2h,planar,153.48251688023674,pycofbuilder,1.1031478687333038e-05,2.107470351209173e-05,1963,cof_001963,cof_symmetry_pipeline/output/pycofbuilder/xyz/mol_000910.xyz,36,28,41,0,2,test,train
ONc1ccc2c(c1)C=c1sc3c4c(sc3c1-2)=Cc1cc(NO)ccc1-4,pb_IITT_L2,PB_NHOH,C2,C2,planar,126.21243557285412,pycofbuilder,0.2002231178660342,0.7079553784829417,1964,cof_001964,cof_symmetry_pipeline/output/pycofbuilder/xyz/mol_000911.xyz,38,26,43,0,0,train,train
O=Cc1ccc2c(c1)C=C1C2=Cc2cc(C=O)ccc21,pb_INDE_L2,CHO_direct,C2,C2h,planar,105.6025370931646,pycofbuilder,2.929377023502225e-06,5.66964257635999e-06,1965,cof_001965,cof_symmetry_pipeline/output/pycofbuilder/xyz/mol_000912.xyz,30,20,33,0,0,train,train
O=Cc1ccc(-c2ccc3c(c2)C=C2C3=Cc3cc(-c4ccc(C=O)cc4)ccc32)cc1,pb_INDE_L2,CHO_ph,C2,C2,nonplanar,155.82574787204942,pycofbuilder,0.8489691435907813,1.7851274004084896,1966,cof_001966,cof_symmetry_pipeline/output/pycofbuilder/xyz/mol_000913.xyz,50,32,55,0,0,train,train
Nc1ccc(-c2ccc3c(c2)C=C2C3=Cc3cc(-c4ccc(N)cc4)ccc32)cc1,pb_INDE_L2,NH2_ph,C2,C2,nonplanar,105.93612550079152,pycofbuilder,0.8361493973614,1.8044321734439956,1967,cof_001967,cof_symmetry_pipeline/output/pycofbuilder/xyz/mol_000916.xyz,50,30,55,0,0,train,train
OB(O)c1ccc2c(c1)C=C1C2=Cc2cc(B(O)O)ccc21,pb_INDE_L2,BOH2_direct,C2,C2,planar,110.74219696151243,pycofbuilder,0.4000389184263482,1.076853081663062,1968,cof_001968,cof_symmetry_pipeline/output/pycofbuilder/xyz/mol_000918.xyz,34,22,37,0,0,test,train
OB(O)c1ccc(-c2ccc3c(c2)C=C2C3=Cc3cc(-c4ccc(B(O)O)cc4)ccc32)cc1,pb_INDE_L2,BOH2_ph,C2,C2,nonplanar,145.6711631692516,pycofbuilder,0.7407995394933384,1.8683943742794944,1969,cof_001969,cof_symmetry_pipeline/output/pycofbuilder/xyz/mol_000919.xyz,54,34,59,0,0,train,train
C#Cc1ccc(-c2ccc3c(c2)C=C2C3=Cc3cc(-c4ccc(C#C)cc4)ccc32)cc1,pb_INDE_L2,CCH_ph,C2,C2,nonplanar,125.13882365988331,pycofbuilder,0.8150409099521528,1.7840747343361785,1970,cof_001970,cof_symmetry_pipeline/output/pycofbuilder/xyz/mol_000920.xyz,50,32,55,0,0,train,train
N#Cc1ccc2c(c1)C=C1C2=Cc2cc(C#N)ccc21,pb_INDE_L2,CN_direct,C2,C2h,planar,102.95468562958266,pycofbuilder,3.4726367443677575e-05,9.194748739194124e-05,1971,cof_001971,cof_symmetry_pipeline/output/pycofbuilder/xyz/mol_000922.xyz,28,20,31,0,0,test,train
N#Cc1ccc(-c2ccc3c(c2)C=C2C3=Cc3cc(-c4ccc(C#N)cc4)ccc32)cc1,pb_INDE_L2,CN_ph,C2,C2,nonplanar,152.8380366382345,pycofbuilder,0.8333318732057571,1.7854509349572243,1972,cof_001972,cof_symmetry_pipeline/output/pycofbuilder/xyz/mol_000923.xyz,48,32,53,0,0,test,train
O=C(O)c1ccc2c(c1)C=C1C2=Cc2cc(C(=O)O)ccc21,pb_INDE_L2,COOH_direct,C2,C2h,planar,64.25419317681985,pycofbuilder,6.216867189041412e-06,1.6887735659332215e-05,1973,cof_001973,cof_symmetry_pipeline/output/pycofbuilder/xyz/mol_000924.xyz,32,22,35,0,0,train,train
O=[N+]([O-])c1ccc2c(c1)C=C1C2=Cc2cc([N+](=O)[O-])ccc21,pb_INDE_L2,NO2_direct,C2,C2h,planar,138.06384435418374,pycofbuilder,2.540047023005177e-06,7.194260130252705e-06,1974,cof_001974,cof_symmetry_pipeline/output/pycofbuilder/xyz/mol_000926.xyz,30,22,33,0,0,train,train
O=[N+]([O-])c1ccc(-c2ccc3c(c2)C=C2C3=Cc3cc(-c4ccc([N+](=O)[O-])cc4)ccc32)cc1,pb_INDE_L2,NO2_ph,C2,C2,nonplanar,192.8266683776806,pycofbuilder,0.8567428477788082,1.7899331380501509,1975,cof_001975,cof_symmetry_pipeline/output/pycofbuilder/xyz/mol_000927.xyz,50,34,55,0,0,train,train
[N-]=[N+]=Nc1ccc2c(c1)C=C1C2=Cc2cc(N=[N+]=[N-])ccc21,pb_INDE_L2,N3_direct,C2,C2,nonplanar,64.94413358812672,pycofbuilder,0.596860492174685,1.964326627694018,1976,cof_001976,cof_symmetry_pipeline/output/pycofbuilder/xyz/mol_000931.xyz,30,22,33,0,0,train,train
C=Cc1ccc2c(c1)C=C1C2=Cc2cc(C=C)ccc21,pb_INDE_L2,vinyl_direct,C2,C2h,planar,93.34442651833018,pycofbuilder,0.0001851592500646,0.0006480569989425,1977,cof_001977,cof_symmetry_pipeline/output/pycofbuilder/xyz/mol_000932.xyz,34,20,37,0,0,train,train
C#Cc1ccc2c(c1)C=C1C2=Cc2cc(C#C)ccc21,pb_INDE_L2,ethynyl_direct,C2,C2h,planar,78.46049060438864,pycofbuilder,8.834997559599502e-06,2.264561959153255e-05,1978,cof_001978,cof_symmetry_pipeline/output/pycofbuilder/xyz/mol_000933.xyz,30,20,33,0,0,train,train
Cc1ccc2c(c1)C=C1C2=Cc2cc(C)ccc21,pb_INDE_L2,methyl_direct,C2,C2,planar,88.83300358377849,pycofbuilder,0.3161061733840943,1.0555268068515369,1979,cof_001979,cof_symmetry_pipeline/output/pycofbuilder/xyz/mol_000934.xyz,32,18,35,0,0,train,train
Cc1ccc(-c2ccc3c(c2)C=C2C3=Cc3cc(-c4ccc(C)cc4)ccc32)cc1,pb_INDE_L2,methyl_ph,C2,C2,nonplanar,130.75322064346838,pycofbuilder,0.8354512047837885,1.7813865878173762,1980,cof_001980,cof_symmetry_pipeline/output/pycofbuilder/xyz/mol_000935.xyz,52,30,57,0,0,train,train
O=C=Nc1ccc2c(c1)C=C1C2=Cc2cc(N=C=O)ccc21,pb_INDE_L2,NCO_direct,C2,C2,nonplanar,66.71032470560539,pycofbuilder,0.5786794366150045,1.9259642620189528,1981,cof_001981,cof_symmetry_pipeline/output/pycofbuilder/xyz/mol_000936.xyz,30,22,33,0,0,train,train
O=S(=O)(O)c1ccc2c(c1)C=C1C2=Cc2cc(S(=O)(=O)O)ccc21,pb_INDE_L2,SO3H_direct,C2,C2,nonplanar,16.49467646046962,pycofbuilder,0.5939097299426306,1.6177580664455549,1982,cof_001982,cof_symmetry_pipeline/output/pycofbuilder/xyz/mol_000938.xyz,34,24,37,0,0,val,train
O=P(O)(O)c1ccc2c(c1)C=C1C2=Cc2cc(P(=O)(O)O)ccc21,pb_INDE_L2,PO3H2_direct,C2,C2h,nonplanar,-160.03242686350242,pycofbuilder,0.624425595870471,1.4193592761412912,1983,cof_001983,cof_symmetry_pipeline/output/pycofbuilder/xyz/mol_000939.xyz,36,24,39,0,0,train,train
FC(F)(F)c1ccc2c(c1)C=C1C2=Cc2cc(C(F)(F)F)ccc21,pb_INDE_L2,CF3_direct,C2,C2,planar,131.4555965203055,pycofbuilder,0.3846067710716286,1.2784826678667809,1984,cof_001984,cof_symmetry_pipeline/output/pycofbuilder/xyz/mol_000940.xyz,32,24,35,0,0,train,train
Clc1ccc2c(c1)C=C1C2=Cc2cc(Cl)ccc21,pb_INDE_L2,Cl_direct,C2,C2h,planar,74.35547942792672,pycofbuilder,5.751897192718336e-06,1.3704827775962158e-05,1985,cof_001985,cof_symmetry_pipeline/output/pycofbuilder/xyz/mol_000942.xyz,26,18,29,0,0,val,train
Clc1ccc(-c2ccc3c(c2)C=C2C3=Cc3cc(-c4ccc(Cl)cc4)ccc32)cc1,pb_INDE_L2,Cl_ph,C2,C2,nonplanar,123.12136731066587,pycofbuilder,0.8503302651569254,1.7858140105465543,1986,cof_001986,cof_symmetry_pipeline/output/pycofbuilder/xyz/mol_000943.xyz,46,30,51,0,0,train,train
COC(=O)c1ccc2c(c1)C=C1C2=Cc2cc(C(=O)OC)ccc21,pb_INDE_L2,COOMe_direct,C2,C2h,planar,101.56327240668917,pycofbuilder,0.2923102923356921,0.900983659677184,1987,cof_001987,cof_symmetry_pipeline/output/pycofbuilder/xyz/mol_000944.xyz,38,24,41,0,0,train,train
NC(=O)c1ccc2c(c1)C=C1C2=Cc2cc(C(N)=O)ccc21,pb_INDE_L2,CONH2_direct,C2,C2,planar,51.006362413425634,pycofbuilder,0.3132515688356054,0.95960913053079,1988,cof_001988,cof_symmetry_pipeline/output/pycofbuilder/xyz/mol_000945.xyz,34,22,37,0,0,train,train
COc1ccc2c(c1)C=C1C2=Cc2cc(OC)ccc21,pb_INDE_L2,OMe_direct,C2,C2h,planar,88.5859888705501,pycofbuilder,0.3099379276460529,0.9041097162763732,1989,cof_001989,cof_symmetry_pipeline/output/pycofbuilder/xyz/mol_000946.xyz,34,20,37,0,0,train,train
O=C(Cl)c1ccc2c(c1)C=C1C2=Cc2cc(C(=O)Cl)ccc21,pb_INDE_L2,COCl_direct,C2,C2h,planar,125.28009405782176,pycofbuilder,7.267524323185144e-06,3.182159490000558e-05,1990,cof_001990,cof_symmetry_pipeline/output/pycofbuilder/xyz/mol_000948.xyz,30,22,33,0,0,train,train
CC(=O)c1ccc2c(c1)C=C1C2=Cc2cc(C(C)=O)ccc21,pb_INDE_L2,acetyl_direct,C2,C2h,planar,113.76750085880028,pycofbuilder,0.3002946143657887,0.900920815701264,1991,cof_001991,cof_symmetry_pipeline/output/pycofbuilder/xyz/mol_000949.xyz,36,22,39,0,0,train,train
NC#Cc1ccc2c(c1)C=C1C2=Cc2cc(C#CN)ccc21,pb_INDE_L2,CCNH2_direct,C2,C2h,planar,69.74742377061882,pycofbuilder,0.2825578373625948,0.8250200639241713,1992,cof_001992,cof_symmetry_pipeline/output/pycofbuilder/xyz/mol_000953.xyz,34,22,37,0,0,test,train
N#CC#Cc1ccc2c(c1)C=C1C2=Cc2cc(C#CC#N)ccc21,pb_INDE_L2,CCCN_direct,C2,C2h,planar,82.97204567487269,pycofbuilder,1.1100393744946096e-05,2.582207127934701e-05,1993,cof_001993,cof_symmetry_pipeline/output/pycofbuilder/xyz/mol_000954.xyz,32,24,35,0,0,train,train
O=C(O)C#Cc1ccc2c(c1)C=C1C2=Cc2cc(C#CC(=O)O)ccc21,pb_INDE_L2,CCCOOH_direct,C2,C2h,planar,18.76351329197744,pycofbuilder,0.0031004422875968,0.0128066392885919,1994,cof_001994,cof_symmetry_pipeline/output/pycofbuilder/xyz/mol_000955.xyz,36,26,39,0,0,train,train
O=[N+]([O-])C#Cc1ccc2c(c1)C=C1C2=Cc2cc(C#C[N+](=O)[O-])ccc21,pb_INDE_L2,CCNO2_direct,C2,C2h,planar,87.67876704559639,pycofbuilder,2.473278443563785e-05,0.0001017898799093,1995,cof_001995,cof_symmetry_pipeline/output/pycofbuilder/xyz/mol_000956.xyz,34,26,37,0,0,train,train
OC#Cc1ccc2c(c1)C=C1C2=Cc2cc(C#CO)ccc21,pb_INDE_L2,CCOH_direct,C2,C2,planar,74.72946051810764,pycofbuilder,0.2225666430086421,0.8619371505211048,1996,cof_001996,cof_symmetry_pipeline/output/pycofbuilder/xyz/mol_000957.xyz,32,22,35,0,0,train,train
O=COc1ccc2c(c1)C=C1C2=Cc2cc(OC=O)ccc21,pb_INDE_L2,OCHO_direct,C2,C2,nonplanar,97.80286624574596,pycofbuilder,0.6013970146641584,1.9058043070233968,1997,cof_001997,cof_symmetry_pipeline/output/pycofbuilder/xyz/mol_000962.xyz,32,22,35,0,0,train,train
N#COc1ccc2c(c1)C=C1C2=Cc2cc(OC#N)ccc21,pb_INDE_L2,OCN_direct,C2,C2h,planar,93.11990131617176,pycofbuilder,0.0005955836047227,0.0021664874885505,1998,cof_001998,cof_symmetry_pipeline/output/pycofbuilder/xyz/mol_000963.xyz,30,22,33,0,0,train,train
CC(=O)Oc1ccc2c(c1)C=C1C2=Cc2cc(OC(C)=O)ccc21,pb_INDE_L2,Oacetyl_direct,C2,C2,nonplanar,96.7524794101916,pycofbuilder,0.6287434975310733,1.7412275145115774,1999,cof_001999,cof_symmetry_pipeline/output/pycofbuilder/xyz/mol_000964.xyz,38,24,41,0,0,test,train
O=CNc1ccc2c(c1)C=C1C2=Cc2cc(NC=O)ccc21,pb_INDE_L2,NHCHO_direct,C2,C2h,planar,41.370954580262286,pycofbuilder,7.563150246001967e-06,1.872751825449104e-05,2000,cof_002000,cof_symmetry_pipeline/output/pycofbuilder/xyz/mol_000965.xyz,34,22,37,0,0,train,train
N#CSc1ccc2c(c1)C=C1C2=Cc2cc(SC#N)ccc21,pb_INDE_L2,SCN_direct,C2,D2,nonplanar,81.32450868108778,pycofbuilder,0.7890215964933749,2.5134093805454545,2001,cof_002001,cof_symmetry_pipeline/output/pycofbuilder/xyz/mol_000969.xyz,30,22,33,0,0,val,train
[N-]=[N+]=Nc1ccc(-c2ccc3c(c2)C=C2C3=Cc3cc(-c4ccc(N=[N+]=[N-])cc4)ccc32)cc1,pb_INDE_L2,N3_ph,C2,C2,nonplanar,111.112493353779,pycofbuilder,0.8561179310297627,1.8609503503987093,2002,cof_002002,cof_symmetry_pipeline/output/pycofbuilder/xyz/mol_000970.xyz,50,34,55,0,0,test,train
Brc1ccc2c(c1)C=C1C2=Cc2cc(Br)ccc21,pb_INDE_L2,Br_direct,C2,C2h,planar,77.08238337462558,pycofbuilder,2.942981841250649e-06,8.1520174255445e-06,2003,cof_002003,cof_symmetry_pipeline/output/pycofbuilder/xyz/mol_000971.xyz,26,18,29,0,0,train,train
Ic1ccc2c(c1)C=C1C2=Cc2cc(I)ccc21,pb_INDE_L2,I_direct,C2,C2h,planar,79.24660033763084,pycofbuilder,1.365489632045676e-06,3.374158384250592e-06,2004,cof_002004,cof_symmetry_pipeline/output/pycofbuilder/xyz/mol_000972.xyz,26,18,29,0,0,train,train
O=S(=O)(Cl)c1ccc2c(c1)C=C1C2=Cc2cc(S(=O)(=O)Cl)ccc21,pb_INDE_L2,SO2Cl_direct,C2,C2,nonplanar,135.46996320478186,pycofbuilder,0.5258994531088989,1.921257498757476,2005,cof_002005,cof_symmetry_pipeline/output/pycofbuilder/xyz/mol_000976.xyz,32,24,35,0,0,val,train
O=[N+]([O-])c1ccc(-c2ccc(-c3ccc4c(c3)C=C3C4=Cc4cc(-c5ccc(-c6ccc([N+](=O)[O-])cc6)cc5)ccc43)cc2)cc1,pb_INDE_L2,NO2_phph,C2,D2,nonplanar,237.694690625544,pycofbuilder,1.076342704810146,2.107687511121921,2006,cof_002006,cof_symmetry_pipeline/output/pycofbuilder/xyz/mol_000980.xyz,70,46,77,0,0,train,train
Oc1ccc(-c2ccc(-c3ccc4c(c3)C=C3C4=Cc4cc(-c5ccc(-c6ccc(O)cc6)cc5)ccc43)cc2)cc1,pb_INDE_L2,OH_phph,C2,C2,nonplanar,149.14195378478578,pycofbuilder,0.6973484688280277,1.780487048661692,2007,cof_002007,cof_symmetry_pipeline/output/pycofbuilder/xyz/mol_000981.xyz,68,42,75,0,0,train,train
N#CCc1ccc2c(c1)C=C1C2=Cc2cc(CC#N)ccc21,pb_INDE_L2,PB_CHCN,C2,C2,nonplanar,118.0247182309079,pycofbuilder,0.6846865825719607,2.276442010441865,2008,cof_002008,cof_symmetry_pipeline/output/pycofbuilder/xyz/mol_000982.xyz,34,22,37,0,0,val,train
NNC(=O)c1ccc2c(c1)C=C1C2=Cc2cc(C(=O)NN)ccc21,pb_INDE_L2,PB_CONHNH2,C2,C2,planar,191.47347698902647,pycofbuilder,0.3825477381603354,1.018589808104875,2009,cof_002009,cof_symmetry_pipeline/output/pycofbuilder/xyz/mol_000985.xyz,38,24,41,0,0,train,train
[O]C(=O)c1ccc2c(c1)C=C1C2=Cc2cc(C([O])=O)ccc21,pb_INDE_L2,PB_COOH,C2,C2h,planar,142.18537484591806,pycofbuilder,1.903464569032653e-06,5.388709140574655e-06,2010,cof_002010,cof_symmetry_pipeline/output/pycofbuilder/xyz/mol_000986.xyz,30,22,33,0,2,test,train
O=Cc1ccc2c(c1)C=c1cc3c(cc1-2)=Cc1cc(C=O)ccc1-3,pb_INFL_L2,CHO_direct,C2,C2h,planar,111.37186668349236,pycofbuilder,1.9793656361500014e-06,4.2948778046225655e-06,2011,cof_002011,cof_symmetry_pipeline/output/pycofbuilder/xyz/mol_000988.xyz,36,24,40,0,0,train,train
Nc1ccc2c(c1)C=c1cc3c(cc1-2)=Cc1cc(N)ccc1-3,pb_INFL_L2,NH2_direct,C2,C2,planar,70.38065476768955,pycofbuilder,0.091425154055324,0.2508351204164019,2012,cof_002012,cof_symmetry_pipeline/output/pycofbuilder/xyz/mol_000991.xyz,36,22,40,0,0,train,train
Nc1ccc(-c2ccc3c(c2)C=c2cc4c(cc2-3)=Cc2cc(-c3ccc(N)cc3)ccc2-4)cc1,pb_INFL_L2,NH2_ph,C2,C2,nonplanar,111.64523216591742,pycofbuilder,0.7892328248806763,1.8043637539778925,2013,cof_002013,cof_symmetry_pipeline/output/pycofbuilder/xyz/mol_000992.xyz,56,34,62,0,0,train,train
Nc1ccc(-c2ccc(-c3ccc4c(c3)C=c3cc5c(cc3-4)=Cc3cc(-c4ccc(-c6ccc(N)cc6)cc4)ccc3-5)cc2)cc1,pb_INFL_L2,NH2_phph,C2,D2,nonplanar,156.72349493565684,pycofbuilder,1.017406976080058,2.139057151082197,2014,cof_002014,cof_symmetry_pipeline/output/pycofbuilder/xyz/mol_000993.xyz,76,46,84,0,0,train,train
OB(O)c1ccc2c(c1)C=c1cc3c(cc1-2)=Cc1cc(B(O)O)ccc1-3,pb_INFL_L2,BOH2_direct,C2,C2,planar,102.56884385003826,pycofbuilder,0.3034694469969431,0.9156094431905504,2015,cof_002015,cof_symmetry_pipeline/output/pycofbuilder/xyz/mol_000994.xyz,40,26,44,0,0,train,train
C#Cc1ccc(-c2ccc3c(c2)C=c2cc4c(cc2-3)=Cc2cc(-c3ccc(C#C)cc3)ccc2-4)cc1,pb_INFL_L2,CCH_ph,C2,C2,nonplanar,130.84814690842722,pycofbuilder,0.7692051414742695,1.781788893821471,2016,cof_002016,cof_symmetry_pipeline/output/pycofbuilder/xyz/mol_000996.xyz,56,36,62,0,0,train,train
N#Cc1ccc2c(c1)C=c1cc3c(cc1-2)=Cc1cc(C#N)ccc1-3,pb_INFL_L2,CN_direct,C2,C2h,planar,108.70761384390816,pycofbuilder,0.0004630759005007,0.0011643608667655,2017,cof_002017,cof_symmetry_pipeline/output/pycofbuilder/xyz/mol_000998.xyz,34,24,38,0,0,train,train
N#Cc1ccc(-c2ccc3c(c2)C=c2cc4c(cc2-3)=Cc2cc(-c3ccc(C#N)cc3)ccc2-4)cc1,pb_INFL_L2,CN_ph,C2,C2,nonplanar,158.55447458869884,pycofbuilder,0.7847981837869832,1.7835800772076928,2018,cof_002018,cof_symmetry_pipeline/output/pycofbuilder/xyz/mol_000999.xyz,54,36,60,0,0,val,train
O=C(O)c1ccc2c(c1)C=c1cc3c(cc1-2)=Cc1cc(C(=O)O)ccc1-3,pb_INFL_L2,COOH_direct,C2,C2h,planar,70.0771063862934,pycofbuilder,1.0809763123291812e-05,3.700145574470071e-05,2019,cof_002019,cof_symmetry_pipeline/output/pycofbuilder/xyz/mol_001000.xyz,38,26,42,0,0,train,train
O=C(O)c1ccc(-c2ccc3c(c2)C=c2cc4c(cc2-3)=Cc2cc(-c3ccc(C(=O)O)cc3)ccc2-4)cc1,pb_INFL_L2,COOH_ph,C2,C2,nonplanar,121.9488889593738,pycofbuilder,0.8051059128718514,1.8072838179427408,2020,cof_002020,cof_symmetry_pipeline/output/pycofbuilder/xyz/mol_001001.xyz,58,38,64,0,0,test,train
O=[N+]([O-])c1ccc2c(c1)C=c1cc3c(cc1-2)=Cc1cc([N+](=O)[O-])ccc1-3,pb_INFL_L2,NO2_direct,C2,C2h,planar,143.81476846857507,pycofbuilder,1.7175443576211436e-06,3.7339986700413168e-06,2021,cof_002021,cof_symmetry_pipeline/output/pycofbuilder/xyz/mol_001002.xyz,36,26,40,0,0,train,train
O=[N+]([O-])c1ccc(-c2ccc3c(c2)C=c2cc4c(cc2-3)=Cc2cc(-c3ccc([N+](=O)[O-])cc3)ccc2-4)cc1,pb_INFL_L2,NO2_ph,C2,C2,nonplanar,198.5433096552241,pycofbuilder,0.808410728826354,1.7872894088594928,2022,cof_002022,cof_symmetry_pipeline/output/pycofbuilder/xyz/mol_001003.xyz,56,38,62,0,0,train,train
Sc1ccc2c(c1)C=c1cc3c(cc1-2)=Cc1cc(S)ccc1-3,pb_INFL_L2,SH_direct,C2,C2,planar,78.41899725446766,pycofbuilder,0.1887179254389318,0.7547743380670768,2023,cof_002023,cof_symmetry_pipeline/output/pycofbuilder/xyz/mol_001006.xyz,34,22,38,0,0,val,train
C=Cc1ccc2c(c1)C=c1cc3c(cc1-2)=Cc1cc(C=C)ccc1-3,pb_INFL_L2,vinyl_direct,C2,C2h,planar,99.04609264209074,pycofbuilder,1.4181063754867004e-05,5.07238131473714e-05,2024,cof_002024,cof_symmetry_pipeline/output/pycofbuilder/xyz/mol_001008.xyz,40,24,44,0,0,test,train
C#Cc1ccc2c(c1)C=c1cc3c(cc1-2)=Cc1cc(C#C)ccc1-3,pb_INFL_L2,ethynyl_direct,C2,C2h,planar,84.21824715398714,pycofbuilder,4.086415249302313e-05,0.0001446718646737,2025,cof_002025,cof_symmetry_pipeline/output/pycofbuilder/xyz/mol_001009.xyz,36,24,40,0,0,train,train
Cc1ccc2c(c1)C=c1cc3c(cc1-2)=Cc1cc(C)ccc1-3,pb_INFL_L2,methyl_direct,C2,C2,planar,94.52189716997196,pycofbuilder,0.290095734333205,1.0568960811839194,2026,cof_002026,cof_symmetry_pipeline/output/pycofbuilder/xyz/mol_001010.xyz,38,22,42,0,0,train,train
O=C=Nc1ccc2c(c1)C=c1cc3c(cc1-2)=Cc1cc(N=C=O)ccc1-3,pb_INFL_L2,NCO_direct,C2,C2,nonplanar,72.47450613891822,pycofbuilder,0.5340543612519604,1.961030660463257,2027,cof_002027,cof_symmetry_pipeline/output/pycofbuilder/xyz/mol_001012.xyz,36,26,40,0,0,train,train
S=C=Nc1ccc2c(c1)C=c1cc3c(cc1-2)=Cc1cc(N=C=S)ccc1-3,pb_INFL_L2,NCS_direct,C2,D2,nonplanar,75.91016919970434,pycofbuilder,0.6544784348653261,2.503228036317917,2028,cof_002028,cof_symmetry_pipeline/output/pycofbuilder/xyz/mol_001013.xyz,36,26,40,0,0,train,train
O=S(=O)(O)c1ccc2c(c1)C=c1cc3c(cc1-2)=Cc1cc(S(=O)(=O)O)ccc1-3,pb_INFL_L2,SO3H_direct,C2,C2,nonplanar,22.290129449009264,pycofbuilder,0.5509423289515292,1.646354372834835,2029,cof_002029,cof_symmetry_pipeline/output/pycofbuilder/xyz/mol_001014.xyz,40,28,44,0,0,train,train
FC(F)(F)c1ccc2c(c1)C=c1cc3c(cc1-2)=Cc1cc(C(F)(F)F)ccc1-3,pb_INFL_L2,CF3_direct,C2,C2,planar,137.21607232721743,pycofbuilder,0.3529442986921178,1.2795091108629908,2030,cof_002030,cof_symmetry_pipeline/output/pycofbuilder/xyz/mol_001016.xyz,38,28,42,0,0,train,train
Clc1ccc2c(c1)C=c1cc3c(cc1-2)=Cc1cc(Cl)ccc1-3,pb_INFL_L2,Cl_direct,C2,C2h,planar,80.1415779692206,pycofbuilder,2.324109268671388e-06,4.5774619230887215e-06,2031,cof_002031,cof_symmetry_pipeline/output/pycofbuilder/xyz/mol_001018.xyz,32,22,36,0,0,train,train
Clc1ccc(-c2ccc3c(c2)C=c2cc4c(cc2-3)=Cc2cc(-c3ccc(Cl)cc3)ccc2-4)cc1,pb_INFL_L2,Cl_ph,C2,C2,nonplanar,128.83781787703296,pycofbuilder,0.7989006764206384,1.7837952909688028,2032,cof_002032,cof_symmetry_pipeline/output/pycofbuilder/xyz/mol_001019.xyz,52,34,58,0,0,train,train
COC(=O)c1ccc2c(c1)C=c1cc3c(cc1-2)=Cc1cc(C(=O)OC)ccc1-3,pb_INFL_L2,COOMe_direct,C2,C2h,planar,107.3737951185286,pycofbuilder,0.2716494918284256,0.9009709536451272,2033,cof_002033,cof_symmetry_pipeline/output/pycofbuilder/xyz/mol_001020.xyz,44,28,48,0,0,train,train
NC(=O)c1ccc2c(c1)C=c1cc3c(cc1-2)=Cc1cc(C(N)=O)ccc1-3,pb_INFL_L2,CONH2_direct,C2,C2,planar,56.814422945905534,pycofbuilder,0.2922850388226268,0.9776124591149112,2034,cof_002034,cof_symmetry_pipeline/output/pycofbuilder/xyz/mol_001021.xyz,40,26,44,0,0,test,train
COc1ccc2c(c1)C=c1cc3c(cc1-2)=Cc1cc(OC)ccc1-3,pb_INFL_L2,OMe_direct,C2,C2h,planar,94.63366843676675,pycofbuilder,0.2857772270639884,0.9037920349090368,2035,cof_002035,cof_symmetry_pipeline/output/pycofbuilder/xyz/mol_001022.xyz,40,24,44,0,0,train,train
CC(=O)c1ccc(-c2ccc3c(c2)C=c2cc4c(cc2-3)=Cc2cc(-c3ccc(C(C)=O)cc3)ccc2-4)cc1,pb_INFL_L2,acetyl_ph,C2,C2,nonplanar,169.67693505285027,pycofbuilder,0.8715896072231091,1.90371484935159,2036,cof_002036,cof_symmetry_pipeline/output/pycofbuilder/xyz/mol_001026.xyz,62,38,68,0,0,train,train
O=CC#Cc1ccc2c(c1)C=c1cc3c(cc1-2)=Cc1cc(C#CC=O)ccc1-3,pb_INFL_L2,CCCHO_direct,C2,C2,planar,88.34035769345492,pycofbuilder,0.0479410218408059,0.1685582413021391,2037,cof_002037,cof_symmetry_pipeline/output/pycofbuilder/xyz/mol_001028.xyz,40,28,44,0,0,train,train
NC#Cc1ccc2c(c1)C=c1cc3c(cc1-2)=Cc1cc(C#CN)ccc1-3,pb_INFL_L2,CCNH2_direct,C2,C2h,planar,75.50439577848041,pycofbuilder,0.2605074062307679,0.8246688185184623,2038,cof_002038,cof_symmetry_pipeline/output/pycofbuilder/xyz/mol_001029.xyz,40,26,44,0,0,train,train
N#CC#Cc1ccc2c(c1)C=c1cc3c(cc1-2)=Cc1cc(C#CC#N)ccc1-3,pb_INFL_L2,CCCN_direct,C2,C2h,planar,88.73268381984194,pycofbuilder,1.1872711730581503e-05,3.2926682147937925e-05,2039,cof_002039,cof_symmetry_pipeline/output/pycofbuilder/xyz/mol_001030.xyz,38,28,42,0,0,train,train
O=C(O)C#Cc1ccc2c(c1)C=c1cc3c(cc1-2)=Cc1cc(C#CC(=O)O)ccc1-3,pb_INFL_L2,CCCOOH_direct,C2,C2h,planar,24.529392481905724,pycofbuilder,0.0146166541963663,0.0556021580177008,2040,cof_002040,cof_symmetry_pipeline/output/pycofbuilder/xyz/mol_001031.xyz,42,30,46,0,0,train,train
O=[N+]([O-])C#Cc1ccc2c(c1)C=c1cc3c(cc1-2)=Cc1cc(C#C[N+](=O)[O-])ccc1-3,pb_INFL_L2,CCNO2_direct,C2,C2h,planar,93.4342865889021,pycofbuilder,2.8265145783658465e-05,0.0001039229905379,2041,cof_002041,cof_symmetry_pipeline/output/pycofbuilder/xyz/mol_001032.xyz,40,30,44,0,0,train,train
OC#Cc1ccc2c(c1)C=c1cc3c(cc1-2)=Cc1cc(C#CO)ccc1-3,pb_INFL_L2,CCOH_direct,C2,C2,planar,80.48949991791503,pycofbuilder,0.2053516165198647,0.8711671608355234,2042,cof_002042,cof_symmetry_pipeline/output/pycofbuilder/xyz/mol_001033.xyz,38,26,42,0,0,test,train
O=C=NC#Cc1ccc2c(c1)C=c1cc3c(cc1-2)=Cc1cc(C#CN=C=O)ccc1-3,pb_INFL_L2,CCNCO_direct,C2,C2h,planar,76.5731324464935,pycofbuilder,0.0518665307538472,0.2132303917571474,2043,cof_002043,cof_symmetry_pipeline/output/pycofbuilder/xyz/mol_001035.xyz,40,30,44,0,0,train,train
O=COc1ccc2c(c1)C=c1cc3c(cc1-2)=Cc1cc(OC=O)ccc1-3,pb_INFL_L2,OCHO_direct,C2,C2,nonplanar,103.58315584928326,pycofbuilder,0.5586326800590097,1.941468904479381,2044,cof_002044,cof_symmetry_pipeline/output/pycofbuilder/xyz/mol_001038.xyz,38,26,42,0,0,train,train
N#COc1ccc2c(c1)C=c1cc3c(cc1-2)=Cc1cc(OC#N)ccc1-3,pb_INFL_L2,OCN_direct,C2,C2h,planar,98.89009856104524,pycofbuilder,0.0034969296561559,0.0125864588051149,2045,cof_002045,cof_symmetry_pipeline/output/pycofbuilder/xyz/mol_001039.xyz,36,26,40,0,0,train,train
CC(=O)Oc1ccc2c(c1)C=c1cc3c(cc1-2)=Cc1cc(OC(C)=O)ccc1-3,pb_INFL_L2,Oacetyl_direct,C2,C2,nonplanar,102.52499460824284,pycofbuilder,0.5972011426162993,1.7910853808482956,2046,cof_002046,cof_symmetry_pipeline/output/pycofbuilder/xyz/mol_001040.xyz,44,28,48,0,0,train,train
CC(=O)Nc1ccc2c(c1)C=c1cc3c(cc1-2)=Cc1cc(NC(C)=O)ccc1-3,pb_INFL_L2,NHacetyl_direct,C2,C2,planar,52.76410522893961,pycofbuilder,0.2643515391403305,1.027459846049409,2047,cof_002047,cof_symmetry_pipeline/output/pycofbuilder/xyz/mol_001042.xyz,46,28,50,0,0,test,train
CS(=O)(=O)Nc1ccc2c(c1)C=c1cc3c(cc1-2)=Cc1cc(NS(C)(=O)=O)ccc1-3,pb_INFL_L2,NHSO2_direct,C2,C2,nonplanar,-21.714142664648463,pycofbuilder,1.1179699814408703,2.9349669273240746,2048,cof_002048,cof_symmetry_pipeline/output/pycofbuilder/xyz/mol_001044.xyz,48,30,52,0,0,train,train
[N-]=[N+]=Nc1ccc(-c2ccc3c(c2)C=c2cc4c(cc2-3)=Cc2cc(-c3ccc(N=[N+]=[N-])cc3)ccc2-4)cc1,pb_INFL_L2,N3_ph,C2,C2,nonplanar,116.8308761664165,pycofbuilder,0.808097310752197,1.8531691112712487,2049,cof_002049,cof_symmetry_pipeline/output/pycofbuilder/xyz/mol_001046.xyz,56,38,62,0,0,train,train
Brc1ccc2c(c1)C=c1cc3c(cc1-2)=Cc1cc(Br)ccc1-3,pb_INFL_L2,Br_direct,C2,C2h,planar,82.86404058704585,pycofbuilder,2.105204061222629e-06,5.11968426941678e-06,2050,cof_002050,cof_symmetry_pipeline/output/pycofbuilder/xyz/mol_001047.xyz,32,22,36,0,0,train,train
Ic1ccc2c(c1)C=c1cc3c(cc1-2)=Cc1cc(I)ccc1-3,pb_INFL_L2,I_direct,C2,C2h,planar,85.02112732730086,pycofbuilder,2.342596309074653e-06,4.649312779103632e-06,2051,cof_002051,cof_symmetry_pipeline/output/pycofbuilder/xyz/mol_001048.xyz,32,22,36,0,0,train,train
O=P(Cl)(Cl)c1ccc2c(c1)C=c1cc3c(cc1-2)=Cc1cc(P(=O)(Cl)Cl)ccc1-3,pb_INFL_L2,POCl2_direct,C2,C2h,nonplanar,149.9685313372999,pycofbuilder,0.5114543390370573,1.576449349102964,2052,cof_002052,cof_symmetry_pipeline/output/pycofbuilder/xyz/mol_001053.xyz,38,28,42,0,0,train,train
NNC(=O)c1ccc2c(c1)C=c1cc3c(cc1-2)=Cc1cc(C(=O)NN)ccc1-3,pb_INFL_L2,PB_CONHNH2,C2,C2,planar,197.2827184600937,pycofbuilder,0.3581522760941119,1.0380276243223556,2053,cof_002053,cof_symmetry_pipeline/output/pycofbuilder/xyz/mol_001061.xyz,44,28,48,0,0,train,train
[O]C(=O)c1ccc2c(c1)C=c1cc3c(cc1-2)=Cc1cc(C([O])=O)ccc1-3,pb_INFL_L2,PB_COOH,C2,C2h,planar,143.8655742188442,pycofbuilder,1.8405730250647308e-06,4.649932574540827e-06,2054,cof_002054,cof_symmetry_pipeline/output/pycofbuilder/xyz/mol_001062.xyz,36,26,40,0,2,train,train
ONc1ccc2c(c1)C=c1cc3c(cc1-2)=Cc1cc(NO)ccc1-3,pb_INFL_L2,PB_NHOH,C2,C2,planar,113.2279223970666,pycofbuilder,0.2016523608529683,0.7112194334598343,2055,cof_002055,cof_symmetry_pipeline/output/pycofbuilder/xyz/mol_001063.xyz,38,24,42,0,0,train,train
C#Cc1ccc(-c2ccc(C3CCCC4C(c5ccc(-c6ccc(C#C)cc6)cc5)CCCC34)cc2)cc1,pb_NAP2_L2,CCH_phph,C2,C2,nonplanar,128.4415106079788,pycofbuilder,1.3121435997969615,2.7773302378175395,2056,cof_002056,cof_symmetry_pipeline/output/pycofbuilder/xyz/mol_001073.xyz,72,38,77,0,0,train,val
O=[N+]([O-])C1CCCC2C1CCCC2[N+](=O)[O-],pb_NAP2_L2,NO2_direct,C2,C2,nonplanar,54.01609855547101,pycofbuilder,1.1908061112410362,2.0915497930287903,2057,cof_002057,cof_symmetry_pipeline/output/pycofbuilder/xyz/mol_001078.xyz,32,16,33,0,0,train,val
O=[N+]([O-])c1ccc(C2CCCC3C(c4ccc([N+](=O)[O-])cc4)CCCC23)cc1,pb_NAP2_L2,NO2_ph,C2,C2,nonplanar,150.81878876345849,pycofbuilder,1.5107193371897791,3.4082914845438386,2058,cof_002058,cof_symmetry_pipeline/output/pycofbuilder/xyz/mol_001079.xyz,52,28,55,0,0,train,val
CC1CCCC2C(C)CCCC12,pb_NAP2_L2,methyl_direct,C2,C2,nonplanar,27.78551745391082,pycofbuilder,0.887258254220434,1.699295320382587,2059,cof_002059,cof_symmetry_pipeline/output/pycofbuilder/xyz/mol_001086.xyz,34,12,35,0,0,train,val
O=P(O)(O)C1CCCC2C1CCCC2P(=O)(O)O,pb_NAP2_L2,PO3H2_direct,C2,C2,nonplanar,-233.18817559906915,pycofbuilder,1.3765235231757644,2.609108628253918,2060,cof_002060,cof_symmetry_pipeline/output/pycofbuilder/xyz/mol_001091.xyz,38,18,39,0,0,train,val
FC(F)(F)C1CCCC2C1CCCC2C(F)(F)F,pb_NAP2_L2,CF3_direct,C2,C2,nonplanar,42.401610103290125,pycofbuilder,0.949772771503692,1.8712703400120736,2061,cof_002061,cof_symmetry_pipeline/output/pycofbuilder/xyz/mol_001092.xyz,34,18,35,0,0,train,val
N#CC#CC1CCCC2C(C#CC#N)CCCC12,pb_NAP2_L2,CCCN_direct,C2,C2,nonplanar,42.11336080402014,pycofbuilder,0.8185887192768332,1.6730154006042397,2062,cof_002062,cof_symmetry_pipeline/output/pycofbuilder/xyz/mol_001106.xyz,34,18,35,0,0,train,val
CC(=O)NC1CCCC2C(NC(C)=O)CCCC12,pb_NAP2_L2,NHacetyl_direct,C2,C2,nonplanar,-19.48997125924761,pycofbuilder,1.496881813392324,3.032567864433092,2063,cof_002063,cof_symmetry_pipeline/output/pycofbuilder/xyz/mol_001118.xyz,42,18,43,0,0,val,val
BrC1CCCC2C(Br)CCCC12,pb_NAP2_L2,Br_direct,C2,C2,nonplanar,32.83523592506969,pycofbuilder,0.96312243414919,2.312656929307437,2064,cof_002064,cof_symmetry_pipeline/output/pycofbuilder/xyz/mol_001123.xyz,28,12,29,0,0,train,val
O=S(=O)(Cl)C1CCCC2C1CCCC2S(=O)(=O)Cl,pb_NAP2_L2,SO2Cl_direct,C2,C2,nonplanar,37.41888120699929,pycofbuilder,1.1437669722678323,1.943035919086942,2065,cof_002065,cof_symmetry_pipeline/output/pycofbuilder/xyz/mol_001128.xyz,34,18,35,0,0,train,val
N#CCC1CCCC2C(CC#N)CCCC12,pb_NAP2_L2,PB_CHCN,C2,C2,nonplanar,44.80985005306405,pycofbuilder,1.1446393848547518,1.9734912804321711,2066,cof_002066,cof_symmetry_pipeline/output/pycofbuilder/xyz/mol_001134.xyz,36,16,37,0,0,val,val
[O]C(=O)C1CCCC2C(C([O])=O)CCCC12,pb_NAP2_L2,PB_COOH,C2,C2,nonplanar,74.18547772146573,pycofbuilder,1.0047454374232705,1.7228683665417424,2067,cof_002067,cof_symmetry_pipeline/output/pycofbuilder/xyz/mol_001138.xyz,32,16,33,0,2,train,val
O=Cc1ccc2cc(C=O)ccc2c1,pb_NAPT_L2,CHO_direct,C2,C2h,planar,53.56153521524875,pycofbuilder,4.997921668037543e-06,1.1356958715728891e-05,2068,cof_002068,cof_symmetry_pipeline/output/pycofbuilder/xyz/mol_001140.xyz,22,14,23,0,0,train,train
Nc1ccc2cc(N)ccc2c1,pb_NAPT_L2,NH2_direct,C2,C2,planar,11.3390417996651,pycofbuilder,0.1233362257245881,0.2610812702147287,2069,cof_002069,cof_symmetry_pipeline/output/pycofbuilder/xyz/mol_001143.xyz,22,12,23,0,0,train,train
Nc1ccc(-c2ccc3cc(-c4ccc(N)cc4)ccc3c2)cc1,pb_NAPT_L2,NH2_ph,C2,C2,nonplanar,52.89035483206962,pycofbuilder,0.9068639013001412,1.7942282590000296,2070,cof_002070,cof_symmetry_pipeline/output/pycofbuilder/xyz/mol_001144.xyz,42,24,45,0,0,val,train
OB(O)c1ccc2cc(B(O)O)ccc2c1,pb_NAPT_L2,BOH2_direct,C2,C2,planar,23.474925695121872,pycofbuilder,0.3431105133145696,0.8051173299355344,2071,cof_002071,cof_symmetry_pipeline/output/pycofbuilder/xyz/mol_001146.xyz,26,16,27,0,0,train,train
C#Cc1ccc(-c2ccc3cc(-c4ccc(C#C)cc4)ccc3c2)cc1,pb_NAPT_L2,CCH_ph,C2,C2,nonplanar,72.0600804713105,pycofbuilder,0.8833041007710497,1.7717761475838798,2072,cof_002072,cof_symmetry_pipeline/output/pycofbuilder/xyz/mol_001148.xyz,42,26,45,0,0,train,train
C#Cc1ccc(-c2ccc(-c3ccc4cc(-c5ccc(-c6ccc(C#C)cc6)cc5)ccc4c3)cc2)cc1,pb_NAPT_L2,CCH_phph,C2,C2,nonplanar,117.18003940037168,pycofbuilder,0.724417082797325,1.7692033890985883,2073,cof_002073,cof_symmetry_pipeline/output/pycofbuilder/xyz/mol_001149.xyz,62,38,67,0,0,train,train
N#Cc1ccc2cc(C#N)ccc2c1,pb_NAPT_L2,CN_direct,C2,C2h,planar,50.74707157536977,pycofbuilder,3.615502244886636e-06,9.68564627878976e-06,2074,cof_002074,cof_symmetry_pipeline/output/pycofbuilder/xyz/mol_001150.xyz,20,14,21,0,0,train,train
N#Cc1ccc(-c2ccc3cc(-c4ccc(C#N)cc4)ccc3c2)cc1,pb_NAPT_L2,CN_ph,C2,C2,nonplanar,99.7105676288464,pycofbuilder,0.9069517177058272,1.7736073245560415,2075,cof_002075,cof_symmetry_pipeline/output/pycofbuilder/xyz/mol_001151.xyz,40,26,43,0,0,val,train
O=C(O)c1ccc2cc(C(=O)O)ccc2c1,pb_NAPT_L2,COOH_direct,C2,C2h,planar,12.261389216852155,pycofbuilder,2.512973212163617e-06,6.090009088688397e-06,2076,cof_002076,cof_symmetry_pipeline/output/pycofbuilder/xyz/mol_001152.xyz,24,16,25,0,0,train,train
O=[N+]([O-])c1ccc2cc([N+](=O)[O-])ccc2c1,pb_NAPT_L2,NO2_direct,C2,C2h,planar,87.06326653908697,pycofbuilder,6.388049850480224e-06,1.6754722706346925e-05,2077,cof_002077,cof_symmetry_pipeline/output/pycofbuilder/xyz/mol_001154.xyz,22,16,23,0,0,train,train
O=[N+]([O-])c1ccc(-c2ccc3cc(-c4ccc([N+](=O)[O-])cc4)ccc3c2)cc1,pb_NAPT_L2,NO2_ph,C2,D2,nonplanar,139.6858069084901,pycofbuilder,0.9286725732064096,1.77839321924509,2078,cof_002078,cof_symmetry_pipeline/output/pycofbuilder/xyz/mol_001155.xyz,42,28,45,0,0,train,train
Oc1ccc2cc(O)ccc2c1,pb_NAPT_L2,OH_direct,C2,C2h,planar,7.25541826166908,pycofbuilder,6.126606103257785e-07,1.3946793635533083e-06,2079,cof_002079,cof_symmetry_pipeline/output/pycofbuilder/xyz/mol_001156.xyz,20,12,21,0,0,train,train
Oc1ccc(-c2ccc3cc(-c4ccc(O)cc4)ccc3c2)cc1,pb_NAPT_L2,OH_ph,C2,C2,nonplanar,50.963016007712966,pycofbuilder,0.919288472404106,1.808866298268705,2080,cof_002080,cof_symmetry_pipeline/output/pycofbuilder/xyz/mol_001157.xyz,40,24,43,0,0,train,train
[N-]=[N+]=Nc1ccc2cc(N=[N+]=[N-])ccc2c1,pb_NAPT_L2,N3_direct,C2,C2,nonplanar,12.23259580553167,pycofbuilder,0.6830119773057267,1.89238217916173,2081,cof_002081,cof_symmetry_pipeline/output/pycofbuilder/xyz/mol_001159.xyz,22,16,23,0,0,train,train
C=Cc1ccc2cc(C=C)ccc2c1,pb_NAPT_L2,vinyl_direct,C2,C2h,planar,40.3948925313539,pycofbuilder,4.1004376667302975e-05,0.0001158327918115,2082,cof_002082,cof_symmetry_pipeline/output/pycofbuilder/xyz/mol_001160.xyz,26,14,27,0,0,val,train
C#Cc1ccc2cc(C#C)ccc2c1,pb_NAPT_L2,ethynyl_direct,C2,C2h,planar,25.78802399423291,pycofbuilder,3.467400218149577e-06,8.8351051781288e-06,2083,cof_002083,cof_symmetry_pipeline/output/pycofbuilder/xyz/mol_001161.xyz,22,14,23,0,0,val,train
Cc1ccc2cc(C)ccc2c1,pb_NAPT_L2,methyl_direct,C2,C2,planar,35.30352015602404,pycofbuilder,0.3647866050809325,1.0476157420028067,2084,cof_002084,cof_symmetry_pipeline/output/pycofbuilder/xyz/mol_001162.xyz,24,12,25,0,0,train,train
O=C=Nc1ccc2cc(N=C=O)ccc2c1,pb_NAPT_L2,NCO_direct,C2,C2,nonplanar,14.012925541265044,pycofbuilder,0.6635851417481936,1.859599927153443,2085,cof_002085,cof_symmetry_pipeline/output/pycofbuilder/xyz/mol_001164.xyz,22,16,23,0,0,train,train
S=C=Nc1ccc2cc(N=C=S)ccc2c1,pb_NAPT_L2,NCS_direct,C2,C2,nonplanar,17.475737563612185,pycofbuilder,0.8140998112376461,2.381453962073852,2086,cof_002086,cof_symmetry_pipeline/output/pycofbuilder/xyz/mol_001165.xyz,22,16,23,0,0,train,train
FC(F)(F)c1ccc2cc(C(F)(F)F)ccc2c1,pb_NAPT_L2,CF3_direct,C2,C2,planar,78.48095924274604,pycofbuilder,0.4440017650355452,1.2728619392526372,2087,cof_002087,cof_symmetry_pipeline/output/pycofbuilder/xyz/mol_001168.xyz,24,18,25,0,0,train,train
Clc1ccc2cc(Cl)ccc2c1,pb_NAPT_L2,Cl_direct,C2,C2h,planar,22.121489694352952,pycofbuilder,4.101974972412836e-06,7.770612554969247e-06,2088,cof_002088,cof_symmetry_pipeline/output/pycofbuilder/xyz/mol_001170.xyz,18,12,19,0,0,test,train
Clc1ccc(-c2ccc3cc(-c4ccc(Cl)cc4)ccc3c2)cc1,pb_NAPT_L2,Cl_ph,C2,C2,nonplanar,70.00448442323595,pycofbuilder,0.9294171311383466,1.7736219015485797,2089,cof_002089,cof_symmetry_pipeline/output/pycofbuilder/xyz/mol_001171.xyz,38,24,41,0,0,train,train
COc1ccc(-c2ccc3cc(-c4ccc(OC)cc4)ccc3c2)cc1,pb_NAPT_L2,OMe_ph,C2,C2,nonplanar,80.4487072995214,pycofbuilder,0.955229396043446,1.9487430389689304,2090,cof_002090,cof_symmetry_pipeline/output/pycofbuilder/xyz/mol_001175.xyz,46,26,49,0,0,val,train
O=C(Cl)c1ccc2cc(C(=O)Cl)ccc2c1,pb_NAPT_L2,COCl_direct,C2,C2h,planar,73.55317310363084,pycofbuilder,5.06466524504053e-06,1.0651899846558788e-05,2091,cof_002091,cof_symmetry_pipeline/output/pycofbuilder/xyz/mol_001176.xyz,22,16,23,0,0,train,train
CC(=O)c1ccc2cc(C(C)=O)ccc2c1,pb_NAPT_L2,acetyl_direct,C2,C2h,planar,61.16882998497751,pycofbuilder,0.3404468994693289,0.9007738346383368,2092,cof_002092,cof_symmetry_pipeline/output/pycofbuilder/xyz/mol_001177.xyz,28,16,29,0,0,test,train
NS(=O)(=O)c1ccc2cc(S(N)(=O)=O)ccc2c1,pb_NAPT_L2,SO2NH2_direct,C2,C2,nonplanar,-121.57400542851124,pycofbuilder,0.8610215386320971,1.8642714661411208,2093,cof_002093,cof_symmetry_pipeline/output/pycofbuilder/xyz/mol_001179.xyz,28,18,29,0,0,train,train
O=COc1ccc2cc(OC=O)ccc2c1,pb_NAPT_L2,OCHO_direct,C2,C2,nonplanar,45.203751334045066,pycofbuilder,0.598750817649122,1.640854537501658,2094,cof_002094,cof_symmetry_pipeline/output/pycofbuilder/xyz/mol_001190.xyz,24,16,25,0,0,train,train
N#COc1ccc2cc(OC#N)ccc2c1,pb_NAPT_L2,OCN_direct,C2,C2h,planar,40.3556290190241,pycofbuilder,0.0045212964198724,0.0147588734688035,2095,cof_002095,cof_symmetry_pipeline/output/pycofbuilder/xyz/mol_001191.xyz,22,16,23,0,0,train,train
CC(=O)Oc1ccc2cc(OC(C)=O)ccc2c1,pb_NAPT_L2,Oacetyl_direct,C2,C2,nonplanar,44.21862302059409,pycofbuilder,0.6221023753319918,1.5210639340939571,2096,cof_002096,cof_symmetry_pipeline/output/pycofbuilder/xyz/mol_001192.xyz,30,18,31,0,0,train,train
CC(=O)Nc1ccc2cc(NC(C)=O)ccc2c1,pb_NAPT_L2,NHacetyl_direct,C2,C2,planar,-6.021048071683866,pycofbuilder,0.3169303224891024,1.0273668717647229,2097,cof_002097,cof_symmetry_pipeline/output/pycofbuilder/xyz/mol_001194.xyz,32,18,33,0,0,val,train
N#CNc1ccc2cc(NC#N)ccc2c1,pb_NAPT_L2,NHCN_direct,C2,C2,planar,-28.0775527564101,pycofbuilder,0.443352386532699,1.280192386429408,2098,cof_002098,cof_symmetry_pipeline/output/pycofbuilder/xyz/mol_001195.xyz,24,16,25,0,0,train,train
N#CSc1ccc2cc(SC#N)ccc2c1,pb_NAPT_L2,SCN_direct,C2,C2,nonplanar,28.628038735379484,pycofbuilder,0.8982939366488465,2.407589654707883,2099,cof_002099,cof_symmetry_pipeline/output/pycofbuilder/xyz/mol_001197.xyz,22,16,23,0,0,train,train
[N-]=[N+]=Nc1ccc(-c2ccc3cc(-c4ccc(N=[N+]=[N-])cc4)ccc3c2)cc1,pb_NAPT_L2,N3_ph,C2,C2,nonplanar,57.99754670067093,pycofbuilder,0.9294890962090788,1.8649683724614632,2100,cof_002100,cof_symmetry_pipeline/output/pycofbuilder/xyz/mol_001198.xyz,42,28,45,0,0,train,train
Brc1ccc2cc(Br)ccc2c1,pb_NAPT_L2,Br_direct,C2,C2h,planar,24.554053697230923,pycofbuilder,5.774691264216222e-06,1.1731660614078264e-05,2101,cof_002101,cof_symmetry_pipeline/output/pycofbuilder/xyz/mol_001199.xyz,18,12,19,0,0,train,train
Ic1ccc2cc(I)ccc2c1,pb_NAPT_L2,I_direct,C2,C2h,planar,26.609331371683503,pycofbuilder,2.617573712158081e-06,6.263477207002488e-06,2102,cof_002102,cof_symmetry_pipeline/output/pycofbuilder/xyz/mol_001200.xyz,18,12,19,0,0,test,train
O=C(O)c1ccc(-c2ccc(-c3ccc4cc(-c5ccc(-c6ccc(C(=O)O)cc6)cc5)ccc4c3)cc2)cc1,pb_NAPT_L2,COOH_phph,C2,D2,nonplanar,108.14299933526932,pycofbuilder,1.0637680849655815,2.781513968031766,2103,cof_002103,cof_symmetry_pipeline/output/pycofbuilder/xyz/mol_001206.xyz,64,40,69,0,0,train,train
Oc1ccc(-c2ccc(-c3ccc4cc(-c5ccc(-c6ccc(O)cc6)cc5)ccc4c3)cc2)cc1,pb_NAPT_L2,OH_phph,C2,D2,nonplanar,96.0088719458442,pycofbuilder,1.097573895989378,2.772160633781359,2104,cof_002104,cof_symmetry_pipeline/output/pycofbuilder/xyz/mol_001209.xyz,60,36,65,0,0,train,train
N#CCc1ccc2cc(CC#N)ccc2c1,pb_NAPT_L2,PB_CHCN,C2,C2,nonplanar,64.40696521508532,pycofbuilder,0.7741326256310704,2.2190510390032347,2105,cof_002105,cof_symmetry_pipeline/output/pycofbuilder/xyz/mol_001210.xyz,26,16,27,0,0,train,train
NNC(=O)c1ccc2cc(C(=O)NN)ccc2c1,pb_NAPT_L2,PB_CONHNH2,C2,C2,planar,139.7042742529968,pycofbuilder,0.4263789927953039,0.9929973686274536,2106,cof_002106,cof_symmetry_pipeline/output/pycofbuilder/xyz/mol_001213.xyz,30,18,31,0,0,train,train
[O]C(=O)c1ccc2cc(C([O])=O)ccc2c1,pb_NAPT_L2,PB_COOH,C2,C2h,planar,99.23888825858285,pycofbuilder,7.414483787150237e-06,1.769968728560986e-05,2107,cof_002107,cof_symmetry_pipeline/output/pycofbuilder/xyz/mol_001214.xyz,22,16,23,0,2,train,train
O=Cc1cc2ccc3c(ccc4cc(C=O)sc43)c2s1,pb_NDTP_L2,CHO_direct,C2,C2h,planar,67.27756885685963,pycofbuilder,6.685871081588926e-06,2.206599276943777e-05,2108,cof_002108,cof_symmetry_pipeline/output/pycofbuilder/xyz/mol_001216.xyz,28,20,31,0,0,train,train
O=Cc1ccc(-c2cc3ccc4c(ccc5cc(-c6ccc(C=O)cc6)sc54)c3s2)cc1,pb_NDTP_L2,CHO_ph,C2,C2h,planar,122.78489984392816,pycofbuilder,0.0001018262308439,0.0002148943843375,2109,cof_002109,cof_symmetry_pipeline/output/pycofbuilder/xyz/mol_001217.xyz,48,32,53,0,0,val,train
Nc1cc2ccc3c(ccc4cc(N)sc43)c2s1,pb_NDTP_L2,NH2_direct,C2,C2,planar,21.133530410925147,pycofbuilder,0.0953161990623509,0.2576089400124224,2110,cof_002110,cof_symmetry_pipeline/output/pycofbuilder/xyz/mol_001219.xyz,28,18,31,0,0,train,train
Nc1ccc(-c2ccc(-c3cc4ccc5c(ccc6cc(-c7ccc(-c8ccc(N)cc8)cc7)sc65)c4s3)cc2)cc1,pb_NDTP_L2,NH2_phph,C2,C2,nonplanar,115.60569967205218,pycofbuilder,0.6264093109916177,1.5899059050265745,2111,cof_002111,cof_symmetry_pipeline/output/pycofbuilder/xyz/mol_001221.xyz,68,42,75,0,0,train,train
OB(O)c1cc2ccc3c(ccc4cc(B(O)O)sc43)c2s1,pb_NDTP_L2,BOH2_direct,C2,C2,planar,93.48956090453662,pycofbuilder,0.3149193607761153,0.8346924358727874,2112,cof_002112,cof_symmetry_pipeline/output/pycofbuilder/xyz/mol_001222.xyz,32,22,35,0,0,train,train
C#Cc1ccc(-c2cc3ccc4c(ccc5cc(-c6ccc(C#C)cc6)sc54)c3s2)cc1,pb_NDTP_L2,CCH_ph,C2,C2h,planar,91.96879009436492,pycofbuilder,0.0010504804892258,0.0025285904039984,2113,cof_002113,cof_symmetry_pipeline/output/pycofbuilder/xyz/mol_001224.xyz,48,32,53,0,0,train,train
C#Cc1ccc(-c2ccc(-c3cc4ccc5c(ccc6cc(-c7ccc(-c8ccc(C#C)cc8)cc7)sc65)c4s3)cc2)cc1,pb_NDTP_L2,CCH_phph,C2,C2,nonplanar,134.78107795294943,pycofbuilder,0.6229448484134423,1.5863481119986145,2114,cof_002114,cof_symmetry_pipeline/output/pycofbuilder/xyz/mol_001225.xyz,68,44,75,0,0,train,train
N#Cc1cc2ccc3c(ccc4cc(C#N)sc43)c2s1,pb_NDTP_L2,CN_direct,C2,C2h,planar,59.84585056166485,pycofbuilder,4.561910557366335e-06,1.0760435296908176e-05,2115,cof_002115,cof_symmetry_pipeline/output/pycofbuilder/xyz/mol_001226.xyz,26,20,29,0,0,train,train
N#Cc1ccc(-c2cc3ccc4c(ccc5cc(-c6ccc(C#N)cc6)sc54)c3s2)cc1,pb_NDTP_L2,CN_ph,C2,C2h,planar,120.1590137933766,pycofbuilder,7.932553092108771e-05,0.0002269338146421,2116,cof_002116,cof_symmetry_pipeline/output/pycofbuilder/xyz/mol_001227.xyz,46,32,51,0,0,train,train
O=[N+]([O-])c1cc2ccc3c(ccc4cc([N+](=O)[O-])sc43)c2s1,pb_NDTP_L2,NO2_direct,C2,C2h,planar,84.70755060875926,pycofbuilder,6.549452492370988e-06,1.5530678573294487e-05,2117,cof_002117,cof_symmetry_pipeline/output/pycofbuilder/xyz/mol_001230.xyz,28,22,31,0,0,train,train
O=[N+]([O-])c1ccc(-c2cc3ccc4c(ccc5cc(-c6ccc([N+](=O)[O-])cc6)sc54)c3s2)cc1,pb_NDTP_L2,NO2_ph,C2,C2h,planar,160.26874709998603,pycofbuilder,6.225611354742969e-05,0.0001200115089727,2118,cof_002118,cof_symmetry_pipeline/output/pycofbuilder/xyz/mol_001231.xyz,48,34,53,0,0,train,train
Oc1ccc(-c2cc3ccc4c(ccc5cc(-c6ccc(O)cc6)sc54)c3s2)cc1,pb_NDTP_L2,OH_ph,C2,C2,nonplanar,68.5374027031203,pycofbuilder,0.7745109682746669,1.6378963559982735,2119,cof_002119,cof_symmetry_pipeline/output/pycofbuilder/xyz/mol_001233.xyz,46,30,51,0,0,train,train
[N-]=[N+]=Nc1cc2ccc3c(ccc4cc(N=[N+]=[N-])sc43)c2s1,pb_NDTP_L2,N3_direct,C2,C2,planar,36.4678774232615,pycofbuilder,0.363545892146889,1.148439674633257,2120,cof_002120,cof_symmetry_pipeline/output/pycofbuilder/xyz/mol_001235.xyz,28,22,31,0,0,train,train
C=Cc1cc2ccc3c(ccc4cc(C=C)sc43)c2s1,pb_NDTP_L2,vinyl_direct,C2,C2h,planar,61.66655227917653,pycofbuilder,2.7914414139344635e-06,6.267598540388164e-06,2121,cof_002121,cof_symmetry_pipeline/output/pycofbuilder/xyz/mol_001236.xyz,32,20,35,0,0,train,train
C#Cc1cc2ccc3c(ccc4cc(C#C)sc43)c2s1,pb_NDTP_L2,ethynyl_direct,C2,C2h,planar,43.87310503477157,pycofbuilder,2.167383717873702e-05,5.91138830867699e-05,2122,cof_002122,cof_symmetry_pipeline/output/pycofbuilder/xyz/mol_001237.xyz,28,20,31,0,0,train,train
Cc1cc2ccc3c(ccc4cc(C)sc43)c2s1,pb_NDTP_L2,methyl_direct,C2,C2h,planar,51.76367456262962,pycofbuilder,0.3247891866800145,0.889524608992821,2123,cof_002123,cof_symmetry_pipeline/output/pycofbuilder/xyz/mol_001238.xyz,30,18,33,0,0,train,train
O=C=Nc1cc2ccc3c(ccc4cc(N=C=O)sc43)c2s1,pb_NDTP_L2,NCO_direct,C2,C2,planar,36.93648325384945,pycofbuilder,0.3642326215384179,1.162348443249523,2124,cof_002124,cof_symmetry_pipeline/output/pycofbuilder/xyz/mol_001240.xyz,28,22,31,0,0,train,train
S=C=Nc1cc2ccc3c(ccc4cc(N=C=S)sc43)c2s1,pb_NDTP_L2,NCS_direct,C2,C2,nonplanar,41.04272992804187,pycofbuilder,0.6880776765990654,2.293424483394958,2125,cof_002125,cof_symmetry_pipeline/output/pycofbuilder/xyz/mol_001241.xyz,28,22,31,0,0,train,train
O=S(=O)(O)c1cc2ccc3c(ccc4cc(S(=O)(=O)O)sc43)c2s1,pb_NDTP_L2,SO3H_direct,C2,C2,nonplanar,-25.04925999234221,pycofbuilder,0.6469979689067994,1.8136091483751735,2126,cof_002126,cof_symmetry_pipeline/output/pycofbuilder/xyz/mol_001242.xyz,32,24,35,0,0,train,train
FC(F)(F)c1cc2ccc3c(ccc4cc(C(F)(F)F)sc43)c2s1,pb_NDTP_L2,CF3_direct,C2,C2h,planar,80.74211267817074,pycofbuilder,0.3987469644544547,1.0920304526200737,2127,cof_002127,cof_symmetry_pipeline/output/pycofbuilder/xyz/mol_001244.xyz,30,24,33,0,0,test,train
Clc1cc2ccc3c(ccc4cc(Cl)sc43)c2s1,pb_NDTP_L2,Cl_direct,C2,C2h,planar,38.94765709020845,pycofbuilder,2.377387858553334e-06,4.518636602224291e-06,2128,cof_002128,cof_symmetry_pipeline/output/pycofbuilder/xyz/mol_001246.xyz,24,18,27,0,0,train,train
Clc1ccc(-c2cc3ccc4c(ccc5cc(-c6ccc(Cl)cc6)sc54)c3s2)cc1,pb_NDTP_L2,Cl_ph,C2,C2h,planar,89.99112850396223,pycofbuilder,2.1628630070784084e-05,4.494076977357153e-05,2129,cof_002129,cof_symmetry_pipeline/output/pycofbuilder/xyz/mol_001247.xyz,44,30,49,0,0,test,train
COC(=O)c1cc2ccc3c(ccc4cc(C(=O)OC)sc43)c2s1,pb_NDTP_L2,COOMe_direct,C2,C2h,planar,52.448577145884215,pycofbuilder,0.3003432975464946,0.9010328208607236,2130,cof_002130,cof_symmetry_pipeline/output/pycofbuilder/xyz/mol_001248.xyz,36,24,39,0,0,train,train
NC(=O)c1cc2ccc3c(ccc4cc(C(N)=O)sc43)c2s1,pb_NDTP_L2,CONH2_direct,C2,C2h,planar,-10.71355755492479,pycofbuilder,1.3707305044070588e-06,3.828666500949041e-06,2131,cof_002131,cof_symmetry_pipeline/output/pycofbuilder/xyz/mol_001249.xyz,32,22,35,0,0,train,train
CC(=O)c1cc2ccc3c(ccc4cc(C(C)=O)sc43)c2s1,pb_NDTP_L2,acetyl_direct,C2,C2h,planar,75.08473840392236,pycofbuilder,0.30802985299866,0.8980870794251479,2132,cof_002132,cof_symmetry_pipeline/output/pycofbuilder/xyz/mol_001253.xyz,34,22,37,0,0,test,train
O=CC#Cc1cc2ccc3c(ccc4cc(C#CC=O)sc43)c2s1,pb_NDTP_L2,CCCHO_direct,C2,C2h,planar,43.19398728707108,pycofbuilder,1.3716942160501892e-05,5.238751428550403e-05,2133,cof_002133,cof_symmetry_pipeline/output/pycofbuilder/xyz/mol_001256.xyz,32,24,35,0,0,train,train
NC#Cc1cc2ccc3c(ccc4cc(C#CN)sc43)c2s1,pb_NDTP_L2,CCNH2_direct,C2,C2h,planar,40.74219729788573,pycofbuilder,0.2910292650708563,0.8231669087572304,2134,cof_002134,cof_symmetry_pipeline/output/pycofbuilder/xyz/mol_001257.xyz,32,22,35,0,0,train,train
N#CC#Cc1cc2ccc3c(ccc4cc(C#CC#N)sc43)c2s1,pb_NDTP_L2,CCCN_direct,C2,C2h,planar,43.55867834821339,pycofbuilder,7.279950659509799e-06,1.7895830000114188e-05,2135,cof_002135,cof_symmetry_pipeline/output/pycofbuilder/xyz/mol_001258.xyz,30,24,33,0,0,train,train
O=C(O)C#Cc1cc2ccc3c(ccc4cc(C#CC(=O)O)sc43)c2s1,pb_NDTP_L2,CCCOOH_direct,C2,C2h,planar,-20.97838561410318,pycofbuilder,9.673381981009264e-05,0.0003172796384629,2136,cof_002136,cof_symmetry_pipeline/output/pycofbuilder/xyz/mol_001259.xyz,34,26,37,0,0,test,train
O=[N+]([O-])C#Cc1cc2ccc3c(ccc4cc(C#C[N+](=O)[O-])sc43)c2s1,pb_NDTP_L2,CCNO2_direct,C2,C2h,planar,44.06794943716673,pycofbuilder,1.0186739330946982e-05,3.60401927057552e-05,2137,cof_002137,cof_symmetry_pipeline/output/pycofbuilder/xyz/mol_001260.xyz,32,26,35,0,0,train,train
OC#Cc1cc2ccc3c(ccc4cc(C#CO)sc43)c2s1,pb_NDTP_L2,CCOH_direct,C2,C2h,planar,42.64584723881657,pycofbuilder,0.0005627675349103,0.0023665662841421,2138,cof_002138,cof_symmetry_pipeline/output/pycofbuilder/xyz/mol_001261.xyz,30,22,33,0,0,val,train
FC(F)(F)C#Cc1cc2ccc3c(ccc4cc(C#CC(F)(F)F)sc43)c2s1,pb_NDTP_L2,CCCF3_direct,C2,C2,planar,45.727511804980445,pycofbuilder,0.3751729182381995,1.167965834954085,2139,cof_002139,cof_symmetry_pipeline/output/pycofbuilder/xyz/mol_001262.xyz,34,28,37,0,0,train,train
CC(=O)C#Cc1cc2ccc3c(ccc4cc(C#CC(C)=O)sc43)c2s1,pb_NDTP_L2,CCacetyl_direct,C2,C2,planar,46.736902023303344,pycofbuilder,0.3286518791918333,1.2559821439534566,2140,cof_002140,cof_symmetry_pipeline/output/pycofbuilder/xyz/mol_001264.xyz,38,26,41,0,0,train,train
O=COc1cc2ccc3c(ccc4cc(OC=O)sc43)c2s1,pb_NDTP_L2,OCHO_direct,C2,C2h,planar,57.485637331321584,pycofbuilder,0.0003392542563965,0.0010936748278109,2141,cof_002141,cof_symmetry_pipeline/output/pycofbuilder/xyz/mol_001266.xyz,30,22,33,0,0,train,train
N#COc1cc2ccc3c(ccc4cc(OC#N)sc43)c2s1,pb_NDTP_L2,OCN_direct,C2,C2h,planar,54.98640010749871,pycofbuilder,0.0004312902887368,0.0013282941662766,2142,cof_002142,cof_symmetry_pipeline/output/pycofbuilder/xyz/mol_001267.xyz,28,22,31,0,0,train,train
CC(=O)Oc1cc2ccc3c(ccc4cc(OC(C)=O)sc43)c2s1,pb_NDTP_L2,Oacetyl_direct,C2,C2h,planar,56.85202101571079,pycofbuilder,0.2996709785342805,0.9050348266760826,2143,cof_002143,cof_symmetry_pipeline/output/pycofbuilder/xyz/mol_001268.xyz,36,24,39,0,0,train,train
O=CNc1cc2ccc3c(ccc4cc(NC=O)sc43)c2s1,pb_NDTP_L2,NHCHO_direct,C2,C2h,planar,19.70764341295601,pycofbuilder,5.197726463594852e-06,2.115288189052933e-05,2144,cof_002144,cof_symmetry_pipeline/output/pycofbuilder/xyz/mol_001269.xyz,32,22,35,0,0,train,train
CC(=O)Nc1cc2ccc3c(ccc4cc(NC(C)=O)sc43)c2s1,pb_NDTP_L2,NHacetyl_direct,C2,C2,planar,25.91357703480559,pycofbuilder,0.290928238404248,1.020478761131796,2145,cof_002145,cof_symmetry_pipeline/output/pycofbuilder/xyz/mol_001270.xyz,38,24,41,0,0,train,train
N#CNc1cc2ccc3c(ccc4cc(NC#N)sc43)c2s1,pb_NDTP_L2,NHCN_direct,C2,C2,planar,-17.28637320914781,pycofbuilder,0.3971381761456604,1.2982571726357262,2146,cof_002146,cof_symmetry_pipeline/output/pycofbuilder/xyz/mol_001271.xyz,30,22,33,0,0,train,train
N#CSc1cc2ccc3c(ccc4cc(SC#N)sc43)c2s1,pb_NDTP_L2,SCN_direct,C2,C2,nonplanar,44.33159388885595,pycofbuilder,0.6701754040558231,2.0513717678336727,2147,cof_002147,cof_symmetry_pipeline/output/pycofbuilder/xyz/mol_001273.xyz,28,22,31,0,0,train,train
[N-]=[N+]=Nc1ccc(-c2cc3ccc4c(ccc5cc(-c6ccc(N=[N+]=[N-])cc6)sc54)c3s2)cc1,pb_NDTP_L2,N3_ph,C2,C2,nonplanar,75.63965870062724,pycofbuilder,0.8021350248512055,1.6840098466063973,2148,cof_002148,cof_symmetry_pipeline/output/pycofbuilder/xyz/mol_001274.xyz,48,34,53,0,0,train,train
Brc1cc2ccc3c(ccc4cc(Br)sc43)c2s1,pb_NDTP_L2,Br_direct,C2,C2h,planar,40.93351041045721,pycofbuilder,5.239788302695157e-06,1.079676187641654e-05,2149,cof_002149,cof_symmetry_pipeline/output/pycofbuilder/xyz/mol_001275.xyz,24,18,27,0,0,train,train
Ic1cc2ccc3c(ccc4cc(I)sc43)c2s1,pb_NDTP_L2,I_direct,C2,C2h,planar,41.98450188544314,pycofbuilder,2.8465018205912057e-06,5.284001098893043e-06,2150,cof_002150,cof_symmetry_pipeline/output/pycofbuilder/xyz/mol_001276.xyz,24,18,27,0,0,train,train
C[Si](C)(C)c1cc2ccc3c(ccc4cc([Si](C)(C)C)sc43)c2s1,pb_NDTP_L2,SiMe3_direct,C2,C2h,nonplanar,59.43546344307359,pycofbuilder,1.0875919542563124,2.436273814476654,2151,cof_002151,cof_symmetry_pipeline/output/pycofbuilder/xyz/mol_001277.xyz,48,24,51,0,0,train,train
O=S(=O)(Cl)c1cc2ccc3c(ccc4cc(S(=O)(=O)Cl)sc43)c2s1,pb_NDTP_L2,SO2Cl_direct,C2,C2,nonplanar,87.99031802230995,pycofbuilder,0.5194530187030502,1.585693697880612,2152,cof_002152,cof_symmetry_pipeline/output/pycofbuilder/xyz/mol_001280.xyz,30,24,33,0,0,val,train
O=P(Cl)(Cl)c1cc2ccc3c(ccc4cc(P(=O)(Cl)Cl)sc43)c2s1,pb_NDTP_L2,POCl2_direct,C2,C2h,nonplanar,93.58001866220542,pycofbuilder,0.5795403997736478,1.5871602250042394,2153,cof_002153,cof_symmetry_pipeline/output/pycofbuilder/xyz/mol_001281.xyz,30,24,33,0,0,test,train
O=C(O)c1ccc(-c2ccc(-c3cc4ccc5c(ccc6cc(-c7ccc(-c8ccc(C(=O)O)cc8)cc7)sc65)c4s3)cc2)cc1,pb_NDTP_L2,COOH_phph,C2,C2,nonplanar,125.86311885460064,pycofbuilder,0.6059812391783486,1.545901768655065,2154,cof_002154,cof_symmetry_pipeline/output/pycofbuilder/xyz/mol_001282.xyz,70,46,77,0,0,train,train
N#Cc1ccc(-c2ccc(-c3cc4ccc5c(ccc6cc(-c7ccc(-c8ccc(C#N)cc8)cc7)sc65)c4s3)cc2)cc1,pb_NDTP_L2,CN_phph,C2,C2,nonplanar,162.42176088997573,pycofbuilder,0.6300692397797457,1.5758446687294732,2155,cof_002155,cof_symmetry_pipeline/output/pycofbuilder/xyz/mol_001283.xyz,66,44,73,0,0,train,train
N#CCc1cc2ccc3c(ccc4cc(CC#N)sc43)c2s1,pb_NDTP_L2,PB_CHCN,C2,C2,nonplanar,74.12635174263318,pycofbuilder,0.70070339298398,2.2524515249479515,2156,cof_002156,cof_symmetry_pipeline/output/pycofbuilder/xyz/mol_001286.xyz,32,22,35,0,0,train,train
NNCc1cc2ccc3c(ccc4cc(CNN)sc43)c2s1,pb_NDTP_L2,PB_NHNH2,C2,C2,nonplanar,157.1317864900498,pycofbuilder,0.9380004586378636,1.9834006855769528,2157,cof_002157,cof_symmetry_pipeline/output/pycofbuilder/xyz/mol_001287.xyz,38,22,41,0,0,train,train
[O]C(=O)c1cc2ccc3c(ccc4cc(C([O])=O)sc43)c2s1,pb_NDTP_L2,PB_COOH,C2,C2h,planar,103.47209652624272,pycofbuilder,5.063144957111283e-06,9.031216418264876e-06,2158,cof_002158,cof_symmetry_pipeline/output/pycofbuilder/xyz/mol_001290.xyz,28,22,31,0,2,train,train
ONc1cc2ccc3c(ccc4cc(NO)sc43)c2s1,pb_NDTP_L2,PB_NHOH,C2,C2,planar,70.34019135985683,pycofbuilder,0.1706134850327301,0.4740760204865927,2159,cof_002159,cof_symmetry_pipeline/output/pycofbuilder/xyz/mol_001291.xyz,30,20,33,0,0,train,train
O=Cc1ccc(N2[C]N(c3ccc(C=O)cc3)C=C2)cc1,pb_PHEN_L2,CHO_direct,C2,C2v,planar,136.74114183133398,pycofbuilder,0.0027973536670028,0.0059979115920052,2160,cof_002160,cof_symmetry_pipeline/output/pycofbuilder/xyz/mol_001292.xyz,33,21,35,0,2,val,train
Nc1ccc(N2[C]N(c3ccc(N)cc3)C=C2)cc1,pb_PHEN_L2,NH2_direct,C2,C2,planar,86.49215201662076,pycofbuilder,0.100839939602235,0.2367390548802286,2161,cof_002161,cof_symmetry_pipeline/output/pycofbuilder/xyz/mol_001295.xyz,33,19,35,0,2,test,train
N#Cc1ccc(N2[C]N(c3ccc(C#N)cc3)C=C2)cc1,pb_PHEN_L2,CN_direct,C2,C2v,planar,134.03646846245502,pycofbuilder,0.001285321341848,0.0025701083372466,2162,cof_002162,cof_symmetry_pipeline/output/pycofbuilder/xyz/mol_001302.xyz,31,21,33,0,2,val,train
O=C(O)c1ccc(N2[C]N(c3ccc(C(=O)O)cc3)C=C2)cc1,pb_PHEN_L2,COOH_direct,C2,C2v,planar,97.17110816631244,pycofbuilder,0.0093240862589307,0.0191643717424316,2163,cof_002163,cof_symmetry_pipeline/output/pycofbuilder/xyz/mol_001304.xyz,35,23,37,0,2,val,train
O=[N+]([O-])c1ccc(N2[C]N(c3ccc([N+](=O)[O-])cc3)C=C2)cc1,pb_PHEN_L2,NO2_direct,C2,C2v,planar,173.93167330727164,pycofbuilder,0.0113747628951779,0.0275572652343267,2164,cof_002164,cof_symmetry_pipeline/output/pycofbuilder/xyz/mol_001306.xyz,33,23,35,0,2,train,train
Oc1ccc(N2[C]N(c3ccc(O)cc3)C=C2)cc1,pb_PHEN_L2,OH_direct,C2,C2v,planar,84.66978511485583,pycofbuilder,0.0002663792428461,0.0004977975858223,2165,cof_002165,cof_symmetry_pipeline/output/pycofbuilder/xyz/mol_001308.xyz,31,19,33,0,2,train,train
C#Cc1ccc(N2[C]N(c3ccc(C#C)cc3)C=C2)cc1,pb_PHEN_L2,ethynyl_direct,C2,C2v,planar,106.02153924114111,pycofbuilder,0.0011681962415617,0.0025845213787629,2166,cof_002166,cof_symmetry_pipeline/output/pycofbuilder/xyz/mol_001313.xyz,33,21,35,0,2,train,train
Cc1ccc(N2[C]N(c3ccc(C)cc3)C=C2)cc1,pb_PHEN_L2,methyl_direct,C2,C2,planar,112.54670261378776,pycofbuilder,0.3061653739132001,1.1017931732225876,2167,cof_002167,cof_symmetry_pipeline/output/pycofbuilder/xyz/mol_001314.xyz,35,19,37,0,2,train,train
O=C=Nc1ccc(N2[C]N(c3ccc(N=C=O)cc3)C=C2)cc1,pb_PHEN_L2,NCO_direct,C2,C2,nonplanar,93.35661192613348,pycofbuilder,0.5018952616767576,1.6941153839581973,2168,cof_002168,cof_symmetry_pipeline/output/pycofbuilder/xyz/mol_001316.xyz,33,23,35,0,2,val,train
S=C=Nc1ccc(N2[C]N(c3ccc(N=C=S)cc3)C=C2)cc1,pb_PHEN_L2,NCS_direct,C2,C2,nonplanar,96.9184789159411,pycofbuilder,0.6037185314210469,2.0596449147241573,2169,cof_002169,cof_symmetry_pipeline/output/pycofbuilder/xyz/mol_001317.xyz,33,23,35,0,2,train,train
Clc1ccc(N2[C]N(c3ccc(Cl)cc3)C=C2)cc1,pb_PHEN_L2,Cl_direct,C2,C2v,planar,103.65178818181784,pycofbuilder,9.582820062026902e-05,0.0002055832553347,2170,cof_002170,cof_symmetry_pipeline/output/pycofbuilder/xyz/mol_001322.xyz,29,19,31,0,2,val,train
O=C(Cl)c1ccc(N2[C]N(c3ccc(C(=O)Cl)cc3)C=C2)cc1,pb_PHEN_L2,COCl_direct,C2,C2v,planar,158.22397439293422,pycofbuilder,0.003234424194983,0.0119178632542433,2171,cof_002171,cof_symmetry_pipeline/output/pycofbuilder/xyz/mol_001328.xyz,33,23,35,0,2,train,train
NC#Cc1ccc(N2[C]N(c3ccc(C#CN)cc3)C=C2)cc1,pb_PHEN_L2,CCNH2_direct,C2,C2v,planar,97.2595079427048,pycofbuilder,0.2675112980737171,0.8940801827127084,2172,cof_002172,cof_symmetry_pipeline/output/pycofbuilder/xyz/mol_001333.xyz,37,23,39,0,2,train,train
N#CC#Cc1ccc(N2[C]N(c3ccc(C#CC#N)cc3)C=C2)cc1,pb_PHEN_L2,CCCN_direct,C2,C2v,planar,110.2462894927278,pycofbuilder,0.0378160937722147,0.0819081192183962,2173,cof_002173,cof_symmetry_pipeline/output/pycofbuilder/xyz/mol_001334.xyz,35,25,37,0,2,val,train
O=CNc1ccc(N2[C]N(c3ccc(NC=O)cc3)C=C2)cc1,pb_PHEN_L2,NHCHO_direct,C2,C2v,planar,66.51087470295714,pycofbuilder,0.0032099668888031,0.0059144358172056,2174,cof_002174,cof_symmetry_pipeline/output/pycofbuilder/xyz/mol_001345.xyz,37,23,39,0,2,train,train
N#CNc1ccc(N2[C]N(c3ccc(NC#N)cc3)C=C2)cc1,pb_PHEN_L2,NHCN_direct,C2,C2,planar,50.066489969522856,pycofbuilder,0.3537741955781311,1.1805400091191944,2175,cof_002175,cof_symmetry_pipeline/output/pycofbuilder/xyz/mol_001347.xyz,35,23,37,0,2,train,train
Brc1ccc(N2[C]N(c3ccc(Br)cc3)C=C2)cc1,pb_PHEN_L2,Br_direct,C2,C2v,planar,105.30845181378572,pycofbuilder,0.0009179104787479,0.0018141891388467,2176,cof_002176,cof_symmetry_pipeline/output/pycofbuilder/xyz/mol_001351.xyz,29,19,31,0,2,train,train
Ic1ccc(N2[C]N(c3ccc(I)cc3)C=C2)cc1,pb_PHEN_L2,I_direct,C2,C2v,planar,106.99089106364946,pycofbuilder,2.2526697328083163e-05,6.514152547865137e-05,2177,cof_002177,cof_symmetry_pipeline/output/pycofbuilder/xyz/mol_001352.xyz,29,19,31,0,2,train,train
O=P(Cl)(Cl)c1ccc(N2[C]N(c3ccc(P(=O)(Cl)Cl)cc3)C=C2)cc1,pb_PHEN_L2,POCl2_direct,C2,C2v,nonplanar,176.31436470471783,pycofbuilder,0.5330627130738946,1.5914622079775975,2178,cof_002178,cof_symmetry_pipeline/output/pycofbuilder/xyz/mol_001357.xyz,35,25,37,0,2,train,train
[O]C(=O)c1ccc(N2[C]N(c3ccc(C([O])=O)cc3)C=C2)cc1,pb_PHEN_L2,PB_COOH,C2,C2v,planar,170.21748651714563,pycofbuilder,0.0003805651732727,0.0007906534451596,2179,cof_002179,cof_symmetry_pipeline/output/pycofbuilder/xyz/mol_001366.xyz,33,23,35,0,4,train,train
ONc1ccc(N2[C]N(c3ccc(NO)cc3)C=C2)cc1,pb_PHEN_L2,PB_NHOH,C2,C2,planar,132.1007581725626,pycofbuilder,0.2086482207035398,0.6889060740224489,2180,cof_002180,cof_symmetry_pipeline/output/pycofbuilder/xyz/mol_001367.xyz,35,21,37,0,2,train,train
O=CNc1ccc(N2[C]N(c3ccc(NC=O)cn3)C=C2)nc1,pb_PYEN_L2,NHCHO_direct,C2,C2v,planar,83.69924354382435,pycofbuilder,2.056180848082753e-05,4.71435451034341e-05,2181,cof_002181,cof_symmetry_pipeline/output/pycofbuilder/xyz/mol_001421.xyz,35,23,37,0,2,train,train
[O]C(=O)c1ccc(N2[C]N(c3ccc(C([O])=O)cn3)C=C2)nc1,pb_PYEN_L2,PB_COOH,C2,C2v,planar,122.72184981874088,pycofbuilder,0.0001210962627594,0.0002852119454064,2182,cof_002182,cof_symmetry_pipeline/output/pycofbuilder/xyz/mol_001442.xyz,31,23,33,0,4,train,train
O=Cc1cc2ccc3cc(C=O)cc4ccc(c1)c2c34,pb_PYRN_L2,CHO_direct,C2,C2h,planar,74.79814700046623,pycofbuilder,1.4244301820837954e-06,3.5718772379844665e-06,2183,cof_002183,cof_symmetry_pipeline/output/pycofbuilder/xyz/mol_001444.xyz,30,20,33,0,0,test,train
O=Cc1ccc(-c2cc3ccc4cc(-c5ccc(C=O)cc5)cc5ccc(c2)c3c45)cc1,pb_PYRN_L2,CHO_ph,C2,C2,nonplanar,128.5381044995929,pycofbuilder,0.8568166414986906,1.8005889825384074,2184,cof_002184,cof_symmetry_pipeline/output/pycofbuilder/xyz/mol_001445.xyz,50,32,55,0,0,test,train
Nc1cc2ccc3cc(N)cc4ccc(c1)c2c34,pb_PYRN_L2,NH2_direct,C2,C2h,planar,40.61364530798769,pycofbuilder,0.091110519944434,0.186061376828251,2185,cof_002185,cof_symmetry_pipeline/output/pycofbuilder/xyz/mol_001447.xyz,30,18,33,0,0,train,train
Nc1ccc(-c2cc3ccc4cc(-c5ccc(N)cc5)cc5ccc(c2)c3c45)cc1,pb_PYRN_L2,NH2_ph,C2,C2,nonplanar,78.66770180065858,pycofbuilder,0.8413682515620097,1.8287838583465796,2186,cof_002186,cof_symmetry_pipeline/output/pycofbuilder/xyz/mol_001448.xyz,50,30,55,0,0,train,train
Nc1ccc(-c2ccc(-c3cc4ccc5cc(-c6ccc(-c7ccc(N)cc7)cc6)cc6ccc(c3)c4c56)cc2)cc1,pb_PYRN_L2,NH2_phph,C2,D2,nonplanar,123.77623933100884,pycofbuilder,1.062154379368798,2.069437890323253,2187,cof_002187,cof_symmetry_pipeline/output/pycofbuilder/xyz/mol_001449.xyz,70,42,77,0,0,train,train
OB(O)c1cc2ccc3cc(B(O)O)cc4ccc(c1)c2c34,pb_PYRN_L2,BOH2_direct,C2,C2v,planar,43.2941428162833,pycofbuilder,0.3063555663542384,0.8405532217694098,2188,cof_002188,cof_symmetry_pipeline/output/pycofbuilder/xyz/mol_001450.xyz,34,22,37,0,0,train,train
C#Cc1ccc(-c2cc3ccc4cc(-c5ccc(C#C)cc5)cc5ccc(c2)c3c45)cc1,pb_PYRN_L2,CCH_ph,C2,D2,nonplanar,97.86083499147436,pycofbuilder,0.820294389650287,1.7947106168547744,2189,cof_002189,cof_symmetry_pipeline/output/pycofbuilder/xyz/mol_001452.xyz,50,32,55,0,0,train,train
C#Cc1ccc(-c2ccc(-c3cc4ccc5cc(-c6ccc(-c7ccc(C#C)cc7)cc6)cc6ccc(c3)c4c56)cc2)cc1,pb_PYRN_L2,CCH_phph,C2,C2,nonplanar,142.93084521774605,pycofbuilder,0.8806676048877049,1.9673394828248016,2190,cof_002190,cof_symmetry_pipeline/output/pycofbuilder/xyz/mol_001453.xyz,70,44,77,0,0,train,train
N#Cc1cc2ccc3cc(C#N)cc4ccc(c1)c2c34,pb_PYRN_L2,CN_direct,C2,D2h,planar,72.12551673996185,pycofbuilder,8.461601089459228e-05,0.0002320113708798,2191,cof_002191,cof_symmetry_pipeline/output/pycofbuilder/xyz/mol_001454.xyz,28,20,31,0,0,train,train
N#Cc1ccc(-c2cc3ccc4cc(-c5ccc(C#N)cc5)cc5ccc(c2)c3c45)cc1,pb_PYRN_L2,CN_ph,C2,D2,nonplanar,125.56254230868905,pycofbuilder,0.8388160082898799,1.79658889217305,2192,cof_002192,cof_symmetry_pipeline/output/pycofbuilder/xyz/mol_001455.xyz,48,32,53,0,0,train,train
O=C(O)c1cc2ccc3cc(C(=O)O)cc4ccc(c1)c2c34,pb_PYRN_L2,COOH_direct,C2,C2h,planar,32.38436576938613,pycofbuilder,2.396933699669915e-05,6.338100959782378e-05,2193,cof_002193,cof_symmetry_pipeline/output/pycofbuilder/xyz/mol_001456.xyz,32,22,35,0,0,train,train
O=C(O)c1ccc(-c2cc3ccc4cc(-c5ccc(C(=O)O)cc5)cc5ccc(c2)c3c45)cc1,pb_PYRN_L2,COOH_ph,C2,C2,nonplanar,88.95732415794932,pycofbuilder,0.8564143698517716,1.8231984364133784,2194,cof_002194,cof_symmetry_pipeline/output/pycofbuilder/xyz/mol_001457.xyz,52,34,57,0,0,train,train
O=[N+]([O-])c1cc2ccc3cc([N+](=O)[O-])cc4ccc(c1)c2c34,pb_PYRN_L2,NO2_direct,C2,D2h,planar,104.26607640012458,pycofbuilder,1.444439197990432e-05,6.310775997575568e-05,2195,cof_002195,cof_symmetry_pipeline/output/pycofbuilder/xyz/mol_001458.xyz,30,22,33,0,0,train,train
O=[N+]([O-])c1ccc(-c2cc3ccc4cc(-c5ccc([N+](=O)[O-])cc5)cc5ccc(c2)c3c45)cc1,pb_PYRN_L2,NO2_ph,C2,D2,nonplanar,165.55593705445062,pycofbuilder,0.8616586154343099,1.79927632256532,2196,cof_002196,cof_symmetry_pipeline/output/pycofbuilder/xyz/mol_001459.xyz,50,34,55,0,0,test,train
Oc1cc2ccc3cc(O)cc4ccc(c1)c2c34,pb_PYRN_L2,OH_direct,C2,C2h,planar,34.85155781868107,pycofbuilder,4.878692309298757e-06,1.4970669719449605e-05,2197,cof_002197,cof_symmetry_pipeline/output/pycofbuilder/xyz/mol_001460.xyz,28,18,31,0,0,train,train
Oc1ccc(-c2cc3ccc4cc(-c5ccc(O)cc5)cc5ccc(c2)c3c45)cc1,pb_PYRN_L2,OH_ph,C2,C2,nonplanar,76.75041274217769,pycofbuilder,0.8505672645576919,1.8267262084500608,2198,cof_002198,cof_symmetry_pipeline/output/pycofbuilder/xyz/mol_001461.xyz,48,30,53,0,0,train,train
[N-]=[N+]=Nc1cc2ccc3cc(N=[N+]=[N-])cc4ccc(c1)c2c34,pb_PYRN_L2,N3_direct,C2,C2h,planar,37.25645425756589,pycofbuilder,0.4909308491843937,1.4063546387857575,2199,cof_002199,cof_symmetry_pipeline/output/pycofbuilder/xyz/mol_001463.xyz,30,22,33,0,0,train,train
C=Cc1cc2ccc3cc(C=C)cc4ccc(c1)c2c34,pb_PYRN_L2,vinyl_direct,C2,C2v,planar,66.86439120295809,pycofbuilder,2.645472739966567e-05,9.351828200787617e-05,2200,cof_002200,cof_symmetry_pipeline/output/pycofbuilder/xyz/mol_001464.xyz,34,20,37,0,0,train,train
C#Cc1cc2ccc3cc(C#C)cc4ccc(c1)c2c34,pb_PYRN_L2,ethynyl_direct,C2,D2h,planar,50.48201897932879,pycofbuilder,7.226610772553403e-05,0.0001968779871277,2201,cof_002201,cof_symmetry_pipeline/output/pycofbuilder/xyz/mol_001465.xyz,30,20,33,0,0,train,train
Cc1cc2ccc3cc(C)cc4ccc(c1)c2c34,pb_PYRN_L2,methyl_direct,C2,C2v,planar,63.59694280778974,pycofbuilder,0.315947613747534,1.050318903778697,2202,cof_002202,cof_symmetry_pipeline/output/pycofbuilder/xyz/mol_001466.xyz,32,18,35,0,0,val,train
Cc1ccc(-c2cc3ccc4cc(-c5ccc(C)cc5)cc5ccc(c2)c3c45)cc1,pb_PYRN_L2,methyl_ph,C2,C2,nonplanar,103.48065800900729,pycofbuilder,0.8404560158446989,1.7936962226291429,2203,cof_002203,cof_symmetry_pipeline/output/pycofbuilder/xyz/mol_001467.xyz,52,30,57,0,0,train,train
O=C=Nc1cc2ccc3cc(N=C=O)cc4ccc(c1)c2c34,pb_PYRN_L2,NCO_direct,C2,C2v,nonplanar,39.012474477728496,pycofbuilder,0.5830647521586282,1.93833961788761,2204,cof_002204,cof_symmetry_pipeline/output/pycofbuilder/xyz/mol_001468.xyz,30,22,33,0,0,test,train
S=C=Nc1cc2ccc3cc(N=C=S)cc4ccc(c1)c2c34,pb_PYRN_L2,NCS_direct,C2,C2h,nonplanar,42.372288602878825,pycofbuilder,0.5843284009981842,1.759014224159661,2205,cof_002205,cof_symmetry_pipeline/output/pycofbuilder/xyz/mol_001469.xyz,30,22,33,0,0,train,train
O=S(=O)(O)c1cc2ccc3cc(S(=O)(=O)O)cc4ccc(c1)c2c34,pb_PYRN_L2,SO3H_direct,C2,C2,nonplanar,-17.727915042340214,pycofbuilder,0.5703884389740531,1.6333363791835378,2206,cof_002206,cof_symmetry_pipeline/output/pycofbuilder/xyz/mol_001470.xyz,34,24,37,0,0,val,train
O=P(O)(O)c1cc2ccc3cc(P(=O)(O)O)cc4ccc(c1)c2c34,pb_PYRN_L2,PO3H2_direct,C2,C2,nonplanar,-178.7961209434049,pycofbuilder,0.6582555475354408,2.028905757766009,2207,cof_002207,cof_symmetry_pipeline/output/pycofbuilder/xyz/mol_001471.xyz,36,24,39,0,0,train,train
FC(F)(F)c1cc2ccc3cc(C(F)(F)F)cc4ccc(c1)c2c34,pb_PYRN_L2,CF3_direct,C2,C2h,planar,100.88535612922496,pycofbuilder,0.3844659998323234,1.2676031570168744,2208,cof_002208,cof_symmetry_pipeline/output/pycofbuilder/xyz/mol_001472.xyz,32,24,35,0,0,train,train
FC(F)(F)c1ccc(-c2cc3ccc4cc(-c5ccc(C(F)(F)F)cc5)cc5ccc(c2)c3c45)cc1,pb_PYRN_L2,CF3_ph,C2,C2,nonplanar,152.75292223143143,pycofbuilder,0.8600789225255392,1.7972687115539814,2209,cof_002209,cof_symmetry_pipeline/output/pycofbuilder/xyz/mol_001473.xyz,52,36,57,0,0,val,train
Clc1cc2ccc3cc(Cl)cc4ccc(c1)c2c34,pb_PYRN_L2,Cl_direct,C2,D2h,planar,45.02728020036666,pycofbuilder,3.263821757463818e-06,5.881316600203634e-06,2210,cof_002210,cof_symmetry_pipeline/output/pycofbuilder/xyz/mol_001474.xyz,26,18,29,0,0,train,train
Clc1ccc(-c2cc3ccc4cc(-c5ccc(Cl)cc5)cc5ccc(c2)c3c45)cc1,pb_PYRN_L2,Cl_ph,C2,D2,nonplanar,95.84121064023024,pycofbuilder,0.8558861675654728,1.7965354943151537,2211,cof_002211,cof_symmetry_pipeline/output/pycofbuilder/xyz/mol_001475.xyz,46,30,51,0,0,train,train
COC(=O)c1cc2ccc3cc(C(=O)OC)cc4ccc(c1)c2c34,pb_PYRN_L2,COOMe_direct,C2,C2h,planar,69.70429472758019,pycofbuilder,0.2923112797829041,0.9009914171284518,2212,cof_002212,cof_symmetry_pipeline/output/pycofbuilder/xyz/mol_001476.xyz,38,24,41,0,0,val,train
NC(=O)c1cc2ccc3cc(C(N)=O)cc4ccc(c1)c2c34,pb_PYRN_L2,CONH2_direct,C2,C2,planar,19.75485272352583,pycofbuilder,0.3047716434454761,0.8717800865548015,2213,cof_002213,cof_symmetry_pipeline/output/pycofbuilder/xyz/mol_001477.xyz,34,22,37,0,0,train,train
COc1cc2ccc3cc(OC)cc4ccc(c1)c2c34,pb_PYRN_L2,OMe_direct,C2,C2v,planar,62.25102542834905,pycofbuilder,0.3099449457233906,0.903697635607438,2214,cof_002214,cof_symmetry_pipeline/output/pycofbuilder/xyz/mol_001478.xyz,34,20,37,0,0,train,train
O=C(Cl)c1cc2ccc3cc(C(=O)Cl)cc4ccc(c1)c2c34,pb_PYRN_L2,COCl_direct,C2,C2h,planar,93.198757037712,pycofbuilder,1.0614228606429572e-05,2.314615039467061e-05,2215,cof_002215,cof_symmetry_pipeline/output/pycofbuilder/xyz/mol_001480.xyz,30,22,33,0,0,train,train
CC(=O)c1cc2ccc3cc(C(C)=O)cc4ccc(c1)c2c34,pb_PYRN_L2,acetyl_direct,C2,C2v,planar,83.25799153689667,pycofbuilder,0.3002850689186762,0.9009013073324011,2216,cof_002216,cof_symmetry_pipeline/output/pycofbuilder/xyz/mol_001481.xyz,36,22,39,0,0,train,train
NS(=O)(=O)c1cc2ccc3cc(S(N)(=O)=O)cc4ccc(c1)c2c34,pb_PYRN_L2,SO2NH2_direct,C2,C2,nonplanar,-104.22982218405112,pycofbuilder,0.7753091533991668,1.9539145763615224,2217,cof_002217,cof_symmetry_pipeline/output/pycofbuilder/xyz/mol_001483.xyz,36,24,39,0,0,train,train
O=CC#Cc1cc2ccc3cc(C#CC=O)cc4ccc(c1)c2c34,pb_PYRN_L2,CCCHO_direct,C2,C2v,planar,54.61481416733275,pycofbuilder,3.812303979465642e-05,0.0001250299726383,2218,cof_002218,cof_symmetry_pipeline/output/pycofbuilder/xyz/mol_001484.xyz,34,24,37,0,0,test,train
NC#Cc1cc2ccc3cc(C#CN)cc4ccc(c1)c2c34,pb_PYRN_L2,CCNH2_direct,C2,C2v,planar,41.78081636576216,pycofbuilder,0.2825942159847397,0.8240614468873251,2219,cof_002219,cof_symmetry_pipeline/output/pycofbuilder/xyz/mol_001485.xyz,34,22,37,0,0,train,train
N#CC#Cc1cc2ccc3cc(C#CC#N)cc4ccc(c1)c2c34,pb_PYRN_L2,CCCN_direct,C2,D2h,planar,55.0088786563506,pycofbuilder,1.483849779517463e-05,4.03552806282903e-05,2220,cof_002220,cof_symmetry_pipeline/output/pycofbuilder/xyz/mol_001486.xyz,32,24,35,0,0,train,train
O=[N+]([O-])C#Cc1cc2ccc3cc(C#C[N+](=O)[O-])cc4ccc(c1)c2c34,pb_PYRN_L2,CCNO2_direct,C2,D2h,planar,59.70440159339648,pycofbuilder,1.4471782817586514e-05,5.546197785299967e-05,2221,cof_002221,cof_symmetry_pipeline/output/pycofbuilder/xyz/mol_001488.xyz,34,26,37,0,0,train,train
OC#Cc1cc2ccc3cc(C#CO)cc4ccc(c1)c2c34,pb_PYRN_L2,CCOH_direct,C2,C2v,planar,46.74392850374157,pycofbuilder,0.2240456054961212,0.8675704718828952,2222,cof_002222,cof_symmetry_pipeline/output/pycofbuilder/xyz/mol_001489.xyz,32,22,35,0,0,train,train
FC(F)(F)C#Cc1cc2ccc3cc(C#CC(F)(F)F)cc4ccc(c1)c2c34,pb_PYRN_L2,CCCF3_direct,C2,C2v,planar,60.3598167305253,pycofbuilder,0.364534474043715,1.260752261149371,2223,cof_002223,cof_symmetry_pipeline/output/pycofbuilder/xyz/mol_001490.xyz,36,28,39,0,0,train,train
O=C=NC#Cc1cc2ccc3cc(C#CN=C=O)cc4ccc(c1)c2c34,pb_PYRN_L2,CCNCO_direct,C2,C2v,planar,42.81485594111849,pycofbuilder,0.0082481530486906,0.0353623277742798,2224,cof_002224,cof_symmetry_pipeline/output/pycofbuilder/xyz/mol_001491.xyz,34,26,37,0,0,val,train
COC(=O)C#Cc1cc2ccc3cc(C#CC(=O)OC)cc4ccc(c1)c2c34,pb_PYRN_L2,CCCOOMe_direct,C2,C2,planar,32.47683367952673,pycofbuilder,0.2867947404883777,0.9772703023385936,2225,cof_002225,cof_symmetry_pipeline/output/pycofbuilder/xyz/mol_001493.xyz,42,28,45,0,0,train,train
O=COc1cc2ccc3cc(OC=O)cc4ccc(c1)c2c34,pb_PYRN_L2,OCHO_direct,C2,C2,planar,70.71303519249378,pycofbuilder,0.4687941816394717,1.4428949941743037,2226,cof_002226,cof_symmetry_pipeline/output/pycofbuilder/xyz/mol_001494.xyz,32,22,35,0,0,train,train
N#COc1cc2ccc3cc(OC#N)cc4ccc(c1)c2c34,pb_PYRN_L2,OCN_direct,C2,C2v,planar,65.48513396641442,pycofbuilder,0.0033043683453819,0.0105310231781703,2227,cof_002227,cof_symmetry_pipeline/output/pycofbuilder/xyz/mol_001495.xyz,30,22,33,0,0,train,train
CC(=O)Oc1cc2ccc3cc(OC(C)=O)cc4ccc(c1)c2c34,pb_PYRN_L2,Oacetyl_direct,C2,C2,nonplanar,69.69696250358444,pycofbuilder,0.5838656981907038,1.6279148933208538,2228,cof_002228,cof_symmetry_pipeline/output/pycofbuilder/xyz/mol_001496.xyz,38,24,41,0,0,train,train
O=CNc1cc2ccc3cc(NC=O)cc4ccc(c1)c2c34,pb_PYRN_L2,NHCHO_direct,C2,C2h,planar,14.854159414582416,pycofbuilder,8.807125108067384e-07,1.7731633226159005e-06,2229,cof_002229,cof_symmetry_pipeline/output/pycofbuilder/xyz/mol_001497.xyz,34,22,37,0,0,train,train
N#CNc1cc2ccc3cc(NC#N)cc4ccc(c1)c2c34,pb_PYRN_L2,NHCN_direct,C2,C2,planar,-1.973613162371162,pycofbuilder,0.4062950747208472,1.372743533723566,2230,cof_002230,cof_symmetry_pipeline/output/pycofbuilder/xyz/mol_001499.xyz,32,22,35,0,0,train,train
CS(=O)(=O)Nc1cc2ccc3cc(NS(C)(=O)=O)cc4ccc(c1)c2c34,pb_PYRN_L2,NHSO2_direct,C2,C2,nonplanar,-54.33359730681758,pycofbuilder,1.175525327440012,2.86349170895973,2231,cof_002231,cof_symmetry_pipeline/output/pycofbuilder/xyz/mol_001500.xyz,42,26,45,0,0,test,train
N#CSc1cc2ccc3cc(SC#N)cc4ccc(c1)c2c34,pb_PYRN_L2,SCN_direct,C2,C2h,nonplanar,53.12936925275589,pycofbuilder,0.6498908640178203,1.799879412007025,2232,cof_002232,cof_symmetry_pipeline/output/pycofbuilder/xyz/mol_001501.xyz,30,22,33,0,0,train,train
Brc1cc2ccc3cc(Br)cc4ccc(c1)c2c34,pb_PYRN_L2,Br_direct,C2,D2h,planar,48.584711734633046,pycofbuilder,1.825882776067493e-06,4.266799988661418e-06,2233,cof_002233,cof_symmetry_pipeline/output/pycofbuilder/xyz/mol_001503.xyz,26,18,29,0,0,train,train
Ic1cc2ccc3cc(I)cc4ccc(c1)c2c34,pb_PYRN_L2,I_direct,C2,D2h,planar,51.13138650533239,pycofbuilder,3.799121431958617e-06,9.13618782472092e-06,2234,cof_002234,cof_symmetry_pipeline/output/pycofbuilder/xyz/mol_001504.xyz,26,18,29,0,0,train,train
C[Si](C)(C)c1cc2ccc3cc([Si](C)(C)C)cc4ccc(c1)c2c34,pb_PYRN_L2,SiMe3_direct,C2,C2v,nonplanar,74.12970521643116,pycofbuilder,1.056010552489189,2.4406272348818745,2235,cof_002235,cof_symmetry_pipeline/output/pycofbuilder/xyz/mol_001505.xyz,50,24,53,0,0,train,train
O=S(=O)(Cl)c1cc2ccc3cc(S(=O)(=O)Cl)cc4ccc(c1)c2c34,pb_PYRN_L2,SO2Cl_direct,C2,C2h,nonplanar,101.30251600289662,pycofbuilder,0.5205914032190653,1.8190149708127583,2236,cof_002236,cof_symmetry_pipeline/output/pycofbuilder/xyz/mol_001508.xyz,32,24,35,0,0,train,train
O=P(Cl)(Cl)c1cc2ccc3cc(P(=O)(Cl)Cl)cc4ccc(c1)c2c34,pb_PYRN_L2,POCl2_direct,C2,C2h,nonplanar,112.23135149956906,pycofbuilder,0.5572890001654732,1.5762533779430148,2237,cof_002237,cof_symmetry_pipeline/output/pycofbuilder/xyz/mol_001509.xyz,32,24,35,0,0,train,train
O=C(O)c1ccc(-c2ccc(-c3cc4ccc5cc(-c6ccc(-c7ccc(C(=O)O)cc7)cc6)cc6ccc(c3)c4c56)cc2)cc1,pb_PYRN_L2,COOH_phph,C2,C2,nonplanar,134.0025870069783,pycofbuilder,0.6831268828005334,1.8057257395451,2238,cof_002238,cof_symmetry_pipeline/output/pycofbuilder/xyz/mol_001510.xyz,72,46,79,0,0,train,train
N#Cc1ccc(-c2ccc(-c3cc4ccc5cc(-c6ccc(-c7ccc(C#N)cc7)cc6)cc6ccc(c3)c4c56)cc2)cc1,pb_PYRN_L2,CN_phph,C2,C2,nonplanar,170.50545184616954,pycofbuilder,0.8942136268670894,1.9675708646044967,2239,cof_002239,cof_symmetry_pipeline/output/pycofbuilder/xyz/mol_001511.xyz,68,44,75,0,0,train,train
O=[N+]([O-])c1ccc(-c2ccc(-c3cc4ccc5cc(-c6ccc(-c7ccc([N+](=O)[O-])cc7)cc6)cc6ccc(c3)c4c56)cc2)cc1,pb_PYRN_L2,NO2_phph,C2,D2,nonplanar,210.40952169478567,pycofbuilder,1.0777051550234051,2.0797956684819345,2240,cof_002240,cof_symmetry_pipeline/output/pycofbuilder/xyz/mol_001512.xyz,70,46,77,0,0,test,train
N#CCc1cc2ccc3cc(CC#N)cc4ccc(c1)c2c34,pb_PYRN_L2,PB_CHCN,C2,C2h,nonplanar,91.64950373109724,pycofbuilder,0.6434736406374707,1.9348921953319504,2241,cof_002241,cof_symmetry_pipeline/output/pycofbuilder/xyz/mol_001514.xyz,34,22,37,0,0,train,train
NNCc1cc2ccc3cc(CNN)cc4ccc(c1)c2c34,pb_PYRN_L2,PB_NHNH2,C2,C2,nonplanar,165.02374934303356,pycofbuilder,0.8806306927430408,1.8394215210842455,2242,cof_002242,cof_symmetry_pipeline/output/pycofbuilder/xyz/mol_001515.xyz,40,22,43,0,0,val,train
NNC(=O)c1cc2ccc3cc(C(=O)NN)cc4ccc(c1)c2c34,pb_PYRN_L2,PB_CONHNH2,C2,C2,planar,160.28399247684428,pycofbuilder,0.3627707490774646,0.9308261132480968,2243,cof_002243,cof_symmetry_pipeline/output/pycofbuilder/xyz/mol_001517.xyz,38,24,41,0,0,train,train
[O]C(=O)c1cc2ccc3cc(C([O])=O)cc4ccc(c1)c2c34,pb_PYRN_L2,PB_COOH,C2,D2h,planar,116.3377152434758,pycofbuilder,3.1055950135353235e-06,8.910078268586918e-06,2244,cof_002244,cof_symmetry_pipeline/output/pycofbuilder/xyz/mol_001518.xyz,30,22,33,0,2,train,train
ONc1cc2ccc3cc(NO)cc4ccc(c1)c2c34,pb_PYRN_L2,PB_NHOH,C2,C2,planar,81.33802870701743,pycofbuilder,0.2203261696588754,0.7033713580493642,2245,cof_002245,cof_symmetry_pipeline/output/pycofbuilder/xyz/mol_001519.xyz,32,20,35,0,0,test,train
CN1C(=O)/C(=C2/C(=O)N(C)c3cc(C=O)sc32)c2sc(C=O)cc21,pb_TIDA_L2,CHO_direct,C2,C2,planar,60.48697065463364,pycofbuilder,0.3651342948539347,1.0965825280443633,2246,cof_002246,cof_symmetry_pipeline/output/pycofbuilder/xyz/mol_001520.xyz,34,24,37,0,0,train,train
CN1C(=O)/C(=C2/C(=O)N(C)c3cc(-c4ccc(-c5ccc(C=O)cc5)cc4)sc32)c2sc(-c3ccc(-c4ccc(C=O)cc4)cc3)cc21,pb_TIDA_L2,CHO_phph,C2,C2,nonplanar,156.73198202734636,pycofbuilder,0.6225876391802204,1.4299000855011372,2247,cof_002247,cof_symmetry_pipeline/output/pycofbuilder/xyz/mol_001522.xyz,74,48,81,0,0,train,train
CN1C(=O)/C(=C2/C(=O)N(C)c3cc(N)sc32)c2sc(N)cc21,pb_TIDA_L2,NH2_direct,C2,C2,planar,13.914545681407134,pycofbuilder,0.3418633482137351,1.0478576159023891,2248,cof_002248,cof_symmetry_pipeline/output/pycofbuilder/xyz/mol_001523.xyz,34,22,37,0,0,train,train
CN1C(=O)/C(=C2/C(=O)N(C)c3cc(-c4ccc(N)cc4)sc32)c2sc(-c3ccc(N)cc3)cc21,pb_TIDA_L2,NH2_ph,C2,C2,nonplanar,61.16698175934332,pycofbuilder,0.7409946304986617,1.634252185949028,2249,cof_002249,cof_symmetry_pipeline/output/pycofbuilder/xyz/mol_001524.xyz,54,34,59,0,0,train,train
CN1C(=O)/C(=C2/C(=O)N(C)c3cc(-c4ccc(-c5ccc(N)cc5)cc4)sc32)c2sc(-c3ccc(-c4ccc(N)cc4)cc3)cc21,pb_TIDA_L2,NH2_phph,C2,C2,nonplanar,106.78781290835916,pycofbuilder,0.6370760284862433,1.417847610109517,2250,cof_002250,cof_symmetry_pipeline/output/pycofbuilder/xyz/mol_001525.xyz,74,46,81,0,0,train,train
CN1C(=O)/C(=C2/C(=O)N(C)c3cc(B(O)O)sc32)c2sc(B(O)O)cc21,pb_TIDA_L2,BOH2_direct,C2,C2,planar,174.0999011723581,pycofbuilder,0.4526354657993614,1.4595653457143245,2251,cof_002251,cof_symmetry_pipeline/output/pycofbuilder/xyz/mol_001526.xyz,38,26,41,0,0,train,train
C#Cc1ccc(-c2cc3c(s2)/C(=C2\C(=O)N(C)c4cc(-c5ccc(C#C)cc5)sc42)C(=O)N3C)cc1,pb_TIDA_L2,CCH_ph,C2,C2,nonplanar,80.8225359449147,pycofbuilder,0.7310678208443085,1.6923441422231056,2252,cof_002252,cof_symmetry_pipeline/output/pycofbuilder/xyz/mol_001528.xyz,54,36,59,0,0,val,train
C#Cc1ccc(-c2ccc(-c3cc4c(s3)/C(=C3\C(=O)N(C)c5cc(-c6ccc(-c7ccc(C#C)cc7)cc6)sc53)C(=O)N4C)cc2)cc1,pb_TIDA_L2,CCH_phph,C2,C2,nonplanar,125.99953787957163,pycofbuilder,0.632260549797629,1.3926064835274945,2253,cof_002253,cof_symmetry_pipeline/output/pycofbuilder/xyz/mol_001529.xyz,74,48,81,0,0,train,train
CN1C(=O)/C(=C2/C(=O)N(C)c3cc(C#N)sc32)c2sc(C#N)cc21,pb_TIDA_L2,CN_direct,C2,C2h,planar,52.22908556416874,pycofbuilder,0.3252382248319622,0.9715466212656952,2254,cof_002254,cof_symmetry_pipeline/output/pycofbuilder/xyz/mol_001530.xyz,32,24,35,0,0,train,train
CN1C(=O)/C(=C2/C(=O)N(C)c3cc(C(=O)O)sc32)c2sc(C(=O)O)cc21,pb_TIDA_L2,COOH_direct,C2,C2,planar,2.198615772661072,pycofbuilder,0.3385614626088831,1.0626128572641838,2255,cof_002255,cof_symmetry_pipeline/output/pycofbuilder/xyz/mol_001532.xyz,36,26,39,0,0,train,train
CN1C(=O)/C(=C2/C(=O)N(C)c3cc(-c4ccc(C(=O)O)cc4)sc32)c2sc(-c3ccc(C(=O)O)cc3)cc21,pb_TIDA_L2,COOH_ph,C2,C2,nonplanar,72.0392052460065,pycofbuilder,0.7393768697833167,1.7077048499840726,2256,cof_002256,cof_symmetry_pipeline/output/pycofbuilder/xyz/mol_001533.xyz,56,38,61,0,0,train,train
CN1C(=O)/C(=C2/C(=O)N(C)c3cc([N+](=O)[O-])sc32)c2sc([N+](=O)[O-])cc21,pb_TIDA_L2,NO2_direct,C2,C2,planar,78.08950435207241,pycofbuilder,0.3422836978060101,1.0534106397744525,2257,cof_002257,cof_symmetry_pipeline/output/pycofbuilder/xyz/mol_001534.xyz,34,26,37,0,0,val,train
CN1C(=O)/C(=C2/C(=O)N(C)c3cc(O)sc32)c2sc(O)cc21,pb_TIDA_L2,OH_direct,C2,C2h,planar,17.02057021300284,pycofbuilder,0.3160472111933,0.89393974451465,2258,cof_002258,cof_symmetry_pipeline/output/pycofbuilder/xyz/mol_001536.xyz,32,22,35,0,0,train,train
CN1C(=O)/C(=C2/C(=O)N(C)c3cc(-c4ccc(O)cc4)sc32)c2sc(-c3ccc(O)cc3)cc21,pb_TIDA_L2,OH_ph,C2,C2,nonplanar,59.22650741964023,pycofbuilder,0.7105972294831981,1.704168795454409,2259,cof_002259,cof_symmetry_pipeline/output/pycofbuilder/xyz/mol_001537.xyz,52,34,57,0,0,train,train
CN1C(=O)/C(=C2/C(=O)N(C)c3cc(S)sc32)c2sc(S)cc21,pb_TIDA_L2,SH_direct,C2,C2h,planar,28.596084879968267,pycofbuilder,0.3160396081669002,0.8940481755646732,2260,cof_002260,cof_symmetry_pipeline/output/pycofbuilder/xyz/mol_001538.xyz,32,22,35,0,0,train,train
CN1C(=O)/C(=C2/C(=O)N(C)c3cc(N=[N+]=[N-])sc32)c2sc(N=[N+]=[N-])cc21,pb_TIDA_L2,N3_direct,C2,C2,nonplanar,30.13138400143618,pycofbuilder,0.5630066185479701,1.6170238904139054,2261,cof_002261,cof_symmetry_pipeline/output/pycofbuilder/xyz/mol_001539.xyz,34,26,37,0,0,test,train
C#Cc1cc2c(s1)/C(=C1\C(=O)N(C)c3cc(C#C)sc31)C(=O)N2C,pb_TIDA_L2,ethynyl_direct,C2,C2,planar,36.24493926567119,pycofbuilder,0.3283509020832353,1.010941818367218,2262,cof_002262,cof_symmetry_pipeline/output/pycofbuilder/xyz/mol_001541.xyz,34,24,37,0,0,test,train
Cc1cc2c(s1)/C(=C1\C(=O)N(C)c3cc(C)sc31)C(=O)N2C,pb_TIDA_L2,methyl_direct,C2,C2,planar,42.02503487606373,pycofbuilder,0.433562416189039,1.0649184049230698,2263,cof_002263,cof_symmetry_pipeline/output/pycofbuilder/xyz/mol_001542.xyz,36,22,39,0,0,train,train
CN1C(=O)/C(=C2/C(=O)N(C)c3cc(N=C=S)sc32)c2sc(N=C=S)cc21,pb_TIDA_L2,NCS_direct,C2,C2,nonplanar,34.352615882953344,pycofbuilder,0.649566004726836,2.088827499253324,2264,cof_002264,cof_symmetry_pipeline/output/pycofbuilder/xyz/mol_001545.xyz,34,26,37,0,0,train,train
CN1C(=O)/C(=C2/C(=O)N(C)c3cc(C(F)(F)F)sc32)c2sc(C(F)(F)F)cc21,pb_TIDA_L2,CF3_direct,C2,C2h,planar,70.93123500151256,pycofbuilder,0.4771340638806254,1.2244098943573858,2265,cof_002265,cof_symmetry_pipeline/output/pycofbuilder/xyz/mol_001548.xyz,36,28,39,0,0,val,train
CN1C(=O)/C(=C2/C(=O)N(C)c3cc(-c4ccc(C(F)(F)F)cc4)sc32)c2sc(-c3ccc(C(F)(F)F)cc3)cc21,pb_TIDA_L2,CF3_ph,C2,C2,nonplanar,136.40098493817206,pycofbuilder,0.7747181775836555,1.7239327582696893,2266,cof_002266,cof_symmetry_pipeline/output/pycofbuilder/xyz/mol_001549.xyz,56,40,61,0,0,train,train
CN1C(=O)/C(=C2/C(=O)N(C)c3cc(Cl)sc32)c2sc(Cl)cc21,pb_TIDA_L2,Cl_direct,C2,C2h,planar,32.672632630404465,pycofbuilder,0.3369589283549631,0.9746766146789598,2267,cof_002267,cof_symmetry_pipeline/output/pycofbuilder/xyz/mol_001550.xyz,30,22,33,0,0,train,train
CN1C(=O)/C(=C2/C(=O)N(C)c3cc(-c4ccc(Cl)cc4)sc32)c2sc(-c3ccc(Cl)cc3)cc21,pb_TIDA_L2,Cl_ph,C2,C2,nonplanar,78.77241493379337,pycofbuilder,0.7305711837216908,1.7192591411664813,2268,cof_002268,cof_symmetry_pipeline/output/pycofbuilder/xyz/mol_001551.xyz,50,34,55,0,0,train,train
COC(=O)c1cc2c(s1)/C(=C1\C(=O)N(C)c3cc(C(=O)OC)sc31)C(=O)N2C,pb_TIDA_L2,COOMe_direct,C2,C2,planar,42.853425935727365,pycofbuilder,0.44095177894755,1.1977336634098863,2269,cof_002269,cof_symmetry_pipeline/output/pycofbuilder/xyz/mol_001552.xyz,42,28,45,0,0,val,train
COc1cc2c(s1)/C(=C1\C(=O)N(C)c3cc(OC)sc31)C(=O)N2C,pb_TIDA_L2,OMe_direct,C2,C2h,planar,43.52449607539156,pycofbuilder,0.4123405955615344,0.9038034418485564,2270,cof_002270,cof_symmetry_pipeline/output/pycofbuilder/xyz/mol_001554.xyz,38,24,41,0,0,train,train
CN1C(=O)/C(=C2/C(=O)N(C)c3cc(C(=O)Cl)sc32)c2sc(C(=O)Cl)cc21,pb_TIDA_L2,COCl_direct,C2,C2,planar,73.02964813875151,pycofbuilder,0.3550168274844181,1.0789715214438695,2271,cof_002271,cof_symmetry_pipeline/output/pycofbuilder/xyz/mol_001556.xyz,34,26,37,0,0,train,train
CC(=O)c1cc2c(s1)/C(=C1\C(=O)N(C)c3cc(C(C)=O)sc31)C(=O)N2C,pb_TIDA_L2,acetyl_direct,C2,C2,planar,68.2342229600234,pycofbuilder,0.4531153137093245,1.1433981650674925,2272,cof_002272,cof_symmetry_pipeline/output/pycofbuilder/xyz/mol_001557.xyz,40,26,43,0,0,train,train
CN1C(=O)/C(=C2/C(=O)N(C)c3cc(C#CC=O)sc32)c2sc(C#CC=O)cc21,pb_TIDA_L2,CCCHO_direct,C2,C2,planar,34.94589553770924,pycofbuilder,0.3159185403251502,1.0279149911508414,2273,cof_002273,cof_symmetry_pipeline/output/pycofbuilder/xyz/mol_001560.xyz,38,28,41,0,0,train,train
CN1C(=O)/C(=C2/C(=O)N(C)c3cc(C#CN)sc32)c2sc(C#CN)cc21,pb_TIDA_L2,CCNH2_direct,C2,C2,planar,32.81115755655582,pycofbuilder,0.4234916540740043,1.0899780993066548,2274,cof_002274,cof_symmetry_pipeline/output/pycofbuilder/xyz/mol_001561.xyz,38,26,41,0,0,train,train
CN1C(=O)/C(=C2/C(=O)N(C)c3cc(C#CC#N)sc32)c2sc(C#CC#N)cc21,pb_TIDA_L2,CCCN_direct,C2,C2,planar,35.889916509553025,pycofbuilder,0.3149289963363836,0.996925976984663,2275,cof_002275,cof_symmetry_pipeline/output/pycofbuilder/xyz/mol_001562.xyz,36,28,39,0,0,train,train
CN1C(=O)/C(=C2/C(=O)N(C)c3cc(C#CC(=O)O)sc32)c2sc(C#CC(=O)O)cc21,pb_TIDA_L2,CCCOOH_direct,C2,C2,planar,-28.62500512972913,pycofbuilder,0.3581824984238536,1.119245561080344,2276,cof_002276,cof_symmetry_pipeline/output/pycofbuilder/xyz/mol_001563.xyz,40,30,43,0,0,train,train
CN1C(=O)/C(=C2/C(=O)N(C)c3cc(C#C[N+](=O)[O-])sc32)c2sc(C#C[N+](=O)[O-])cc21,pb_TIDA_L2,CCNO2_direct,C2,C2,planar,36.50515182630836,pycofbuilder,0.3614334220646085,1.052747782551254,2277,cof_002277,cof_symmetry_pipeline/output/pycofbuilder/xyz/mol_001564.xyz,38,30,41,0,0,train,train
CN1C(=O)/C(=C2/C(=O)N(C)c3cc(C#CO)sc32)c2sc(C#CO)cc21,pb_TIDA_L2,CCOH_direct,C2,C2h,planar,34.60933717874324,pycofbuilder,0.3144725024250362,0.9974758835919846,2278,cof_002278,cof_symmetry_pipeline/output/pycofbuilder/xyz/mol_001565.xyz,36,26,39,0,0,train,train
CN1C(=O)/C(=C2/C(=O)N(C)c3cc(C#CC(F)(F)F)sc32)c2sc(C#CC(F)(F)F)cc21,pb_TIDA_L2,CCCF3_direct,C2,C2,planar,38.07701446582355,pycofbuilder,0.4663602017813956,1.4295502114917693,2279,cof_002279,cof_symmetry_pipeline/output/pycofbuilder/xyz/mol_001566.xyz,40,32,43,0,0,train,train
CN1C(=O)/C(=C2/C(=O)N(C)c3cc(C#CN=C=O)sc32)c2sc(C#CN=C=O)cc21,pb_TIDA_L2,CCNCO_direct,C2,C2,nonplanar,29.582010122240483,pycofbuilder,0.5437222252043818,1.5979643292214163,2280,cof_002280,cof_symmetry_pipeline/output/pycofbuilder/xyz/mol_001567.xyz,38,30,41,0,0,train,train
CC(=O)C#Cc1cc2c(s1)/C(=C1\C(=O)N(C)c3cc(C#CC(C)=O)sc31)C(=O)N2C,pb_TIDA_L2,CCacetyl_direct,C2,C2,planar,38.434830602843945,pycofbuilder,0.3930857608845809,1.0057896316140913,2281,cof_002281,cof_symmetry_pipeline/output/pycofbuilder/xyz/mol_001568.xyz,44,30,47,0,0,test,train
CN1C(=O)/C(=C2/C(=O)N(C)c3cc(OC=O)sc32)c2sc(OC=O)cc21,pb_TIDA_L2,OCHO_direct,C2,C2h,planar,49.1788397663108,pycofbuilder,0.3017552572811561,0.946744799284376,2282,cof_002282,cof_symmetry_pipeline/output/pycofbuilder/xyz/mol_001570.xyz,36,26,39,0,0,train,train
CN1C(=O)/C(=C2/C(=O)N(C)c3cc(OC#N)sc32)c2sc(OC#N)cc21,pb_TIDA_L2,OCN_direct,C2,C2,planar,48.64092889440643,pycofbuilder,0.3674726733016777,1.0854502124386465,2283,cof_002283,cof_symmetry_pipeline/output/pycofbuilder/xyz/mol_001571.xyz,34,26,37,0,0,train,train
CC(=O)Oc1cc2c(s1)/C(=C1\C(=O)N(C)c3cc(OC(C)=O)sc31)C(=O)N2C,pb_TIDA_L2,Oacetyl_direct,C2,C2h,planar,48.49409667624301,pycofbuilder,0.3969049444572665,1.0062708237379137,2284,cof_002284,cof_symmetry_pipeline/output/pycofbuilder/xyz/mol_001572.xyz,42,28,45,0,0,train,train
CN1C(=O)/C(=C2/C(=O)N(C)c3cc(NC=O)sc32)c2sc(NC=O)cc21,pb_TIDA_L2,NHCHO_direct,C2,C2,planar,16.527437363956793,pycofbuilder,0.4592492805674027,1.2629546243129186,2285,cof_002285,cof_symmetry_pipeline/output/pycofbuilder/xyz/mol_001573.xyz,38,26,41,0,0,train,train
CC(=O)Nc1cc2c(s1)/C(=C1\C(=O)N(C)c3cc(NC(C)=O)sc31)C(=O)N2C,pb_TIDA_L2,NHacetyl_direct,C2,C2,nonplanar,22.768848111288527,pycofbuilder,0.5760278052788537,1.5835210443881262,2286,cof_002286,cof_symmetry_pipeline/output/pycofbuilder/xyz/mol_001574.xyz,44,28,47,0,0,train,train
CN1C(=O)/C(=C2/C(=O)N(C)c3cc(NC#N)sc32)c2sc(NC#N)cc21,pb_TIDA_L2,NHCN_direct,C2,C2,nonplanar,-18.30425255899668,pycofbuilder,0.57103515556005,1.6217513615730272,2287,cof_002287,cof_symmetry_pipeline/output/pycofbuilder/xyz/mol_001575.xyz,36,26,39,0,0,train,train
CN1C(=O)/C(=C2/C(=O)N(C)c3cc(SC#N)sc32)c2sc(SC#N)cc21,pb_TIDA_L2,SCN_direct,C2,C2,nonplanar,36.72883217240904,pycofbuilder,0.6219198919795887,1.848523235715886,2288,cof_002288,cof_symmetry_pipeline/output/pycofbuilder/xyz/mol_001577.xyz,34,26,37,0,0,train,train
CN1C(=O)/C(=C2/C(=O)N(C)c3cc(Br)sc32)c2sc(Br)cc21,pb_TIDA_L2,Br_direct,C2,C2,planar,33.870828895185355,pycofbuilder,0.3367836774563142,0.9734726615669398,2289,cof_002289,cof_symmetry_pipeline/output/pycofbuilder/xyz/mol_001579.xyz,30,22,33,0,0,train,train
CN1C(=O)/C(=C2/C(=O)N(C)c3cc(I)sc32)c2sc(I)cc21,pb_TIDA_L2,I_direct,C2,C2,planar,34.56022496122554,pycofbuilder,0.3372207480438897,0.9744905247834136,2290,cof_002290,cof_symmetry_pipeline/output/pycofbuilder/xyz/mol_001580.xyz,30,22,33,0,0,test,train
CN1C(=O)/C(=C2/C(=O)N(C)c3cc([Si](C)(C)C)sc32)c2sc([Si](C)(C)C)cc21,pb_TIDA_L2,SiMe3_direct,C2,C2,nonplanar,48.11117113390559,pycofbuilder,1.0650783239719148,2.569143335680858,2291,cof_002291,cof_symmetry_pipeline/output/pycofbuilder/xyz/mol_001581.xyz,54,28,57,0,0,train,train
CN1C(=O)/C(=C2/C(=O)N(C)c3cc(S(=O)(=O)Cl)sc32)c2sc(S(=O)(=O)Cl)cc21,pb_TIDA_L2,SO2Cl_direct,C2,C2,nonplanar,78.36016427596577,pycofbuilder,0.575450535152155,1.6648334694203206,2292,cof_002292,cof_symmetry_pipeline/output/pycofbuilder/xyz/mol_001584.xyz,36,28,39,0,0,train,train
CN1C(=O)/C(=C2/C(=O)N(C)c3cc(P(=O)(Cl)Cl)sc32)c2sc(P(=O)(Cl)Cl)cc21,pb_TIDA_L2,POCl2_direct,C2,C2h,nonplanar,83.03433123229252,pycofbuilder,0.6080043134679052,1.5900563079621448,2293,cof_002293,cof_symmetry_pipeline/output/pycofbuilder/xyz/mol_001585.xyz,36,28,39,0,0,train,train
CN1C(=O)/C(=C2/C(=O)N(C)c3cc(-c4ccc(-c5ccc(C#N)cc5)cc4)sc32)c2sc(-c3ccc(-c4ccc(C#N)cc4)cc3)cc21,pb_TIDA_L2,CN_phph,C2,C2,nonplanar,153.53993260311307,pycofbuilder,0.6410708012536841,1.4319767272868564,2294,cof_002294,cof_symmetry_pipeline/output/pycofbuilder/xyz/mol_001587.xyz,72,48,79,0,0,train,train
CN1C(=O)/C(=C2/C(=O)N(C)c3cc(-c4ccc(-c5ccc(O)cc5)cc4)sc32)c2sc(-c3ccc(-c4ccc(O)cc4)cc3)cc21,pb_TIDA_L2,OH_phph,C2,C2,nonplanar,104.97128054519344,pycofbuilder,0.6351916043618973,1.4438748404605506,2295,cof_002295,cof_symmetry_pipeline/output/pycofbuilder/xyz/mol_001589.xyz,72,46,79,0,0,train,train
CN1C(=O)/C(=C2/C(=O)N(C)c3cc(CC#N)sc32)c2sc(CC#N)cc21,pb_TIDA_L2,PB_CHCN,C2,C2,nonplanar,63.833636275121954,pycofbuilder,0.7801862067632257,2.5121856187485347,2296,cof_002296,cof_symmetry_pipeline/output/pycofbuilder/xyz/mol_001590.xyz,38,26,41,0,0,train,train
CN1C(=O)/C(=C2/C(=O)N(C)c3cc(CNN)sc32)c2sc(CNN)cc21,pb_TIDA_L2,PB_NHNH2,C2,C2,nonplanar,146.19855495939154,pycofbuilder,0.7944892690439082,1.590411685261686,2297,cof_002297,cof_symmetry_pipeline/output/pycofbuilder/xyz/mol_001591.xyz,44,26,47,0,0,train,train
CN1C(=O)/C(=C2/C(=O)N(C)c3cc(C(=O)CCO)sc32)c2sc(C(=O)CCO)cc21,pb_TIDA_L2,PB_COCHCHOH,C2,C2,nonplanar,57.28999368096467,pycofbuilder,0.8832206315223847,2.3109934067460327,2298,cof_002298,cof_symmetry_pipeline/output/pycofbuilder/xyz/mol_001592.xyz,48,30,51,0,0,train,train
CN1C(=O)/C(=C2/C(=O)N(C)c3cc(C(=O)NN)sc32)c2sc(C(=O)NN)cc21,pb_TIDA_L2,PB_CONHNH2,C2,C2,planar,143.6230849993886,pycofbuilder,0.3626982702651061,0.9337786883940684,2299,cof_002299,cof_symmetry_pipeline/output/pycofbuilder/xyz/mol_001593.xyz,42,28,45,0,0,val,train
CN1C(=O)/C(=C2/C(=O)N(C)c3cc(C([O])=O)sc32)c2sc(C([O])=O)cc21,pb_TIDA_L2,PB_COOH,C2,C2,planar,94.5815993578352,pycofbuilder,0.376287489045533,1.1001222163421855,2300,cof_002300,cof_symmetry_pipeline/output/pycofbuilder/xyz/mol_001594.xyz,34,26,37,0,2,train,train
CN1C(=O)/C(=C2/C(=O)N(C)c3cc(NO)sc32)c2sc(NO)cc21,pb_TIDA_L2,PB_NHOH,C2,C2,planar,65.70403381012129,pycofbuilder,0.3623134667320452,1.0654331744156105,2301,cof_002301,cof_symmetry_pipeline/output/pycofbuilder/xyz/mol_001595.xyz,36,24,39,0,0,test,train
CCN1[C]N(CC)c2c(-c3ccc([N+](=O)[O-])cc3)ccc(-c3ccc([N+](=O)[O-])cc3)c21,pb_TIEN_L2,NO2_direct,C2,C2,nonplanar,195.36771399877728,pycofbuilder,1.478107039497038,3.2201185635216305,2302,cof_002302,cof_symmetry_pipeline/output/pycofbuilder/xyz/mol_001610.xyz,51,31,54,0,2,train,val
CCN1[C]N(CC)c2c(-c3ccc(C#CC=O)cc3)ccc(-c3ccc(C#CC=O)cc3)c21,pb_TIEN_L2,CCCHO_direct,C2,C2,nonplanar,128.28788153820614,pycofbuilder,1.1139325559394126,2.20015048225415,2303,cof_002303,cof_symmetry_pipeline/output/pycofbuilder/xyz/mol_001636.xyz,55,33,58,0,2,train,val
CCN1[C]N(CC)c2c(-c3ccc(SC#N)cc3)ccc(-c3ccc(SC#N)cc3)c21,pb_TIEN_L2,SCN_direct,C2,C2,nonplanar,126.62906151830047,pycofbuilder,1.117403170448474,2.369652202895753,2304,cof_002304,cof_symmetry_pipeline/output/pycofbuilder/xyz/mol_001653.xyz,51,31,54,0,2,train,val
O=Cc1ccc(-c2ccc(-c3ccc(-c4ccc(-c5ccc(-c6ccc(-c7ccc(C=O)cc7)cc6)cc5)cc4)cc3)cc2)cc1,pb_TPNY_L2,CHO_phph,C2,D2,nonplanar,181.1428464504637,pycofbuilder,1.06395998205159,2.1361565035170247,2305,cof_002305,cof_symmetry_pipeline/output/pycofbuilder/xyz/mol_001748.xyz,76,46,82,0,0,test,train
Nc1ccc(-c2ccc(-c3ccc(-c4ccc(-c5ccc(-c6ccc(-c7ccc(N)cc7)cc6)cc5)cc4)cc3)cc2)cc1,pb_TPNY_L2,NH2_phph,C2,D2,nonplanar,131.42619330972929,pycofbuilder,1.065601304317793,2.179601196851978,2306,cof_002306,cof_symmetry_pipeline/output/pycofbuilder/xyz/mol_001749.xyz,76,44,82,0,0,train,train
C=Cc1ccc(-c2ccc(-c3ccc(C=C)cc3)cc2)cc1,pb_TPNY_L2,vinyl_direct,C2,D2,nonplanar,72.54722350482945,pycofbuilder,0.9118717454493672,1.8192666268700235,2307,cof_002307,cof_symmetry_pipeline/output/pycofbuilder/xyz/mol_001753.xyz,40,22,42,0,0,train,train
O=C=Nc1ccc(-c2ccc(-c3ccc(N=C=O)cc3)cc2)cc1,pb_TPNY_L2,NCO_direct,C2,D2,nonplanar,47.98147306544996,pycofbuilder,0.9913445093889944,1.855615545959528,2308,cof_002308,cof_symmetry_pipeline/output/pycofbuilder/xyz/mol_001755.xyz,36,24,38,0,0,val,train
S=C=Nc1ccc(-c2ccc(-c3ccc(N=C=S)cc3)cc2)cc1,pb_TPNY_L2,NCS_direct,C2,D2,nonplanar,51.58228025848864,pycofbuilder,1.0157321375136357,1.8743583301898916,2309,cof_002309,cof_symmetry_pipeline/output/pycofbuilder/xyz/mol_001756.xyz,36,24,38,0,0,train,train
O=P(O)(O)c1ccc(-c2ccc(-c3ccc(P(=O)(O)O)cc3)cc2)cc1,pb_TPNY_L2,PO3H2_direct,C2,D2,nonplanar,-174.36874541579635,pycofbuilder,0.9755495233546008,1.7289229105209023,2310,cof_002310,cof_symmetry_pipeline/output/pycofbuilder/xyz/mol_001758.xyz,42,26,44,0,0,train,train
Clc1ccc(-c2ccc(-c3ccc(-c4ccc(-c5ccc(Cl)cc5)cc4)cc3)cc2)cc1,pb_TPNY_L2,Cl_ph,C2,D2,nonplanar,103.32804878820671,pycofbuilder,0.9400380944238064,2.1550196297083035,2311,cof_002311,cof_symmetry_pipeline/output/pycofbuilder/xyz/mol_001760.xyz,52,32,56,0,0,train,train
COC(=O)c1ccc(-c2ccc(-c3ccc(C(=O)OC)cc3)cc2)cc1,pb_TPNY_L2,COOMe_direct,C2,D2,nonplanar,88.59679672061526,pycofbuilder,0.9804877650865385,2.027880205043364,2312,cof_002312,cof_symmetry_pipeline/output/pycofbuilder/xyz/mol_001761.xyz,44,26,46,0,0,train,train
O=C(Cl)c1ccc(-c2ccc(-c3ccc(C(=O)Cl)cc3)cc2)cc1,pb_TPNY_L2,COCl_direct,C2,D2,nonplanar,112.14505235015965,pycofbuilder,1.002496998157573,1.7702481948678366,2313,cof_002313,cof_symmetry_pipeline/output/pycofbuilder/xyz/mol_001764.xyz,36,24,38,0,0,train,train
NS(=O)(=O)c1ccc(-c2ccc(-c3ccc(S(N)(=O)=O)cc3)cc2)cc1,pb_TPNY_L2,SO2NH2_direct,C2,D2,nonplanar,-80.91111610538128,pycofbuilder,1.0415167752514052,1.899698337479687,2314,cof_002314,cof_symmetry_pipeline/output/pycofbuilder/xyz/mol_001766.xyz,42,26,44,0,0,train,train
O=CC#Cc1ccc(-c2ccc(-c3ccc(C#CC=O)cc3)cc2)cc1,pb_TPNY_L2,CCCHO_direct,C2,D2,nonplanar,64.28752982469582,pycofbuilder,0.9340303178459048,1.7551804346083126,2315,cof_002315,cof_symmetry_pipeline/output/pycofbuilder/xyz/mol_001767.xyz,40,26,42,0,0,train,train
NC#Cc1ccc(-c2ccc(-c3ccc(C#CN)cc3)cc2)cc1,pb_TPNY_L2,CCNH2_direct,C2,D2,nonplanar,51.62476340494269,pycofbuilder,0.9122352043181228,1.7764495428264997,2316,cof_002316,cof_symmetry_pipeline/output/pycofbuilder/xyz/mol_001768.xyz,40,24,42,0,0,train,train
N#CC#Cc1ccc(-c2ccc(-c3ccc(C#CC#N)cc3)cc2)cc1,pb_TPNY_L2,CCCN_direct,C2,C2h,nonplanar,64.51470427535445,pycofbuilder,0.5843743767760777,1.373677754973185,2317,cof_002317,cof_symmetry_pipeline/output/pycofbuilder/xyz/mol_001769.xyz,38,26,40,0,0,train,train
O=C(O)C#Cc1ccc(-c2ccc(-c3ccc(C#CC(=O)O)cc3)cc2)cc1,pb_TPNY_L2,CCCOOH_direct,C2,D2,nonplanar,0.5511982503799935,pycofbuilder,0.9311712458401268,1.8439752140108905,2318,cof_002318,cof_symmetry_pipeline/output/pycofbuilder/xyz/mol_001770.xyz,42,28,44,0,0,train,train
O=[N+]([O-])C#Cc1ccc(-c2ccc(-c3ccc(C#C[N+](=O)[O-])cc3)cc2)cc1,pb_TPNY_L2,CCNO2_direct,C2,C2h,nonplanar,69.10600831299593,pycofbuilder,0.5739184845862063,1.4062661480681566,2319,cof_002319,cof_symmetry_pipeline/output/pycofbuilder/xyz/mol_001771.xyz,40,28,42,0,0,train,train
OC#Cc1ccc(-c2ccc(-c3ccc(C#CO)cc3)cc2)cc1,pb_TPNY_L2,CCOH_direct,C2,D2,nonplanar,56.51490592108501,pycofbuilder,0.9221099836311096,1.7759826690277798,2320,cof_002320,cof_symmetry_pipeline/output/pycofbuilder/xyz/mol_001772.xyz,38,24,40,0,0,test,train
FC(F)(F)C#Cc1ccc(-c2ccc(-c3ccc(C#CC(F)(F)F)cc3)cc2)cc1,pb_TPNY_L2,CCCF3_direct,C2,D2,nonplanar,70.03263017375369,pycofbuilder,0.9339582880345216,1.7468639297311666,2321,cof_002321,cof_symmetry_pipeline/output/pycofbuilder/xyz/mol_001773.xyz,42,30,44,0,0,train,train
O=C=NC#Cc1ccc(-c2ccc(-c3ccc(C#CN=C=O)cc3)cc2)cc1,pb_TPNY_L2,CCNCO_direct,C2,D2,nonplanar,52.41759033169946,pycofbuilder,0.9782644295086323,1.870562827522398,2322,cof_002322,cof_symmetry_pipeline/output/pycofbuilder/xyz/mol_001774.xyz,40,28,42,0,0,train,train
O=COc1ccc(-c2ccc(-c3ccc(OC=O)cc3)cc2)cc1,pb_TPNY_L2,OCHO_direct,C2,C2,nonplanar,78.72896585909308,pycofbuilder,0.9322814718749606,1.8180701634324483,2323,cof_002323,cof_symmetry_pipeline/output/pycofbuilder/xyz/mol_001777.xyz,38,24,40,0,0,train,train
N#COc1ccc(-c2ccc(-c3ccc(OC#N)cc3)cc2)cc1,pb_TPNY_L2,OCN_direct,C2,D2,nonplanar,74.25284447313709,pycofbuilder,0.9953976514723176,1.9967326953431688,2324,cof_002324,cof_symmetry_pipeline/output/pycofbuilder/xyz/mol_001778.xyz,36,24,38,0,0,train,train
CC(=O)Oc1ccc(-c2ccc(-c3ccc(OC(C)=O)cc3)cc2)cc1,pb_TPNY_L2,Oacetyl_direct,C2,C2,nonplanar,77.69705834476369,pycofbuilder,0.913466475980634,1.8852223504076204,2325,cof_002325,cof_symmetry_pipeline/output/pycofbuilder/xyz/mol_001779.xyz,44,26,46,0,0,test,train
N#CNc1ccc(-c2ccc(-c3ccc(NC#N)cc3)cc2)cc1,pb_TPNY_L2,NHCN_direct,C2,C2,nonplanar,4.659651405377222,pycofbuilder,0.9393662119016288,1.7652520320886569,2326,cof_002326,cof_symmetry_pipeline/output/pycofbuilder/xyz/mol_001782.xyz,38,24,40,0,0,train,train
N#CSc1ccc(-c2ccc(-c3ccc(SC#N)cc3)cc2)cc1,pb_TPNY_L2,SCN_direct,C2,C2,nonplanar,62.81491934832701,pycofbuilder,1.0190731554038233,1.88612376050258,2327,cof_002327,cof_symmetry_pipeline/output/pycofbuilder/xyz/mol_001784.xyz,36,24,38,0,0,train,train
Brc1ccc(-c2ccc(-c3ccc(Br)cc3)cc2)cc1,pb_TPNY_L2,Br_direct,C2,D2,nonplanar,59.69895922825907,pycofbuilder,0.9987706514154678,1.7480809804309383,2328,cof_002328,cof_symmetry_pipeline/output/pycofbuilder/xyz/mol_001786.xyz,32,20,34,0,0,train,train
Ic1ccc(-c2ccc(-c3ccc(I)cc3)cc2)cc1,pb_TPNY_L2,I_direct,C2,C2h,nonplanar,61.29979220058364,pycofbuilder,0.6375469736096253,1.3758628516380658,2329,cof_002329,cof_symmetry_pipeline/output/pycofbuilder/xyz/mol_001787.xyz,32,20,34,0,0,train,train
C[Si](C)(C)c1ccc(-c2ccc(-c3ccc([Si](C)(C)C)cc3)cc2)cc1,pb_TPNY_L2,SiMe3_direct,C2,D2,nonplanar,76.5655320654152,pycofbuilder,1.2485145298392,2.4707382596690897,2330,cof_002330,cof_symmetry_pipeline/output/pycofbuilder/xyz/mol_001788.xyz,56,26,58,0,0,train,train
O=S(=O)(Cl)c1ccc(-c2ccc(-c3ccc(S(=O)(=O)Cl)cc3)cc2)cc1,pb_TPNY_L2,SO2Cl_direct,C2,D2,nonplanar,124.87976212122172,pycofbuilder,1.0181489505601,1.810877648913216,2331,cof_002331,cof_symmetry_pipeline/output/pycofbuilder/xyz/mol_001791.xyz,38,26,40,0,0,train,train
O=P(Cl)(Cl)c1ccc(-c2ccc(-c3ccc(P(=O)(Cl)Cl)cc3)cc2)cc1,pb_TPNY_L2,POCl2_direct,C2,D2,nonplanar,129.35094667293453,pycofbuilder,1.0330010105992076,1.7955105897624972,2332,cof_002332,cof_symmetry_pipeline/output/pycofbuilder/xyz/mol_001792.xyz,38,26,40,0,0,train,train
O=C(O)c1ccc(-c2ccc(-c3ccc(-c4ccc(-c5ccc(-c6ccc(-c7ccc(C(=O)O)cc7)cc6)cc5)cc4)cc3)cc2)cc1,pb_TPNY_L2,COOH_phph,C2,D2,nonplanar,141.56690649125636,pycofbuilder,0.9360317258834548,1.8581137190635169,2333,cof_002333,cof_symmetry_pipeline/output/pycofbuilder/xyz/mol_001793.xyz,78,48,84,0,0,val,train
N#Cc1ccc(-c2ccc(-c3ccc(-c4ccc(-c5ccc(-c6ccc(-c7ccc(C#N)cc7)cc6)cc5)cc4)cc3)cc2)cc1,pb_TPNY_L2,CN_phph,C2,D2,nonplanar,178.07393518380547,pycofbuilder,1.063104969007587,2.1216668669082197,2334,cof_002334,cof_symmetry_pipeline/output/pycofbuilder/xyz/mol_001794.xyz,74,46,80,0,0,train,train
O=[N+]([O-])c1ccc(-c2ccc(-c3ccc(-c4ccc(-c5ccc(-c6ccc(-c7ccc([N+](=O)[O-])cc7)cc6)cc5)cc4)cc3)cc2)cc1,pb_TPNY_L2,NO2_phph,C2,C2,nonplanar,218.0406962908397,pycofbuilder,0.9098552697150392,2.1225168279989224,2335,cof_002335,cof_symmetry_pipeline/output/pycofbuilder/xyz/mol_001795.xyz,76,48,82,0,0,train,train
N#CCc1ccc(-c2ccc(-c3ccc(CC#N)cc3)cc2)cc1,pb_TPNY_L2,PB_CHCN,C2,D2,nonplanar,95.88873458739216,pycofbuilder,0.9939589072035476,1.8343132970703968,2336,cof_002336,cof_symmetry_pipeline/output/pycofbuilder/xyz/mol_001797.xyz,40,24,42,0,0,train,train
NNCc1ccc(-c2ccc(-c3ccc(CNN)cc3)cc2)cc1,pb_TPNY_L2,PB_NHNH2,C2,D2,nonplanar,171.19321603818767,pycofbuilder,1.1362362017436605,2.2452910060751425,2337,cof_002337,cof_symmetry_pipeline/output/pycofbuilder/xyz/mol_001798.xyz,46,24,48,0,0,train,train
NNC(=O)c1ccc(-c2ccc(-c3ccc(C(=O)NN)cc3)cc2)cc1,pb_TPNY_L2,PB_CONHNH2,C2,D2,nonplanar,177.71666153144832,pycofbuilder,0.9178190249237718,1.817174904453076,2338,cof_002338,cof_symmetry_pipeline/output/pycofbuilder/xyz/mol_001800.xyz,44,26,46,0,0,train,train
[O]C(=O)c1ccc(-c2ccc(-c3ccc(C([O])=O)cc3)cc2)cc1,pb_TPNY_L2,PB_COOH,C2,C2h,nonplanar,121.96947097294192,pycofbuilder,0.5920370320705525,1.3717808363179589,2339,cof_002339,cof_symmetry_pipeline/output/pycofbuilder/xyz/mol_001801.xyz,36,24,38,0,2,train,train
O=Cc1cc2sc(C=O)cc2s1,pb_TTPH_L2,CHO_direct,C2,C2h,planar,30.134484809199584,pycofbuilder,2.430093174846004e-06,4.47617232435249e-06,2340,cof_002340,cof_symmetry_pipeline/output/pycofbuilder/xyz/mol_001803.xyz,16,12,17,0,0,train,train
OB(O)c1cc2sc(B(O)O)cc2s1,pb_TTPH_L2,BOH2_direct,C2,C2,planar,79.39076741909201,pycofbuilder,0.381035769127234,0.7634045660690338,2341,cof_002341,cof_symmetry_pipeline/output/pycofbuilder/xyz/mol_001809.xyz,20,14,21,0,0,train,train
OB(O)c1ccc(-c2cc3sc(-c4ccc(B(O)O)cc4)cc3s2)cc1,pb_TTPH_L2,BOH2_ph,C2,C2,planar,110.80921703887292,pycofbuilder,0.4664030825627214,1.3383136233359862,2342,cof_002342,cof_symmetry_pipeline/output/pycofbuilder/xyz/mol_001810.xyz,40,26,43,0,0,train,train
N#Cc1cc2sc(C#N)cc2s1,pb_TTPH_L2,CN_direct,C2,C2h,planar,21.943990130953203,pycofbuilder,2.3661376515896222e-05,4.992922410229639e-05,2343,cof_002343,cof_symmetry_pipeline/output/pycofbuilder/xyz/mol_001813.xyz,14,12,15,0,0,val,train
O=[N+]([O-])c1cc2sc([N+](=O)[O-])cc2s1,pb_TTPH_L2,NO2_direct,C2,C2h,planar,47.72010564359263,pycofbuilder,6.417037124051661e-06,1.7144902257126837e-05,2344,cof_002344,cof_symmetry_pipeline/output/pycofbuilder/xyz/mol_001817.xyz,16,14,17,0,0,train,train
O=[N+]([O-])c1ccc(-c2cc3sc(-c4ccc([N+](=O)[O-])cc4)cc3s2)cc1,pb_TTPH_L2,NO2_ph,C2,C2h,planar,120.79290132090551,pycofbuilder,8.378788197166851e-05,0.0002382412402344,2345,cof_002345,cof_symmetry_pipeline/output/pycofbuilder/xyz/mol_001818.xyz,36,26,39,0,0,train,train
Oc1ccc(-c2cc3sc(-c4ccc(O)cc4)cc3s2)cc1,pb_TTPH_L2,OH_ph,C2,C2,nonplanar,28.377044639066305,pycofbuilder,0.8997567690425001,1.643911137891258,2346,cof_002346,cof_symmetry_pipeline/output/pycofbuilder/xyz/mol_001820.xyz,34,22,37,0,0,train,train
[N-]=[N+]=Nc1cc2sc(N=[N+]=[N-])cc2s1,pb_TTPH_L2,N3_direct,C2,C2,nonplanar,-5.019935406564668,pycofbuilder,0.5375463388716911,1.2380372206607004,2347,cof_002347,cof_symmetry_pipeline/output/pycofbuilder/xyz/mol_001822.xyz,16,14,17,0,0,train,train
C#Cc1cc2sc(C#C)cc2s1,pb_TTPH_L2,ethynyl_direct,C2,C2h,planar,2.925830392207727,pycofbuilder,5.805674557453926e-06,1.1740175450136723e-05,2348,cof_002348,cof_symmetry_pipeline/output/pycofbuilder/xyz/mol_001824.xyz,16,12,17,0,0,train,train
Cc1cc2sc(C)cc2s1,pb_TTPH_L2,methyl_direct,C2,C2h,planar,13.99981728001966,pycofbuilder,0.4194521634586244,0.8897945880998945,2349,cof_002349,cof_symmetry_pipeline/output/pycofbuilder/xyz/mol_001825.xyz,18,10,19,0,0,test,train
O=C=Nc1cc2sc(N=C=O)cc2s1,pb_TTPH_L2,NCO_direct,C2,C2,nonplanar,-4.076802654950949,pycofbuilder,0.6349462012211351,1.4790338477227774,2350,cof_002350,cof_symmetry_pipeline/output/pycofbuilder/xyz/mol_001827.xyz,16,14,17,0,0,val,train
S=C=Nc1cc2sc(N=C=S)cc2s1,pb_TTPH_L2,NCS_direct,C2,C2,nonplanar,-0.5719092972318549,pycofbuilder,0.8833435741716059,2.1547112739824823,2351,cof_002351,cof_symmetry_pipeline/output/pycofbuilder/xyz/mol_001828.xyz,16,14,17,0,0,train,train
O=S(=O)(O)c1cc2sc(S(=O)(=O)O)cc2s1,pb_TTPH_L2,SO3H_direct,C2,C2,nonplanar,-60.86095199021875,pycofbuilder,0.7932309819893273,1.6755675286886849,2352,cof_002352,cof_symmetry_pipeline/output/pycofbuilder/xyz/mol_001829.xyz,20,16,21,0,0,test,train
FC(F)(F)c1cc2sc(C(F)(F)F)cc2s1,pb_TTPH_L2,CF3_direct,C2,C2h,nonplanar,46.46050707118873,pycofbuilder,0.5149779122716898,1.092436842454653,2353,cof_002353,cof_symmetry_pipeline/output/pycofbuilder/xyz/mol_001831.xyz,18,16,19,0,0,train,train
Clc1cc2sc(Cl)cc2s1,pb_TTPH_L2,Cl_direct,C2,C2h,planar,-3.269809841352874,pycofbuilder,3.0190303618629306e-07,6.948902374626087e-07,2354,cof_002354,cof_symmetry_pipeline/output/pycofbuilder/xyz/mol_001833.xyz,12,10,13,0,0,train,train
Clc1ccc(-c2cc3sc(-c4ccc(Cl)cc4)cc3s2)cc1,pb_TTPH_L2,Cl_ph,C2,C2h,planar,50.41734290148334,pycofbuilder,1.4467045338176238e-05,3.0009205740921807e-05,2355,cof_002355,cof_symmetry_pipeline/output/pycofbuilder/xyz/mol_001834.xyz,32,22,35,0,0,val,train
COC(=O)c1cc2sc(C(=O)OC)cc2s1,pb_TTPH_L2,COOMe_direct,C2,C2h,planar,13.885976022112946,pycofbuilder,0.367895674626819,0.9011581932584516,2356,cof_002356,cof_symmetry_pipeline/output/pycofbuilder/xyz/mol_001835.xyz,24,16,25,0,0,val,train
NC(=O)c1cc2sc(C(N)=O)cc2s1,pb_TTPH_L2,CONH2_direct,C2,C2,planar,-44.30745767691485,pycofbuilder,0.1652070027451006,0.3834153012325889,2357,cof_002357,cof_symmetry_pipeline/output/pycofbuilder/xyz/mol_001836.xyz,20,14,21,0,0,train,train
O=C(Cl)c1cc2sc(C(=O)Cl)cc2s1,pb_TTPH_L2,COCl_direct,C2,C2h,planar,45.1391208377604,pycofbuilder,1.059212865861561e-06,2.841309360901434e-06,2358,cof_002358,cof_symmetry_pipeline/output/pycofbuilder/xyz/mol_001839.xyz,16,14,17,0,0,test,train
CC(=O)c1cc2sc(C(C)=O)cc2s1,pb_TTPH_L2,acetyl_direct,C2,C2h,planar,38.016482317408,pycofbuilder,0.3829642734866544,0.8982008066314163,2359,cof_002359,cof_symmetry_pipeline/output/pycofbuilder/xyz/mol_001840.xyz,22,14,23,0,0,val,train
O=CC#Cc1cc2sc(C#CC=O)cc2s1,pb_TTPH_L2,CCCHO_direct,C2,C2h,planar,2.4935114861613537,pycofbuilder,1.6691519174114747e-05,4.139707030104134e-05,2360,cof_002360,cof_symmetry_pipeline/output/pycofbuilder/xyz/mol_001843.xyz,20,16,21,0,0,train,train
NC#Cc1cc2sc(C#CN)cc2s1,pb_TTPH_L2,CCNH2_direct,C2,C2h,planar,0.2776740715658059,pycofbuilder,0.3681027243438216,0.8231097849884719,2361,cof_002361,cof_symmetry_pipeline/output/pycofbuilder/xyz/mol_001844.xyz,20,14,21,0,0,val,train
N#CC#Cc1cc2sc(C#CC#N)cc2s1,pb_TTPH_L2,CCCN_direct,C2,C2h,planar,3.2296844573415697,pycofbuilder,4.928686436078956e-07,7.374817629773878e-07,2362,cof_002362,cof_symmetry_pipeline/output/pycofbuilder/xyz/mol_001845.xyz,18,16,19,0,0,test,train
O=C(O)C#Cc1cc2sc(C#CC(=O)O)cc2s1,pb_TTPH_L2,CCCOOH_direct,C2,C2h,planar,-61.67706165729292,pycofbuilder,0.0001144600619732,0.0003121003177564,2363,cof_002363,cof_symmetry_pipeline/output/pycofbuilder/xyz/mol_001846.xyz,22,18,23,0,0,train,train
O=[N+]([O-])C#Cc1cc2sc(C#C[N+](=O)[O-])cc2s1,pb_TTPH_L2,CCNO2_direct,C2,C2h,planar,3.997714485678106,pycofbuilder,1.0384170076793627e-05,2.675182102196416e-05,2364,cof_002364,cof_symmetry_pipeline/output/pycofbuilder/xyz/mol_001847.xyz,20,18,21,0,0,train,train
OC#Cc1cc2sc(C#CO)cc2s1,pb_TTPH_L2,CCOH_direct,C2,C2h,planar,2.149080978039982,pycofbuilder,1.7770214539875876e-06,5.256693421440417e-06,2365,cof_002365,cof_symmetry_pipeline/output/pycofbuilder/xyz/mol_001848.xyz,18,14,19,0,0,train,train
FC(F)(F)C#Cc1cc2sc(C#CC(F)(F)F)cc2s1,pb_TTPH_L2,CCCF3_direct,C2,C2h,planar,4.874885754615089,pycofbuilder,0.466412172590052,1.093849886117102,2366,cof_002366,cof_symmetry_pipeline/output/pycofbuilder/xyz/mol_001849.xyz,22,20,23,0,0,train,train
O=C=NC#Cc1cc2sc(C#CN=C=O)cc2s1,pb_TTPH_L2,CCNCO_direct,C2,C2h,planar,-3.05696547834248,pycofbuilder,0.0294300407804209,0.094061983551121,2367,cof_002367,cof_symmetry_pipeline/output/pycofbuilder/xyz/mol_001850.xyz,20,18,21,0,0,test,train
CC(=O)C#Cc1cc2sc(C#CC(C)=O)cc2s1,pb_TTPH_L2,CCacetyl_direct,C2,C2h,planar,6.006917678831121,pycofbuilder,0.3513502329632214,0.8957896119439477,2368,cof_002368,cof_symmetry_pipeline/output/pycofbuilder/xyz/mol_001851.xyz,26,18,27,0,0,val,train
COC(=O)C#Cc1cc2sc(C#CC(=O)OC)cc2s1,pb_TTPH_L2,CCCOOMe_direct,C2,C2h,planar,-20.530233853765207,pycofbuilder,0.343914735804244,0.9327614620861508,2369,cof_002369,cof_symmetry_pipeline/output/pycofbuilder/xyz/mol_001852.xyz,28,20,29,0,0,train,train
O=COc1cc2sc(OC=O)cc2s1,pb_TTPH_L2,OCHO_direct,C2,C2h,planar,17.538889504796288,pycofbuilder,6.387503315881499e-06,1.610350819112455e-05,2370,cof_002370,cof_symmetry_pipeline/output/pycofbuilder/xyz/mol_001853.xyz,18,14,19,0,0,test,train
N#COc1cc2sc(OC#N)cc2s1,pb_TTPH_L2,OCN_direct,C2,C2h,planar,16.26462084287182,pycofbuilder,3.16088435208646e-06,6.603499189128392e-06,2371,cof_002371,cof_symmetry_pipeline/output/pycofbuilder/xyz/mol_001854.xyz,16,14,17,0,0,train,train
CC(=O)Oc1cc2sc(OC(C)=O)cc2s1,pb_TTPH_L2,Oacetyl_direct,C2,C2h,planar,16.88372536051434,pycofbuilder,0.366978931962434,0.8990111225058375,2372,cof_002372,cof_symmetry_pipeline/output/pycofbuilder/xyz/mol_001855.xyz,24,16,25,0,0,train,train
O=CNc1cc2sc(NC=O)cc2s1,pb_TTPH_L2,NHCHO_direct,C2,C2h,planar,-21.417791033092577,pycofbuilder,3.663779814023439e-06,9.692258063243033e-06,2373,cof_002373,cof_symmetry_pipeline/output/pycofbuilder/xyz/mol_001856.xyz,20,14,21,0,0,val,train
N#CNc1cc2sc(NC#N)cc2s1,pb_TTPH_L2,NHCN_direct,C2,C2,nonplanar,-60.17120517858582,pycofbuilder,0.5068904553327208,1.2440609131228904,2374,cof_002374,cof_symmetry_pipeline/output/pycofbuilder/xyz/mol_001858.xyz,18,14,19,0,0,val,train
Brc1cc2sc(Br)cc2s1,pb_TTPH_L2,Br_direct,C2,C2h,planar,-0.4912989937800462,pycofbuilder,5.71815209408388e-06,1.324317689510579e-05,2375,cof_002375,cof_symmetry_pipeline/output/pycofbuilder/xyz/mol_001862.xyz,12,10,13,0,0,train,train
Ic1cc2sc(I)cc2s1,pb_TTPH_L2,I_direct,C2,C2h,planar,0.8797202369683532,pycofbuilder,2.6188078449483443e-06,4.11009023537634e-06,2376,cof_002376,cof_symmetry_pipeline/output/pycofbuilder/xyz/mol_001863.xyz,12,10,13,0,0,val,train
C[Si](C)(C)c1cc2sc([Si](C)(C)C)cc2s1,pb_TTPH_L2,SiMe3_direct,C2,C2h,nonplanar,23.6501559403222,pycofbuilder,1.2568345699078636,2.4362617173799967,2377,cof_002377,cof_symmetry_pipeline/output/pycofbuilder/xyz/mol_001864.xyz,36,16,37,0,0,test,train
[CH3][Sn]([CH3])([CH3])[c]1cc2s[c]([Sn]([CH3])([CH3])[CH3])cc2s1,pb_TTPH_L2,SnMe3_direct,C2,C2,nonplanar,75.24999030623576,pycofbuilder,1.3757923926161513,2.602925198269036,2378,cof_002378,cof_symmetry_pipeline/output/pycofbuilder/xyz/mol_001865.xyz,36,16,37,0,0,train,train
O=C(O)c1ccc(-c2ccc(-c3cc4sc(-c5ccc(-c6ccc(C(=O)O)cc6)cc5)cc4s3)cc2)cc1,pb_TTPH_L2,COOH_phph,C2,C2,nonplanar,85.92777933888323,pycofbuilder,0.6879064924614819,1.6579884820068287,2379,cof_002379,cof_symmetry_pipeline/output/pycofbuilder/xyz/mol_001869.xyz,58,38,63,0,0,val,train
N#Cc1ccc(-c2ccc(-c3cc4sc(-c5ccc(-c6ccc(C#N)cc6)cc5)cc4s3)cc2)cc1,pb_TTPH_L2,CN_phph,C2,C2,nonplanar,122.49802823282698,pycofbuilder,0.7185046597512554,1.6652303354857494,2380,cof_002380,cof_symmetry_pipeline/output/pycofbuilder/xyz/mol_001870.xyz,54,36,59,0,0,train,train
N#CCc1cc2sc(CC#N)cc2s1,pb_TTPH_L2,PB_CHCN,C2,C2,nonplanar,38.32183798128336,pycofbuilder,0.8755520048522104,2.166225893917061,2381,cof_002381,cof_symmetry_pipeline/output/pycofbuilder/xyz/mol_001873.xyz,20,14,21,0,0,train,train
NNCc1cc2sc(CNN)cc2s1,pb_TTPH_L2,PB_NHNH2,C2,C2,nonplanar,119.56596245655554,pycofbuilder,1.0493752428188723,1.9703304307021317,2382,cof_002382,cof_symmetry_pipeline/output/pycofbuilder/xyz/mol_001874.xyz,26,14,27,0,0,val,train
[O]C(=O)c1cc2sc(C([O])=O)cc2s1,pb_TTPH_L2,PB_COOH,C2,C2h,planar,76.65791825736764,pycofbuilder,3.50851539550749e-07,7.987739878423383e-07,2383,cof_002383,cof_symmetry_pipeline/output/pycofbuilder/xyz/mol_001877.xyz,16,14,17,0,2,train,train
O=Cc1cc(C=O)cc(C=O)c1,pb_BENZ_T3,CHO_direct,C3,C3h,planar,37.51768273159719,pycofbuilder,1.058601396368696e-06,2.3807141812937083e-06,2384,cof_002384,cof_symmetry_pipeline/output/pycofbuilder/xyz/mol_001879.xyz,18,12,18,0,0,train,test
N#Cc1cc(C#N)cc(C#N)c1,pb_BENZ_T3,CN_direct,C3,D3h,planar,38.6032200095558,pycofbuilder,2.292762727137964e-06,4.763387248751805e-06,2385,cof_002385,cof_symmetry_pipeline/output/pycofbuilder/xyz/mol_001889.xyz,15,12,15,0,0,val,test
O=[N+]([O-])c1cc([N+](=O)[O-])cc([N+](=O)[O-])c1,pb_BENZ_T3,NO2_direct,C3,D3h,planar,77.0875573981966,pycofbuilder,8.855286921335977e-06,1.883977443339901e-05,2386,cof_002386,cof_symmetry_pipeline/output/pycofbuilder/xyz/mol_001893.xyz,18,15,18,0,0,train,test
O=[N+]([O-])c1ccc(-c2cc(-c3ccc([N+](=O)[O-])cc3)cc(-c3ccc([N+](=O)[O-])cc3)c2)cc1,pb_BENZ_T3,NO2_ph,C3,D3,nonplanar,179.83577836487876,pycofbuilder,1.0577700888206416,1.7653643638200969,2387,cof_002387,cof_symmetry_pipeline/output/xyz/mol_000748_s0251.xyz,48,33,51,0,0,train,test
C#Cc1cc(C#C)cc(C#C)c1,pb_BENZ_T3,ethynyl_direct,C3,D3h,planar,5.24519798440416,pycofbuilder,6.512275308684987e-06,1.2123649602013842e-05,2388,cof_002388,cof_symmetry_pipeline/output/pycofbuilder/xyz/mol_001900.xyz,18,12,18,0,0,val,test
O=C=Nc1cc(N=C=O)cc(N=C=O)c1,pb_BENZ_T3,NCO_direct,C3,C3v,nonplanar,-9.11015093306115,pycofbuilder,0.8053748183505283,1.586878567675036,2389,cof_002389,cof_symmetry_pipeline/output/pycofbuilder/xyz/mol_001903.xyz,18,15,18,0,0,train,test
S=C=Nc1cc(N=C=S)cc(N=C=S)c1,pb_BENZ_T3,NCS_direct,C3,C3v,nonplanar,-4.652848151041976,pycofbuilder,1.00025572105017,2.0651946061638324,2390,cof_002390,cof_symmetry_pipeline/output/pycofbuilder/xyz/mol_001904.xyz,18,15,18,0,0,train,test
Clc1cc(Cl)cc(Cl)c1,pb_BENZ_T3,Cl_direct,C3,D3h,planar,-7.758436345597896,pycofbuilder,3.052521292160322e-06,6.831930327466651e-06,2391,cof_002391,cof_symmetry_pipeline/output/pycofbuilder/xyz/mol_001909.xyz,12,9,12,0,0,train,test
NC#Cc1cc(C#CN)cc(C#CN)c1,pb_BENZ_T3,CCNH2_direct,C3,C3h,planar,-7.817425760486884,pycofbuilder,0.4117134043354269,0.8234779158159287,2392,cof_002392,cof_symmetry_pipeline/output/xyz/mol_000837_s0383.xyz,24,15,24,0,0,test,test
CC(=O)Oc1cc(OC(C)=O)cc(OC(C)=O)c1,pb_BENZ_T3,Oacetyl_direct,C3,C3,nonplanar,35.18874301981323,pycofbuilder,0.6419825314485569,1.2112637023914723,2393,cof_002393,cof_symmetry_pipeline/output/xyz/mol_002400.xyz,30,18,30,0,0,train,test
O=CNc1cc(NC=O)cc(NC=O)c1,pb_BENZ_T3,NHCHO_direct,C3,C3h,planar,-48.16658875849441,pycofbuilder,3.9248143145089695e-06,8.481227903978095e-06,2394,cof_002394,cof_symmetry_pipeline/output/pycofbuilder/xyz/mol_001932.xyz,24,15,24,0,0,train,test
CS(=O)(=O)Nc1cc(NS(C)(=O)=O)cc(NS(C)(=O)=O)c1,pb_BENZ_T3,NHSO2_direct,C3,C3,nonplanar,-147.12518656300438,pycofbuilder,1.2228148655295925,2.082404707494869,2395,cof_002395,cof_symmetry_pipeline/output/pycofbuilder/xyz/mol_001935.xyz,36,21,36,0,0,val,test
Brc1cc(Br)cc(Br)c1,pb_BENZ_T3,Br_direct,C3,D3h,planar,1.4296021613928656,pycofbuilder,1.7679085310575002e-06,3.826543258422799e-06,2396,cof_002396,cof_symmetry_pipeline/output/pycofbuilder/xyz/mol_001938.xyz,12,9,12,0,0,train,test
Ic1cc(I)cc(I)c1,pb_BENZ_T3,I_direct,C3,D3h,planar,6.373787708278571,pycofbuilder,6.346128744000046e-06,1.3721526444798736e-05,2397,cof_002397,cof_symmetry_pipeline/output/pycofbuilder/xyz/mol_001939.xyz,12,9,12,0,0,train,test
O=P(Cl)(Cl)c1cc(P(=O)(Cl)Cl)cc(P(=O)(Cl)Cl)c1,pb_BENZ_T3,POCl2_direct,C3,C3h,nonplanar,122.14115417226584,pycofbuilder,0.8449738170375823,1.5808405632811722,2398,cof_002398,cof_symmetry_pipeline/output/pycofbuilder/xyz/mol_001944.xyz,21,18,21,0,0,train,test
[O]C(=O)c1cc(C([O])=O)cc(C([O])=O)c1,pb_BENZ_T3,PB_COOH,C3,D3h,planar,226.654264739334,pycofbuilder,1.606984377908526e-05,3.776487238538184e-05,2399,cof_002399,cof_symmetry_pipeline/output/pycofbuilder/xyz/mol_001953.xyz,18,15,18,0,3,train,test
N#CN1BN(C#N)BN(C#N)B1,pb_BRZN_T3,CN_direct,C3,D3h,planar,1.47996468949444,pycofbuilder,2.368404641832062e-06,5.26353700125437e-06,2400,cof_002400,cof_symmetry_pipeline/output/pycofbuilder/xyz/mol_001963.xyz,15,12,15,0,0,test,test
O=C(O)N1BN(C(=O)O)BN(C(=O)O)B1,pb_BRZN_T3,COOH_direct,C3,C3h,planar,13.29979666449363,pycofbuilder,1.4020591026373814e-05,3.141170578202512e-05,2401,cof_002401,cof_symmetry_pipeline/output/pycofbuilder/xyz/mol_001965.xyz,21,15,21,0,0,train,test
C#CN1BN(C#C)BN(C#C)B1,pb_BRZN_T3,ethynyl_direct,C3,D3h,planar,0.98920985171975,pycofbuilder,2.494560042628822e-05,5.263708347652552e-05,2402,cof_002402,cof_symmetry_pipeline/output/pycofbuilder/xyz/mol_001970.xyz,18,12,18,0,0,train,test
CN1BN(C)BN(C)B1,pb_BRZN_T3,methyl_direct,C3,C3v,nonplanar,20.389654692077897,pycofbuilder,0.92860496344571,1.3017153053549708,2403,cof_002403,cof_symmetry_pipeline/output/pycofbuilder/xyz/mol_001971.xyz,21,9,21,0,0,train,test
O=C=NN1BN(N=C=O)BN(N=C=O)B1,pb_BRZN_T3,NCO_direct,C3,C3h,planar,14.292821896985068,pycofbuilder,3.802757535576683e-05,0.0001047318372816,2404,cof_002404,cof_symmetry_pipeline/output/pycofbuilder/xyz/mol_001973.xyz,18,15,18,0,0,train,test
CC(=O)N1BN(C(C)=O)BN(C(C)=O)B1,pb_BRZN_T3,acetyl_direct,C3,C3h,planar,21.484428827718386,pycofbuilder,0.4289007933389073,0.9337036333326194,2405,cof_002405,cof_symmetry_pipeline/output/pycofbuilder/xyz/mol_001983.xyz,27,15,27,0,0,val,test
N#CC#CN1BN(C#CC#N)BN(C#CC#N)B1,pb_BRZN_T3,CCCN_direct,C3,D3h,planar,0.1180124174456202,pycofbuilder,2.502324575569175e-06,6.860675811792838e-06,2406,cof_002406,cof_symmetry_pipeline/output/pycofbuilder/xyz/mol_001987.xyz,21,18,21,0,0,train,test
O=Cc1cc2c(s1)c1cc(C=O)sc1c1cc(C=O)sc21,pb_BTTP_T3,CHO_direct,C3,C3h,planar,90.7031128532388,pycofbuilder,7.070474852266374e-06,1.3643513540273489e-05,2407,cof_002407,cof_symmetry_pipeline/output/pycofbuilder/xyz/mol_002016.xyz,27,21,30,0,0,test,val
Nc1ccc(-c2ccc(-c3cc4c(s3)c3cc(-c5ccc(-c6ccc(N)cc6)cc5)sc3c3cc(-c5ccc(-c6ccc(N)cc6)cc5)sc43)cc2)cc1,pb_BTTP_T3,NH2_phph,C3,C3,nonplanar,162.68754787725527,pycofbuilder,0.6316602949010368,1.3614745886121202,2408,cof_002408,cof_symmetry_pipeline/output/pycofbuilder/xyz/mol_002021.xyz,87,54,96,0,0,train,val
OB(O)c1ccc(-c2cc3c(s2)c2cc(-c4ccc(B(O)O)cc4)sc2c2cc(-c4ccc(B(O)O)cc4)sc32)cc1,pb_BTTP_T3,BOH2_ph,C3,C3,planar,165.9804799178169,pycofbuilder,0.3603788803642269,1.249215546253968,2409,cof_002409,cof_symmetry_pipeline/output/pycofbuilder/xyz/mol_002023.xyz,63,42,69,0,0,val,val
C#Cc1ccc(-c2cc3c(s2)c2cc(-c4ccc(C#C)cc4)sc2c2cc(-c4ccc(C#C)cc4)sc32)cc1,pb_BTTP_T3,CCH_ph,C3,C3h,planar,127.02148885466733,pycofbuilder,0.0007171221050636,0.0017713613539838,2410,cof_002410,cof_symmetry_pipeline/output/pycofbuilder/xyz/mol_002024.xyz,57,39,63,0,0,test,val
N#Cc1cc2c(s1)c1cc(C#N)sc1c1cc(C#N)sc21,pb_BTTP_T3,CN_direct,C3,C3h,planar,80.75789932679962,pycofbuilder,1.0819979637640335e-05,2.557208560616253e-05,2411,cof_002411,cof_symmetry_pipeline/output/pycofbuilder/xyz/mol_002026.xyz,24,21,27,0,0,train,val
O=[N+]([O-])c1cc2c(s1)c1cc([N+](=O)[O-])sc1c1cc([N+](=O)[O-])sc21,pb_BTTP_T3,NO2_direct,C3,C3h,planar,118.69439021033426,pycofbuilder,6.80430414428067e-06,1.667386624915057e-05,2412,cof_002412,cof_symmetry_pipeline/output/pycofbuilder/xyz/mol_002030.xyz,27,24,30,0,0,train,val
O=[N+]([O-])c1ccc(-c2cc3c(s2)c2cc(-c4ccc([N+](=O)[O-])cc4)sc2c2cc(-c4ccc([N+](=O)[O-])cc4)sc32)cc1,pb_BTTP_T3,NO2_ph,C3,C3h,planar,229.8682409895676,pycofbuilder,0.0001243288164743,0.0003438085206326,2413,cof_002413,cof_symmetry_pipeline/output/pycofbuilder/xyz/mol_002031.xyz,57,42,63,0,0,train,val
Oc1cc2c(s1)c1cc(O)sc1c1cc(O)sc21,pb_BTTP_T3,OH_direct,C3,C3h,planar,35.88705400732165,pycofbuilder,5.074053978070696e-06,1.223042406861552e-05,2414,cof_002414,cof_symmetry_pipeline/output/pycofbuilder/xyz/mol_002032.xyz,24,18,27,0,0,train,val
[N-]=[N+]=Nc1cc2c(s1)c1cc(N=[N+]=[N-])sc1c1cc(N=[N+]=[N-])sc21,pb_BTTP_T3,N3_direct,C3,C3,planar,42.70988217882047,pycofbuilder,0.3038883946261204,0.7518196754593649,2415,cof_002415,cof_symmetry_pipeline/output/pycofbuilder/xyz/mol_002035.xyz,27,24,30,0,0,train,val
C#Cc1cc2c(s1)c1cc(C#C)sc1c1cc(C#C)sc21,pb_BTTP_T3,ethynyl_direct,C3,C3h,planar,54.84255855626101,pycofbuilder,0.0001297075582559,0.0002774998775665,2416,cof_002416,cof_symmetry_pipeline/output/pycofbuilder/xyz/mol_002037.xyz,27,21,30,0,0,test,val
Cc1cc2c(s1)c1cc(C)sc1c1cc(C)sc21,pb_BTTP_T3,methyl_direct,C3,C3h,planar,68.2883651029658,pycofbuilder,0.3978412292859886,0.8896135269060305,2417,cof_002417,cof_symmetry_pipeline/output/pycofbuilder/xyz/mol_002038.xyz,30,18,33,0,0,val,val
S=C=Nc1cc2c(s1)c1cc(N=C=S)sc1c1cc(N=C=S)sc21,pb_BTTP_T3,NCS_direct,C3,C3,nonplanar,49.65598386838472,pycofbuilder,0.777534645183078,2.032814520826121,2418,cof_002418,cof_symmetry_pipeline/output/pycofbuilder/xyz/mol_002041.xyz,27,24,30,0,0,train,val
FC(F)(F)c1cc2c(s1)c1cc(C(F)(F)F)sc1c1cc(C(F)(F)F)sc21,pb_BTTP_T3,CF3_direct,C3,C3h,planar,112.86742433228537,pycofbuilder,0.4883974812546289,1.092165704635715,2419,cof_002419,cof_symmetry_pipeline/output/pycofbuilder/xyz/mol_002044.xyz,30,27,33,0,0,train,val
Clc1cc2c(s1)c1cc(Cl)sc1c1cc(Cl)sc21,pb_BTTP_T3,Cl_direct,C3,C3h,planar,47.428987699127966,pycofbuilder,9.916156939578129e-06,2.4210485448927788e-05,2420,cof_002420,cof_symmetry_pipeline/output/pycofbuilder/xyz/mol_002046.xyz,21,18,24,0,0,train,val
Clc1ccc(-c2cc3c(s2)c2cc(-c4ccc(Cl)cc4)sc2c2cc(-c4ccc(Cl)cc4)sc32)cc1,pb_BTTP_T3,Cl_ph,C3,C3h,planar,124.16473661993884,pycofbuilder,0.0001152516727106,0.0002783723693224,2421,cof_002421,cof_symmetry_pipeline/output/pycofbuilder/xyz/mol_002047.xyz,51,36,57,0,0,train,val
O=C(Cl)c1cc2c(s1)c1cc(C(=O)Cl)sc1c1cc(C(=O)Cl)sc21,pb_BTTP_T3,COCl_direct,C3,C3h,planar,111.94489580763428,pycofbuilder,4.164385874535144e-06,1.1760658474413432e-05,2422,cof_002422,cof_symmetry_pipeline/output/pycofbuilder/xyz/mol_002052.xyz,27,24,30,0,0,val,val
CC(=O)c1cc2c(s1)c1cc(C(C)=O)sc1c1cc(C(C)=O)sc21,pb_BTTP_T3,acetyl_direct,C3,C3h,planar,101.90761489537496,pycofbuilder,0.366600914405668,0.8981155926854754,2423,cof_002423,cof_symmetry_pipeline/output/pycofbuilder/xyz/mol_002053.xyz,36,24,39,0,0,train,val
NC#Cc1cc2c(s1)c1cc(C#CN)sc1c1cc(C#CN)sc21,pb_BTTP_T3,CCNH2_direct,C3,C3h,planar,50.30674940279,pycofbuilder,0.3510238135405048,0.8240378609095033,2424,cof_002424,cof_symmetry_pipeline/output/pycofbuilder/xyz/mol_002057.xyz,33,24,36,0,0,train,val
N#CC#Cc1cc2c(s1)c1cc(C#CC#N)sc1c1cc(C#CC#N)sc21,pb_BTTP_T3,CCCN_direct,C3,C3h,planar,55.019234488640855,pycofbuilder,1.4189386927707598e-06,3.359373132116872e-06,2425,cof_002425,cof_symmetry_pipeline/output/pycofbuilder/xyz/mol_002058.xyz,30,27,33,0,0,train,val
OC#Cc1cc2c(s1)c1cc(C#CO)sc1c1cc(C#CO)sc21,pb_BTTP_T3,CCOH_direct,C3,C3h,planar,53.20957719958741,pycofbuilder,0.0001782914054631,0.0007024274200064,2426,cof_002426,cof_symmetry_pipeline/output/pycofbuilder/xyz/mol_002061.xyz,30,24,33,0,0,train,val
FC(F)(F)C#Cc1cc2c(s1)c1cc(C#CC(F)(F)F)sc1c1cc(C#CC(F)(F)F)sc21,pb_BTTP_T3,CCCF3_direct,C3,C3,planar,57.90068205856935,pycofbuilder,0.4465329637311632,1.2098012636599194,2427,cof_002427,cof_symmetry_pipeline/output/pycofbuilder/xyz/mol_002062.xyz,36,33,39,0,0,train,val
O=COc1cc2c(s1)c1cc(OC=O)sc1c1cc(OC=O)sc21,pb_BTTP_T3,OCHO_direct,C3,C3h,planar,75.35602859316683,pycofbuilder,0.0002926259697016,0.0011178799089283,2428,cof_002428,cof_symmetry_pipeline/output/pycofbuilder/xyz/mol_002066.xyz,30,24,33,0,0,train,val
N#COc1cc2c(s1)c1cc(OC#N)sc1c1cc(OC#N)sc21,pb_BTTP_T3,OCN_direct,C3,C3h,planar,63.54792104344553,pycofbuilder,0.0002490813061608,0.0009173015526191,2429,cof_002429,cof_symmetry_pipeline/output/pycofbuilder/xyz/mol_002067.xyz,27,24,30,0,0,val,val
CC(=O)Oc1cc2c(s1)c1cc(OC(C)=O)sc1c1cc(OC(C)=O)sc21,pb_BTTP_T3,Oacetyl_direct,C3,C3h,planar,74.3701021233724,pycofbuilder,0.3528365941137014,0.9256838640267278,2430,cof_002430,cof_symmetry_pipeline/output/pycofbuilder/xyz/mol_002068.xyz,39,27,42,0,0,test,val
CS(=O)(=O)Nc1cc2c(s1)c1cc(NS(C)(=O)=O)sc1c1cc(NS(C)(=O)=O)sc21,pb_BTTP_T3,NHSO2_direct,C3,C3,nonplanar,-123.23787959544468,pycofbuilder,0.7962014616832387,1.7915924498795328,2431,cof_002431,cof_symmetry_pipeline/output/pycofbuilder/xyz/mol_002072.xyz,45,30,48,0,0,train,val
Brc1cc2c(s1)c1cc(Br)sc1c1cc(Br)sc21,pb_BTTP_T3,Br_direct,C3,C3h,planar,50.572139640815074,pycofbuilder,6.478649344230654e-06,1.0534144717189164e-05,2432,cof_002432,cof_symmetry_pipeline/output/pycofbuilder/xyz/mol_002075.xyz,21,18,24,0,0,train,val
Ic1cc2c(s1)c1cc(I)sc1c1cc(I)sc21,pb_BTTP_T3,I_direct,C3,C3h,planar,52.163959446138605,pycofbuilder,1.314553185840914e-05,2.3531248418195982e-05,2433,cof_002433,cof_symmetry_pipeline/output/pycofbuilder/xyz/mol_002076.xyz,21,18,24,0,0,test,val
C[Si](C)(C)c1cc2c(s1)c1cc([Si](C)(C)C)sc1c1cc([Si](C)(C)C)sc21,pb_BTTP_T3,SiMe3_direct,C3,C3h,nonplanar,79.95059659350974,pycofbuilder,1.2226973858760857,2.4370211029369697,2434,cof_002434,cof_symmetry_pipeline/output/pycofbuilder/xyz/mol_002077.xyz,57,27,60,0,0,train,val
N#Cc1ccc(-c2ccc(-c3cc4c(s3)c3cc(-c5ccc(-c6ccc(C#N)cc6)cc5)sc3c3cc(-c5ccc(-c6ccc(C#N)cc6)cc5)sc43)cc2)cc1,pb_BTTP_T3,CN_phph,C3,C3,nonplanar,232.8059135269337,pycofbuilder,0.6793618860177311,1.5806140776314117,2435,cof_002435,cof_symmetry_pipeline/output/pycofbuilder/xyz/mol_002083.xyz,84,57,93,0,0,train,val
[O]C(=O)c1cc2c(s1)c1cc(C([O])=O)sc1c1cc(C([O])=O)sc21,pb_BTTP_T3,PB_COOH,C3,C3h,planar,207.4934848330372,pycofbuilder,5.9363083644939164e-06,1.3616214428469052e-05,2436,cof_002436,cof_symmetry_pipeline/output/pycofbuilder/xyz/mol_002090.xyz,27,24,30,0,3,val,val
O=Cc1ccc2c(c1)C#Cc1ccc(C=O)cc1C#Cc1ccc(C=O)cc1C#C2,pb_DBA1_T3,CHO_direct,C3,C3h,planar,93.60254610109972,pycofbuilder,1.8169588843705528e-05,3.2824613302562256e-05,2437,cof_002437,cof_symmetry_pipeline/output/pycofbuilder/xyz/mol_002092.xyz,42,30,45,0,0,train,test
Nc1ccc2c(c1)C#Cc1ccc(N)cc1C#Cc1ccc(N)cc1C#C2,pb_DBA1_T3,NH2_direct,C3,C3,planar,33.03709936075592,pycofbuilder,0.1061759047539488,0.2570148813188292,2438,cof_002438,cof_symmetry_pipeline/output/pycofbuilder/xyz/mol_002095.xyz,42,27,45,0,0,train,test
N#Cc1ccc2c(c1)C#Cc1ccc(C#N)cc1C#Cc1ccc(C#N)cc1C#C2,pb_DBA1_T3,CN_direct,C3,C3h,planar,90.02244830838714,pycofbuilder,3.4198082622154005e-05,8.907826152196666e-05,2439,cof_002439,cof_symmetry_pipeline/output/pycofbuilder/xyz/mol_002102.xyz,39,30,42,0,0,train,test
N#Cc1ccc(-c2ccc3c(c2)C#Cc2ccc(-c4ccc(C#N)cc4)cc2C#Cc2ccc(-c4ccc(C#N)cc4)cc2C#C3)cc1,pb_DBA1_T3,CN_ph,C3,C3,nonplanar,165.9772700043651,pycofbuilder,0.8401442725795408,1.7625860617351434,2440,cof_002440,cof_symmetry_pipeline/output/pycofbuilder/xyz/mol_002103.xyz,69,48,75,0,0,train,test
O=C(O)c1ccc2c(c1)C#Cc1ccc(C(=O)O)cc1C#Cc1ccc(C(=O)O)cc1C#C2,pb_DBA1_T3,COOH_direct,C3,C3h,planar,30.72594093831755,pycofbuilder,3.7559984835565926e-05,8.863471705811143e-05,2441,cof_002441,cof_symmetry_pipeline/output/pycofbuilder/xyz/mol_002104.xyz,45,33,48,0,0,train,test
O=[N+]([O-])c1ccc2c(c1)C#Cc1ccc([N+](=O)[O-])cc1C#Cc1ccc([N+](=O)[O-])cc1C#C2,pb_DBA1_T3,NO2_direct,C3,C3h,planar,141.26163031221563,pycofbuilder,0.0001196144929109,0.0004452946993867,2442,cof_002442,cof_symmetry_pipeline/output/pycofbuilder/xyz/mol_002106.xyz,42,33,45,0,0,train,test
O=[N+]([O-])c1ccc(-c2ccc3c(c2)C#Cc2ccc(-c4ccc([N+](=O)[O-])cc4)cc2C#Cc2ccc(-c4ccc([N+](=O)[O-])cc4)cc2C#C3)cc1,pb_DBA1_T3,NO2_ph,C3,C3,nonplanar,226.1100669826346,pycofbuilder,0.8775127229150035,1.869120644780268,2443,cof_002443,cof_symmetry_pipeline/output/pycofbuilder/xyz/mol_002107.xyz,72,51,78,0,0,train,test
Oc1ccc2c(c1)C#Cc1ccc(O)cc1C#Cc1ccc(O)cc1C#C2,pb_DBA1_T3,OH_direct,C3,C3h,planar,26.885881359468456,pycofbuilder,5.904175622750842e-06,1.4523617859918405e-05,2444,cof_002444,cof_symmetry_pipeline/output/pycofbuilder/xyz/mol_002108.xyz,39,27,42,0,0,train,test
Oc1ccc(-c2ccc3c(c2)C#Cc2ccc(-c4ccc(O)cc4)cc2C#Cc2ccc(-c4ccc(O)cc4)cc2C#C3)cc1,pb_DBA1_T3,OH_ph,C3,C3,nonplanar,92.5059412962715,pycofbuilder,0.8542393973946887,1.8071934290956837,2445,cof_002445,cof_symmetry_pipeline/output/pycofbuilder/xyz/mol_002109.xyz,69,45,75,0,0,train,test
C#Cc1ccc2c(c1)C#Cc1ccc(C#C)cc1C#Cc1ccc(C#C)cc1C#C2,pb_DBA1_T3,ethynyl_direct,C3,C3h,planar,53.13436393778648,pycofbuilder,3.616234362848651e-06,1.2722211450433283e-05,2446,cof_002446,cof_symmetry_pipeline/output/pycofbuilder/xyz/mol_002113.xyz,42,30,45,0,0,train,test
Clc1ccc2c(c1)C#Cc1ccc(Cl)cc1C#Cc1ccc(Cl)cc1C#C2,pb_DBA1_T3,Cl_direct,C3,C3h,planar,45.559214798332064,pycofbuilder,2.579902186648787e-05,7.530584784720684e-05,2447,cof_002447,cof_symmetry_pipeline/output/pycofbuilder/xyz/mol_002122.xyz,36,27,39,0,0,train,test
COC(=O)c1ccc2c(c1)C#Cc1ccc(C(=O)OC)cc1C#Cc1ccc(C(=O)OC)cc1C#C2,pb_DBA1_T3,COOMe_direct,C3,C3h,planar,86.73021371267262,pycofbuilder,0.3003175151614835,0.9018931518249248,2448,cof_002448,cof_symmetry_pipeline/output/pycofbuilder/xyz/mol_002124.xyz,54,36,57,0,0,train,test
O=C(Cl)c1ccc2c(c1)C#Cc1ccc(C(=O)Cl)cc1C#Cc1ccc(C(=O)Cl)cc1C#C2,pb_DBA1_T3,COCl_direct,C3,C3h,planar,122.93428306199232,pycofbuilder,6.632200931702519e-05,0.0002152776535486,2449,cof_002449,cof_symmetry_pipeline/output/pycofbuilder/xyz/mol_002128.xyz,42,33,45,0,0,train,test
NC#Cc1ccc2c(c1)C#Cc1ccc(C#CN)cc1C#Cc1ccc(C#CN)cc1C#C2,pb_DBA1_T3,CCNH2_direct,C3,C3h,planar,40.15804435290737,pycofbuilder,0.2912606036774512,0.8301020245113653,2450,cof_002450,cof_symmetry_pipeline/output/pycofbuilder/xyz/mol_002133.xyz,48,33,51,0,0,train,test
N#CC#Cc1ccc2c(c1)C#Cc1ccc(C#CC#N)cc1C#Cc1ccc(C#CC#N)cc1C#C2,pb_DBA1_T3,CCCN_direct,C3,C3h,planar,60.47393606641304,pycofbuilder,0.0004456948062632,0.001217327266216,2451,cof_002451,cof_symmetry_pipeline/output/pycofbuilder/xyz/mol_002134.xyz,45,36,48,0,0,train,test
CC(=O)Oc1ccc2c(c1)C#Cc1ccc(OC(C)=O)cc1C#Cc1ccc(OC(C)=O)cc1C#C2,pb_DBA1_T3,Oacetyl_direct,C3,C3,nonplanar,80.91137717893135,pycofbuilder,0.630545112408366,1.6944646102176095,2452,cof_002452,cof_symmetry_pipeline/output/pycofbuilder/xyz/mol_002144.xyz,54,36,57,0,0,train,test
Brc1ccc2c(c1)C#Cc1ccc(Br)cc1C#Cc1ccc(Br)cc1C#C2,pb_DBA1_T3,Br_direct,C3,C3h,planar,50.79179196613483,pycofbuilder,9.358587352382537e-06,2.4399141498876453e-05,2453,cof_002453,cof_symmetry_pipeline/output/pycofbuilder/xyz/mol_002151.xyz,36,27,39,0,0,train,test
Ic1ccc2c(c1)C#Cc1ccc(I)cc1C#Cc1ccc(I)cc1C#C2,pb_DBA1_T3,I_direct,C3,C3h,planar,54.54796636694088,pycofbuilder,1.173476061818464e-05,3.38442330738431e-05,2454,cof_002454,cof_symmetry_pipeline/output/pycofbuilder/xyz/mol_002152.xyz,36,27,39,0,0,train,test
N#CCc1ccc2c(c1)C#Cc1ccc(CC#N)cc1C#Cc1ccc(CC#N)cc1C#C2,pb_DBA1_T3,PB_CHCN,C3,C3,nonplanar,116.99865926012772,pycofbuilder,0.7027016515021031,2.2589588057681285,2455,cof_002455,cof_symmetry_pipeline/output/pycofbuilder/xyz/mol_002162.xyz,48,33,51,0,0,train,test
[O]C(=O)c1ccc2c(c1)C#Cc1ccc(C([O])=O)cc1C#Cc1ccc(C([O])=O)cc1C#C2,pb_DBA1_T3,PB_COOH,C3,C3h,planar,188.7600379119688,pycofbuilder,0.0001358390870426,0.0004625711694807,2456,cof_002456,cof_symmetry_pipeline/output/pycofbuilder/xyz/mol_002166.xyz,42,33,45,0,3,train,test
N#Cc1ccc2c#cc#cc3cc(C#N)ccc3c#cc#cc3cc(C#N)ccc3c#cc#cc2c1,pb_DBA2_T3,CN_direct,C3,C3h,planar,88.89257806505373,pycofbuilder,2.219898142393608e-05,6.262975568049889e-05,2457,cof_002457,cof_symmetry_pipeline/output/pycofbuilder/xyz/mol_002178.xyz,45,36,48,0,0,train,val
N#Cc1ccc(-c2ccc3c#cc#cc4cc(-c5ccc(C#N)cc5)ccc4c#cc#cc4cc(-c5ccc(C#N)cc5)ccc4c#cc#cc3c2)cc1,pb_DBA2_T3,CN_ph,C3,C3,nonplanar,164.46893580530354,pycofbuilder,0.806812094308093,1.814234073627205,2458,cof_002458,cof_symmetry_pipeline/output/pycofbuilder/xyz/mol_002179.xyz,75,54,81,0,0,val,val
O=[N+]([O-])c1ccc2c#cc#cc3cc([N+](=O)[O-])ccc3c#cc#cc3cc([N+](=O)[O-])ccc3c#cc#cc2c1,pb_DBA2_T3,NO2_direct,C3,C3h,planar,140.3734247473181,pycofbuilder,0.0121411232207124,0.0365260283286881,2459,cof_002459,cof_symmetry_pipeline/output/pycofbuilder/xyz/mol_002182.xyz,48,39,51,0,0,train,val
C#Cc1ccc2c#cc#cc3cc(C#C)ccc3c#cc#cc3cc(C#C)ccc3c#cc#cc2c1,pb_DBA2_T3,ethynyl_direct,C3,C3h,planar,51.61855930216105,pycofbuilder,7.89992965039548e-05,0.0002229160693474,2460,cof_002460,cof_symmetry_pipeline/output/pycofbuilder/xyz/mol_002189.xyz,48,36,51,0,0,train,val
Clc1ccc2c#cc#cc3cc(Cl)ccc3c#cc#cc3cc(Cl)ccc3c#cc#cc2c1,pb_DBA2_T3,Cl_direct,C3,C3h,planar,44.353518391962666,pycofbuilder,2.8416831580916188e-05,7.268141300742492e-05,2461,cof_002461,cof_symmetry_pipeline/output/pycofbuilder/xyz/mol_002198.xyz,42,33,45,0,0,val,val
NC(=O)c1ccc2c#cc#cc3cc(C(N)=O)ccc3c#cc#cc3cc(C(N)=O)ccc3c#cc#cc2c1,pb_DBA2_T3,CONH2_direct,C3,C3,planar,9.59042382506446,pycofbuilder,0.2960813114772175,0.9370996343539172,2462,cof_002462,cof_symmetry_pipeline/output/pycofbuilder/xyz/mol_002201.xyz,54,39,57,0,0,train,val
CC(=O)c1ccc2c#cc#cc3cc(C(C)=O)ccc3c#cc#cc3cc(C(C)=O)ccc3c#cc#cc2c1,pb_DBA2_T3,acetyl_direct,C3,C3h,planar,104.45238344117698,pycofbuilder,0.2922437911477887,0.9023723198146668,2463,cof_002463,cof_symmetry_pipeline/output/pycofbuilder/xyz/mol_002205.xyz,57,39,60,0,0,test,val
NC#Cc1ccc2c#cc#cc3cc(C#CN)ccc3c#cc#cc3cc(C#CN)ccc3c#cc#cc2c1,pb_DBA2_T3,CCNH2_direct,C3,C3h,planar,38.72581085256078,pycofbuilder,0.2746097588138421,0.8328268667009671,2464,cof_002464,cof_symmetry_pipeline/output/pycofbuilder/xyz/mol_002209.xyz,54,39,57,0,0,test,val
N#CC#Cc1ccc2c#cc#cc3cc(C#CC#N)ccc3c#cc#cc3cc(C#CC#N)ccc3c#cc#cc2c1,pb_DBA2_T3,CCCN_direct,C3,C3h,planar,59.105579834958206,pycofbuilder,2.459553456824484e-05,7.540605890365981e-05,2465,cof_002465,cof_symmetry_pipeline/output/pycofbuilder/xyz/mol_002210.xyz,51,42,54,0,0,val,val
O=CNc1ccc2c#cc#cc3cc(NC=O)ccc3c#cc#cc3cc(NC=O)ccc3c#cc#cc2c1,pb_DBA2_T3,NHCHO_direct,C3,C3h,planar,-4.573270457098673,pycofbuilder,0.0038864888736389,0.0099657202870657,2466,cof_002466,cof_symmetry_pipeline/output/pycofbuilder/xyz/mol_002221.xyz,54,39,57,0,0,train,val
Brc1ccc2c#cc#cc3cc(Br)ccc3c#cc#cc3cc(Br)ccc3c#cc#cc2c1,pb_DBA2_T3,Br_direct,C3,C3h,planar,49.48473309429761,pycofbuilder,3.499364200358849e-05,7.730114636794738e-05,2467,cof_002467,cof_symmetry_pipeline/output/pycofbuilder/xyz/mol_002227.xyz,42,33,45,0,0,train,val
Ic1ccc2c#cc#cc3cc(I)ccc3c#cc#cc3cc(I)ccc3c#cc#cc2c1,pb_DBA2_T3,I_direct,C3,C3h,planar,53.20554984665672,pycofbuilder,1.7501116296669195e-05,4.6334680342763335e-05,2468,cof_002468,cof_symmetry_pipeline/output/pycofbuilder/xyz/mol_002228.xyz,42,33,45,0,0,train,val
[O]C(=O)c1ccc2c#cc#cc3cc(C([O])=O)ccc3c#cc#cc3cc(C([O])=O)ccc3c#cc#cc2c1,pb_DBA2_T3,PB_COOH,C3,C3h,planar,172.51477143563446,pycofbuilder,0.0003349390251425,0.0007415700833368,2469,cof_002469,cof_symmetry_pipeline/output/pycofbuilder/xyz/mol_002242.xyz,48,39,51,0,3,train,val
N#Cc1ccc2c(c1)[nH]c1c2c2[nH]c3cc(C#N)ccc3c2c2[nH]c3cc(C#N)ccc3c12,pb_DICZ_T3,CN_direct,C3,C3h,planar,145.3157516157687,pycofbuilder,0.0002043682814031,0.0005219334305659,2470,cof_002470,cof_symmetry_pipeline/output/pycofbuilder/xyz/mol_002254.xyz,45,33,51,0,0,test,train
O=C(O)c1ccc2c(c1)[nH]c1c2c2[nH]c3cc(C(=O)O)ccc3c2c2[nH]c3cc(C(=O)O)ccc3c12,pb_DICZ_T3,COOH_direct,C3,C3h,planar,89.87897788559107,pycofbuilder,6.100357986352707e-05,0.0001791252165717,2471,cof_002471,cof_symmetry_pipeline/output/pycofbuilder/xyz/mol_002256.xyz,51,36,57,0,0,train,train
O=[N+]([O-])c1ccc2c(c1)[nH]c1c2c2[nH]c3cc([N+](=O)[O-])ccc3c2c2[nH]c3cc([N+](=O)[O-])ccc3c12,pb_DICZ_T3,NO2_direct,C3,C3h,planar,204.82538595271,pycofbuilder,2.765010713331473e-06,1.2213518526316136e-05,2472,cof_002472,cof_symmetry_pipeline/output/pycofbuilder/xyz/mol_002258.xyz,48,36,54,0,0,train,train
C=Cc1ccc2c(c1)[nH]c1c2c2[nH]c3cc(C=C)ccc3c2c2[nH]c3cc(C=C)ccc3c12,pb_DICZ_T3,vinyl_direct,C3,C3h,planar,123.7760333944884,pycofbuilder,6.591173711270194e-05,0.0002934542467687,2473,cof_002473,cof_symmetry_pipeline/output/pycofbuilder/xyz/mol_002264.xyz,54,33,60,0,0,train,train
C#Cc1ccc2c(c1)[nH]c1c2c2[nH]c3cc(C#C)ccc3c2c2[nH]c3cc(C#C)ccc3c12,pb_DICZ_T3,ethynyl_direct,C3,C3h,planar,104.00170166391332,pycofbuilder,0.0003188791932908,0.0009228226237403,2474,cof_002474,cof_symmetry_pipeline/output/pycofbuilder/xyz/mol_002265.xyz,48,33,54,0,0,train,train
S=C=Nc1ccc2c(c1)[nH]c1c2c2[nH]c3cc(N=C=S)ccc3c2c2[nH]c3cc(N=C=S)ccc3c12,pb_DICZ_T3,NCS_direct,C3,C3,nonplanar,91.73853118347353,pycofbuilder,0.6952987232448014,2.494385078734224,2475,cof_002475,cof_symmetry_pipeline/output/pycofbuilder/xyz/mol_002269.xyz,48,36,54,0,0,val,train
Clc1ccc2c(c1)[nH]c1c2c2[nH]c3cc(Cl)ccc3c2c2[nH]c3cc(Cl)ccc3c12,pb_DICZ_T3,Cl_direct,C3,C3h,planar,101.25190176136287,pycofbuilder,1.965933943581228e-06,5.54255922313859e-06,2476,cof_002476,cof_symmetry_pipeline/output/pycofbuilder/xyz/mol_002274.xyz,42,30,48,0,0,train,train
COC(=O)c1ccc2c(c1)[nH]c1c2c2[nH]c3cc(C(=O)OC)ccc3c2c2[nH]c3cc(C(=O)OC)ccc3c12,pb_DICZ_T3,COOMe_direct,C3,C3h,planar,145.70390684030963,pycofbuilder,0.2849148368040631,0.9030833036319188,2477,cof_002477,cof_symmetry_pipeline/output/pycofbuilder/xyz/mol_002276.xyz,60,39,66,0,0,test,train
COc1ccc2c(c1)[nH]c1c2c2[nH]c3cc(OC)ccc3c2c2[nH]c3cc(OC)ccc3c12,pb_DICZ_T3,OMe_direct,C3,C3h,planar,117.06841348229212,pycofbuilder,0.3012189574648249,0.9059371713506312,2478,cof_002478,cof_symmetry_pipeline/output/pycofbuilder/xyz/mol_002278.xyz,54,33,60,0,0,train,train
CC(=O)c1ccc2c(c1)[nH]c1c2c2[nH]c3cc(C(C)=O)ccc3c2c2[nH]c3cc(C(C)=O)ccc3c12,pb_DICZ_T3,acetyl_direct,C3,C3h,planar,161.974216377014,pycofbuilder,0.292272837767801,0.9017908873710674,2479,cof_002479,cof_symmetry_pipeline/output/pycofbuilder/xyz/mol_002281.xyz,57,36,63,0,0,train,train
O=CC#Cc1ccc2c(c1)[nH]c1c2c2[nH]c3cc(C#CC=O)ccc3c2c2[nH]c3cc(C#CC=O)ccc3c12,pb_DICZ_T3,CCCHO_direct,C3,C3h,planar,109.61208536311452,pycofbuilder,0.0042880132882357,0.015724372987655,2480,cof_002480,cof_symmetry_pipeline/output/pycofbuilder/xyz/mol_002284.xyz,54,39,60,0,0,train,train
N#CC#Cc1ccc2c(c1)[nH]c1c2c2[nH]c3cc(C#CC#N)ccc3c2c2[nH]c3cc(C#CC#N)ccc3c12,pb_DICZ_T3,CCCN_direct,C3,C3h,planar,110.31072774790796,pycofbuilder,9.054503554108695e-05,0.0002817801012318,2481,cof_002481,cof_symmetry_pipeline/output/pycofbuilder/xyz/mol_002286.xyz,51,39,57,0,0,train,train
O=[N+]([O-])C#Cc1ccc2c(c1)[nH]c1c2c2[nH]c3cc(C#C[N+](=O)[O-])ccc3c2c2[nH]c3cc(C#C[N+](=O)[O-])ccc3c12,pb_DICZ_T3,CCNO2_direct,C3,C3h,planar,117.09753889255506,pycofbuilder,0.0040675777136163,0.0175075917012261,2482,cof_002482,cof_symmetry_pipeline/output/pycofbuilder/xyz/mol_002288.xyz,54,42,60,0,0,train,train
Brc1ccc2c(c1)[nH]c1c2c2[nH]c3cc(Br)ccc3c2c2[nH]c3cc(Br)ccc3c12,pb_DICZ_T3,Br_direct,C3,C3h,planar,102.94066612109116,pycofbuilder,2.552592465741586e-06,6.650909342098554e-06,2483,cof_002483,cof_symmetry_pipeline/output/pycofbuilder/xyz/mol_002303.xyz,42,30,48,0,0,train,train
Ic1ccc2c(c1)[nH]c1c2c2[nH]c3cc(I)ccc3c2c2[nH]c3cc(I)ccc3c12,pb_DICZ_T3,I_direct,C3,C3h,planar,105.11617462560396,pycofbuilder,5.002471586265058e-06,1.1392467519744098e-05,2484,cof_002484,cof_symmetry_pipeline/output/pycofbuilder/xyz/mol_002304.xyz,42,30,48,0,0,train,train
N#Cc1ccc(-c2ccc(-c3ccc4c(c3)[nH]c3c4c4[nH]c5cc(-c6ccc(-c7ccc(C#N)cc7)cc6)ccc5c4c4[nH]c5cc(-c6ccc(-c7ccc(C#N)cc7)cc6)ccc5c34)cc2)cc1,pb_DICZ_T3,CN_phph,C3,C3,nonplanar,280.5435256402645,pycofbuilder,1.046207871166801,2.1147162830766586,2485,cof_002485,cof_symmetry_pipeline/output/pycofbuilder/xyz/mol_002311.xyz,105,69,117,0,0,test,train
NNC(=O)c1ccc2c(c1)[nH]c1c2c2[nH]c3cc(C(=O)NN)ccc3c2c2[nH]c3cc(C(=O)NN)ccc3c12,pb_DICZ_T3,PB_CONHNH2,C3,C3,planar,279.9898607753378,pycofbuilder,0.384838535850975,1.058114552266971,2486,cof_002486,cof_symmetry_pipeline/output/pycofbuilder/xyz/mol_002317.xyz,60,39,66,0,0,train,train
[O]C(=O)c1ccc2c(c1)[nH]c1c2c2[nH]c3cc(C([O])=O)ccc3c2c2[nH]c3cc(C([O])=O)ccc3c12,pb_DICZ_T3,PB_COOH,C3,C3h,planar,236.61900176814896,pycofbuilder,1.968555828392796e-06,4.1891268211941e-06,2487,cof_002487,cof_symmetry_pipeline/output/pycofbuilder/xyz/mol_002318.xyz,48,36,54,0,3,train,train
N#Cc1ccc(N(c2ccc(C#N)cc2)c2ccc(C#N)cc2)cc1,pb_TPAM_T3,CN_direct,C3,D3,nonplanar,106.60977552284425,pycofbuilder,0.9249921722320354,1.4261409370408251,2488,cof_002488,cof_symmetry_pipeline/output/pycofbuilder/xyz/mol_002551.xyz,37,25,39,0,0,train,train
O=[N+]([O-])c1ccc(N(c2ccc([N+](=O)[O-])cc2)c2ccc([N+](=O)[O-])cc2)cc1,pb_TPAM_T3,NO2_direct,C3,D3,nonplanar,166.92329841222949,pycofbuilder,0.9360182109301988,1.4308952750228403,2489,cof_002489,cof_symmetry_pipeline/output/pycofbuilder/xyz/mol_002555.xyz,40,28,42,0,0,train,train
Oc1ccc(N(c2ccc(O)cc2)c2ccc(O)cc2)cc1,pb_TPAM_T3,OH_direct,C3,C3,nonplanar,31.88310908396824,pycofbuilder,0.92906446532736,1.4603240974989031,2490,cof_002490,cof_symmetry_pipeline/output/pycofbuilder/xyz/mol_002557.xyz,37,22,39,0,0,train,train
Sc1ccc(N(c2ccc(S)cc2)c2ccc(S)cc2)cc1,pb_TPAM_T3,SH_direct,C3,C3,nonplanar,53.85848353373623,pycofbuilder,0.9806939478926572,1.5172516691018785,2491,cof_002491,cof_symmetry_pipeline/output/pycofbuilder/xyz/mol_002559.xyz,37,22,39,0,0,train,train
C#Cc1ccc(N(c2ccc(C#C)cc2)c2ccc(C#C)cc2)cc1,pb_TPAM_T3,ethynyl_direct,C3,D3,nonplanar,63.7972333654016,pycofbuilder,0.8834426353859829,1.4167502360076996,2492,cof_002492,cof_symmetry_pipeline/output/pycofbuilder/xyz/mol_002562.xyz,40,25,42,0,0,train,train
Cc1ccc(N(c2ccc(C)cc2)c2ccc(C)cc2)cc1,pb_TPAM_T3,methyl_direct,C3,C3,nonplanar,73.70554753974774,pycofbuilder,0.9116704546300338,1.4137564009110586,2493,cof_002493,cof_symmetry_pipeline/output/pycofbuilder/xyz/mol_002563.xyz,43,22,45,0,0,train,train
O=C=Nc1ccc(N(c2ccc(N=C=O)cc2)c2ccc(N=C=O)cc2)cc1,pb_TPAM_T3,NCO_direct,C3,C3,nonplanar,45.02704664577661,pycofbuilder,0.9981887024095376,1.6055516306367956,2494,cof_002494,cof_symmetry_pipeline/output/pycofbuilder/xyz/mol_002565.xyz,40,28,42,0,0,train,train
Clc1ccc(N(c2ccc(Cl)cc2)c2ccc(Cl)cc2)cc1,pb_TPAM_T3,Cl_direct,C3,D3,nonplanar,60.45001415246819,pycofbuilder,0.9616531284238512,1.4224552484328106,2495,cof_002495,cof_symmetry_pipeline/output/pycofbuilder/xyz/mol_002571.xyz,34,22,36,0,0,val,train
COC(=O)c1ccc(N(c2ccc(C(=O)OC)cc2)c2ccc(C(=O)OC)cc2)cc1,pb_TPAM_T3,COOMe_direct,C3,C3,nonplanar,106.7333284050842,pycofbuilder,0.9324956150395568,1.605380380314832,2496,cof_002496,cof_symmetry_pipeline/output/pycofbuilder/xyz/mol_002573.xyz,52,31,54,0,0,train,train
O=C(Cl)c1ccc(N(c2ccc(C(=O)Cl)cc2)c2ccc(C(=O)Cl)cc2)cc1,pb_TPAM_T3,COCl_direct,C3,C3,nonplanar,142.78063533712825,pycofbuilder,0.9451725942851684,1.4366062921407012,2497,cof_002497,cof_symmetry_pipeline/output/pycofbuilder/xyz/mol_002577.xyz,40,28,42,0,0,train,train
N#CC#Cc1ccc(N(c2ccc(C#CC#N)cc2)c2ccc(C#CC#N)cc2)cc1,pb_TPAM_T3,CCCN_direct,C3,D3,nonplanar,70.46995847348246,pycofbuilder,0.8549051356065164,1.4207832415002608,2498,cof_002498,cof_symmetry_pipeline/output/pycofbuilder/xyz/mol_002583.xyz,43,31,45,0,0,train,train
N#COc1ccc(N(c2ccc(OC#N)cc2)c2ccc(OC#N)cc2)cc1,pb_TPAM_T3,OCN_direct,C3,C3,nonplanar,85.24134509681306,pycofbuilder,0.911194218957654,1.4991691658040345,2499,cof_002499,cof_symmetry_pipeline/output/pycofbuilder/xyz/mol_002592.xyz,40,28,42,0,0,train,train
CC(=O)Oc1ccc(N(c2ccc(OC(C)=O)cc2)c2ccc(OC(C)=O)cc2)cc1,pb_TPAM_T3,Oacetyl_direct,C3,C3,nonplanar,89.37616215087374,pycofbuilder,0.9029086696985478,1.667652231459796,2500,cof_002500,cof_symmetry_pipeline/output/pycofbuilder/xyz/mol_002593.xyz,52,31,54,0,0,train,train
Brc1ccc(N(c2ccc(Br)cc2)c2ccc(Br)cc2)cc1,pb_TPAM_T3,Br_direct,C3,D3,nonplanar,62.78529919124146,pycofbuilder,0.9610600865164914,1.420655984556522,2501,cof_002501,cof_symmetry_pipeline/output/pycofbuilder/xyz/mol_002600.xyz,34,22,36,0,0,train,train
Ic1ccc(N(c2ccc(I)cc2)c2ccc(I)cc2)cc1,pb_TPAM_T3,I_direct,C3,D3,nonplanar,65.2170866242516,pycofbuilder,0.9609489368924254,1.419234970075187,2502,cof_002502,cof_symmetry_pipeline/output/pycofbuilder/xyz/mol_002601.xyz,34,22,36,0,0,train,train
N#CCc1ccc(N(c2ccc(CC#N)cc2)c2ccc(CC#N)cc2)cc1,pb_TPAM_T3,PB_CHCN,C3,C3,nonplanar,118.64954562522078,pycofbuilder,0.9962637256255186,1.5833063097906463,2503,cof_002503,cof_symmetry_pipeline/output/pycofbuilder/xyz/mol_002611.xyz,46,28,48,0,0,train,train
[O]C(=O)c1ccc(N(c2ccc(C([O])=O)cc2)c2ccc(C([O])=O)cc2)cc1,pb_TPAM_T3,PB_COOH,C3,D3,nonplanar,212.1762866801019,pycofbuilder,0.9050213750382085,1.3762716846356715,2504,cof_002504,cof_symmetry_pipeline/output/pycofbuilder/xyz/mol_002615.xyz,40,28,42,0,3,train,train
O=Cc1ccc2c(c1)c1ccc(C=O)cc1c1ccc(C=O)cc21,pb_TPNY_T3,CHO_direct,C3,C3h,planar,115.88471719425208,pycofbuilder,2.7682390289126773e-06,7.991199152845851e-06,2505,cof_002505,cof_symmetry_pipeline/output/pycofbuilder/xyz/mol_002617.xyz,36,24,39,0,0,val,train
N#Cc1ccc2c(c1)c1ccc(C#N)cc1c1ccc(C#N)cc21,pb_TPNY_T3,CN_direct,C3,C3h,planar,113.9086744664929,pycofbuilder,0.0001080916893232,0.0003028715109273,2506,cof_002506,cof_symmetry_pipeline/output/pycofbuilder/xyz/mol_002627.xyz,33,24,36,0,0,test,train
O=C(O)c1ccc2c(c1)c1ccc(C(=O)O)cc1c1ccc(C(=O)O)cc21,pb_TPNY_T3,COOH_direct,C3,C3h,planar,55.06023824641382,pycofbuilder,3.947014974816623e-05,0.0001046076439861,2507,cof_002507,cof_symmetry_pipeline/output/pycofbuilder/xyz/mol_002629.xyz,39,27,42,0,0,train,train
O=[N+]([O-])c1ccc2c(c1)c1ccc([N+](=O)[O-])cc1c1ccc([N+](=O)[O-])cc21,pb_TPNY_T3,NO2_direct,C3,C3h,planar,168.34571236197107,pycofbuilder,4.175754060221275e-06,1.5550920633104065e-05,2508,cof_002508,cof_symmetry_pipeline/output/pycofbuilder/xyz/mol_002631.xyz,36,27,39,0,0,train,train
Oc1ccc2c(c1)c1ccc(O)cc1c1ccc(O)cc21,pb_TPNY_T3,OH_direct,C3,C3h,planar,46.85344314413254,pycofbuilder,9.34004475012603e-06,2.3668667018139636e-05,2509,cof_002509,cof_symmetry_pipeline/output/pycofbuilder/xyz/mol_002633.xyz,33,21,36,0,0,train,train
Oc1ccc(-c2ccc3c(c2)c2ccc(-c4ccc(O)cc4)cc2c2ccc(-c4ccc(O)cc4)cc32)cc1,pb_TPNY_T3,OH_ph,C3,C3,nonplanar,113.36340269208236,pycofbuilder,0.9042202472628694,1.823179861744698,2510,cof_002510,cof_symmetry_pipeline/output/pycofbuilder/xyz/mol_002634.xyz,63,39,69,0,0,train,train
[N-]=[N+]=Nc1ccc2c(c1)c1ccc(N=[N+]=[N-])cc1c1ccc(N=[N+]=[N-])cc21,pb_TPNY_T3,N3_direct,C3,C3,nonplanar,54.20814033949923,pycofbuilder,0.6585878662679489,1.914028288068669,2511,cof_002511,cof_symmetry_pipeline/output/pycofbuilder/xyz/mol_002636.xyz,36,27,39,0,0,train,train
C#Cc1ccc2c(c1)c1ccc(C#C)cc1c1ccc(C#C)cc21,pb_TPNY_T3,ethynyl_direct,C3,C3h,planar,75.37418805531115,pycofbuilder,1.3514431154770176e-05,3.410805077556922e-05,2512,cof_002512,cof_symmetry_pipeline/output/pycofbuilder/xyz/mol_002638.xyz,36,24,39,0,0,train,train
Clc1ccc2c(c1)c1ccc(Cl)cc1c1ccc(Cl)cc21,pb_TPNY_T3,Cl_direct,C3,C3h,planar,69.26450724171497,pycofbuilder,2.663316679389832e-06,6.393621613920431e-06,2513,cof_002513,cof_symmetry_pipeline/output/pycofbuilder/xyz/mol_002647.xyz,30,21,33,0,0,test,train
NC#Cc1ccc2c(c1)c1ccc(C#CN)cc1c1ccc(C#CN)cc21,pb_TPNY_T3,CCNH2_direct,C3,C3,planar,62.3381379470236,pycofbuilder,0.309484160562815,0.8738928521227485,2514,cof_002514,cof_symmetry_pipeline/output/pycofbuilder/xyz/mol_002658.xyz,42,27,45,0,0,val,train
N#CC#Cc1ccc2c(c1)c1ccc(C#CC#N)cc1c1ccc(C#CC#N)cc21,pb_TPNY_T3,CCCN_direct,C3,C3h,planar,82.58108633138079,pycofbuilder,0.0001092122147775,0.0003127819427972,2515,cof_002515,cof_symmetry_pipeline/output/pycofbuilder/xyz/mol_002659.xyz,39,30,42,0,0,train,train
O=[N+]([O-])C#Cc1ccc2c(c1)c1ccc(C#C[N+](=O)[O-])cc1c1ccc(C#C[N+](=O)[O-])cc21,pb_TPNY_T3,CCNO2_direct,C3,C3h,planar,89.69701841898197,pycofbuilder,0.0007964082908627,0.0028104510041921,2516,cof_002516,cof_symmetry_pipeline/output/pycofbuilder/xyz/mol_002661.xyz,42,33,45,0,0,val,train
N#CSc1ccc2c(c1)c1ccc(SC#N)cc1c1ccc(SC#N)cc21,pb_TPNY_T3,SCN_direct,C3,C3,nonplanar,80.26547860665953,pycofbuilder,0.8613499296488379,2.4253707545592658,2517,cof_002517,cof_symmetry_pipeline/output/pycofbuilder/xyz/mol_002674.xyz,36,27,39,0,0,train,train
Brc1ccc2c(c1)c1ccc(Br)cc1c1ccc(Br)cc21,pb_TPNY_T3,Br_direct,C3,C3h,planar,73.45968552516825,pycofbuilder,7.102626950020203e-06,1.8323746739268287e-05,2518,cof_002518,cof_symmetry_pipeline/output/pycofbuilder/xyz/mol_002676.xyz,30,21,33,0,0,train,train
Ic1ccc2c(c1)c1ccc(I)cc1c1ccc(I)cc21,pb_TPNY_T3,I_direct,C3,C3h,planar,76.81228842000888,pycofbuilder,7.176463091465503e-06,1.7487835760610082e-05,2519,cof_002519,cof_symmetry_pipeline/output/pycofbuilder/xyz/mol_002677.xyz,30,21,33,0,0,train,train
O=P(Cl)(Cl)c1ccc2c(c1)c1ccc(P(=O)(Cl)Cl)cc1c1ccc(P(=O)(Cl)Cl)cc21,pb_TPNY_T3,POCl2_direct,C3,C3h,nonplanar,175.87587662129275,pycofbuilder,0.6186861163678141,1.577714817246984,2520,cof_002520,cof_symmetry_pipeline/output/pycofbuilder/xyz/mol_002682.xyz,39,30,42,0,0,train,train
N#CCc1ccc2c(c1)c1ccc(CC#N)cc1c1ccc(CC#N)cc21,pb_TPNY_T3,PB_CHCN,C3,C3,nonplanar,136.11301395173913,pycofbuilder,0.74079470500106,2.2065065190381854,2521,cof_002521,cof_symmetry_pipeline/output/pycofbuilder/xyz/mol_002687.xyz,42,27,45,0,0,train,train
[O]C(=O)c1ccc2c(c1)c1ccc(C([O])=O)cc1c1ccc(C([O])=O)cc21,pb_TPNY_T3,PB_COOH,C3,C3h,planar,228.49913674649707,pycofbuilder,4.2465006340626655e-06,1.1801814378209484e-05,2522,cof_002522,cof_symmetry_pipeline/output/pycofbuilder/xyz/mol_002691.xyz,36,27,39,0,3,train,train
Clc1ccc(Oc2cc(Oc3ccc(Cl)cc3)cc(Oc3ccc(Cl)cc3)c2)cc1,pb_TPTA_T3,Cl_direct,C3,C3,nonplanar,78.47736502299719,pycofbuilder,1.4900640415637088,2.7647052006252597,2523,cof_002523,cof_symmetry_pipeline/output/xyz/mol_000588.xyz,45,30,48,0,0,val,test
N#Cc1cc2c3cc(C#N)cc4c5cc(C#N)cc6c7cc(C#N)cc8c9cc(C#N)cc%10c%11cc(C#N)cc%12c(c1)c2c1c(c34)c(c56)c(c78)c(c%109)c1c%12%11,pb_HECO_H6,CN_direct,D6h,D6h,planar,265.6248029061105,pycofbuilder,0.0004273824701912,0.0013808333177385,2524,cof_002524,cof_symmetry_pipeline/output/pycofbuilder/xyz/mol_003801.xyz,66,54,78,0,0,test,train
O=[N+]([O-])c1cc2c3cc([N+](=O)[O-])cc4c5cc([N+](=O)[O-])cc6c7cc([N+](=O)[O-])cc8c9cc([N+](=O)[O-])cc%10c%11cc([N+](=O)[O-])cc%12c(c1)c2c1c(c34)c(c56)c(c78)c(c%109)c1c%12%11,pb_HECO_H6,NO2_direct,D6h,D6h,planar,365.0374981271462,pycofbuilder,1.8802181519541935e-05,9.431799780856842e-05,2525,cof_002525,cof_symmetry_pipeline/output/pycofbuilder/xyz/mol_003805.xyz,72,60,84,0,0,train,train
C#Cc1cc2c3cc(C#C)cc4c5cc(C#C)cc6c7cc(C#C)cc8c9cc(C#C)cc%10c%11cc(C#C)cc%12c(c1)c2c1c(c34)c(c56)c(c78)c(c%109)c1c%12%11,pb_HECO_H6,ethynyl_direct,D6h,D6h,planar,192.35380810963653,pycofbuilder,0.0012693246579058,0.0035889316019729,2526,cof_002526,cof_symmetry_pipeline/output/pycofbuilder/xyz/mol_003812.xyz,72,54,84,0,0,train,train
Clc1cc2c3cc(Cl)cc4c5cc(Cl)cc6c7cc(Cl)cc8c9cc(Cl)cc%10c%11cc(Cl)cc%12c(c1)c2c1c(c34)c(c56)c(c78)c(c%109)c1c%12%11,pb_HECO_H6,Cl_direct,D6h,D6h,planar,174.67474780698862,pycofbuilder,3.052813076446827e-06,9.697302465694335e-06,2527,cof_002527,cof_symmetry_pipeline/output/pycofbuilder/xyz/mol_003821.xyz,60,48,72,0,0,train,train
N#CC#Cc1cc2c3cc(C#CC#N)cc4c5cc(C#CC#N)cc6c7cc(C#CC#N)cc8c9cc(C#CC#N)cc%10c%11cc(C#CC#N)cc%12c(c1)c2c1c(c34)c(c56)c(c78)c(c%109)c1c%12%11,pb_HECO_H6,CCCN_direct,D6h,D6h,planar,209.7955826518657,pycofbuilder,0.0008567166379579,0.0029801612797082,2528,cof_002528,cof_symmetry_pipeline/output/pycofbuilder/xyz/mol_003833.xyz,78,66,90,0,0,train,train
Brc1cc2c3cc(Br)cc4c5cc(Br)cc6c7cc(Br)cc8c9cc(Br)cc%10c%11cc(Br)cc%12c(c1)c2c1c(c34)c(c56)c(c78)c(c%109)c1c%12%11,pb_HECO_H6,Br_direct,D6h,D6h,planar,187.01578604264023,pycofbuilder,7.0922712672788304e-06,1.9905083064264417e-05,2529,cof_002529,cof_symmetry_pipeline/output/pycofbuilder/xyz/mol_003850.xyz,60,48,72,0,0,val,train
Ic1cc2c3cc(I)cc4c5cc(I)cc6c7cc(I)cc8c9cc(I)cc%10c%11cc(I)cc%12c(c1)c2c1c(c34)c(c56)c(c78)c(c%109)c1c%12%11,pb_HECO_H6,I_direct,D6h,D6h,planar,195.64332850003416,pycofbuilder,9.172011897756532e-06,2.94213520171116e-05,2530,cof_002530,cof_symmetry_pipeline/output/pycofbuilder/xyz/mol_003851.xyz,60,48,72,0,0,train,train
[O]C(=O)c1cc2c3cc(C([O])=O)cc4c5cc(C([O])=O)cc6c7cc(C([O])=O)cc8c9cc(C([O])=O)cc%10c%11cc(C([O])=O)cc%12c(c1)c2c1c(c34)c(c56)c(c78)c(c%109)c1c%12%11,pb_HECO_H6,PB_COOH,D6h,D6h,planar,760.7722818321303,pycofbuilder,1.7133933473359073e-05,7.902161607642455e-05,2531,cof_002531,cof_symmetry_pipeline/output/pycofbuilder/xyz/mol_003865.xyz,72,60,84,0,6,train,train
